ISO-10303-21;
HEADER;
/* Generated by software containing ST-Developer
 * from STEP Tools, Inc. (www.steptools.com) 
 */
/* OPTION: using custom renumber hook */

FILE_DESCRIPTION(
/* description */ ('STEP AP242 Edition 2',
'CAx-IF Rec.Pracs.---Representation and Presentation of Product Manufa
cturing Information (PMI)---4.0---2014-10-13',
'CAx-IF Rec.Pracs.---3D Tessellated Geometry---0.4---2014-09-14','2;1',
'CAx-IF Rec.Pracs.---User Defined Attributes---1.5---2016-08-15'),
/* implementation_level */ '2;1');

FILE_NAME(
/* name */ 'Part Studio 1',
/* time_stamp */ '2026-08-30T16:24:16Z',
/* author */ (''),
/* organization */ (''),
/* preprocessor_version */ 'ST-DEVELOPER v20',
/* originating_system */ 'ONSHAPE BY PTC INC, 1.220',
/* authorisation */ '  ');

FILE_SCHEMA (('AP242_MANAGED_MODEL_BASED_3D_ENGINEERING_MIM_LF { 1 0 10303 442 3 1 4 }'));
ENDSEC;

DATA;
#10=SHAPE_REPRESENTATION_RELATIONSHIP('','',#5401,#11);
#11=ADVANCED_BREP_SHAPE_REPRESENTATION('',(#5399),#9917);
#12=CYLINDRICAL_SURFACE('',#5441,0.00736354156624554);
#13=CYLINDRICAL_SURFACE('',#5443,0.0297116805684792);
#14=CYLINDRICAL_SURFACE('',#5447,0.00383435879809929);
#15=CYLINDRICAL_SURFACE('',#5454,0.00295246971866384);
#16=CYLINDRICAL_SURFACE('',#5475,0.0029524697186661);
#17=CYLINDRICAL_SURFACE('',#5480,0.0029524697186633);
#18=CYLINDRICAL_SURFACE('',#5500,0.0478204306952628);
#19=CYLINDRICAL_SURFACE('',#5504,0.00197779480532981);
#20=CYLINDRICAL_SURFACE('',#5509,0.00625482563477275);
#21=CYLINDRICAL_SURFACE('',#5512,0.00508657327333036);
#22=CYLINDRICAL_SURFACE('',#5517,0.00754689461479167);
#23=CYLINDRICAL_SURFACE('',#5520,0.00606623960192954);
#24=CYLINDRICAL_SURFACE('',#5532,0.00762);
#25=CYLINDRICAL_SURFACE('',#5533,0.015);
#26=CYLINDRICAL_SURFACE('',#5535,0.014);
#27=B_SPLINE_SURFACE_WITH_KNOTS('',3,1,((#6920,#6921),(#6922,#6923),(#6924,
#6925),(#6926,#6927)),.SURF_OF_LINEAR_EXTRUSION.,.F.,.F.,.F.,(4,4),(2,2),
(0.,1.),(0.,1.),.PIECEWISE_BEZIER_KNOTS.);
#28=B_SPLINE_SURFACE_WITH_KNOTS('',3,1,((#6944,#6945),(#6946,#6947),(#6948,
#6949),(#6950,#6951)),.SURF_OF_LINEAR_EXTRUSION.,.F.,.F.,.F.,(4,4),(2,2),
(0.,1.),(0.,1.),.PIECEWISE_BEZIER_KNOTS.);
#29=B_SPLINE_SURFACE_WITH_KNOTS('',3,1,((#6964,#6965),(#6966,#6967),(#6968,
#6969),(#6970,#6971)),.SURF_OF_LINEAR_EXTRUSION.,.F.,.F.,.F.,(4,4),(2,2),
(0.,1.),(0.,1.),.PIECEWISE_BEZIER_KNOTS.);
#30=B_SPLINE_SURFACE_WITH_KNOTS('',3,1,((#6981,#6982),(#6983,#6984),(#6985,
#6986),(#6987,#6988)),.SURF_OF_LINEAR_EXTRUSION.,.F.,.F.,.F.,(4,4),(2,2),
(0.,1.),(0.,1.),.PIECEWISE_BEZIER_KNOTS.);
#31=B_SPLINE_SURFACE_WITH_KNOTS('',3,1,((#7004,#7005),(#7006,#7007),(#7008,
#7009),(#7010,#7011)),.SURF_OF_LINEAR_EXTRUSION.,.F.,.F.,.F.,(4,4),(2,2),
(0.,1.),(0.,1.),.PIECEWISE_BEZIER_KNOTS.);
#32=B_SPLINE_SURFACE_WITH_KNOTS('',3,1,((#7021,#7022),(#7023,#7024),(#7025,
#7026),(#7027,#7028)),.SURF_OF_LINEAR_EXTRUSION.,.F.,.F.,.F.,(4,4),(2,2),
(0.,1.),(0.,1.),.PIECEWISE_BEZIER_KNOTS.);
#33=B_SPLINE_SURFACE_WITH_KNOTS('',3,1,((#7038,#7039),(#7040,#7041),(#7042,
#7043),(#7044,#7045)),.SURF_OF_LINEAR_EXTRUSION.,.F.,.F.,.F.,(4,4),(2,2),
(0.,1.),(0.,1.),.PIECEWISE_BEZIER_KNOTS.);
#34=B_SPLINE_SURFACE_WITH_KNOTS('',3,1,((#7055,#7056),(#7057,#7058),(#7059,
#7060),(#7061,#7062)),.SURF_OF_LINEAR_EXTRUSION.,.F.,.F.,.F.,(4,4),(2,2),
(0.,1.),(0.,1.),.PIECEWISE_BEZIER_KNOTS.);
#35=B_SPLINE_SURFACE_WITH_KNOTS('',3,1,((#7072,#7073),(#7074,#7075),(#7076,
#7077),(#7078,#7079)),.SURF_OF_LINEAR_EXTRUSION.,.F.,.F.,.F.,(4,4),(2,2),
(0.,1.),(0.,1.),.PIECEWISE_BEZIER_KNOTS.);
#36=B_SPLINE_SURFACE_WITH_KNOTS('',3,1,((#7089,#7090),(#7091,#7092),(#7093,
#7094),(#7095,#7096)),.SURF_OF_LINEAR_EXTRUSION.,.F.,.F.,.F.,(4,4),(2,2),
(0.,1.),(0.,1.),.PIECEWISE_BEZIER_KNOTS.);
#37=B_SPLINE_SURFACE_WITH_KNOTS('',3,1,((#7104,#7105),(#7106,#7107),(#7108,
#7109),(#7110,#7111)),.SURF_OF_LINEAR_EXTRUSION.,.F.,.F.,.F.,(4,4),(2,2),
(0.,1.),(0.,1.),.PIECEWISE_BEZIER_KNOTS.);
#38=B_SPLINE_SURFACE_WITH_KNOTS('',3,1,((#7117,#7118),(#7119,#7120),(#7121,
#7122),(#7123,#7124)),.SURF_OF_LINEAR_EXTRUSION.,.F.,.F.,.F.,(4,4),(2,2),
(0.,1.),(0.,1.),.PIECEWISE_BEZIER_KNOTS.);
#39=B_SPLINE_SURFACE_WITH_KNOTS('',3,1,((#7130,#7131),(#7132,#7133),(#7134,
#7135),(#7136,#7137)),.SURF_OF_LINEAR_EXTRUSION.,.F.,.F.,.F.,(4,4),(2,2),
(0.,1.),(0.,1.),.PIECEWISE_BEZIER_KNOTS.);
#40=B_SPLINE_SURFACE_WITH_KNOTS('',3,1,((#7143,#7144),(#7145,#7146),(#7147,
#7148),(#7149,#7150)),.SURF_OF_LINEAR_EXTRUSION.,.F.,.F.,.F.,(4,4),(2,2),
(0.,1.),(0.,1.),.PIECEWISE_BEZIER_KNOTS.);
#41=B_SPLINE_SURFACE_WITH_KNOTS('',3,1,((#7156,#7157),(#7158,#7159),(#7160,
#7161),(#7162,#7163)),.SURF_OF_LINEAR_EXTRUSION.,.F.,.F.,.F.,(4,4),(2,2),
(0.,1.),(0.,1.),.PIECEWISE_BEZIER_KNOTS.);
#42=B_SPLINE_SURFACE_WITH_KNOTS('',3,1,((#7169,#7170),(#7171,#7172),(#7173,
#7174),(#7175,#7176)),.SURF_OF_LINEAR_EXTRUSION.,.F.,.F.,.F.,(4,4),(2,2),
(0.,1.),(0.,1.),.PIECEWISE_BEZIER_KNOTS.);
#43=B_SPLINE_SURFACE_WITH_KNOTS('',3,1,((#7182,#7183),(#7184,#7185),(#7186,
#7187),(#7188,#7189)),.SURF_OF_LINEAR_EXTRUSION.,.F.,.F.,.F.,(4,4),(2,2),
(0.,1.),(0.,1.),.PIECEWISE_BEZIER_KNOTS.);
#44=B_SPLINE_SURFACE_WITH_KNOTS('',3,1,((#7199,#7200),(#7201,#7202),(#7203,
#7204),(#7205,#7206)),.SURF_OF_LINEAR_EXTRUSION.,.F.,.F.,.F.,(4,4),(2,2),
(0.,1.),(0.,1.),.PIECEWISE_BEZIER_KNOTS.);
#45=B_SPLINE_SURFACE_WITH_KNOTS('',3,1,((#7212,#7213),(#7214,#7215),(#7216,
#7217),(#7218,#7219)),.SURF_OF_LINEAR_EXTRUSION.,.F.,.F.,.F.,(4,4),(2,2),
(0.,1.),(0.,1.),.PIECEWISE_BEZIER_KNOTS.);
#46=B_SPLINE_SURFACE_WITH_KNOTS('',3,1,((#7225,#7226),(#7227,#7228),(#7229,
#7230),(#7231,#7232)),.SURF_OF_LINEAR_EXTRUSION.,.F.,.F.,.F.,(4,4),(2,2),
(0.,1.),(0.,1.),.PIECEWISE_BEZIER_KNOTS.);
#47=B_SPLINE_SURFACE_WITH_KNOTS('',3,1,((#7242,#7243),(#7244,#7245),(#7246,
#7247),(#7248,#7249)),.SURF_OF_LINEAR_EXTRUSION.,.F.,.F.,.F.,(4,4),(2,2),
(0.,1.),(0.,1.),.PIECEWISE_BEZIER_KNOTS.);
#48=B_SPLINE_SURFACE_WITH_KNOTS('',3,1,((#7255,#7256),(#7257,#7258),(#7259,
#7260),(#7261,#7262)),.SURF_OF_LINEAR_EXTRUSION.,.F.,.F.,.F.,(4,4),(2,2),
(0.,1.),(0.,1.),.PIECEWISE_BEZIER_KNOTS.);
#49=B_SPLINE_SURFACE_WITH_KNOTS('',3,1,((#7266,#7267),(#7268,#7269),(#7270,
#7271),(#7272,#7273)),.SURF_OF_LINEAR_EXTRUSION.,.F.,.F.,.F.,(4,4),(2,2),
(0.,1.),(0.,1.),.PIECEWISE_BEZIER_KNOTS.);
#50=B_SPLINE_SURFACE_WITH_KNOTS('',3,1,((#7281,#7282),(#7283,#7284),(#7285,
#7286),(#7287,#7288)),.SURF_OF_LINEAR_EXTRUSION.,.F.,.F.,.F.,(4,4),(2,2),
(0.,1.),(0.,1.),.PIECEWISE_BEZIER_KNOTS.);
#51=B_SPLINE_SURFACE_WITH_KNOTS('',3,1,((#7301,#7302),(#7303,#7304),(#7305,
#7306),(#7307,#7308)),.SURF_OF_LINEAR_EXTRUSION.,.F.,.F.,.F.,(4,4),(2,2),
(0.,1.),(0.,1.),.PIECEWISE_BEZIER_KNOTS.);
#52=B_SPLINE_SURFACE_WITH_KNOTS('',3,1,((#7318,#7319),(#7320,#7321),(#7322,
#7323),(#7324,#7325)),.SURF_OF_LINEAR_EXTRUSION.,.F.,.F.,.F.,(4,4),(2,2),
(0.,1.),(0.,1.),.PIECEWISE_BEZIER_KNOTS.);
#53=B_SPLINE_SURFACE_WITH_KNOTS('',3,1,((#7335,#7336),(#7337,#7338),(#7339,
#7340),(#7341,#7342)),.SURF_OF_LINEAR_EXTRUSION.,.F.,.F.,.F.,(4,4),(2,2),
(0.,1.),(0.,1.),.PIECEWISE_BEZIER_KNOTS.);
#54=B_SPLINE_SURFACE_WITH_KNOTS('',3,1,((#7352,#7353),(#7354,#7355),(#7356,
#7357),(#7358,#7359)),.SURF_OF_LINEAR_EXTRUSION.,.F.,.F.,.F.,(4,4),(2,2),
(0.,1.),(0.,1.),.PIECEWISE_BEZIER_KNOTS.);
#55=B_SPLINE_SURFACE_WITH_KNOTS('',3,1,((#7369,#7370),(#7371,#7372),(#7373,
#7374),(#7375,#7376)),.SURF_OF_LINEAR_EXTRUSION.,.F.,.F.,.F.,(4,4),(2,2),
(0.,1.),(0.,1.),.PIECEWISE_BEZIER_KNOTS.);
#56=B_SPLINE_SURFACE_WITH_KNOTS('',3,1,((#7386,#7387),(#7388,#7389),(#7390,
#7391),(#7392,#7393)),.SURF_OF_LINEAR_EXTRUSION.,.F.,.F.,.F.,(4,4),(2,2),
(0.,1.),(0.,1.),.PIECEWISE_BEZIER_KNOTS.);
#57=B_SPLINE_SURFACE_WITH_KNOTS('',3,1,((#7403,#7404),(#7405,#7406),(#7407,
#7408),(#7409,#7410)),.SURF_OF_LINEAR_EXTRUSION.,.F.,.F.,.F.,(4,4),(2,2),
(0.,1.),(0.,1.),.PIECEWISE_BEZIER_KNOTS.);
#58=B_SPLINE_SURFACE_WITH_KNOTS('',3,1,((#7418,#7419),(#7420,#7421),(#7422,
#7423),(#7424,#7425)),.SURF_OF_LINEAR_EXTRUSION.,.F.,.F.,.F.,(4,4),(2,2),
(0.,1.),(0.,1.),.PIECEWISE_BEZIER_KNOTS.);
#59=B_SPLINE_SURFACE_WITH_KNOTS('',3,1,((#7431,#7432),(#7433,#7434),(#7435,
#7436),(#7437,#7438)),.SURF_OF_LINEAR_EXTRUSION.,.F.,.F.,.F.,(4,4),(2,2),
(0.,1.),(0.,1.),.PIECEWISE_BEZIER_KNOTS.);
#60=B_SPLINE_SURFACE_WITH_KNOTS('',3,1,((#7444,#7445),(#7446,#7447),(#7448,
#7449),(#7450,#7451)),.SURF_OF_LINEAR_EXTRUSION.,.F.,.F.,.F.,(4,4),(2,2),
(0.,1.),(0.,1.),.PIECEWISE_BEZIER_KNOTS.);
#61=B_SPLINE_SURFACE_WITH_KNOTS('',3,1,((#7457,#7458),(#7459,#7460),(#7461,
#7462),(#7463,#7464)),.SURF_OF_LINEAR_EXTRUSION.,.F.,.F.,.F.,(4,4),(2,2),
(0.,1.),(0.,1.),.PIECEWISE_BEZIER_KNOTS.);
#62=B_SPLINE_SURFACE_WITH_KNOTS('',3,1,((#7470,#7471),(#7472,#7473),(#7474,
#7475),(#7476,#7477)),.SURF_OF_LINEAR_EXTRUSION.,.F.,.F.,.F.,(4,4),(2,2),
(0.,1.),(0.,1.),.PIECEWISE_BEZIER_KNOTS.);
#63=B_SPLINE_SURFACE_WITH_KNOTS('',3,1,((#7483,#7484),(#7485,#7486),(#7487,
#7488),(#7489,#7490)),.SURF_OF_LINEAR_EXTRUSION.,.F.,.F.,.F.,(4,4),(2,2),
(0.,1.),(0.,1.),.PIECEWISE_BEZIER_KNOTS.);
#64=B_SPLINE_SURFACE_WITH_KNOTS('',3,1,((#7496,#7497),(#7498,#7499),(#7500,
#7501),(#7502,#7503)),.SURF_OF_LINEAR_EXTRUSION.,.F.,.F.,.F.,(4,4),(2,2),
(0.,1.),(0.,1.),.PIECEWISE_BEZIER_KNOTS.);
#65=B_SPLINE_SURFACE_WITH_KNOTS('',3,1,((#7507,#7508),(#7509,#7510),(#7511,
#7512),(#7513,#7514)),.SURF_OF_LINEAR_EXTRUSION.,.F.,.F.,.F.,(4,4),(2,2),
(0.,1.),(0.,1.),.PIECEWISE_BEZIER_KNOTS.);
#66=B_SPLINE_SURFACE_WITH_KNOTS('',3,1,((#7522,#7523),(#7524,#7525),(#7526,
#7527),(#7528,#7529)),.SURF_OF_LINEAR_EXTRUSION.,.F.,.F.,.F.,(4,4),(2,2),
(0.,1.),(0.,1.),.PIECEWISE_BEZIER_KNOTS.);
#67=B_SPLINE_SURFACE_WITH_KNOTS('',3,1,((#7542,#7543),(#7544,#7545),(#7546,
#7547),(#7548,#7549)),.SURF_OF_LINEAR_EXTRUSION.,.F.,.F.,.F.,(4,4),(2,2),
(0.,1.),(0.,1.),.PIECEWISE_BEZIER_KNOTS.);
#68=B_SPLINE_SURFACE_WITH_KNOTS('',3,1,((#7559,#7560),(#7561,#7562),(#7563,
#7564),(#7565,#7566)),.SURF_OF_LINEAR_EXTRUSION.,.F.,.F.,.F.,(4,4),(2,2),
(0.,1.),(0.,1.),.PIECEWISE_BEZIER_KNOTS.);
#69=B_SPLINE_SURFACE_WITH_KNOTS('',3,1,((#7576,#7577),(#7578,#7579),(#7580,
#7581),(#7582,#7583)),.SURF_OF_LINEAR_EXTRUSION.,.F.,.F.,.F.,(4,4),(2,2),
(0.,1.),(0.,1.),.PIECEWISE_BEZIER_KNOTS.);
#70=B_SPLINE_SURFACE_WITH_KNOTS('',3,1,((#7593,#7594),(#7595,#7596),(#7597,
#7598),(#7599,#7600)),.SURF_OF_LINEAR_EXTRUSION.,.F.,.F.,.F.,(4,4),(2,2),
(0.,1.),(0.,1.),.PIECEWISE_BEZIER_KNOTS.);
#71=B_SPLINE_SURFACE_WITH_KNOTS('',3,1,((#7610,#7611),(#7612,#7613),(#7614,
#7615),(#7616,#7617)),.SURF_OF_LINEAR_EXTRUSION.,.F.,.F.,.F.,(4,4),(2,2),
(0.,1.),(0.,1.),.PIECEWISE_BEZIER_KNOTS.);
#72=B_SPLINE_SURFACE_WITH_KNOTS('',3,1,((#7627,#7628),(#7629,#7630),(#7631,
#7632),(#7633,#7634)),.SURF_OF_LINEAR_EXTRUSION.,.F.,.F.,.F.,(4,4),(2,2),
(0.,1.),(0.,1.),.PIECEWISE_BEZIER_KNOTS.);
#73=B_SPLINE_SURFACE_WITH_KNOTS('',3,1,((#7644,#7645),(#7646,#7647),(#7648,
#7649),(#7650,#7651)),.SURF_OF_LINEAR_EXTRUSION.,.F.,.F.,.F.,(4,4),(2,2),
(0.,1.),(0.,1.),.PIECEWISE_BEZIER_KNOTS.);
#74=B_SPLINE_SURFACE_WITH_KNOTS('',3,1,((#7661,#7662),(#7663,#7664),(#7665,
#7666),(#7667,#7668)),.SURF_OF_LINEAR_EXTRUSION.,.F.,.F.,.F.,(4,4),(2,2),
(0.,1.),(0.,1.),.PIECEWISE_BEZIER_KNOTS.);
#75=B_SPLINE_SURFACE_WITH_KNOTS('',3,1,((#7678,#7679),(#7680,#7681),(#7682,
#7683),(#7684,#7685)),.SURF_OF_LINEAR_EXTRUSION.,.F.,.F.,.F.,(4,4),(2,2),
(0.,1.),(0.,1.),.PIECEWISE_BEZIER_KNOTS.);
#76=B_SPLINE_SURFACE_WITH_KNOTS('',3,1,((#7693,#7694),(#7695,#7696),(#7697,
#7698),(#7699,#7700)),.SURF_OF_LINEAR_EXTRUSION.,.F.,.F.,.F.,(4,4),(2,2),
(0.,1.),(0.,1.),.PIECEWISE_BEZIER_KNOTS.);
#77=B_SPLINE_SURFACE_WITH_KNOTS('',3,1,((#7706,#7707),(#7708,#7709),(#7710,
#7711),(#7712,#7713)),.SURF_OF_LINEAR_EXTRUSION.,.F.,.F.,.F.,(4,4),(2,2),
(0.,1.),(0.,1.),.PIECEWISE_BEZIER_KNOTS.);
#78=B_SPLINE_SURFACE_WITH_KNOTS('',3,1,((#7719,#7720),(#7721,#7722),(#7723,
#7724),(#7725,#7726)),.SURF_OF_LINEAR_EXTRUSION.,.F.,.F.,.F.,(4,4),(2,2),
(0.,1.),(0.,1.),.PIECEWISE_BEZIER_KNOTS.);
#79=B_SPLINE_SURFACE_WITH_KNOTS('',3,1,((#7732,#7733),(#7734,#7735),(#7736,
#7737),(#7738,#7739)),.SURF_OF_LINEAR_EXTRUSION.,.F.,.F.,.F.,(4,4),(2,2),
(0.,1.),(0.,1.),.PIECEWISE_BEZIER_KNOTS.);
#80=B_SPLINE_SURFACE_WITH_KNOTS('',3,1,((#7745,#7746),(#7747,#7748),(#7749,
#7750),(#7751,#7752)),.SURF_OF_LINEAR_EXTRUSION.,.F.,.F.,.F.,(4,4),(2,2),
(0.,1.),(0.,1.),.PIECEWISE_BEZIER_KNOTS.);
#81=B_SPLINE_SURFACE_WITH_KNOTS('',3,1,((#7758,#7759),(#7760,#7761),(#7762,
#7763),(#7764,#7765)),.SURF_OF_LINEAR_EXTRUSION.,.F.,.F.,.F.,(4,4),(2,2),
(0.,1.),(0.,1.),.PIECEWISE_BEZIER_KNOTS.);
#82=B_SPLINE_SURFACE_WITH_KNOTS('',3,1,((#7771,#7772),(#7773,#7774),(#7775,
#7776),(#7777,#7778)),.SURF_OF_LINEAR_EXTRUSION.,.F.,.F.,.F.,(4,4),(2,2),
(0.,1.),(0.,1.),.PIECEWISE_BEZIER_KNOTS.);
#83=B_SPLINE_SURFACE_WITH_KNOTS('',3,1,((#7784,#7785),(#7786,#7787),(#7788,
#7789),(#7790,#7791)),.SURF_OF_LINEAR_EXTRUSION.,.F.,.F.,.F.,(4,4),(2,2),
(0.,1.),(0.,1.),.PIECEWISE_BEZIER_KNOTS.);
#84=B_SPLINE_SURFACE_WITH_KNOTS('',3,1,((#7805,#7806),(#7807,#7808),(#7809,
#7810),(#7811,#7812)),.SURF_OF_LINEAR_EXTRUSION.,.F.,.F.,.F.,(4,4),(2,2),
(0.,1.),(0.,1.),.PIECEWISE_BEZIER_KNOTS.);
#85=B_SPLINE_SURFACE_WITH_KNOTS('',3,1,((#7818,#7819),(#7820,#7821),(#7822,
#7823),(#7824,#7825)),.SURF_OF_LINEAR_EXTRUSION.,.F.,.F.,.F.,(4,4),(2,2),
(0.,1.),(0.,1.),.PIECEWISE_BEZIER_KNOTS.);
#86=B_SPLINE_SURFACE_WITH_KNOTS('',3,1,((#7831,#7832),(#7833,#7834),(#7835,
#7836),(#7837,#7838)),.SURF_OF_LINEAR_EXTRUSION.,.F.,.F.,.F.,(4,4),(2,2),
(0.,1.),(0.,1.),.PIECEWISE_BEZIER_KNOTS.);
#87=B_SPLINE_SURFACE_WITH_KNOTS('',3,1,((#7848,#7849),(#7850,#7851),(#7852,
#7853),(#7854,#7855)),.SURF_OF_LINEAR_EXTRUSION.,.F.,.F.,.F.,(4,4),(2,2),
(0.,1.),(0.,1.),.PIECEWISE_BEZIER_KNOTS.);
#88=B_SPLINE_SURFACE_WITH_KNOTS('',3,1,((#7859,#7860),(#7861,#7862),(#7863,
#7864),(#7865,#7866)),.SURF_OF_LINEAR_EXTRUSION.,.F.,.F.,.F.,(4,4),(2,2),
(0.,1.),(0.,1.),.PIECEWISE_BEZIER_KNOTS.);
#89=B_SPLINE_SURFACE_WITH_KNOTS('',3,1,((#7874,#7875),(#7876,#7877),(#7878,
#7879),(#7880,#7881)),.SURF_OF_LINEAR_EXTRUSION.,.F.,.F.,.F.,(4,4),(2,2),
(0.,1.),(0.,1.),.PIECEWISE_BEZIER_KNOTS.);
#90=B_SPLINE_SURFACE_WITH_KNOTS('',3,1,((#7889,#7890),(#7891,#7892),(#7893,
#7894),(#7895,#7896)),.SURF_OF_LINEAR_EXTRUSION.,.F.,.F.,.F.,(4,4),(2,2),
(0.,1.),(0.,1.),.PIECEWISE_BEZIER_KNOTS.);
#91=B_SPLINE_SURFACE_WITH_KNOTS('',3,1,((#7902,#7903),(#7904,#7905),(#7906,
#7907),(#7908,#7909)),.SURF_OF_LINEAR_EXTRUSION.,.F.,.F.,.F.,(4,4),(2,2),
(0.,1.),(0.,1.),.PIECEWISE_BEZIER_KNOTS.);
#92=B_SPLINE_SURFACE_WITH_KNOTS('',3,1,((#7915,#7916),(#7917,#7918),(#7919,
#7920),(#7921,#7922)),.SURF_OF_LINEAR_EXTRUSION.,.F.,.F.,.F.,(4,4),(2,2),
(0.,1.),(0.,1.),.PIECEWISE_BEZIER_KNOTS.);
#93=B_SPLINE_SURFACE_WITH_KNOTS('',3,1,((#7928,#7929),(#7930,#7931),(#7932,
#7933),(#7934,#7935)),.SURF_OF_LINEAR_EXTRUSION.,.F.,.F.,.F.,(4,4),(2,2),
(0.,1.),(0.,1.),.PIECEWISE_BEZIER_KNOTS.);
#94=B_SPLINE_SURFACE_WITH_KNOTS('',3,1,((#7941,#7942),(#7943,#7944),(#7945,
#7946),(#7947,#7948)),.SURF_OF_LINEAR_EXTRUSION.,.F.,.F.,.F.,(4,4),(2,2),
(0.,1.),(0.,1.),.PIECEWISE_BEZIER_KNOTS.);
#95=B_SPLINE_SURFACE_WITH_KNOTS('',3,1,((#7954,#7955),(#7956,#7957),(#7958,
#7959),(#7960,#7961)),.SURF_OF_LINEAR_EXTRUSION.,.F.,.F.,.F.,(4,4),(2,2),
(0.,1.),(0.,1.),.PIECEWISE_BEZIER_KNOTS.);
#96=B_SPLINE_SURFACE_WITH_KNOTS('',3,1,((#7967,#7968),(#7969,#7970),(#7971,
#7972),(#7973,#7974)),.SURF_OF_LINEAR_EXTRUSION.,.F.,.F.,.F.,(4,4),(2,2),
(0.,1.),(0.,1.),.PIECEWISE_BEZIER_KNOTS.);
#97=B_SPLINE_SURFACE_WITH_KNOTS('',3,1,((#8025,#8026),(#8027,#8028),(#8029,
#8030),(#8031,#8032)),.SURF_OF_LINEAR_EXTRUSION.,.F.,.F.,.F.,(4,4),(2,2),
(0.,1.),(0.,1.),.PIECEWISE_BEZIER_KNOTS.);
#98=B_SPLINE_SURFACE_WITH_KNOTS('',3,1,((#8040,#8041),(#8042,#8043),(#8044,
#8045),(#8046,#8047)),.SURF_OF_LINEAR_EXTRUSION.,.F.,.F.,.F.,(4,4),(2,2),
(0.,1.),(0.,1.),.PIECEWISE_BEZIER_KNOTS.);
#99=B_SPLINE_SURFACE_WITH_KNOTS('',3,1,((#8053,#8054),(#8055,#8056),(#8057,
#8058),(#8059,#8060)),.SURF_OF_LINEAR_EXTRUSION.,.F.,.F.,.F.,(4,4),(2,2),
(0.,1.),(0.,1.),.PIECEWISE_BEZIER_KNOTS.);
#100=B_SPLINE_SURFACE_WITH_KNOTS('',3,1,((#8066,#8067),(#8068,#8069),(#8070,
#8071),(#8072,#8073)),.SURF_OF_LINEAR_EXTRUSION.,.F.,.F.,.F.,(4,4),(2,2),
(0.,1.),(0.,1.),.PIECEWISE_BEZIER_KNOTS.);
#101=B_SPLINE_SURFACE_WITH_KNOTS('',3,1,((#8079,#8080),(#8081,#8082),(#8083,
#8084),(#8085,#8086)),.SURF_OF_LINEAR_EXTRUSION.,.F.,.F.,.F.,(4,4),(2,2),
(0.,1.),(0.,1.),.PIECEWISE_BEZIER_KNOTS.);
#102=B_SPLINE_SURFACE_WITH_KNOTS('',3,1,((#8092,#8093),(#8094,#8095),(#8096,
#8097),(#8098,#8099)),.SURF_OF_LINEAR_EXTRUSION.,.F.,.F.,.F.,(4,4),(2,2),
(0.,1.),(0.,1.),.PIECEWISE_BEZIER_KNOTS.);
#103=B_SPLINE_SURFACE_WITH_KNOTS('',3,1,((#8105,#8106),(#8107,#8108),(#8109,
#8110),(#8111,#8112)),.SURF_OF_LINEAR_EXTRUSION.,.F.,.F.,.F.,(4,4),(2,2),
(0.,1.),(0.,1.),.PIECEWISE_BEZIER_KNOTS.);
#104=B_SPLINE_SURFACE_WITH_KNOTS('',3,1,((#8118,#8119),(#8120,#8121),(#8122,
#8123),(#8124,#8125)),.SURF_OF_LINEAR_EXTRUSION.,.F.,.F.,.F.,(4,4),(2,2),
(0.,1.),(0.,1.),.PIECEWISE_BEZIER_KNOTS.);
#105=B_SPLINE_SURFACE_WITH_KNOTS('',3,1,((#8130,#8131),(#8132,#8133),(#8134,
#8135),(#8136,#8137)),.SURF_OF_LINEAR_EXTRUSION.,.F.,.F.,.F.,(4,4),(2,2),
(0.,1.),(0.,1.),.PIECEWISE_BEZIER_KNOTS.);
#106=B_SPLINE_SURFACE_WITH_KNOTS('',3,1,((#8150,#8151),(#8152,#8153),(#8154,
#8155),(#8156,#8157)),.SURF_OF_LINEAR_EXTRUSION.,.F.,.F.,.F.,(4,4),(2,2),
(0.,1.),(0.,1.),.PIECEWISE_BEZIER_KNOTS.);
#107=B_SPLINE_SURFACE_WITH_KNOTS('',3,1,((#8167,#8168),(#8169,#8170),(#8171,
#8172),(#8173,#8174)),.SURF_OF_LINEAR_EXTRUSION.,.F.,.F.,.F.,(4,4),(2,2),
(0.,1.),(0.,1.),.PIECEWISE_BEZIER_KNOTS.);
#108=B_SPLINE_SURFACE_WITH_KNOTS('',3,1,((#8184,#8185),(#8186,#8187),(#8188,
#8189),(#8190,#8191)),.SURF_OF_LINEAR_EXTRUSION.,.F.,.F.,.F.,(4,4),(2,2),
(0.,1.),(0.,1.),.PIECEWISE_BEZIER_KNOTS.);
#109=B_SPLINE_SURFACE_WITH_KNOTS('',3,1,((#8201,#8202),(#8203,#8204),(#8205,
#8206),(#8207,#8208)),.SURF_OF_LINEAR_EXTRUSION.,.F.,.F.,.F.,(4,4),(2,2),
(0.,1.),(0.,1.),.PIECEWISE_BEZIER_KNOTS.);
#110=B_SPLINE_SURFACE_WITH_KNOTS('',3,1,((#8218,#8219),(#8220,#8221),(#8222,
#8223),(#8224,#8225)),.SURF_OF_LINEAR_EXTRUSION.,.F.,.F.,.F.,(4,4),(2,2),
(0.,1.),(0.,1.),.PIECEWISE_BEZIER_KNOTS.);
#111=B_SPLINE_SURFACE_WITH_KNOTS('',3,1,((#8235,#8236),(#8237,#8238),(#8239,
#8240),(#8241,#8242)),.SURF_OF_LINEAR_EXTRUSION.,.F.,.F.,.F.,(4,4),(2,2),
(0.,1.),(0.,1.),.PIECEWISE_BEZIER_KNOTS.);
#112=B_SPLINE_SURFACE_WITH_KNOTS('',3,1,((#8252,#8253),(#8254,#8255),(#8256,
#8257),(#8258,#8259)),.SURF_OF_LINEAR_EXTRUSION.,.F.,.F.,.F.,(4,4),(2,2),
(0.,1.),(0.,1.),.PIECEWISE_BEZIER_KNOTS.);
#113=B_SPLINE_SURFACE_WITH_KNOTS('',3,1,((#8267,#8268),(#8269,#8270),(#8271,
#8272),(#8273,#8274)),.SURF_OF_LINEAR_EXTRUSION.,.F.,.F.,.F.,(4,4),(2,2),
(0.,1.),(0.,1.),.PIECEWISE_BEZIER_KNOTS.);
#114=B_SPLINE_SURFACE_WITH_KNOTS('',3,1,((#8280,#8281),(#8282,#8283),(#8284,
#8285),(#8286,#8287)),.SURF_OF_LINEAR_EXTRUSION.,.F.,.F.,.F.,(4,4),(2,2),
(0.,1.),(0.,1.),.PIECEWISE_BEZIER_KNOTS.);
#115=B_SPLINE_SURFACE_WITH_KNOTS('',3,1,((#8293,#8294),(#8295,#8296),(#8297,
#8298),(#8299,#8300)),.SURF_OF_LINEAR_EXTRUSION.,.F.,.F.,.F.,(4,4),(2,2),
(0.,1.),(0.,1.),.PIECEWISE_BEZIER_KNOTS.);
#116=B_SPLINE_SURFACE_WITH_KNOTS('',3,1,((#8306,#8307),(#8308,#8309),(#8310,
#8311),(#8312,#8313)),.SURF_OF_LINEAR_EXTRUSION.,.F.,.F.,.F.,(4,4),(2,2),
(0.,1.),(0.,1.),.PIECEWISE_BEZIER_KNOTS.);
#117=B_SPLINE_SURFACE_WITH_KNOTS('',3,1,((#8319,#8320),(#8321,#8322),(#8323,
#8324),(#8325,#8326)),.SURF_OF_LINEAR_EXTRUSION.,.F.,.F.,.F.,(4,4),(2,2),
(0.,1.),(0.,1.),.PIECEWISE_BEZIER_KNOTS.);
#118=B_SPLINE_SURFACE_WITH_KNOTS('',3,1,((#8332,#8333),(#8334,#8335),(#8336,
#8337),(#8338,#8339)),.SURF_OF_LINEAR_EXTRUSION.,.F.,.F.,.F.,(4,4),(2,2),
(0.,1.),(0.,1.),.PIECEWISE_BEZIER_KNOTS.);
#119=B_SPLINE_SURFACE_WITH_KNOTS('',3,1,((#8345,#8346),(#8347,#8348),(#8349,
#8350),(#8351,#8352)),.SURF_OF_LINEAR_EXTRUSION.,.F.,.F.,.F.,(4,4),(2,2),
(0.,1.),(0.,1.),.PIECEWISE_BEZIER_KNOTS.);
#120=B_SPLINE_SURFACE_WITH_KNOTS('',3,1,((#8356,#8357),(#8358,#8359),(#8360,
#8361),(#8362,#8363)),.SURF_OF_LINEAR_EXTRUSION.,.F.,.F.,.F.,(4,4),(2,2),
(0.,1.),(0.,1.),.PIECEWISE_BEZIER_KNOTS.);
#121=B_SPLINE_SURFACE_WITH_KNOTS('',3,1,((#8371,#8372),(#8373,#8374),(#8375,
#8376),(#8377,#8378)),.SURF_OF_LINEAR_EXTRUSION.,.F.,.F.,.F.,(4,4),(2,2),
(0.,1.),(0.,1.),.PIECEWISE_BEZIER_KNOTS.);
#122=B_SPLINE_SURFACE_WITH_KNOTS('',3,1,((#8391,#8392),(#8393,#8394),(#8395,
#8396),(#8397,#8398)),.SURF_OF_LINEAR_EXTRUSION.,.F.,.F.,.F.,(4,4),(2,2),
(0.,1.),(0.,1.),.PIECEWISE_BEZIER_KNOTS.);
#123=B_SPLINE_SURFACE_WITH_KNOTS('',3,1,((#8408,#8409),(#8410,#8411),(#8412,
#8413),(#8414,#8415)),.SURF_OF_LINEAR_EXTRUSION.,.F.,.F.,.F.,(4,4),(2,2),
(0.,1.),(0.,1.),.PIECEWISE_BEZIER_KNOTS.);
#124=B_SPLINE_SURFACE_WITH_KNOTS('',3,1,((#8425,#8426),(#8427,#8428),(#8429,
#8430),(#8431,#8432)),.SURF_OF_LINEAR_EXTRUSION.,.F.,.F.,.F.,(4,4),(2,2),
(0.,1.),(0.,1.),.PIECEWISE_BEZIER_KNOTS.);
#125=B_SPLINE_SURFACE_WITH_KNOTS('',3,1,((#8442,#8443),(#8444,#8445),(#8446,
#8447),(#8448,#8449)),.SURF_OF_LINEAR_EXTRUSION.,.F.,.F.,.F.,(4,4),(2,2),
(0.,1.),(0.,1.),.PIECEWISE_BEZIER_KNOTS.);
#126=B_SPLINE_SURFACE_WITH_KNOTS('',3,1,((#8459,#8460),(#8461,#8462),(#8463,
#8464),(#8465,#8466)),.SURF_OF_LINEAR_EXTRUSION.,.F.,.F.,.F.,(4,4),(2,2),
(0.,1.),(0.,1.),.PIECEWISE_BEZIER_KNOTS.);
#127=B_SPLINE_SURFACE_WITH_KNOTS('',3,1,((#8476,#8477),(#8478,#8479),(#8480,
#8481),(#8482,#8483)),.SURF_OF_LINEAR_EXTRUSION.,.F.,.F.,.F.,(4,4),(2,2),
(0.,1.),(0.,1.),.PIECEWISE_BEZIER_KNOTS.);
#128=B_SPLINE_SURFACE_WITH_KNOTS('',3,1,((#8493,#8494),(#8495,#8496),(#8497,
#8498),(#8499,#8500)),.SURF_OF_LINEAR_EXTRUSION.,.F.,.F.,.F.,(4,4),(2,2),
(0.,1.),(0.,1.),.PIECEWISE_BEZIER_KNOTS.);
#129=B_SPLINE_SURFACE_WITH_KNOTS('',3,1,((#8510,#8511),(#8512,#8513),(#8514,
#8515),(#8516,#8517)),.SURF_OF_LINEAR_EXTRUSION.,.F.,.F.,.F.,(4,4),(2,2),
(0.,1.),(0.,1.),.PIECEWISE_BEZIER_KNOTS.);
#130=B_SPLINE_SURFACE_WITH_KNOTS('',3,1,((#8527,#8528),(#8529,#8530),(#8531,
#8532),(#8533,#8534)),.SURF_OF_LINEAR_EXTRUSION.,.F.,.F.,.F.,(4,4),(2,2),
(0.,1.),(0.,1.),.PIECEWISE_BEZIER_KNOTS.);
#131=B_SPLINE_SURFACE_WITH_KNOTS('',3,1,((#8542,#8543),(#8544,#8545),(#8546,
#8547),(#8548,#8549)),.SURF_OF_LINEAR_EXTRUSION.,.F.,.F.,.F.,(4,4),(2,2),
(0.,1.),(0.,1.),.PIECEWISE_BEZIER_KNOTS.);
#132=B_SPLINE_SURFACE_WITH_KNOTS('',3,1,((#8555,#8556),(#8557,#8558),(#8559,
#8560),(#8561,#8562)),.SURF_OF_LINEAR_EXTRUSION.,.F.,.F.,.F.,(4,4),(2,2),
(0.,1.),(0.,1.),.PIECEWISE_BEZIER_KNOTS.);
#133=B_SPLINE_SURFACE_WITH_KNOTS('',3,1,((#8568,#8569),(#8570,#8571),(#8572,
#8573),(#8574,#8575)),.SURF_OF_LINEAR_EXTRUSION.,.F.,.F.,.F.,(4,4),(2,2),
(0.,1.),(0.,1.),.PIECEWISE_BEZIER_KNOTS.);
#134=B_SPLINE_SURFACE_WITH_KNOTS('',3,1,((#8581,#8582),(#8583,#8584),(#8585,
#8586),(#8587,#8588)),.SURF_OF_LINEAR_EXTRUSION.,.F.,.F.,.F.,(4,4),(2,2),
(0.,1.),(0.,1.),.PIECEWISE_BEZIER_KNOTS.);
#135=B_SPLINE_SURFACE_WITH_KNOTS('',3,1,((#8594,#8595),(#8596,#8597),(#8598,
#8599),(#8600,#8601)),.SURF_OF_LINEAR_EXTRUSION.,.F.,.F.,.F.,(4,4),(2,2),
(0.,1.),(0.,1.),.PIECEWISE_BEZIER_KNOTS.);
#136=B_SPLINE_SURFACE_WITH_KNOTS('',3,1,((#8607,#8608),(#8609,#8610),(#8611,
#8612),(#8613,#8614)),.SURF_OF_LINEAR_EXTRUSION.,.F.,.F.,.F.,(4,4),(2,2),
(0.,1.),(0.,1.),.PIECEWISE_BEZIER_KNOTS.);
#137=B_SPLINE_SURFACE_WITH_KNOTS('',3,1,((#8620,#8621),(#8622,#8623),(#8624,
#8625),(#8626,#8627)),.SURF_OF_LINEAR_EXTRUSION.,.F.,.F.,.F.,(4,4),(2,2),
(0.,1.),(0.,1.),.PIECEWISE_BEZIER_KNOTS.);
#138=B_SPLINE_SURFACE_WITH_KNOTS('',3,1,((#8633,#8634),(#8635,#8636),(#8637,
#8638),(#8639,#8640)),.SURF_OF_LINEAR_EXTRUSION.,.F.,.F.,.F.,(4,4),(2,2),
(0.,1.),(0.,1.),.PIECEWISE_BEZIER_KNOTS.);
#139=B_SPLINE_SURFACE_WITH_KNOTS('',3,1,((#8654,#8655),(#8656,#8657),(#8658,
#8659),(#8660,#8661)),.SURF_OF_LINEAR_EXTRUSION.,.F.,.F.,.F.,(4,4),(2,2),
(0.,1.),(0.,1.),.PIECEWISE_BEZIER_KNOTS.);
#140=B_SPLINE_SURFACE_WITH_KNOTS('',3,1,((#8667,#8668),(#8669,#8670),(#8671,
#8672),(#8673,#8674)),.SURF_OF_LINEAR_EXTRUSION.,.F.,.F.,.F.,(4,4),(2,2),
(0.,1.),(0.,1.),.PIECEWISE_BEZIER_KNOTS.);
#141=B_SPLINE_SURFACE_WITH_KNOTS('',3,1,((#8680,#8681),(#8682,#8683),(#8684,
#8685),(#8686,#8687)),.SURF_OF_LINEAR_EXTRUSION.,.F.,.F.,.F.,(4,4),(2,2),
(0.,1.),(0.,1.),.PIECEWISE_BEZIER_KNOTS.);
#142=B_SPLINE_SURFACE_WITH_KNOTS('',3,1,((#8697,#8698),(#8699,#8700),(#8701,
#8702),(#8703,#8704)),.SURF_OF_LINEAR_EXTRUSION.,.F.,.F.,.F.,(4,4),(2,2),
(0.,1.),(0.,1.),.PIECEWISE_BEZIER_KNOTS.);
#143=B_SPLINE_SURFACE_WITH_KNOTS('',3,1,((#8708,#8709),(#8710,#8711),(#8712,
#8713),(#8714,#8715)),.SURF_OF_LINEAR_EXTRUSION.,.F.,.F.,.F.,(4,4),(2,2),
(0.,1.),(0.,1.),.PIECEWISE_BEZIER_KNOTS.);
#144=B_SPLINE_SURFACE_WITH_KNOTS('',3,1,((#8723,#8724),(#8725,#8726),(#8727,
#8728),(#8729,#8730)),.SURF_OF_LINEAR_EXTRUSION.,.F.,.F.,.F.,(4,4),(2,2),
(0.,1.),(0.,1.),.PIECEWISE_BEZIER_KNOTS.);
#145=B_SPLINE_SURFACE_WITH_KNOTS('',3,1,((#8743,#8744),(#8745,#8746),(#8747,
#8748),(#8749,#8750)),.SURF_OF_LINEAR_EXTRUSION.,.F.,.F.,.F.,(4,4),(2,2),
(0.,1.),(0.,1.),.PIECEWISE_BEZIER_KNOTS.);
#146=B_SPLINE_SURFACE_WITH_KNOTS('',3,1,((#8760,#8761),(#8762,#8763),(#8764,
#8765),(#8766,#8767)),.SURF_OF_LINEAR_EXTRUSION.,.F.,.F.,.F.,(4,4),(2,2),
(0.,1.),(0.,1.),.PIECEWISE_BEZIER_KNOTS.);
#147=B_SPLINE_SURFACE_WITH_KNOTS('',3,1,((#8777,#8778),(#8779,#8780),(#8781,
#8782),(#8783,#8784)),.SURF_OF_LINEAR_EXTRUSION.,.F.,.F.,.F.,(4,4),(2,2),
(0.,1.),(0.,1.),.PIECEWISE_BEZIER_KNOTS.);
#148=B_SPLINE_SURFACE_WITH_KNOTS('',3,1,((#8794,#8795),(#8796,#8797),(#8798,
#8799),(#8800,#8801)),.SURF_OF_LINEAR_EXTRUSION.,.F.,.F.,.F.,(4,4),(2,2),
(0.,1.),(0.,1.),.PIECEWISE_BEZIER_KNOTS.);
#149=B_SPLINE_SURFACE_WITH_KNOTS('',3,1,((#8811,#8812),(#8813,#8814),(#8815,
#8816),(#8817,#8818)),.SURF_OF_LINEAR_EXTRUSION.,.F.,.F.,.F.,(4,4),(2,2),
(0.,1.),(0.,1.),.PIECEWISE_BEZIER_KNOTS.);
#150=B_SPLINE_SURFACE_WITH_KNOTS('',3,1,((#8828,#8829),(#8830,#8831),(#8832,
#8833),(#8834,#8835)),.SURF_OF_LINEAR_EXTRUSION.,.F.,.F.,.F.,(4,4),(2,2),
(0.,1.),(0.,1.),.PIECEWISE_BEZIER_KNOTS.);
#151=B_SPLINE_SURFACE_WITH_KNOTS('',3,1,((#8845,#8846),(#8847,#8848),(#8849,
#8850),(#8851,#8852)),.SURF_OF_LINEAR_EXTRUSION.,.F.,.F.,.F.,(4,4),(2,2),
(0.,1.),(0.,1.),.PIECEWISE_BEZIER_KNOTS.);
#152=B_SPLINE_SURFACE_WITH_KNOTS('',3,1,((#8862,#8863),(#8864,#8865),(#8866,
#8867),(#8868,#8869)),.SURF_OF_LINEAR_EXTRUSION.,.F.,.F.,.F.,(4,4),(2,2),
(0.,1.),(0.,1.),.PIECEWISE_BEZIER_KNOTS.);
#153=B_SPLINE_SURFACE_WITH_KNOTS('',3,1,((#8879,#8880),(#8881,#8882),(#8883,
#8884),(#8885,#8886)),.SURF_OF_LINEAR_EXTRUSION.,.F.,.F.,.F.,(4,4),(2,2),
(0.,1.),(0.,1.),.PIECEWISE_BEZIER_KNOTS.);
#154=B_SPLINE_SURFACE_WITH_KNOTS('',3,1,((#8894,#8895),(#8896,#8897),(#8898,
#8899),(#8900,#8901)),.SURF_OF_LINEAR_EXTRUSION.,.F.,.F.,.F.,(4,4),(2,2),
(0.,1.),(0.,1.),.PIECEWISE_BEZIER_KNOTS.);
#155=B_SPLINE_SURFACE_WITH_KNOTS('',3,1,((#8907,#8908),(#8909,#8910),(#8911,
#8912),(#8913,#8914)),.SURF_OF_LINEAR_EXTRUSION.,.F.,.F.,.F.,(4,4),(2,2),
(0.,1.),(0.,1.),.PIECEWISE_BEZIER_KNOTS.);
#156=B_SPLINE_SURFACE_WITH_KNOTS('',3,1,((#8920,#8921),(#8922,#8923),(#8924,
#8925),(#8926,#8927)),.SURF_OF_LINEAR_EXTRUSION.,.F.,.F.,.F.,(4,4),(2,2),
(0.,1.),(0.,1.),.PIECEWISE_BEZIER_KNOTS.);
#157=B_SPLINE_SURFACE_WITH_KNOTS('',3,1,((#8933,#8934),(#8935,#8936),(#8937,
#8938),(#8939,#8940)),.SURF_OF_LINEAR_EXTRUSION.,.F.,.F.,.F.,(4,4),(2,2),
(0.,1.),(0.,1.),.PIECEWISE_BEZIER_KNOTS.);
#158=B_SPLINE_SURFACE_WITH_KNOTS('',3,1,((#8946,#8947),(#8948,#8949),(#8950,
#8951),(#8952,#8953)),.SURF_OF_LINEAR_EXTRUSION.,.F.,.F.,.F.,(4,4),(2,2),
(0.,1.),(0.,1.),.PIECEWISE_BEZIER_KNOTS.);
#159=B_SPLINE_SURFACE_WITH_KNOTS('',3,1,((#8959,#8960),(#8961,#8962),(#8963,
#8964),(#8965,#8966)),.SURF_OF_LINEAR_EXTRUSION.,.F.,.F.,.F.,(4,4),(2,2),
(0.,1.),(0.,1.),.PIECEWISE_BEZIER_KNOTS.);
#160=B_SPLINE_SURFACE_WITH_KNOTS('',3,1,((#8972,#8973),(#8974,#8975),(#8976,
#8977),(#8978,#8979)),.SURF_OF_LINEAR_EXTRUSION.,.F.,.F.,.F.,(4,4),(2,2),
(0.,1.),(0.,1.),.PIECEWISE_BEZIER_KNOTS.);
#161=B_SPLINE_SURFACE_WITH_KNOTS('',3,1,((#8985,#8986),(#8987,#8988),(#8989,
#8990),(#8991,#8992)),.SURF_OF_LINEAR_EXTRUSION.,.F.,.F.,.F.,(4,4),(2,2),
(0.,1.),(0.,1.),.PIECEWISE_BEZIER_KNOTS.);
#162=B_SPLINE_SURFACE_WITH_KNOTS('',3,1,((#9006,#9007),(#9008,#9009),(#9010,
#9011),(#9012,#9013)),.SURF_OF_LINEAR_EXTRUSION.,.F.,.F.,.F.,(4,4),(2,2),
(0.,1.),(0.,1.),.PIECEWISE_BEZIER_KNOTS.);
#163=B_SPLINE_SURFACE_WITH_KNOTS('',3,1,((#9019,#9020),(#9021,#9022),(#9023,
#9024),(#9025,#9026)),.SURF_OF_LINEAR_EXTRUSION.,.F.,.F.,.F.,(4,4),(2,2),
(0.,1.),(0.,1.),.PIECEWISE_BEZIER_KNOTS.);
#164=B_SPLINE_SURFACE_WITH_KNOTS('',3,1,((#9032,#9033),(#9034,#9035),(#9036,
#9037),(#9038,#9039)),.SURF_OF_LINEAR_EXTRUSION.,.F.,.F.,.F.,(4,4),(2,2),
(0.,1.),(0.,1.),.PIECEWISE_BEZIER_KNOTS.);
#165=B_SPLINE_SURFACE_WITH_KNOTS('',3,1,((#9049,#9050),(#9051,#9052),(#9053,
#9054),(#9055,#9056)),.SURF_OF_LINEAR_EXTRUSION.,.F.,.F.,.F.,(4,4),(2,2),
(0.,1.),(0.,1.),.PIECEWISE_BEZIER_KNOTS.);
#166=B_SPLINE_SURFACE_WITH_KNOTS('',3,1,((#9060,#9061),(#9062,#9063),(#9064,
#9065),(#9066,#9067)),.SURF_OF_LINEAR_EXTRUSION.,.F.,.F.,.F.,(4,4),(2,2),
(0.,1.),(0.,1.),.PIECEWISE_BEZIER_KNOTS.);
#167=B_SPLINE_SURFACE_WITH_KNOTS('',3,1,((#9096,#9097),(#9098,#9099),(#9100,
#9101),(#9102,#9103)),.SURF_OF_LINEAR_EXTRUSION.,.F.,.F.,.F.,(4,4),(2,2),
(0.,1.),(0.,1.),.PIECEWISE_BEZIER_KNOTS.);
#168=B_SPLINE_SURFACE_WITH_KNOTS('',3,1,((#9167,#9168),(#9169,#9170),(#9171,
#9172),(#9173,#9174)),.SURF_OF_LINEAR_EXTRUSION.,.F.,.F.,.F.,(4,4),(2,2),
(0.,1.),(0.,1.),.PIECEWISE_BEZIER_KNOTS.);
#169=B_SPLINE_SURFACE_WITH_KNOTS('',3,1,((#9187,#9188),(#9189,#9190),(#9191,
#9192),(#9193,#9194)),.SURF_OF_LINEAR_EXTRUSION.,.F.,.F.,.F.,(4,4),(2,2),
(0.,1.),(0.,1.),.PIECEWISE_BEZIER_KNOTS.);
#170=B_SPLINE_SURFACE_WITH_KNOTS('',3,1,((#9204,#9205),(#9206,#9207),(#9208,
#9209),(#9210,#9211)),.SURF_OF_LINEAR_EXTRUSION.,.F.,.F.,.F.,(4,4),(2,2),
(0.,1.),(0.,1.),.PIECEWISE_BEZIER_KNOTS.);
#171=B_SPLINE_SURFACE_WITH_KNOTS('',3,1,((#9227,#9228),(#9229,#9230),(#9231,
#9232),(#9233,#9234)),.SURF_OF_LINEAR_EXTRUSION.,.F.,.F.,.F.,(4,4),(2,2),
(0.,1.),(0.,1.),.PIECEWISE_BEZIER_KNOTS.);
#172=B_SPLINE_SURFACE_WITH_KNOTS('',3,1,((#9244,#9245),(#9246,#9247),(#9248,
#9249),(#9250,#9251)),.SURF_OF_LINEAR_EXTRUSION.,.F.,.F.,.F.,(4,4),(2,2),
(0.,1.),(0.,1.),.PIECEWISE_BEZIER_KNOTS.);
#173=B_SPLINE_SURFACE_WITH_KNOTS('',3,1,((#9261,#9262),(#9263,#9264),(#9265,
#9266),(#9267,#9268)),.SURF_OF_LINEAR_EXTRUSION.,.F.,.F.,.F.,(4,4),(2,2),
(0.,1.),(0.,1.),.PIECEWISE_BEZIER_KNOTS.);
#174=B_SPLINE_SURFACE_WITH_KNOTS('',3,1,((#9278,#9279),(#9280,#9281),(#9282,
#9283),(#9284,#9285)),.SURF_OF_LINEAR_EXTRUSION.,.F.,.F.,.F.,(4,4),(2,2),
(0.,1.),(0.,1.),.PIECEWISE_BEZIER_KNOTS.);
#175=B_SPLINE_SURFACE_WITH_KNOTS('',3,1,((#9298,#9299),(#9300,#9301),(#9302,
#9303),(#9304,#9305)),.SURF_OF_LINEAR_EXTRUSION.,.F.,.F.,.F.,(4,4),(2,2),
(0.,1.),(0.,1.),.PIECEWISE_BEZIER_KNOTS.);
#176=B_SPLINE_SURFACE_WITH_KNOTS('',3,1,((#9315,#9316),(#9317,#9318),(#9319,
#9320),(#9321,#9322)),.SURF_OF_LINEAR_EXTRUSION.,.F.,.F.,.F.,(4,4),(2,2),
(0.,1.),(0.,1.),.PIECEWISE_BEZIER_KNOTS.);
#177=B_SPLINE_SURFACE_WITH_KNOTS('',3,1,((#9332,#9333),(#9334,#9335),(#9336,
#9337),(#9338,#9339)),.SURF_OF_LINEAR_EXTRUSION.,.F.,.F.,.F.,(4,4),(2,2),
(0.,1.),(0.,1.),.PIECEWISE_BEZIER_KNOTS.);
#178=B_SPLINE_SURFACE_WITH_KNOTS('',3,1,((#9349,#9350),(#9351,#9352),(#9353,
#9354),(#9355,#9356)),.SURF_OF_LINEAR_EXTRUSION.,.F.,.F.,.F.,(4,4),(2,2),
(0.,1.),(0.,1.),.PIECEWISE_BEZIER_KNOTS.);
#179=B_SPLINE_SURFACE_WITH_KNOTS('',3,1,((#9366,#9367),(#9368,#9369),(#9370,
#9371),(#9372,#9373)),.SURF_OF_LINEAR_EXTRUSION.,.F.,.F.,.F.,(4,4),(2,2),
(0.,1.),(0.,1.),.PIECEWISE_BEZIER_KNOTS.);
#180=B_SPLINE_SURFACE_WITH_KNOTS('',3,1,((#9383,#9384),(#9385,#9386),(#9387,
#9388),(#9389,#9390)),.SURF_OF_LINEAR_EXTRUSION.,.F.,.F.,.F.,(4,4),(2,2),
(0.,1.),(0.,1.),.PIECEWISE_BEZIER_KNOTS.);
#181=B_SPLINE_SURFACE_WITH_KNOTS('',3,1,((#9400,#9401),(#9402,#9403),(#9404,
#9405),(#9406,#9407)),.SURF_OF_LINEAR_EXTRUSION.,.F.,.F.,.F.,(4,4),(2,2),
(0.,1.),(0.,1.),.PIECEWISE_BEZIER_KNOTS.);
#182=B_SPLINE_SURFACE_WITH_KNOTS('',3,1,((#9415,#9416),(#9417,#9418),(#9419,
#9420),(#9421,#9422)),.SURF_OF_LINEAR_EXTRUSION.,.F.,.F.,.F.,(4,4),(2,2),
(0.,1.),(0.,1.),.PIECEWISE_BEZIER_KNOTS.);
#183=B_SPLINE_SURFACE_WITH_KNOTS('',3,1,((#9428,#9429),(#9430,#9431),(#9432,
#9433),(#9434,#9435)),.SURF_OF_LINEAR_EXTRUSION.,.F.,.F.,.F.,(4,4),(2,2),
(0.,1.),(0.,1.),.PIECEWISE_BEZIER_KNOTS.);
#184=B_SPLINE_SURFACE_WITH_KNOTS('',3,1,((#9441,#9442),(#9443,#9444),(#9445,
#9446),(#9447,#9448)),.SURF_OF_LINEAR_EXTRUSION.,.F.,.F.,.F.,(4,4),(2,2),
(0.,1.),(0.,1.),.PIECEWISE_BEZIER_KNOTS.);
#185=B_SPLINE_SURFACE_WITH_KNOTS('',3,1,((#9454,#9455),(#9456,#9457),(#9458,
#9459),(#9460,#9461)),.SURF_OF_LINEAR_EXTRUSION.,.F.,.F.,.F.,(4,4),(2,2),
(0.,1.),(0.,1.),.PIECEWISE_BEZIER_KNOTS.);
#186=B_SPLINE_SURFACE_WITH_KNOTS('',3,1,((#9467,#9468),(#9469,#9470),(#9471,
#9472),(#9473,#9474)),.SURF_OF_LINEAR_EXTRUSION.,.F.,.F.,.F.,(4,4),(2,2),
(0.,1.),(0.,1.),.PIECEWISE_BEZIER_KNOTS.);
#187=B_SPLINE_SURFACE_WITH_KNOTS('',3,1,((#9480,#9481),(#9482,#9483),(#9484,
#9485),(#9486,#9487)),.SURF_OF_LINEAR_EXTRUSION.,.F.,.F.,.F.,(4,4),(2,2),
(0.,1.),(0.,1.),.PIECEWISE_BEZIER_KNOTS.);
#188=B_SPLINE_SURFACE_WITH_KNOTS('',3,1,((#9493,#9494),(#9495,#9496),(#9497,
#9498),(#9499,#9500)),.SURF_OF_LINEAR_EXTRUSION.,.F.,.F.,.F.,(4,4),(2,2),
(0.,1.),(0.,1.),.PIECEWISE_BEZIER_KNOTS.);
#189=B_SPLINE_SURFACE_WITH_KNOTS('',3,1,((#9506,#9507),(#9508,#9509),(#9510,
#9511),(#9512,#9513)),.SURF_OF_LINEAR_EXTRUSION.,.F.,.F.,.F.,(4,4),(2,2),
(0.,1.),(0.,1.),.PIECEWISE_BEZIER_KNOTS.);
#190=B_SPLINE_SURFACE_WITH_KNOTS('',3,1,((#9519,#9520),(#9521,#9522),(#9523,
#9524),(#9525,#9526)),.SURF_OF_LINEAR_EXTRUSION.,.F.,.F.,.F.,(4,4),(2,2),
(0.,1.),(0.,1.),.PIECEWISE_BEZIER_KNOTS.);
#191=B_SPLINE_SURFACE_WITH_KNOTS('',3,1,((#9532,#9533),(#9534,#9535),(#9536,
#9537),(#9538,#9539)),.SURF_OF_LINEAR_EXTRUSION.,.F.,.F.,.F.,(4,4),(2,2),
(0.,1.),(0.,1.),.PIECEWISE_BEZIER_KNOTS.);
#192=B_SPLINE_SURFACE_WITH_KNOTS('',3,1,((#9545,#9546),(#9547,#9548),(#9549,
#9550),(#9551,#9552)),.SURF_OF_LINEAR_EXTRUSION.,.F.,.F.,.F.,(4,4),(2,2),
(0.,1.),(0.,1.),.PIECEWISE_BEZIER_KNOTS.);
#193=B_SPLINE_SURFACE_WITH_KNOTS('',3,1,((#9558,#9559),(#9560,#9561),(#9562,
#9563),(#9564,#9565)),.SURF_OF_LINEAR_EXTRUSION.,.F.,.F.,.F.,(4,4),(2,2),
(0.,1.),(0.,1.),.PIECEWISE_BEZIER_KNOTS.);
#194=B_SPLINE_SURFACE_WITH_KNOTS('',3,1,((#9571,#9572),(#9573,#9574),(#9575,
#9576),(#9577,#9578)),.SURF_OF_LINEAR_EXTRUSION.,.F.,.F.,.F.,(4,4),(2,2),
(0.,1.),(0.,1.),.PIECEWISE_BEZIER_KNOTS.);
#195=B_SPLINE_SURFACE_WITH_KNOTS('',3,1,((#9584,#9585),(#9586,#9587),(#9588,
#9589),(#9590,#9591)),.SURF_OF_LINEAR_EXTRUSION.,.F.,.F.,.F.,(4,4),(2,2),
(0.,1.),(0.,1.),.PIECEWISE_BEZIER_KNOTS.);
#196=B_SPLINE_SURFACE_WITH_KNOTS('',3,1,((#9598,#9599),(#9600,#9601),(#9602,
#9603),(#9604,#9605)),.SURF_OF_LINEAR_EXTRUSION.,.F.,.F.,.F.,(4,4),(2,2),
(0.,1.),(0.,1.),.PIECEWISE_BEZIER_KNOTS.);
#197=B_SPLINE_SURFACE_WITH_KNOTS('',3,1,((#9609,#9610),(#9611,#9612),(#9613,
#9614),(#9615,#9616)),.SURF_OF_LINEAR_EXTRUSION.,.F.,.F.,.F.,(4,4),(2,2),
(0.,1.),(0.,1.),.PIECEWISE_BEZIER_KNOTS.);
#198=B_SPLINE_SURFACE_WITH_KNOTS('',3,1,((#9625,#9626),(#9627,#9628),(#9629,
#9630),(#9631,#9632)),.SURF_OF_LINEAR_EXTRUSION.,.F.,.F.,.F.,(4,4),(2,2),
(0.,1.),(0.,1.),.PIECEWISE_BEZIER_KNOTS.);
#199=B_SPLINE_SURFACE_WITH_KNOTS('',3,1,((#9640,#9641),(#9642,#9643),(#9644,
#9645),(#9646,#9647)),.SURF_OF_LINEAR_EXTRUSION.,.F.,.F.,.F.,(4,4),(2,2),
(0.,1.),(0.,1.),.PIECEWISE_BEZIER_KNOTS.);
#200=B_SPLINE_SURFACE_WITH_KNOTS('',3,1,((#9653,#9654),(#9655,#9656),(#9657,
#9658),(#9659,#9660)),.SURF_OF_LINEAR_EXTRUSION.,.F.,.F.,.F.,(4,4),(2,2),
(0.,1.),(0.,1.),.PIECEWISE_BEZIER_KNOTS.);
#201=B_SPLINE_SURFACE_WITH_KNOTS('',3,1,((#9670,#9671),(#9672,#9673),(#9674,
#9675),(#9676,#9677)),.SURF_OF_LINEAR_EXTRUSION.,.F.,.F.,.F.,(4,4),(2,2),
(0.,1.),(0.,1.),.PIECEWISE_BEZIER_KNOTS.);
#202=B_SPLINE_SURFACE_WITH_KNOTS('',3,1,((#9687,#9688),(#9689,#9690),(#9691,
#9692),(#9693,#9694)),.SURF_OF_LINEAR_EXTRUSION.,.F.,.F.,.F.,(4,4),(2,2),
(0.,1.),(0.,1.),.PIECEWISE_BEZIER_KNOTS.);
#203=B_SPLINE_SURFACE_WITH_KNOTS('',3,1,((#9704,#9705),(#9706,#9707),(#9708,
#9709),(#9710,#9711)),.SURF_OF_LINEAR_EXTRUSION.,.F.,.F.,.F.,(4,4),(2,2),
(0.,1.),(0.,1.),.PIECEWISE_BEZIER_KNOTS.);
#204=B_SPLINE_SURFACE_WITH_KNOTS('',3,1,((#9717,#9718),(#9719,#9720),(#9721,
#9722),(#9723,#9724)),.SURF_OF_LINEAR_EXTRUSION.,.F.,.F.,.F.,(4,4),(2,2),
(0.,1.),(0.,1.),.PIECEWISE_BEZIER_KNOTS.);
#205=B_SPLINE_SURFACE_WITH_KNOTS('',3,1,((#9730,#9731),(#9732,#9733),(#9734,
#9735),(#9736,#9737)),.SURF_OF_LINEAR_EXTRUSION.,.F.,.F.,.F.,(4,4),(2,2),
(0.,1.),(0.,1.),.PIECEWISE_BEZIER_KNOTS.);
#206=B_SPLINE_SURFACE_WITH_KNOTS('',3,1,((#9743,#9744),(#9745,#9746),(#9747,
#9748),(#9749,#9750)),.SURF_OF_LINEAR_EXTRUSION.,.F.,.F.,.F.,(4,4),(2,2),
(0.,1.),(0.,1.),.PIECEWISE_BEZIER_KNOTS.);
#207=B_SPLINE_SURFACE_WITH_KNOTS('',3,1,((#9768,#9769),(#9770,#9771),(#9772,
#9773),(#9774,#9775)),.SURF_OF_LINEAR_EXTRUSION.,.F.,.F.,.F.,(4,4),(2,2),
(0.,1.),(0.,1.),.PIECEWISE_BEZIER_KNOTS.);
#208=B_SPLINE_SURFACE_WITH_KNOTS('',3,1,((#9781,#9782),(#9783,#9784),(#9785,
#9786),(#9787,#9788)),.SURF_OF_LINEAR_EXTRUSION.,.F.,.F.,.F.,(4,4),(2,2),
(0.,1.),(0.,1.),.PIECEWISE_BEZIER_KNOTS.);
#209=B_SPLINE_SURFACE_WITH_KNOTS('',3,1,((#9794,#9795),(#9796,#9797),(#9798,
#9799),(#9800,#9801)),.SURF_OF_LINEAR_EXTRUSION.,.F.,.F.,.F.,(4,4),(2,2),
(0.,1.),(0.,1.),.PIECEWISE_BEZIER_KNOTS.);
#210=B_SPLINE_SURFACE_WITH_KNOTS('',3,1,((#9819,#9820),(#9821,#9822),(#9823,
#9824),(#9825,#9826)),.SURF_OF_LINEAR_EXTRUSION.,.F.,.F.,.F.,(4,4),(2,2),
(0.,1.),(0.,1.),.PIECEWISE_BEZIER_KNOTS.);
#211=B_SPLINE_SURFACE_WITH_KNOTS('',3,1,((#9832,#9833),(#9834,#9835),(#9836,
#9837),(#9838,#9839)),.SURF_OF_LINEAR_EXTRUSION.,.F.,.F.,.F.,(4,4),(2,2),
(0.,1.),(0.,1.),.PIECEWISE_BEZIER_KNOTS.);
#212=B_SPLINE_SURFACE_WITH_KNOTS('',3,1,((#9845,#9846),(#9847,#9848),(#9849,
#9850),(#9851,#9852)),.SURF_OF_LINEAR_EXTRUSION.,.F.,.F.,.F.,(4,4),(2,2),
(0.,1.),(0.,1.),.PIECEWISE_BEZIER_KNOTS.);
#213=B_SPLINE_SURFACE_WITH_KNOTS('',3,1,((#9858,#9859),(#9860,#9861),(#9862,
#9863),(#9864,#9865)),.SURF_OF_LINEAR_EXTRUSION.,.F.,.F.,.F.,(4,4),(2,2),
(0.,1.),(0.,1.),.PIECEWISE_BEZIER_KNOTS.);
#214=B_SPLINE_SURFACE_WITH_KNOTS('',3,1,((#9871,#9872),(#9873,#9874),(#9875,
#9876),(#9877,#9878)),.SURF_OF_LINEAR_EXTRUSION.,.F.,.F.,.F.,(4,4),(2,2),
(0.,1.),(0.,1.),.PIECEWISE_BEZIER_KNOTS.);
#215=B_SPLINE_SURFACE_WITH_KNOTS('',3,1,((#9888,#9889),(#9890,#9891),(#9892,
#9893),(#9894,#9895)),.SURF_OF_LINEAR_EXTRUSION.,.F.,.F.,.F.,(4,4),(2,2),
(0.,1.),(0.,1.),.PIECEWISE_BEZIER_KNOTS.);
#216=CIRCLE('',#5404,0.0029524697186633);
#217=CIRCLE('',#5405,0.0297116805684792);
#218=CIRCLE('',#5406,0.00736354156624554);
#219=CIRCLE('',#5407,0.00295246971866384);
#220=CIRCLE('',#5408,0.0029524697186661);
#221=CIRCLE('',#5409,0.00606623960192954);
#222=CIRCLE('',#5410,0.00754689461479167);
#223=CIRCLE('',#5411,0.00508657327333036);
#224=CIRCLE('',#5412,0.00625482563477275);
#225=CIRCLE('',#5418,0.014);
#226=CIRCLE('',#5421,0.00762);
#227=CIRCLE('',#5425,0.00762);
#228=CIRCLE('',#5435,0.015);
#229=CIRCLE('',#5442,0.00736354156624554);
#230=CIRCLE('',#5444,0.0297116805684792);
#231=CIRCLE('',#5448,0.00383435879809929);
#232=CIRCLE('',#5449,0.00383435879809929);
#233=CIRCLE('',#5455,0.00295246971866384);
#234=CIRCLE('',#5476,0.0029524697186661);
#235=CIRCLE('',#5481,0.0029524697186633);
#236=CIRCLE('',#5501,0.0478204306952628);
#237=CIRCLE('',#5502,0.0478204306952628);
#238=CIRCLE('',#5505,0.00197779480532981);
#239=CIRCLE('',#5506,0.00197779480532981);
#240=CIRCLE('',#5510,0.00625482563477275);
#241=CIRCLE('',#5513,0.00508657327333036);
#242=CIRCLE('',#5518,0.00754689461479167);
#243=CIRCLE('',#5521,0.00606623960192954);
#244=CIRCLE('',#5534,0.015);
#245=CIRCLE('',#5536,0.014);
#246=LINE('',#6275,#640);
#247=LINE('',#6289,#641);
#248=LINE('',#6356,#642);
#249=LINE('',#6359,#643);
#250=LINE('',#6361,#644);
#251=LINE('',#6363,#645);
#252=LINE('',#6365,#646);
#253=LINE('',#6367,#647);
#254=LINE('',#6369,#648);
#255=LINE('',#6434,#649);
#256=LINE('',#6437,#650);
#257=LINE('',#6447,#651);
#258=LINE('',#6449,#652);
#259=LINE('',#6451,#653);
#260=LINE('',#6453,#654);
#261=LINE('',#6454,#655);
#262=LINE('',#6457,#656);
#263=LINE('',#6459,#657);
#264=LINE('',#6461,#658);
#265=LINE('',#6475,#659);
#266=LINE('',#6489,#660);
#267=LINE('',#6527,#661);
#268=LINE('',#6541,#662);
#269=LINE('',#6576,#663);
#270=LINE('',#6579,#664);
#271=LINE('',#6581,#665);
#272=LINE('',#6583,#666);
#273=LINE('',#6625,#667);
#274=LINE('',#6639,#668);
#275=LINE('',#6674,#669);
#276=LINE('',#6677,#670);
#277=LINE('',#6679,#671);
#278=LINE('',#6681,#672);
#279=LINE('',#6683,#673);
#280=LINE('',#6685,#674);
#281=LINE('',#6687,#675);
#282=LINE('',#6689,#676);
#283=LINE('',#6691,#677);
#284=LINE('',#6693,#678);
#285=LINE('',#6695,#679);
#286=LINE('',#6705,#680);
#287=LINE('',#6729,#681);
#288=LINE('',#6745,#682);
#289=LINE('',#6747,#683);
#290=LINE('',#6749,#684);
#291=LINE('',#6773,#685);
#292=LINE('',#6789,#686);
#293=LINE('',#6792,#687);
#294=LINE('',#6794,#688);
#295=LINE('',#6796,#689);
#296=LINE('',#6798,#690);
#297=LINE('',#6800,#691);
#298=LINE('',#6802,#692);
#299=LINE('',#6804,#693);
#300=LINE('',#6806,#694);
#301=LINE('',#6808,#695);
#302=LINE('',#6810,#696);
#303=LINE('',#6813,#697);
#304=LINE('',#6815,#698);
#305=LINE('',#6817,#699);
#306=LINE('',#6819,#700);
#307=LINE('',#6821,#701);
#308=LINE('',#6823,#702);
#309=LINE('',#6825,#703);
#310=LINE('',#6827,#704);
#311=LINE('',#6829,#705);
#312=LINE('',#6831,#706);
#313=LINE('',#6835,#707);
#314=LINE('',#6836,#708);
#315=LINE('',#6837,#709);
#316=LINE('',#6839,#710);
#317=LINE('',#6841,#711);
#318=LINE('',#6843,#712);
#319=LINE('',#6845,#713);
#320=LINE('',#6849,#714);
#321=LINE('',#6851,#715);
#322=LINE('',#6852,#716);
#323=LINE('',#6854,#717);
#324=LINE('',#6856,#718);
#325=LINE('',#6858,#719);
#326=LINE('',#6860,#720);
#327=LINE('',#6862,#721);
#328=LINE('',#6864,#722);
#329=LINE('',#6868,#723);
#330=LINE('',#6869,#724);
#331=LINE('',#6871,#725);
#332=LINE('',#6873,#726);
#333=LINE('',#6875,#727);
#334=LINE('',#6877,#728);
#335=LINE('',#6879,#729);
#336=LINE('',#6881,#730);
#337=LINE('',#6883,#731);
#338=LINE('',#6885,#732);
#339=LINE('',#6888,#733);
#340=LINE('',#6890,#734);
#341=LINE('',#6892,#735);
#342=LINE('',#6894,#736);
#343=LINE('',#6899,#737);
#344=LINE('',#6901,#738);
#345=LINE('',#6903,#739);
#346=LINE('',#6905,#740);
#347=LINE('',#6907,#741);
#348=LINE('',#6909,#742);
#349=LINE('',#6911,#743);
#350=LINE('',#6913,#744);
#351=LINE('',#6915,#745);
#352=LINE('',#6917,#746);
#353=LINE('',#6919,#747);
#354=LINE('',#6928,#748);
#355=LINE('',#6934,#749);
#356=LINE('',#6938,#750);
#357=LINE('',#6942,#751);
#358=LINE('',#6957,#752);
#359=LINE('',#6963,#753);
#360=LINE('',#6976,#754);
#361=LINE('',#6993,#755);
#362=LINE('',#7001,#756);
#363=LINE('',#7016,#757);
#364=LINE('',#7033,#758);
#365=LINE('',#7050,#759);
#366=LINE('',#7067,#760);
#367=LINE('',#7084,#761);
#368=LINE('',#7097,#762);
#369=LINE('',#7103,#763);
#370=LINE('',#7112,#764);
#371=LINE('',#7125,#765);
#372=LINE('',#7138,#766);
#373=LINE('',#7151,#767);
#374=LINE('',#7164,#768);
#375=LINE('',#7177,#769);
#376=LINE('',#7190,#770);
#377=LINE('',#7196,#771);
#378=LINE('',#7198,#772);
#379=LINE('',#7207,#773);
#380=LINE('',#7220,#774);
#381=LINE('',#7233,#775);
#382=LINE('',#7239,#776);
#383=LINE('',#7241,#777);
#384=LINE('',#7250,#778);
#385=LINE('',#7294,#779);
#386=LINE('',#7300,#780);
#387=LINE('',#7313,#781);
#388=LINE('',#7330,#782);
#389=LINE('',#7347,#783);
#390=LINE('',#7364,#784);
#391=LINE('',#7381,#785);
#392=LINE('',#7398,#786);
#393=LINE('',#7411,#787);
#394=LINE('',#7417,#788);
#395=LINE('',#7426,#789);
#396=LINE('',#7439,#790);
#397=LINE('',#7452,#791);
#398=LINE('',#7465,#792);
#399=LINE('',#7478,#793);
#400=LINE('',#7491,#794);
#401=LINE('',#7535,#795);
#402=LINE('',#7541,#796);
#403=LINE('',#7554,#797);
#404=LINE('',#7571,#798);
#405=LINE('',#7588,#799);
#406=LINE('',#7605,#800);
#407=LINE('',#7622,#801);
#408=LINE('',#7639,#802);
#409=LINE('',#7656,#803);
#410=LINE('',#7673,#804);
#411=LINE('',#7686,#805);
#412=LINE('',#7692,#806);
#413=LINE('',#7701,#807);
#414=LINE('',#7714,#808);
#415=LINE('',#7727,#809);
#416=LINE('',#7740,#810);
#417=LINE('',#7753,#811);
#418=LINE('',#7766,#812);
#419=LINE('',#7779,#813);
#420=LINE('',#7792,#814);
#421=LINE('',#7798,#815);
#422=LINE('',#7802,#816);
#423=LINE('',#7804,#817);
#424=LINE('',#7813,#818);
#425=LINE('',#7826,#819);
#426=LINE('',#7839,#820);
#427=LINE('',#7845,#821);
#428=LINE('',#7847,#822);
#429=LINE('',#7882,#823);
#430=LINE('',#7888,#824);
#431=LINE('',#7897,#825);
#432=LINE('',#7910,#826);
#433=LINE('',#7923,#827);
#434=LINE('',#7936,#828);
#435=LINE('',#7949,#829);
#436=LINE('',#7962,#830);
#437=LINE('',#7980,#831);
#438=LINE('',#7982,#832);
#439=LINE('',#7984,#833);
#440=LINE('',#7986,#834);
#441=LINE('',#7988,#835);
#442=LINE('',#7990,#836);
#443=LINE('',#7992,#837);
#444=LINE('',#7994,#838);
#445=LINE('',#7997,#839);
#446=LINE('',#7999,#840);
#447=LINE('',#8001,#841);
#448=LINE('',#8003,#842);
#449=LINE('',#8005,#843);
#450=LINE('',#8007,#844);
#451=LINE('',#8009,#845);
#452=LINE('',#8011,#846);
#453=LINE('',#8013,#847);
#454=LINE('',#8015,#848);
#455=LINE('',#8017,#849);
#456=LINE('',#8019,#850);
#457=LINE('',#8021,#851);
#458=LINE('',#8023,#852);
#459=LINE('',#8033,#853);
#460=LINE('',#8039,#854);
#461=LINE('',#8048,#855);
#462=LINE('',#8061,#856);
#463=LINE('',#8074,#857);
#464=LINE('',#8087,#858);
#465=LINE('',#8100,#859);
#466=LINE('',#8113,#860);
#467=LINE('',#8143,#861);
#468=LINE('',#8149,#862);
#469=LINE('',#8162,#863);
#470=LINE('',#8179,#864);
#471=LINE('',#8196,#865);
#472=LINE('',#8213,#866);
#473=LINE('',#8230,#867);
#474=LINE('',#8247,#868);
#475=LINE('',#8260,#869);
#476=LINE('',#8266,#870);
#477=LINE('',#8275,#871);
#478=LINE('',#8288,#872);
#479=LINE('',#8301,#873);
#480=LINE('',#8314,#874);
#481=LINE('',#8327,#875);
#482=LINE('',#8340,#876);
#483=LINE('',#8384,#877);
#484=LINE('',#8390,#878);
#485=LINE('',#8403,#879);
#486=LINE('',#8420,#880);
#487=LINE('',#8437,#881);
#488=LINE('',#8454,#882);
#489=LINE('',#8471,#883);
#490=LINE('',#8488,#884);
#491=LINE('',#8505,#885);
#492=LINE('',#8522,#886);
#493=LINE('',#8535,#887);
#494=LINE('',#8541,#888);
#495=LINE('',#8550,#889);
#496=LINE('',#8563,#890);
#497=LINE('',#8576,#891);
#498=LINE('',#8589,#892);
#499=LINE('',#8602,#893);
#500=LINE('',#8615,#894);
#501=LINE('',#8628,#895);
#502=LINE('',#8641,#896);
#503=LINE('',#8647,#897);
#504=LINE('',#8651,#898);
#505=LINE('',#8653,#899);
#506=LINE('',#8662,#900);
#507=LINE('',#8675,#901);
#508=LINE('',#8688,#902);
#509=LINE('',#8694,#903);
#510=LINE('',#8696,#904);
#511=LINE('',#8736,#905);
#512=LINE('',#8742,#906);
#513=LINE('',#8755,#907);
#514=LINE('',#8772,#908);
#515=LINE('',#8789,#909);
#516=LINE('',#8806,#910);
#517=LINE('',#8823,#911);
#518=LINE('',#8840,#912);
#519=LINE('',#8857,#913);
#520=LINE('',#8874,#914);
#521=LINE('',#8887,#915);
#522=LINE('',#8893,#916);
#523=LINE('',#8902,#917);
#524=LINE('',#8915,#918);
#525=LINE('',#8928,#919);
#526=LINE('',#8941,#920);
#527=LINE('',#8954,#921);
#528=LINE('',#8967,#922);
#529=LINE('',#8980,#923);
#530=LINE('',#8993,#924);
#531=LINE('',#8999,#925);
#532=LINE('',#9003,#926);
#533=LINE('',#9005,#927);
#534=LINE('',#9014,#928);
#535=LINE('',#9027,#929);
#536=LINE('',#9040,#930);
#537=LINE('',#9046,#931);
#538=LINE('',#9048,#932);
#539=LINE('',#9076,#933);
#540=LINE('',#9079,#934);
#541=LINE('',#9081,#935);
#542=LINE('',#9083,#936);
#543=LINE('',#9085,#937);
#544=LINE('',#9087,#938);
#545=LINE('',#9089,#939);
#546=LINE('',#9091,#940);
#547=LINE('',#9093,#941);
#548=LINE('',#9095,#942);
#549=LINE('',#9108,#943);
#550=LINE('',#9114,#944);
#551=LINE('',#9116,#945);
#552=LINE('',#9118,#946);
#553=LINE('',#9120,#947);
#554=LINE('',#9122,#948);
#555=LINE('',#9124,#949);
#556=LINE('',#9126,#950);
#557=LINE('',#9128,#951);
#558=LINE('',#9130,#952);
#559=LINE('',#9132,#953);
#560=LINE('',#9134,#954);
#561=LINE('',#9136,#955);
#562=LINE('',#9138,#956);
#563=LINE('',#9140,#957);
#564=LINE('',#9142,#958);
#565=LINE('',#9144,#959);
#566=LINE('',#9146,#960);
#567=LINE('',#9148,#961);
#568=LINE('',#9150,#962);
#569=LINE('',#9152,#963);
#570=LINE('',#9154,#964);
#571=LINE('',#9156,#965);
#572=LINE('',#9158,#966);
#573=LINE('',#9160,#967);
#574=LINE('',#9162,#968);
#575=LINE('',#9180,#969);
#576=LINE('',#9186,#970);
#577=LINE('',#9199,#971);
#578=LINE('',#9216,#972);
#579=LINE('',#9224,#973);
#580=LINE('',#9239,#974);
#581=LINE('',#9256,#975);
#582=LINE('',#9273,#976);
#583=LINE('',#9291,#977);
#584=LINE('',#9297,#978);
#585=LINE('',#9310,#979);
#586=LINE('',#9327,#980);
#587=LINE('',#9344,#981);
#588=LINE('',#9361,#982);
#589=LINE('',#9378,#983);
#590=LINE('',#9395,#984);
#591=LINE('',#9408,#985);
#592=LINE('',#9414,#986);
#593=LINE('',#9423,#987);
#594=LINE('',#9436,#988);
#595=LINE('',#9449,#989);
#596=LINE('',#9462,#990);
#597=LINE('',#9475,#991);
#598=LINE('',#9488,#992);
#599=LINE('',#9501,#993);
#600=LINE('',#9514,#994);
#601=LINE('',#9527,#995);
#602=LINE('',#9540,#996);
#603=LINE('',#9553,#997);
#604=LINE('',#9566,#998);
#605=LINE('',#9579,#999);
#606=LINE('',#9633,#1000);
#607=LINE('',#9639,#1001);
#608=LINE('',#9648,#1002);
#609=LINE('',#9661,#1003);
#610=LINE('',#9667,#1004);
#611=LINE('',#9678,#1005);
#612=LINE('',#9684,#1006);
#613=LINE('',#9686,#1007);
#614=LINE('',#9695,#1008);
#615=LINE('',#9701,#1009);
#616=LINE('',#9712,#1010);
#617=LINE('',#9725,#1011);
#618=LINE('',#9738,#1012);
#619=LINE('',#9751,#1013);
#620=LINE('',#9757,#1014);
#621=LINE('',#9759,#1015);
#622=LINE('',#9761,#1016);
#623=LINE('',#9763,#1017);
#624=LINE('',#9765,#1018);
#625=LINE('',#9767,#1019);
#626=LINE('',#9776,#1020);
#627=LINE('',#9789,#1021);
#628=LINE('',#9802,#1022);
#629=LINE('',#9808,#1023);
#630=LINE('',#9812,#1024);
#631=LINE('',#9814,#1025);
#632=LINE('',#9816,#1026);
#633=LINE('',#9827,#1027);
#634=LINE('',#9840,#1028);
#635=LINE('',#9853,#1029);
#636=LINE('',#9866,#1030);
#637=LINE('',#9879,#1031);
#638=LINE('',#9885,#1032);
#639=LINE('',#9887,#1033);
#640=VECTOR('',#5542,1.);
#641=VECTOR('',#5543,1.);
#642=VECTOR('',#5546,1.);
#643=VECTOR('',#5547,1.);
#644=VECTOR('',#5548,1.);
#645=VECTOR('',#5549,1.);
#646=VECTOR('',#5550,1.);
#647=VECTOR('',#5551,1.);
#648=VECTOR('',#5552,1.);
#649=VECTOR('',#5553,1.);
#650=VECTOR('',#5554,1.);
#651=VECTOR('',#5559,1.);
#652=VECTOR('',#5560,1.);
#653=VECTOR('',#5561,1.);
#654=VECTOR('',#5562,1.);
#655=VECTOR('',#5563,1.);
#656=VECTOR('',#5564,1.);
#657=VECTOR('',#5565,1.);
#658=VECTOR('',#5566,1.);
#659=VECTOR('',#5567,1.);
#660=VECTOR('',#5568,1.);
#661=VECTOR('',#5569,1.);
#662=VECTOR('',#5570,1.);
#663=VECTOR('',#5573,1.);
#664=VECTOR('',#5574,1.);
#665=VECTOR('',#5575,1.);
#666=VECTOR('',#5576,1.);
#667=VECTOR('',#5577,1.);
#668=VECTOR('',#5578,1.);
#669=VECTOR('',#5581,1.);
#670=VECTOR('',#5582,1.);
#671=VECTOR('',#5583,1.);
#672=VECTOR('',#5584,1.);
#673=VECTOR('',#5585,1.);
#674=VECTOR('',#5586,1.);
#675=VECTOR('',#5587,1.);
#676=VECTOR('',#5588,1.);
#677=VECTOR('',#5589,1.);
#678=VECTOR('',#5590,1.);
#679=VECTOR('',#5591,1.);
#680=VECTOR('',#5592,1.);
#681=VECTOR('',#5595,1.);
#682=VECTOR('',#5598,1.);
#683=VECTOR('',#5599,1.);
#684=VECTOR('',#5600,1.);
#685=VECTOR('',#5603,1.);
#686=VECTOR('',#5608,1.);
#687=VECTOR('',#5609,1.);
#688=VECTOR('',#5610,1.);
#689=VECTOR('',#5611,1.);
#690=VECTOR('',#5612,1.);
#691=VECTOR('',#5613,1.);
#692=VECTOR('',#5614,1.);
#693=VECTOR('',#5617,1.);
#694=VECTOR('',#5618,1.);
#695=VECTOR('',#5619,1.);
#696=VECTOR('',#5622,1.);
#697=VECTOR('',#5623,1.);
#698=VECTOR('',#5624,1.);
#699=VECTOR('',#5625,1.);
#700=VECTOR('',#5628,1.);
#701=VECTOR('',#5629,1.);
#702=VECTOR('',#5630,1.);
#703=VECTOR('',#5631,1.);
#704=VECTOR('',#5632,1.);
#705=VECTOR('',#5633,1.);
#706=VECTOR('',#5634,1.);
#707=VECTOR('',#5639,1.);
#708=VECTOR('',#5640,1.);
#709=VECTOR('',#5641,1.);
#710=VECTOR('',#5642,1.);
#711=VECTOR('',#5643,1.);
#712=VECTOR('',#5646,1.);
#713=VECTOR('',#5647,1.);
#714=VECTOR('',#5652,1.);
#715=VECTOR('',#5653,1.);
#716=VECTOR('',#5654,1.);
#717=VECTOR('',#5655,1.);
#718=VECTOR('',#5656,1.);
#719=VECTOR('',#5659,1.);
#720=VECTOR('',#5660,1.);
#721=VECTOR('',#5663,1.);
#722=VECTOR('',#5664,1.);
#723=VECTOR('',#5669,1.);
#724=VECTOR('',#5670,1.);
#725=VECTOR('',#5671,1.);
#726=VECTOR('',#5672,1.);
#727=VECTOR('',#5675,1.);
#728=VECTOR('',#5678,1.);
#729=VECTOR('',#5679,1.);
#730=VECTOR('',#5680,1.);
#731=VECTOR('',#5683,1.);
#732=VECTOR('',#5686,1.);
#733=VECTOR('',#5691,1.);
#734=VECTOR('',#5692,1.);
#735=VECTOR('',#5695,1.);
#736=VECTOR('',#5698,1.);
#737=VECTOR('',#5705,1.);
#738=VECTOR('',#5706,1.);
#739=VECTOR('',#5707,1.);
#740=VECTOR('',#5710,1.);
#741=VECTOR('',#5711,1.);
#742=VECTOR('',#5714,1.);
#743=VECTOR('',#5715,1.);
#744=VECTOR('',#5718,1.);
#745=VECTOR('',#5719,1.);
#746=VECTOR('',#5722,1.);
#747=VECTOR('',#5723,1.);
#748=VECTOR('',#5724,1.);
#749=VECTOR('',#5727,1.);
#750=VECTOR('',#5732,1.);
#751=VECTOR('',#5737,1.);
#752=VECTOR('',#5740,1.);
#753=VECTOR('',#5741,1.);
#754=VECTOR('',#5742,1.);
#755=VECTOR('',#5743,1.);
#756=VECTOR('',#5748,1.);
#757=VECTOR('',#5751,1.);
#758=VECTOR('',#5752,1.);
#759=VECTOR('',#5753,1.);
#760=VECTOR('',#5754,1.);
#761=VECTOR('',#5755,1.);
#762=VECTOR('',#5756,1.);
#763=VECTOR('',#5757,1.);
#764=VECTOR('',#5758,1.);
#765=VECTOR('',#5759,1.);
#766=VECTOR('',#5760,1.);
#767=VECTOR('',#5761,1.);
#768=VECTOR('',#5762,1.);
#769=VECTOR('',#5763,1.);
#770=VECTOR('',#5764,1.);
#771=VECTOR('',#5767,1.);
#772=VECTOR('',#5768,1.);
#773=VECTOR('',#5769,1.);
#774=VECTOR('',#5770,1.);
#775=VECTOR('',#5771,1.);
#776=VECTOR('',#5774,1.);
#777=VECTOR('',#5775,1.);
#778=VECTOR('',#5776,1.);
#779=VECTOR('',#5779,1.);
#780=VECTOR('',#5780,1.);
#781=VECTOR('',#5781,1.);
#782=VECTOR('',#5782,1.);
#783=VECTOR('',#5783,1.);
#784=VECTOR('',#5784,1.);
#785=VECTOR('',#5785,1.);
#786=VECTOR('',#5786,1.);
#787=VECTOR('',#5787,1.);
#788=VECTOR('',#5788,1.);
#789=VECTOR('',#5789,1.);
#790=VECTOR('',#5790,1.);
#791=VECTOR('',#5791,1.);
#792=VECTOR('',#5792,1.);
#793=VECTOR('',#5793,1.);
#794=VECTOR('',#5794,1.);
#795=VECTOR('',#5797,1.);
#796=VECTOR('',#5798,1.);
#797=VECTOR('',#5799,1.);
#798=VECTOR('',#5800,1.);
#799=VECTOR('',#5801,1.);
#800=VECTOR('',#5802,1.);
#801=VECTOR('',#5803,1.);
#802=VECTOR('',#5804,1.);
#803=VECTOR('',#5805,1.);
#804=VECTOR('',#5806,1.);
#805=VECTOR('',#5807,1.);
#806=VECTOR('',#5808,1.);
#807=VECTOR('',#5809,1.);
#808=VECTOR('',#5810,1.);
#809=VECTOR('',#5811,1.);
#810=VECTOR('',#5812,1.);
#811=VECTOR('',#5813,1.);
#812=VECTOR('',#5814,1.);
#813=VECTOR('',#5815,1.);
#814=VECTOR('',#5816,1.);
#815=VECTOR('',#5819,1.);
#816=VECTOR('',#5824,1.);
#817=VECTOR('',#5825,1.);
#818=VECTOR('',#5826,1.);
#819=VECTOR('',#5827,1.);
#820=VECTOR('',#5828,1.);
#821=VECTOR('',#5831,1.);
#822=VECTOR('',#5832,1.);
#823=VECTOR('',#5835,1.);
#824=VECTOR('',#5836,1.);
#825=VECTOR('',#5837,1.);
#826=VECTOR('',#5838,1.);
#827=VECTOR('',#5839,1.);
#828=VECTOR('',#5840,1.);
#829=VECTOR('',#5841,1.);
#830=VECTOR('',#5842,1.);
#831=VECTOR('',#5847,1.);
#832=VECTOR('',#5848,1.);
#833=VECTOR('',#5849,1.);
#834=VECTOR('',#5852,1.);
#835=VECTOR('',#5853,1.);
#836=VECTOR('',#5856,1.);
#837=VECTOR('',#5857,1.);
#838=VECTOR('',#5860,1.);
#839=VECTOR('',#5865,1.);
#840=VECTOR('',#5866,1.);
#841=VECTOR('',#5867,1.);
#842=VECTOR('',#5870,1.);
#843=VECTOR('',#5871,1.);
#844=VECTOR('',#5874,1.);
#845=VECTOR('',#5875,1.);
#846=VECTOR('',#5878,1.);
#847=VECTOR('',#5879,1.);
#848=VECTOR('',#5882,1.);
#849=VECTOR('',#5883,1.);
#850=VECTOR('',#5886,1.);
#851=VECTOR('',#5887,1.);
#852=VECTOR('',#5890,1.);
#853=VECTOR('',#5893,1.);
#854=VECTOR('',#5894,1.);
#855=VECTOR('',#5895,1.);
#856=VECTOR('',#5896,1.);
#857=VECTOR('',#5897,1.);
#858=VECTOR('',#5898,1.);
#859=VECTOR('',#5899,1.);
#860=VECTOR('',#5900,1.);
#861=VECTOR('',#5903,1.);
#862=VECTOR('',#5904,1.);
#863=VECTOR('',#5905,1.);
#864=VECTOR('',#5906,1.);
#865=VECTOR('',#5907,1.);
#866=VECTOR('',#5908,1.);
#867=VECTOR('',#5909,1.);
#868=VECTOR('',#5910,1.);
#869=VECTOR('',#5911,1.);
#870=VECTOR('',#5912,1.);
#871=VECTOR('',#5913,1.);
#872=VECTOR('',#5914,1.);
#873=VECTOR('',#5915,1.);
#874=VECTOR('',#5916,1.);
#875=VECTOR('',#5917,1.);
#876=VECTOR('',#5918,1.);
#877=VECTOR('',#5921,1.);
#878=VECTOR('',#5922,1.);
#879=VECTOR('',#5923,1.);
#880=VECTOR('',#5924,1.);
#881=VECTOR('',#5925,1.);
#882=VECTOR('',#5926,1.);
#883=VECTOR('',#5927,1.);
#884=VECTOR('',#5928,1.);
#885=VECTOR('',#5929,1.);
#886=VECTOR('',#5930,1.);
#887=VECTOR('',#5931,1.);
#888=VECTOR('',#5932,1.);
#889=VECTOR('',#5933,1.);
#890=VECTOR('',#5934,1.);
#891=VECTOR('',#5935,1.);
#892=VECTOR('',#5936,1.);
#893=VECTOR('',#5937,1.);
#894=VECTOR('',#5938,1.);
#895=VECTOR('',#5939,1.);
#896=VECTOR('',#5940,1.);
#897=VECTOR('',#5943,1.);
#898=VECTOR('',#5948,1.);
#899=VECTOR('',#5949,1.);
#900=VECTOR('',#5950,1.);
#901=VECTOR('',#5951,1.);
#902=VECTOR('',#5952,1.);
#903=VECTOR('',#5955,1.);
#904=VECTOR('',#5956,1.);
#905=VECTOR('',#5959,1.);
#906=VECTOR('',#5960,1.);
#907=VECTOR('',#5961,1.);
#908=VECTOR('',#5962,1.);
#909=VECTOR('',#5963,1.);
#910=VECTOR('',#5964,1.);
#911=VECTOR('',#5965,1.);
#912=VECTOR('',#5966,1.);
#913=VECTOR('',#5967,1.);
#914=VECTOR('',#5968,1.);
#915=VECTOR('',#5969,1.);
#916=VECTOR('',#5970,1.);
#917=VECTOR('',#5971,1.);
#918=VECTOR('',#5972,1.);
#919=VECTOR('',#5973,1.);
#920=VECTOR('',#5974,1.);
#921=VECTOR('',#5975,1.);
#922=VECTOR('',#5976,1.);
#923=VECTOR('',#5977,1.);
#924=VECTOR('',#5978,1.);
#925=VECTOR('',#5981,1.);
#926=VECTOR('',#5986,1.);
#927=VECTOR('',#5987,1.);
#928=VECTOR('',#5988,1.);
#929=VECTOR('',#5989,1.);
#930=VECTOR('',#5990,1.);
#931=VECTOR('',#5993,1.);
#932=VECTOR('',#5994,1.);
#933=VECTOR('',#5999,1.);
#934=VECTOR('',#6000,1.);
#935=VECTOR('',#6001,1.);
#936=VECTOR('',#6002,1.);
#937=VECTOR('',#6005,1.);
#938=VECTOR('',#6006,1.);
#939=VECTOR('',#6007,1.);
#940=VECTOR('',#6010,1.);
#941=VECTOR('',#6011,1.);
#942=VECTOR('',#6012,1.);
#943=VECTOR('',#6013,1.);
#944=VECTOR('',#6016,1.);
#945=VECTOR('',#6017,1.);
#946=VECTOR('',#6018,1.);
#947=VECTOR('',#6021,1.);
#948=VECTOR('',#6022,1.);
#949=VECTOR('',#6023,1.);
#950=VECTOR('',#6026,1.);
#951=VECTOR('',#6027,1.);
#952=VECTOR('',#6030,1.);
#953=VECTOR('',#6031,1.);
#954=VECTOR('',#6034,1.);
#955=VECTOR('',#6035,1.);
#956=VECTOR('',#6038,1.);
#957=VECTOR('',#6039,1.);
#958=VECTOR('',#6042,1.);
#959=VECTOR('',#6043,1.);
#960=VECTOR('',#6046,1.);
#961=VECTOR('',#6047,1.);
#962=VECTOR('',#6050,1.);
#963=VECTOR('',#6051,1.);
#964=VECTOR('',#6054,1.);
#965=VECTOR('',#6055,1.);
#966=VECTOR('',#6058,1.);
#967=VECTOR('',#6059,1.);
#968=VECTOR('',#6062,1.);
#969=VECTOR('',#6071,1.);
#970=VECTOR('',#6072,1.);
#971=VECTOR('',#6073,1.);
#972=VECTOR('',#6074,1.);
#973=VECTOR('',#6079,1.);
#974=VECTOR('',#6082,1.);
#975=VECTOR('',#6083,1.);
#976=VECTOR('',#6084,1.);
#977=VECTOR('',#6085,1.);
#978=VECTOR('',#6086,1.);
#979=VECTOR('',#6087,1.);
#980=VECTOR('',#6088,1.);
#981=VECTOR('',#6089,1.);
#982=VECTOR('',#6090,1.);
#983=VECTOR('',#6091,1.);
#984=VECTOR('',#6092,1.);
#985=VECTOR('',#6093,1.);
#986=VECTOR('',#6094,1.);
#987=VECTOR('',#6095,1.);
#988=VECTOR('',#6096,1.);
#989=VECTOR('',#6097,1.);
#990=VECTOR('',#6098,1.);
#991=VECTOR('',#6099,1.);
#992=VECTOR('',#6100,1.);
#993=VECTOR('',#6101,1.);
#994=VECTOR('',#6102,1.);
#995=VECTOR('',#6103,1.);
#996=VECTOR('',#6104,1.);
#997=VECTOR('',#6105,1.);
#998=VECTOR('',#6106,1.);
#999=VECTOR('',#6107,1.);
#1000=VECTOR('',#6112,1.);
#1001=VECTOR('',#6113,1.);
#1002=VECTOR('',#6114,1.);
#1003=VECTOR('',#6115,1.);
#1004=VECTOR('',#6118,1.);
#1005=VECTOR('',#6121,1.);
#1006=VECTOR('',#6124,1.);
#1007=VECTOR('',#6125,1.);
#1008=VECTOR('',#6126,1.);
#1009=VECTOR('',#6129,1.);
#1010=VECTOR('',#6132,1.);
#1011=VECTOR('',#6133,1.);
#1012=VECTOR('',#6134,1.);
#1013=VECTOR('',#6135,1.);
#1014=VECTOR('',#6138,1.);
#1015=VECTOR('',#6139,1.);
#1016=VECTOR('',#6142,1.);
#1017=VECTOR('',#6143,1.);
#1018=VECTOR('',#6146,1.);
#1019=VECTOR('',#6147,1.);
#1020=VECTOR('',#6148,1.);
#1021=VECTOR('',#6149,1.);
#1022=VECTOR('',#6150,1.);
#1023=VECTOR('',#6153,1.);
#1024=VECTOR('',#6158,1.);
#1025=VECTOR('',#6159,1.);
#1026=VECTOR('',#6162,1.);
#1027=VECTOR('',#6165,1.);
#1028=VECTOR('',#6166,1.);
#1029=VECTOR('',#6167,1.);
#1030=VECTOR('',#6168,1.);
#1031=VECTOR('',#6169,1.);
#1032=VECTOR('',#6172,1.);
#1033=VECTOR('',#6173,1.);
#1034=ORIENTED_EDGE('',*,*,#2638,.T.);
#1035=ORIENTED_EDGE('',*,*,#2639,.T.);
#1036=ORIENTED_EDGE('',*,*,#2640,.T.);
#1037=ORIENTED_EDGE('',*,*,#2641,.T.);
#1038=ORIENTED_EDGE('',*,*,#2642,.T.);
#1039=ORIENTED_EDGE('',*,*,#2643,.T.);
#1040=ORIENTED_EDGE('',*,*,#2644,.T.);
#1041=ORIENTED_EDGE('',*,*,#2645,.T.);
#1042=ORIENTED_EDGE('',*,*,#2646,.T.);
#1043=ORIENTED_EDGE('',*,*,#2647,.T.);
#1044=ORIENTED_EDGE('',*,*,#2648,.T.);
#1045=ORIENTED_EDGE('',*,*,#2649,.T.);
#1046=ORIENTED_EDGE('',*,*,#2650,.T.);
#1047=ORIENTED_EDGE('',*,*,#2651,.T.);
#1048=ORIENTED_EDGE('',*,*,#2652,.T.);
#1049=ORIENTED_EDGE('',*,*,#2653,.T.);
#1050=ORIENTED_EDGE('',*,*,#2654,.T.);
#1051=ORIENTED_EDGE('',*,*,#2655,.T.);
#1052=ORIENTED_EDGE('',*,*,#2656,.T.);
#1053=ORIENTED_EDGE('',*,*,#2657,.T.);
#1054=ORIENTED_EDGE('',*,*,#2658,.T.);
#1055=ORIENTED_EDGE('',*,*,#2659,.T.);
#1056=ORIENTED_EDGE('',*,*,#2660,.T.);
#1057=ORIENTED_EDGE('',*,*,#2661,.T.);
#1058=ORIENTED_EDGE('',*,*,#2662,.T.);
#1059=ORIENTED_EDGE('',*,*,#2663,.T.);
#1060=ORIENTED_EDGE('',*,*,#2664,.T.);
#1061=ORIENTED_EDGE('',*,*,#2665,.T.);
#1062=ORIENTED_EDGE('',*,*,#2666,.T.);
#1063=ORIENTED_EDGE('',*,*,#2667,.T.);
#1064=ORIENTED_EDGE('',*,*,#2668,.T.);
#1065=ORIENTED_EDGE('',*,*,#2669,.T.);
#1066=ORIENTED_EDGE('',*,*,#2670,.T.);
#1067=ORIENTED_EDGE('',*,*,#2671,.T.);
#1068=ORIENTED_EDGE('',*,*,#2672,.T.);
#1069=ORIENTED_EDGE('',*,*,#2673,.T.);
#1070=ORIENTED_EDGE('',*,*,#2674,.T.);
#1071=ORIENTED_EDGE('',*,*,#2675,.T.);
#1072=ORIENTED_EDGE('',*,*,#2676,.T.);
#1073=ORIENTED_EDGE('',*,*,#2677,.T.);
#1074=ORIENTED_EDGE('',*,*,#2678,.T.);
#1075=ORIENTED_EDGE('',*,*,#2679,.T.);
#1076=ORIENTED_EDGE('',*,*,#2680,.T.);
#1077=ORIENTED_EDGE('',*,*,#2681,.T.);
#1078=ORIENTED_EDGE('',*,*,#2682,.T.);
#1079=ORIENTED_EDGE('',*,*,#2683,.T.);
#1080=ORIENTED_EDGE('',*,*,#2684,.T.);
#1081=ORIENTED_EDGE('',*,*,#2685,.T.);
#1082=ORIENTED_EDGE('',*,*,#2686,.T.);
#1083=ORIENTED_EDGE('',*,*,#2687,.T.);
#1084=ORIENTED_EDGE('',*,*,#2688,.T.);
#1085=ORIENTED_EDGE('',*,*,#2689,.T.);
#1086=ORIENTED_EDGE('',*,*,#2690,.T.);
#1087=ORIENTED_EDGE('',*,*,#2691,.T.);
#1088=ORIENTED_EDGE('',*,*,#2692,.T.);
#1089=ORIENTED_EDGE('',*,*,#2693,.T.);
#1090=ORIENTED_EDGE('',*,*,#2694,.T.);
#1091=ORIENTED_EDGE('',*,*,#2695,.T.);
#1092=ORIENTED_EDGE('',*,*,#2696,.T.);
#1093=ORIENTED_EDGE('',*,*,#2697,.T.);
#1094=ORIENTED_EDGE('',*,*,#2698,.T.);
#1095=ORIENTED_EDGE('',*,*,#2699,.T.);
#1096=ORIENTED_EDGE('',*,*,#2700,.T.);
#1097=ORIENTED_EDGE('',*,*,#2701,.T.);
#1098=ORIENTED_EDGE('',*,*,#2702,.T.);
#1099=ORIENTED_EDGE('',*,*,#2703,.T.);
#1100=ORIENTED_EDGE('',*,*,#2704,.T.);
#1101=ORIENTED_EDGE('',*,*,#2705,.T.);
#1102=ORIENTED_EDGE('',*,*,#2706,.T.);
#1103=ORIENTED_EDGE('',*,*,#2707,.T.);
#1104=ORIENTED_EDGE('',*,*,#2708,.T.);
#1105=ORIENTED_EDGE('',*,*,#2709,.T.);
#1106=ORIENTED_EDGE('',*,*,#2710,.F.);
#1107=ORIENTED_EDGE('',*,*,#2711,.F.);
#1108=ORIENTED_EDGE('',*,*,#2712,.T.);
#1109=ORIENTED_EDGE('',*,*,#2713,.T.);
#1110=ORIENTED_EDGE('',*,*,#2714,.T.);
#1111=ORIENTED_EDGE('',*,*,#2715,.T.);
#1112=ORIENTED_EDGE('',*,*,#2716,.T.);
#1113=ORIENTED_EDGE('',*,*,#2717,.T.);
#1114=ORIENTED_EDGE('',*,*,#2718,.T.);
#1115=ORIENTED_EDGE('',*,*,#2719,.T.);
#1116=ORIENTED_EDGE('',*,*,#2720,.T.);
#1117=ORIENTED_EDGE('',*,*,#2721,.T.);
#1118=ORIENTED_EDGE('',*,*,#2722,.T.);
#1119=ORIENTED_EDGE('',*,*,#2723,.T.);
#1120=ORIENTED_EDGE('',*,*,#2724,.T.);
#1121=ORIENTED_EDGE('',*,*,#2725,.T.);
#1122=ORIENTED_EDGE('',*,*,#2726,.T.);
#1123=ORIENTED_EDGE('',*,*,#2727,.T.);
#1124=ORIENTED_EDGE('',*,*,#2728,.T.);
#1125=ORIENTED_EDGE('',*,*,#2729,.T.);
#1126=ORIENTED_EDGE('',*,*,#2730,.T.);
#1127=ORIENTED_EDGE('',*,*,#2731,.T.);
#1128=ORIENTED_EDGE('',*,*,#2732,.T.);
#1129=ORIENTED_EDGE('',*,*,#2733,.T.);
#1130=ORIENTED_EDGE('',*,*,#2734,.T.);
#1131=ORIENTED_EDGE('',*,*,#2735,.T.);
#1132=ORIENTED_EDGE('',*,*,#2736,.T.);
#1133=ORIENTED_EDGE('',*,*,#2737,.T.);
#1134=ORIENTED_EDGE('',*,*,#2738,.T.);
#1135=ORIENTED_EDGE('',*,*,#2739,.T.);
#1136=ORIENTED_EDGE('',*,*,#2740,.T.);
#1137=ORIENTED_EDGE('',*,*,#2741,.T.);
#1138=ORIENTED_EDGE('',*,*,#2742,.T.);
#1139=ORIENTED_EDGE('',*,*,#2743,.T.);
#1140=ORIENTED_EDGE('',*,*,#2744,.T.);
#1141=ORIENTED_EDGE('',*,*,#2745,.T.);
#1142=ORIENTED_EDGE('',*,*,#2746,.T.);
#1143=ORIENTED_EDGE('',*,*,#2747,.T.);
#1144=ORIENTED_EDGE('',*,*,#2748,.T.);
#1145=ORIENTED_EDGE('',*,*,#2749,.T.);
#1146=ORIENTED_EDGE('',*,*,#2750,.T.);
#1147=ORIENTED_EDGE('',*,*,#2751,.T.);
#1148=ORIENTED_EDGE('',*,*,#2752,.T.);
#1149=ORIENTED_EDGE('',*,*,#2753,.T.);
#1150=ORIENTED_EDGE('',*,*,#2754,.T.);
#1151=ORIENTED_EDGE('',*,*,#2755,.T.);
#1152=ORIENTED_EDGE('',*,*,#2756,.T.);
#1153=ORIENTED_EDGE('',*,*,#2757,.T.);
#1154=ORIENTED_EDGE('',*,*,#2758,.T.);
#1155=ORIENTED_EDGE('',*,*,#2759,.T.);
#1156=ORIENTED_EDGE('',*,*,#2760,.T.);
#1157=ORIENTED_EDGE('',*,*,#2761,.T.);
#1158=ORIENTED_EDGE('',*,*,#2762,.T.);
#1159=ORIENTED_EDGE('',*,*,#2763,.T.);
#1160=ORIENTED_EDGE('',*,*,#2764,.T.);
#1161=ORIENTED_EDGE('',*,*,#2765,.T.);
#1162=ORIENTED_EDGE('',*,*,#2766,.T.);
#1163=ORIENTED_EDGE('',*,*,#2767,.T.);
#1164=ORIENTED_EDGE('',*,*,#2768,.T.);
#1165=ORIENTED_EDGE('',*,*,#2769,.T.);
#1166=ORIENTED_EDGE('',*,*,#2770,.T.);
#1167=ORIENTED_EDGE('',*,*,#2771,.T.);
#1168=ORIENTED_EDGE('',*,*,#2772,.T.);
#1169=ORIENTED_EDGE('',*,*,#2773,.T.);
#1170=ORIENTED_EDGE('',*,*,#2774,.T.);
#1171=ORIENTED_EDGE('',*,*,#2775,.T.);
#1172=ORIENTED_EDGE('',*,*,#2776,.T.);
#1173=ORIENTED_EDGE('',*,*,#2777,.T.);
#1174=ORIENTED_EDGE('',*,*,#2778,.T.);
#1175=ORIENTED_EDGE('',*,*,#2779,.T.);
#1176=ORIENTED_EDGE('',*,*,#2780,.T.);
#1177=ORIENTED_EDGE('',*,*,#2781,.T.);
#1178=ORIENTED_EDGE('',*,*,#2782,.T.);
#1179=ORIENTED_EDGE('',*,*,#2783,.T.);
#1180=ORIENTED_EDGE('',*,*,#2784,.T.);
#1181=ORIENTED_EDGE('',*,*,#2785,.T.);
#1182=ORIENTED_EDGE('',*,*,#2786,.T.);
#1183=ORIENTED_EDGE('',*,*,#2787,.T.);
#1184=ORIENTED_EDGE('',*,*,#2788,.T.);
#1185=ORIENTED_EDGE('',*,*,#2789,.T.);
#1186=ORIENTED_EDGE('',*,*,#2790,.T.);
#1187=ORIENTED_EDGE('',*,*,#2791,.T.);
#1188=ORIENTED_EDGE('',*,*,#2792,.T.);
#1189=ORIENTED_EDGE('',*,*,#2793,.T.);
#1190=ORIENTED_EDGE('',*,*,#2794,.T.);
#1191=ORIENTED_EDGE('',*,*,#2795,.T.);
#1192=ORIENTED_EDGE('',*,*,#2796,.T.);
#1193=ORIENTED_EDGE('',*,*,#2797,.T.);
#1194=ORIENTED_EDGE('',*,*,#2798,.T.);
#1195=ORIENTED_EDGE('',*,*,#2799,.T.);
#1196=ORIENTED_EDGE('',*,*,#2800,.T.);
#1197=ORIENTED_EDGE('',*,*,#2801,.T.);
#1198=ORIENTED_EDGE('',*,*,#2802,.T.);
#1199=ORIENTED_EDGE('',*,*,#2803,.T.);
#1200=ORIENTED_EDGE('',*,*,#2804,.T.);
#1201=ORIENTED_EDGE('',*,*,#2805,.T.);
#1202=ORIENTED_EDGE('',*,*,#2806,.T.);
#1203=ORIENTED_EDGE('',*,*,#2807,.T.);
#1204=ORIENTED_EDGE('',*,*,#2808,.T.);
#1205=ORIENTED_EDGE('',*,*,#2809,.T.);
#1206=ORIENTED_EDGE('',*,*,#2810,.T.);
#1207=ORIENTED_EDGE('',*,*,#2811,.F.);
#1208=ORIENTED_EDGE('',*,*,#2812,.T.);
#1209=ORIENTED_EDGE('',*,*,#2813,.T.);
#1210=ORIENTED_EDGE('',*,*,#2814,.T.);
#1211=ORIENTED_EDGE('',*,*,#2815,.T.);
#1212=ORIENTED_EDGE('',*,*,#2816,.T.);
#1213=ORIENTED_EDGE('',*,*,#2817,.F.);
#1214=ORIENTED_EDGE('',*,*,#2818,.F.);
#1215=ORIENTED_EDGE('',*,*,#2819,.T.);
#1216=ORIENTED_EDGE('',*,*,#2820,.F.);
#1217=ORIENTED_EDGE('',*,*,#2813,.F.);
#1218=ORIENTED_EDGE('',*,*,#2821,.F.);
#1219=ORIENTED_EDGE('',*,*,#2822,.F.);
#1220=ORIENTED_EDGE('',*,*,#2823,.T.);
#1221=ORIENTED_EDGE('',*,*,#2824,.T.);
#1222=ORIENTED_EDGE('',*,*,#2825,.T.);
#1223=ORIENTED_EDGE('',*,*,#2826,.F.);
#1224=ORIENTED_EDGE('',*,*,#2827,.T.);
#1225=ORIENTED_EDGE('',*,*,#2828,.T.);
#1226=ORIENTED_EDGE('',*,*,#2829,.F.);
#1227=ORIENTED_EDGE('',*,*,#2830,.F.);
#1228=ORIENTED_EDGE('',*,*,#2831,.F.);
#1229=ORIENTED_EDGE('',*,*,#2822,.T.);
#1230=ORIENTED_EDGE('',*,*,#2832,.F.);
#1231=ORIENTED_EDGE('',*,*,#2826,.T.);
#1232=ORIENTED_EDGE('',*,*,#2833,.T.);
#1233=ORIENTED_EDGE('',*,*,#2709,.F.);
#1234=ORIENTED_EDGE('',*,*,#2834,.F.);
#1235=ORIENTED_EDGE('',*,*,#2811,.T.);
#1236=ORIENTED_EDGE('',*,*,#2835,.T.);
#1237=ORIENTED_EDGE('',*,*,#2836,.F.);
#1238=ORIENTED_EDGE('',*,*,#2837,.F.);
#1239=ORIENTED_EDGE('',*,*,#2838,.T.);
#1240=ORIENTED_EDGE('',*,*,#2839,.F.);
#1241=ORIENTED_EDGE('',*,*,#2827,.F.);
#1242=ORIENTED_EDGE('',*,*,#2837,.T.);
#1243=ORIENTED_EDGE('',*,*,#2840,.F.);
#1244=ORIENTED_EDGE('',*,*,#2841,.T.);
#1245=ORIENTED_EDGE('',*,*,#2842,.F.);
#1246=ORIENTED_EDGE('',*,*,#2816,.F.);
#1247=ORIENTED_EDGE('',*,*,#2843,.F.);
#1248=ORIENTED_EDGE('',*,*,#2844,.F.);
#1249=ORIENTED_EDGE('',*,*,#2845,.T.);
#1250=ORIENTED_EDGE('',*,*,#2828,.F.);
#1251=ORIENTED_EDGE('',*,*,#2839,.T.);
#1252=ORIENTED_EDGE('',*,*,#2846,.F.);
#1253=ORIENTED_EDGE('',*,*,#2823,.F.);
#1254=ORIENTED_EDGE('',*,*,#2831,.T.);
#1255=ORIENTED_EDGE('',*,*,#2847,.T.);
#1256=ORIENTED_EDGE('',*,*,#2848,.T.);
#1257=ORIENTED_EDGE('',*,*,#2849,.F.);
#1258=ORIENTED_EDGE('',*,*,#2814,.F.);
#1259=ORIENTED_EDGE('',*,*,#2820,.T.);
#1260=ORIENTED_EDGE('',*,*,#2850,.F.);
#1261=ORIENTED_EDGE('',*,*,#2851,.F.);
#1262=ORIENTED_EDGE('',*,*,#2847,.F.);
#1263=ORIENTED_EDGE('',*,*,#2830,.T.);
#1264=ORIENTED_EDGE('',*,*,#2852,.F.);
#1265=ORIENTED_EDGE('',*,*,#2853,.T.);
#1266=ORIENTED_EDGE('',*,*,#2854,.T.);
#1267=ORIENTED_EDGE('',*,*,#2849,.T.);
#1268=ORIENTED_EDGE('',*,*,#2855,.F.);
#1269=ORIENTED_EDGE('',*,*,#2835,.F.);
#1270=ORIENTED_EDGE('',*,*,#2817,.T.);
#1271=ORIENTED_EDGE('',*,*,#2842,.T.);
#1272=ORIENTED_EDGE('',*,*,#2836,.T.);
#1273=ORIENTED_EDGE('',*,*,#2855,.T.);
#1274=ORIENTED_EDGE('',*,*,#2841,.F.);
#1275=ORIENTED_EDGE('',*,*,#2838,.F.);
#1276=ORIENTED_EDGE('',*,*,#2819,.F.);
#1277=ORIENTED_EDGE('',*,*,#2856,.F.);
#1278=ORIENTED_EDGE('',*,*,#2857,.F.);
#1279=ORIENTED_EDGE('',*,*,#2858,.T.);
#1280=ORIENTED_EDGE('',*,*,#2824,.F.);
#1281=ORIENTED_EDGE('',*,*,#2846,.T.);
#1282=ORIENTED_EDGE('',*,*,#2851,.T.);
#1283=ORIENTED_EDGE('',*,*,#2848,.F.);
#1284=ORIENTED_EDGE('',*,*,#2815,.F.);
#1285=ORIENTED_EDGE('',*,*,#2854,.F.);
#1286=ORIENTED_EDGE('',*,*,#2859,.T.);
#1287=ORIENTED_EDGE('',*,*,#2843,.T.);
#1288=ORIENTED_EDGE('',*,*,#2829,.T.);
#1289=ORIENTED_EDGE('',*,*,#2845,.F.);
#1290=ORIENTED_EDGE('',*,*,#2860,.F.);
#1291=ORIENTED_EDGE('',*,*,#2852,.T.);
#1292=ORIENTED_EDGE('',*,*,#2859,.F.);
#1293=ORIENTED_EDGE('',*,*,#2853,.F.);
#1294=ORIENTED_EDGE('',*,*,#2860,.T.);
#1295=ORIENTED_EDGE('',*,*,#2844,.T.);
#1296=ORIENTED_EDGE('',*,*,#2861,.T.);
#1297=ORIENTED_EDGE('',*,*,#2821,.T.);
#1298=ORIENTED_EDGE('',*,*,#2858,.F.);
#1299=ORIENTED_EDGE('',*,*,#2862,.F.);
#1300=ORIENTED_EDGE('',*,*,#2812,.F.);
#1301=ORIENTED_EDGE('',*,*,#2834,.T.);
#1302=ORIENTED_EDGE('',*,*,#2712,.F.);
#1303=ORIENTED_EDGE('',*,*,#2863,.F.);
#1304=ORIENTED_EDGE('',*,*,#2856,.T.);
#1305=ORIENTED_EDGE('',*,*,#2818,.T.);
#1306=ORIENTED_EDGE('',*,*,#2833,.F.);
#1307=ORIENTED_EDGE('',*,*,#2825,.F.);
#1308=ORIENTED_EDGE('',*,*,#2861,.F.);
#1309=ORIENTED_EDGE('',*,*,#2864,.T.);
#1310=ORIENTED_EDGE('',*,*,#2710,.T.);
#1311=ORIENTED_EDGE('',*,*,#2865,.T.);
#1312=ORIENTED_EDGE('',*,*,#2863,.T.);
#1313=ORIENTED_EDGE('',*,*,#2711,.T.);
#1314=ORIENTED_EDGE('',*,*,#2864,.F.);
#1315=ORIENTED_EDGE('',*,*,#2862,.T.);
#1316=ORIENTED_EDGE('',*,*,#2857,.T.);
#1317=ORIENTED_EDGE('',*,*,#2700,.F.);
#1318=ORIENTED_EDGE('',*,*,#2866,.F.);
#1319=ORIENTED_EDGE('',*,*,#2867,.T.);
#1320=ORIENTED_EDGE('',*,*,#2868,.T.);
#1321=ORIENTED_EDGE('',*,*,#2708,.F.);
#1322=ORIENTED_EDGE('',*,*,#2869,.F.);
#1323=ORIENTED_EDGE('',*,*,#2870,.T.);
#1324=ORIENTED_EDGE('',*,*,#2866,.T.);
#1325=ORIENTED_EDGE('',*,*,#2707,.F.);
#1326=ORIENTED_EDGE('',*,*,#2871,.F.);
#1327=ORIENTED_EDGE('',*,*,#2872,.T.);
#1328=ORIENTED_EDGE('',*,*,#2869,.T.);
#1329=ORIENTED_EDGE('',*,*,#2706,.F.);
#1330=ORIENTED_EDGE('',*,*,#2873,.F.);
#1331=ORIENTED_EDGE('',*,*,#2874,.T.);
#1332=ORIENTED_EDGE('',*,*,#2871,.T.);
#1333=ORIENTED_EDGE('',*,*,#2705,.F.);
#1334=ORIENTED_EDGE('',*,*,#2875,.F.);
#1335=ORIENTED_EDGE('',*,*,#2876,.T.);
#1336=ORIENTED_EDGE('',*,*,#2873,.T.);
#1337=ORIENTED_EDGE('',*,*,#2704,.F.);
#1338=ORIENTED_EDGE('',*,*,#2877,.F.);
#1339=ORIENTED_EDGE('',*,*,#2878,.T.);
#1340=ORIENTED_EDGE('',*,*,#2875,.T.);
#1341=ORIENTED_EDGE('',*,*,#2703,.F.);
#1342=ORIENTED_EDGE('',*,*,#2879,.F.);
#1343=ORIENTED_EDGE('',*,*,#2880,.T.);
#1344=ORIENTED_EDGE('',*,*,#2877,.T.);
#1345=ORIENTED_EDGE('',*,*,#2702,.F.);
#1346=ORIENTED_EDGE('',*,*,#2881,.F.);
#1347=ORIENTED_EDGE('',*,*,#2882,.T.);
#1348=ORIENTED_EDGE('',*,*,#2879,.T.);
#1349=ORIENTED_EDGE('',*,*,#2701,.F.);
#1350=ORIENTED_EDGE('',*,*,#2868,.F.);
#1351=ORIENTED_EDGE('',*,*,#2883,.T.);
#1352=ORIENTED_EDGE('',*,*,#2881,.T.);
#1353=ORIENTED_EDGE('',*,*,#2867,.F.);
#1354=ORIENTED_EDGE('',*,*,#2870,.F.);
#1355=ORIENTED_EDGE('',*,*,#2872,.F.);
#1356=ORIENTED_EDGE('',*,*,#2874,.F.);
#1357=ORIENTED_EDGE('',*,*,#2876,.F.);
#1358=ORIENTED_EDGE('',*,*,#2878,.F.);
#1359=ORIENTED_EDGE('',*,*,#2880,.F.);
#1360=ORIENTED_EDGE('',*,*,#2882,.F.);
#1361=ORIENTED_EDGE('',*,*,#2883,.F.);
#1362=ORIENTED_EDGE('',*,*,#2884,.F.);
#1363=ORIENTED_EDGE('',*,*,#2885,.F.);
#1364=ORIENTED_EDGE('',*,*,#2886,.T.);
#1365=ORIENTED_EDGE('',*,*,#2887,.T.);
#1366=ORIENTED_EDGE('',*,*,#2888,.F.);
#1367=ORIENTED_EDGE('',*,*,#2889,.F.);
#1368=ORIENTED_EDGE('',*,*,#2890,.T.);
#1369=ORIENTED_EDGE('',*,*,#2885,.T.);
#1370=ORIENTED_EDGE('',*,*,#2891,.F.);
#1371=ORIENTED_EDGE('',*,*,#2892,.F.);
#1372=ORIENTED_EDGE('',*,*,#2893,.T.);
#1373=ORIENTED_EDGE('',*,*,#2889,.T.);
#1374=ORIENTED_EDGE('',*,*,#2894,.F.);
#1375=ORIENTED_EDGE('',*,*,#2895,.F.);
#1376=ORIENTED_EDGE('',*,*,#2896,.T.);
#1377=ORIENTED_EDGE('',*,*,#2892,.T.);
#1378=ORIENTED_EDGE('',*,*,#2897,.F.);
#1379=ORIENTED_EDGE('',*,*,#2898,.F.);
#1380=ORIENTED_EDGE('',*,*,#2899,.T.);
#1381=ORIENTED_EDGE('',*,*,#2895,.T.);
#1382=ORIENTED_EDGE('',*,*,#2900,.F.);
#1383=ORIENTED_EDGE('',*,*,#2901,.F.);
#1384=ORIENTED_EDGE('',*,*,#2902,.T.);
#1385=ORIENTED_EDGE('',*,*,#2898,.T.);
#1386=ORIENTED_EDGE('',*,*,#2903,.F.);
#1387=ORIENTED_EDGE('',*,*,#2904,.F.);
#1388=ORIENTED_EDGE('',*,*,#2905,.T.);
#1389=ORIENTED_EDGE('',*,*,#2901,.T.);
#1390=ORIENTED_EDGE('',*,*,#2906,.F.);
#1391=ORIENTED_EDGE('',*,*,#2907,.F.);
#1392=ORIENTED_EDGE('',*,*,#2908,.T.);
#1393=ORIENTED_EDGE('',*,*,#2904,.T.);
#1394=ORIENTED_EDGE('',*,*,#2909,.F.);
#1395=ORIENTED_EDGE('',*,*,#2910,.F.);
#1396=ORIENTED_EDGE('',*,*,#2911,.T.);
#1397=ORIENTED_EDGE('',*,*,#2907,.T.);
#1398=ORIENTED_EDGE('',*,*,#2713,.F.);
#1399=ORIENTED_EDGE('',*,*,#2912,.F.);
#1400=ORIENTED_EDGE('',*,*,#2913,.T.);
#1401=ORIENTED_EDGE('',*,*,#2914,.T.);
#1402=ORIENTED_EDGE('',*,*,#2727,.F.);
#1403=ORIENTED_EDGE('',*,*,#2915,.F.);
#1404=ORIENTED_EDGE('',*,*,#2916,.T.);
#1405=ORIENTED_EDGE('',*,*,#2912,.T.);
#1406=ORIENTED_EDGE('',*,*,#2726,.F.);
#1407=ORIENTED_EDGE('',*,*,#2917,.F.);
#1408=ORIENTED_EDGE('',*,*,#2918,.T.);
#1409=ORIENTED_EDGE('',*,*,#2915,.T.);
#1410=ORIENTED_EDGE('',*,*,#2725,.F.);
#1411=ORIENTED_EDGE('',*,*,#2919,.F.);
#1412=ORIENTED_EDGE('',*,*,#2920,.T.);
#1413=ORIENTED_EDGE('',*,*,#2917,.T.);
#1414=ORIENTED_EDGE('',*,*,#2724,.F.);
#1415=ORIENTED_EDGE('',*,*,#2921,.F.);
#1416=ORIENTED_EDGE('',*,*,#2922,.T.);
#1417=ORIENTED_EDGE('',*,*,#2919,.T.);
#1418=ORIENTED_EDGE('',*,*,#2723,.F.);
#1419=ORIENTED_EDGE('',*,*,#2923,.F.);
#1420=ORIENTED_EDGE('',*,*,#2924,.T.);
#1421=ORIENTED_EDGE('',*,*,#2921,.T.);
#1422=ORIENTED_EDGE('',*,*,#2722,.F.);
#1423=ORIENTED_EDGE('',*,*,#2925,.F.);
#1424=ORIENTED_EDGE('',*,*,#2926,.T.);
#1425=ORIENTED_EDGE('',*,*,#2923,.T.);
#1426=ORIENTED_EDGE('',*,*,#2721,.F.);
#1427=ORIENTED_EDGE('',*,*,#2927,.F.);
#1428=ORIENTED_EDGE('',*,*,#2928,.T.);
#1429=ORIENTED_EDGE('',*,*,#2925,.T.);
#1430=ORIENTED_EDGE('',*,*,#2720,.F.);
#1431=ORIENTED_EDGE('',*,*,#2929,.F.);
#1432=ORIENTED_EDGE('',*,*,#2930,.T.);
#1433=ORIENTED_EDGE('',*,*,#2927,.T.);
#1434=ORIENTED_EDGE('',*,*,#2719,.F.);
#1435=ORIENTED_EDGE('',*,*,#2931,.F.);
#1436=ORIENTED_EDGE('',*,*,#2932,.T.);
#1437=ORIENTED_EDGE('',*,*,#2929,.T.);
#1438=ORIENTED_EDGE('',*,*,#2718,.F.);
#1439=ORIENTED_EDGE('',*,*,#2933,.F.);
#1440=ORIENTED_EDGE('',*,*,#2934,.T.);
#1441=ORIENTED_EDGE('',*,*,#2931,.T.);
#1442=ORIENTED_EDGE('',*,*,#2717,.F.);
#1443=ORIENTED_EDGE('',*,*,#2935,.F.);
#1444=ORIENTED_EDGE('',*,*,#2936,.T.);
#1445=ORIENTED_EDGE('',*,*,#2933,.T.);
#1446=ORIENTED_EDGE('',*,*,#2716,.F.);
#1447=ORIENTED_EDGE('',*,*,#2937,.F.);
#1448=ORIENTED_EDGE('',*,*,#2938,.T.);
#1449=ORIENTED_EDGE('',*,*,#2935,.T.);
#1450=ORIENTED_EDGE('',*,*,#2715,.F.);
#1451=ORIENTED_EDGE('',*,*,#2939,.F.);
#1452=ORIENTED_EDGE('',*,*,#2940,.T.);
#1453=ORIENTED_EDGE('',*,*,#2937,.T.);
#1454=ORIENTED_EDGE('',*,*,#2714,.F.);
#1455=ORIENTED_EDGE('',*,*,#2914,.F.);
#1456=ORIENTED_EDGE('',*,*,#2941,.T.);
#1457=ORIENTED_EDGE('',*,*,#2939,.T.);
#1458=ORIENTED_EDGE('',*,*,#2942,.F.);
#1459=ORIENTED_EDGE('',*,*,#2887,.F.);
#1460=ORIENTED_EDGE('',*,*,#2943,.T.);
#1461=ORIENTED_EDGE('',*,*,#2910,.T.);
#1462=ORIENTED_EDGE('',*,*,#2913,.F.);
#1463=ORIENTED_EDGE('',*,*,#2916,.F.);
#1464=ORIENTED_EDGE('',*,*,#2918,.F.);
#1465=ORIENTED_EDGE('',*,*,#2920,.F.);
#1466=ORIENTED_EDGE('',*,*,#2922,.F.);
#1467=ORIENTED_EDGE('',*,*,#2924,.F.);
#1468=ORIENTED_EDGE('',*,*,#2926,.F.);
#1469=ORIENTED_EDGE('',*,*,#2928,.F.);
#1470=ORIENTED_EDGE('',*,*,#2930,.F.);
#1471=ORIENTED_EDGE('',*,*,#2932,.F.);
#1472=ORIENTED_EDGE('',*,*,#2934,.F.);
#1473=ORIENTED_EDGE('',*,*,#2936,.F.);
#1474=ORIENTED_EDGE('',*,*,#2938,.F.);
#1475=ORIENTED_EDGE('',*,*,#2940,.F.);
#1476=ORIENTED_EDGE('',*,*,#2941,.F.);
#1477=ORIENTED_EDGE('',*,*,#2886,.F.);
#1478=ORIENTED_EDGE('',*,*,#2890,.F.);
#1479=ORIENTED_EDGE('',*,*,#2893,.F.);
#1480=ORIENTED_EDGE('',*,*,#2896,.F.);
#1481=ORIENTED_EDGE('',*,*,#2899,.F.);
#1482=ORIENTED_EDGE('',*,*,#2902,.F.);
#1483=ORIENTED_EDGE('',*,*,#2905,.F.);
#1484=ORIENTED_EDGE('',*,*,#2908,.F.);
#1485=ORIENTED_EDGE('',*,*,#2911,.F.);
#1486=ORIENTED_EDGE('',*,*,#2943,.F.);
#1487=ORIENTED_EDGE('',*,*,#2944,.F.);
#1488=ORIENTED_EDGE('',*,*,#2945,.F.);
#1489=ORIENTED_EDGE('',*,*,#2946,.T.);
#1490=ORIENTED_EDGE('',*,*,#2947,.T.);
#1491=ORIENTED_EDGE('',*,*,#2948,.F.);
#1492=ORIENTED_EDGE('',*,*,#2949,.F.);
#1493=ORIENTED_EDGE('',*,*,#2950,.T.);
#1494=ORIENTED_EDGE('',*,*,#2945,.T.);
#1495=ORIENTED_EDGE('',*,*,#2951,.F.);
#1496=ORIENTED_EDGE('',*,*,#2952,.F.);
#1497=ORIENTED_EDGE('',*,*,#2953,.T.);
#1498=ORIENTED_EDGE('',*,*,#2949,.T.);
#1499=ORIENTED_EDGE('',*,*,#2954,.F.);
#1500=ORIENTED_EDGE('',*,*,#2955,.F.);
#1501=ORIENTED_EDGE('',*,*,#2956,.T.);
#1502=ORIENTED_EDGE('',*,*,#2952,.T.);
#1503=ORIENTED_EDGE('',*,*,#2957,.F.);
#1504=ORIENTED_EDGE('',*,*,#2958,.F.);
#1505=ORIENTED_EDGE('',*,*,#2959,.T.);
#1506=ORIENTED_EDGE('',*,*,#2955,.T.);
#1507=ORIENTED_EDGE('',*,*,#2960,.F.);
#1508=ORIENTED_EDGE('',*,*,#2961,.F.);
#1509=ORIENTED_EDGE('',*,*,#2962,.T.);
#1510=ORIENTED_EDGE('',*,*,#2958,.T.);
#1511=ORIENTED_EDGE('',*,*,#2963,.F.);
#1512=ORIENTED_EDGE('',*,*,#2964,.F.);
#1513=ORIENTED_EDGE('',*,*,#2965,.T.);
#1514=ORIENTED_EDGE('',*,*,#2961,.T.);
#1515=ORIENTED_EDGE('',*,*,#2692,.F.);
#1516=ORIENTED_EDGE('',*,*,#2966,.F.);
#1517=ORIENTED_EDGE('',*,*,#2967,.T.);
#1518=ORIENTED_EDGE('',*,*,#2968,.T.);
#1519=ORIENTED_EDGE('',*,*,#2699,.F.);
#1520=ORIENTED_EDGE('',*,*,#2969,.F.);
#1521=ORIENTED_EDGE('',*,*,#2970,.T.);
#1522=ORIENTED_EDGE('',*,*,#2966,.T.);
#1523=ORIENTED_EDGE('',*,*,#2698,.F.);
#1524=ORIENTED_EDGE('',*,*,#2971,.F.);
#1525=ORIENTED_EDGE('',*,*,#2972,.T.);
#1526=ORIENTED_EDGE('',*,*,#2969,.T.);
#1527=ORIENTED_EDGE('',*,*,#2697,.F.);
#1528=ORIENTED_EDGE('',*,*,#2973,.F.);
#1529=ORIENTED_EDGE('',*,*,#2974,.T.);
#1530=ORIENTED_EDGE('',*,*,#2971,.T.);
#1531=ORIENTED_EDGE('',*,*,#2696,.F.);
#1532=ORIENTED_EDGE('',*,*,#2975,.F.);
#1533=ORIENTED_EDGE('',*,*,#2976,.T.);
#1534=ORIENTED_EDGE('',*,*,#2973,.T.);
#1535=ORIENTED_EDGE('',*,*,#2695,.F.);
#1536=ORIENTED_EDGE('',*,*,#2977,.F.);
#1537=ORIENTED_EDGE('',*,*,#2978,.T.);
#1538=ORIENTED_EDGE('',*,*,#2975,.T.);
#1539=ORIENTED_EDGE('',*,*,#2694,.F.);
#1540=ORIENTED_EDGE('',*,*,#2979,.F.);
#1541=ORIENTED_EDGE('',*,*,#2980,.T.);
#1542=ORIENTED_EDGE('',*,*,#2977,.T.);
#1543=ORIENTED_EDGE('',*,*,#2693,.F.);
#1544=ORIENTED_EDGE('',*,*,#2968,.F.);
#1545=ORIENTED_EDGE('',*,*,#2981,.T.);
#1546=ORIENTED_EDGE('',*,*,#2979,.T.);
#1547=ORIENTED_EDGE('',*,*,#2982,.F.);
#1548=ORIENTED_EDGE('',*,*,#2947,.F.);
#1549=ORIENTED_EDGE('',*,*,#2983,.T.);
#1550=ORIENTED_EDGE('',*,*,#2964,.T.);
#1551=ORIENTED_EDGE('',*,*,#2967,.F.);
#1552=ORIENTED_EDGE('',*,*,#2970,.F.);
#1553=ORIENTED_EDGE('',*,*,#2972,.F.);
#1554=ORIENTED_EDGE('',*,*,#2974,.F.);
#1555=ORIENTED_EDGE('',*,*,#2976,.F.);
#1556=ORIENTED_EDGE('',*,*,#2978,.F.);
#1557=ORIENTED_EDGE('',*,*,#2980,.F.);
#1558=ORIENTED_EDGE('',*,*,#2981,.F.);
#1559=ORIENTED_EDGE('',*,*,#2946,.F.);
#1560=ORIENTED_EDGE('',*,*,#2950,.F.);
#1561=ORIENTED_EDGE('',*,*,#2953,.F.);
#1562=ORIENTED_EDGE('',*,*,#2956,.F.);
#1563=ORIENTED_EDGE('',*,*,#2959,.F.);
#1564=ORIENTED_EDGE('',*,*,#2962,.F.);
#1565=ORIENTED_EDGE('',*,*,#2965,.F.);
#1566=ORIENTED_EDGE('',*,*,#2983,.F.);
#1567=ORIENTED_EDGE('',*,*,#2984,.F.);
#1568=ORIENTED_EDGE('',*,*,#2985,.F.);
#1569=ORIENTED_EDGE('',*,*,#2986,.T.);
#1570=ORIENTED_EDGE('',*,*,#2987,.T.);
#1571=ORIENTED_EDGE('',*,*,#2988,.F.);
#1572=ORIENTED_EDGE('',*,*,#2989,.F.);
#1573=ORIENTED_EDGE('',*,*,#2990,.T.);
#1574=ORIENTED_EDGE('',*,*,#2985,.T.);
#1575=ORIENTED_EDGE('',*,*,#2991,.F.);
#1576=ORIENTED_EDGE('',*,*,#2992,.F.);
#1577=ORIENTED_EDGE('',*,*,#2993,.T.);
#1578=ORIENTED_EDGE('',*,*,#2989,.T.);
#1579=ORIENTED_EDGE('',*,*,#2994,.F.);
#1580=ORIENTED_EDGE('',*,*,#2995,.F.);
#1581=ORIENTED_EDGE('',*,*,#2996,.T.);
#1582=ORIENTED_EDGE('',*,*,#2992,.T.);
#1583=ORIENTED_EDGE('',*,*,#2997,.F.);
#1584=ORIENTED_EDGE('',*,*,#2998,.F.);
#1585=ORIENTED_EDGE('',*,*,#2999,.T.);
#1586=ORIENTED_EDGE('',*,*,#2995,.T.);
#1587=ORIENTED_EDGE('',*,*,#3000,.F.);
#1588=ORIENTED_EDGE('',*,*,#3001,.F.);
#1589=ORIENTED_EDGE('',*,*,#3002,.T.);
#1590=ORIENTED_EDGE('',*,*,#2998,.T.);
#1591=ORIENTED_EDGE('',*,*,#3003,.F.);
#1592=ORIENTED_EDGE('',*,*,#3004,.F.);
#1593=ORIENTED_EDGE('',*,*,#3005,.T.);
#1594=ORIENTED_EDGE('',*,*,#3001,.T.);
#1595=ORIENTED_EDGE('',*,*,#3006,.F.);
#1596=ORIENTED_EDGE('',*,*,#3007,.F.);
#1597=ORIENTED_EDGE('',*,*,#3008,.T.);
#1598=ORIENTED_EDGE('',*,*,#3004,.T.);
#1599=ORIENTED_EDGE('',*,*,#3009,.F.);
#1600=ORIENTED_EDGE('',*,*,#3010,.F.);
#1601=ORIENTED_EDGE('',*,*,#3011,.T.);
#1602=ORIENTED_EDGE('',*,*,#3007,.T.);
#1603=ORIENTED_EDGE('',*,*,#2728,.F.);
#1604=ORIENTED_EDGE('',*,*,#3012,.F.);
#1605=ORIENTED_EDGE('',*,*,#3013,.T.);
#1606=ORIENTED_EDGE('',*,*,#3014,.T.);
#1607=ORIENTED_EDGE('',*,*,#2743,.F.);
#1608=ORIENTED_EDGE('',*,*,#3015,.F.);
#1609=ORIENTED_EDGE('',*,*,#3016,.T.);
#1610=ORIENTED_EDGE('',*,*,#3012,.T.);
#1611=ORIENTED_EDGE('',*,*,#2742,.F.);
#1612=ORIENTED_EDGE('',*,*,#3017,.F.);
#1613=ORIENTED_EDGE('',*,*,#3018,.T.);
#1614=ORIENTED_EDGE('',*,*,#3015,.T.);
#1615=ORIENTED_EDGE('',*,*,#2741,.F.);
#1616=ORIENTED_EDGE('',*,*,#3019,.F.);
#1617=ORIENTED_EDGE('',*,*,#3020,.T.);
#1618=ORIENTED_EDGE('',*,*,#3017,.T.);
#1619=ORIENTED_EDGE('',*,*,#2740,.F.);
#1620=ORIENTED_EDGE('',*,*,#3021,.F.);
#1621=ORIENTED_EDGE('',*,*,#3022,.T.);
#1622=ORIENTED_EDGE('',*,*,#3019,.T.);
#1623=ORIENTED_EDGE('',*,*,#2739,.F.);
#1624=ORIENTED_EDGE('',*,*,#3023,.F.);
#1625=ORIENTED_EDGE('',*,*,#3024,.T.);
#1626=ORIENTED_EDGE('',*,*,#3021,.T.);
#1627=ORIENTED_EDGE('',*,*,#2738,.F.);
#1628=ORIENTED_EDGE('',*,*,#3025,.F.);
#1629=ORIENTED_EDGE('',*,*,#3026,.T.);
#1630=ORIENTED_EDGE('',*,*,#3023,.T.);
#1631=ORIENTED_EDGE('',*,*,#2737,.F.);
#1632=ORIENTED_EDGE('',*,*,#3027,.F.);
#1633=ORIENTED_EDGE('',*,*,#3028,.T.);
#1634=ORIENTED_EDGE('',*,*,#3025,.T.);
#1635=ORIENTED_EDGE('',*,*,#2736,.F.);
#1636=ORIENTED_EDGE('',*,*,#3029,.F.);
#1637=ORIENTED_EDGE('',*,*,#3030,.T.);
#1638=ORIENTED_EDGE('',*,*,#3027,.T.);
#1639=ORIENTED_EDGE('',*,*,#2735,.F.);
#1640=ORIENTED_EDGE('',*,*,#3031,.F.);
#1641=ORIENTED_EDGE('',*,*,#3032,.T.);
#1642=ORIENTED_EDGE('',*,*,#3029,.T.);
#1643=ORIENTED_EDGE('',*,*,#2734,.F.);
#1644=ORIENTED_EDGE('',*,*,#3033,.F.);
#1645=ORIENTED_EDGE('',*,*,#3034,.T.);
#1646=ORIENTED_EDGE('',*,*,#3031,.T.);
#1647=ORIENTED_EDGE('',*,*,#2733,.F.);
#1648=ORIENTED_EDGE('',*,*,#3035,.F.);
#1649=ORIENTED_EDGE('',*,*,#3036,.T.);
#1650=ORIENTED_EDGE('',*,*,#3033,.T.);
#1651=ORIENTED_EDGE('',*,*,#2732,.F.);
#1652=ORIENTED_EDGE('',*,*,#3037,.F.);
#1653=ORIENTED_EDGE('',*,*,#3038,.T.);
#1654=ORIENTED_EDGE('',*,*,#3035,.T.);
#1655=ORIENTED_EDGE('',*,*,#2731,.F.);
#1656=ORIENTED_EDGE('',*,*,#3039,.F.);
#1657=ORIENTED_EDGE('',*,*,#3040,.T.);
#1658=ORIENTED_EDGE('',*,*,#3037,.T.);
#1659=ORIENTED_EDGE('',*,*,#2730,.F.);
#1660=ORIENTED_EDGE('',*,*,#3041,.F.);
#1661=ORIENTED_EDGE('',*,*,#3042,.T.);
#1662=ORIENTED_EDGE('',*,*,#3039,.T.);
#1663=ORIENTED_EDGE('',*,*,#2729,.F.);
#1664=ORIENTED_EDGE('',*,*,#3014,.F.);
#1665=ORIENTED_EDGE('',*,*,#3043,.T.);
#1666=ORIENTED_EDGE('',*,*,#3041,.T.);
#1667=ORIENTED_EDGE('',*,*,#3044,.F.);
#1668=ORIENTED_EDGE('',*,*,#2987,.F.);
#1669=ORIENTED_EDGE('',*,*,#3045,.T.);
#1670=ORIENTED_EDGE('',*,*,#3010,.T.);
#1671=ORIENTED_EDGE('',*,*,#3013,.F.);
#1672=ORIENTED_EDGE('',*,*,#3016,.F.);
#1673=ORIENTED_EDGE('',*,*,#3018,.F.);
#1674=ORIENTED_EDGE('',*,*,#3020,.F.);
#1675=ORIENTED_EDGE('',*,*,#3022,.F.);
#1676=ORIENTED_EDGE('',*,*,#3024,.F.);
#1677=ORIENTED_EDGE('',*,*,#3026,.F.);
#1678=ORIENTED_EDGE('',*,*,#3028,.F.);
#1679=ORIENTED_EDGE('',*,*,#3030,.F.);
#1680=ORIENTED_EDGE('',*,*,#3032,.F.);
#1681=ORIENTED_EDGE('',*,*,#3034,.F.);
#1682=ORIENTED_EDGE('',*,*,#3036,.F.);
#1683=ORIENTED_EDGE('',*,*,#3038,.F.);
#1684=ORIENTED_EDGE('',*,*,#3040,.F.);
#1685=ORIENTED_EDGE('',*,*,#3042,.F.);
#1686=ORIENTED_EDGE('',*,*,#3043,.F.);
#1687=ORIENTED_EDGE('',*,*,#2986,.F.);
#1688=ORIENTED_EDGE('',*,*,#2990,.F.);
#1689=ORIENTED_EDGE('',*,*,#2993,.F.);
#1690=ORIENTED_EDGE('',*,*,#2996,.F.);
#1691=ORIENTED_EDGE('',*,*,#2999,.F.);
#1692=ORIENTED_EDGE('',*,*,#3002,.F.);
#1693=ORIENTED_EDGE('',*,*,#3005,.F.);
#1694=ORIENTED_EDGE('',*,*,#3008,.F.);
#1695=ORIENTED_EDGE('',*,*,#3011,.F.);
#1696=ORIENTED_EDGE('',*,*,#3045,.F.);
#1697=ORIENTED_EDGE('',*,*,#2684,.F.);
#1698=ORIENTED_EDGE('',*,*,#3046,.F.);
#1699=ORIENTED_EDGE('',*,*,#3047,.T.);
#1700=ORIENTED_EDGE('',*,*,#3048,.T.);
#1701=ORIENTED_EDGE('',*,*,#2691,.F.);
#1702=ORIENTED_EDGE('',*,*,#3049,.F.);
#1703=ORIENTED_EDGE('',*,*,#3050,.T.);
#1704=ORIENTED_EDGE('',*,*,#3046,.T.);
#1705=ORIENTED_EDGE('',*,*,#2690,.F.);
#1706=ORIENTED_EDGE('',*,*,#3051,.F.);
#1707=ORIENTED_EDGE('',*,*,#3052,.T.);
#1708=ORIENTED_EDGE('',*,*,#3049,.T.);
#1709=ORIENTED_EDGE('',*,*,#2689,.F.);
#1710=ORIENTED_EDGE('',*,*,#3053,.F.);
#1711=ORIENTED_EDGE('',*,*,#3054,.T.);
#1712=ORIENTED_EDGE('',*,*,#3051,.T.);
#1713=ORIENTED_EDGE('',*,*,#2688,.F.);
#1714=ORIENTED_EDGE('',*,*,#3055,.F.);
#1715=ORIENTED_EDGE('',*,*,#3056,.T.);
#1716=ORIENTED_EDGE('',*,*,#3053,.T.);
#1717=ORIENTED_EDGE('',*,*,#2687,.F.);
#1718=ORIENTED_EDGE('',*,*,#3057,.F.);
#1719=ORIENTED_EDGE('',*,*,#3058,.T.);
#1720=ORIENTED_EDGE('',*,*,#3055,.T.);
#1721=ORIENTED_EDGE('',*,*,#2686,.F.);
#1722=ORIENTED_EDGE('',*,*,#3059,.F.);
#1723=ORIENTED_EDGE('',*,*,#3060,.T.);
#1724=ORIENTED_EDGE('',*,*,#3057,.T.);
#1725=ORIENTED_EDGE('',*,*,#2685,.F.);
#1726=ORIENTED_EDGE('',*,*,#3048,.F.);
#1727=ORIENTED_EDGE('',*,*,#3061,.T.);
#1728=ORIENTED_EDGE('',*,*,#3059,.T.);
#1729=ORIENTED_EDGE('',*,*,#3047,.F.);
#1730=ORIENTED_EDGE('',*,*,#3050,.F.);
#1731=ORIENTED_EDGE('',*,*,#3052,.F.);
#1732=ORIENTED_EDGE('',*,*,#3054,.F.);
#1733=ORIENTED_EDGE('',*,*,#3056,.F.);
#1734=ORIENTED_EDGE('',*,*,#3058,.F.);
#1735=ORIENTED_EDGE('',*,*,#3060,.F.);
#1736=ORIENTED_EDGE('',*,*,#3061,.F.);
#1737=ORIENTED_EDGE('',*,*,#2744,.F.);
#1738=ORIENTED_EDGE('',*,*,#3062,.F.);
#1739=ORIENTED_EDGE('',*,*,#3063,.T.);
#1740=ORIENTED_EDGE('',*,*,#3064,.T.);
#1741=ORIENTED_EDGE('',*,*,#2747,.F.);
#1742=ORIENTED_EDGE('',*,*,#3065,.F.);
#1743=ORIENTED_EDGE('',*,*,#3066,.T.);
#1744=ORIENTED_EDGE('',*,*,#3062,.T.);
#1745=ORIENTED_EDGE('',*,*,#2746,.F.);
#1746=ORIENTED_EDGE('',*,*,#3067,.F.);
#1747=ORIENTED_EDGE('',*,*,#3068,.T.);
#1748=ORIENTED_EDGE('',*,*,#3065,.T.);
#1749=ORIENTED_EDGE('',*,*,#2745,.F.);
#1750=ORIENTED_EDGE('',*,*,#3064,.F.);
#1751=ORIENTED_EDGE('',*,*,#3069,.T.);
#1752=ORIENTED_EDGE('',*,*,#3067,.T.);
#1753=ORIENTED_EDGE('',*,*,#3063,.F.);
#1754=ORIENTED_EDGE('',*,*,#3066,.F.);
#1755=ORIENTED_EDGE('',*,*,#3068,.F.);
#1756=ORIENTED_EDGE('',*,*,#3069,.F.);
#1757=ORIENTED_EDGE('',*,*,#2677,.F.);
#1758=ORIENTED_EDGE('',*,*,#3070,.F.);
#1759=ORIENTED_EDGE('',*,*,#3071,.T.);
#1760=ORIENTED_EDGE('',*,*,#3072,.T.);
#1761=ORIENTED_EDGE('',*,*,#2683,.F.);
#1762=ORIENTED_EDGE('',*,*,#3073,.F.);
#1763=ORIENTED_EDGE('',*,*,#3074,.T.);
#1764=ORIENTED_EDGE('',*,*,#3070,.T.);
#1765=ORIENTED_EDGE('',*,*,#2682,.F.);
#1766=ORIENTED_EDGE('',*,*,#3075,.F.);
#1767=ORIENTED_EDGE('',*,*,#3076,.T.);
#1768=ORIENTED_EDGE('',*,*,#3073,.T.);
#1769=ORIENTED_EDGE('',*,*,#2681,.F.);
#1770=ORIENTED_EDGE('',*,*,#3077,.F.);
#1771=ORIENTED_EDGE('',*,*,#3078,.T.);
#1772=ORIENTED_EDGE('',*,*,#3075,.T.);
#1773=ORIENTED_EDGE('',*,*,#2680,.F.);
#1774=ORIENTED_EDGE('',*,*,#3079,.F.);
#1775=ORIENTED_EDGE('',*,*,#3080,.T.);
#1776=ORIENTED_EDGE('',*,*,#3077,.T.);
#1777=ORIENTED_EDGE('',*,*,#2679,.F.);
#1778=ORIENTED_EDGE('',*,*,#3081,.F.);
#1779=ORIENTED_EDGE('',*,*,#3082,.T.);
#1780=ORIENTED_EDGE('',*,*,#3079,.T.);
#1781=ORIENTED_EDGE('',*,*,#2678,.F.);
#1782=ORIENTED_EDGE('',*,*,#3072,.F.);
#1783=ORIENTED_EDGE('',*,*,#3083,.T.);
#1784=ORIENTED_EDGE('',*,*,#3081,.T.);
#1785=ORIENTED_EDGE('',*,*,#3071,.F.);
#1786=ORIENTED_EDGE('',*,*,#3074,.F.);
#1787=ORIENTED_EDGE('',*,*,#3076,.F.);
#1788=ORIENTED_EDGE('',*,*,#3078,.F.);
#1789=ORIENTED_EDGE('',*,*,#3080,.F.);
#1790=ORIENTED_EDGE('',*,*,#3082,.F.);
#1791=ORIENTED_EDGE('',*,*,#3083,.F.);
#1792=ORIENTED_EDGE('',*,*,#2748,.F.);
#1793=ORIENTED_EDGE('',*,*,#3084,.F.);
#1794=ORIENTED_EDGE('',*,*,#3085,.T.);
#1795=ORIENTED_EDGE('',*,*,#3086,.T.);
#1796=ORIENTED_EDGE('',*,*,#2755,.F.);
#1797=ORIENTED_EDGE('',*,*,#3087,.F.);
#1798=ORIENTED_EDGE('',*,*,#3088,.T.);
#1799=ORIENTED_EDGE('',*,*,#3084,.T.);
#1800=ORIENTED_EDGE('',*,*,#2754,.F.);
#1801=ORIENTED_EDGE('',*,*,#3089,.F.);
#1802=ORIENTED_EDGE('',*,*,#3090,.T.);
#1803=ORIENTED_EDGE('',*,*,#3087,.T.);
#1804=ORIENTED_EDGE('',*,*,#2753,.F.);
#1805=ORIENTED_EDGE('',*,*,#3091,.F.);
#1806=ORIENTED_EDGE('',*,*,#3092,.T.);
#1807=ORIENTED_EDGE('',*,*,#3089,.T.);
#1808=ORIENTED_EDGE('',*,*,#2752,.F.);
#1809=ORIENTED_EDGE('',*,*,#3093,.F.);
#1810=ORIENTED_EDGE('',*,*,#3094,.T.);
#1811=ORIENTED_EDGE('',*,*,#3091,.T.);
#1812=ORIENTED_EDGE('',*,*,#2751,.F.);
#1813=ORIENTED_EDGE('',*,*,#3095,.F.);
#1814=ORIENTED_EDGE('',*,*,#3096,.T.);
#1815=ORIENTED_EDGE('',*,*,#3093,.T.);
#1816=ORIENTED_EDGE('',*,*,#2750,.F.);
#1817=ORIENTED_EDGE('',*,*,#3097,.F.);
#1818=ORIENTED_EDGE('',*,*,#3098,.T.);
#1819=ORIENTED_EDGE('',*,*,#3095,.T.);
#1820=ORIENTED_EDGE('',*,*,#2749,.F.);
#1821=ORIENTED_EDGE('',*,*,#3086,.F.);
#1822=ORIENTED_EDGE('',*,*,#3099,.T.);
#1823=ORIENTED_EDGE('',*,*,#3097,.T.);
#1824=ORIENTED_EDGE('',*,*,#3085,.F.);
#1825=ORIENTED_EDGE('',*,*,#3088,.F.);
#1826=ORIENTED_EDGE('',*,*,#3090,.F.);
#1827=ORIENTED_EDGE('',*,*,#3092,.F.);
#1828=ORIENTED_EDGE('',*,*,#3094,.F.);
#1829=ORIENTED_EDGE('',*,*,#3096,.F.);
#1830=ORIENTED_EDGE('',*,*,#3098,.F.);
#1831=ORIENTED_EDGE('',*,*,#3099,.F.);
#1832=ORIENTED_EDGE('',*,*,#3100,.F.);
#1833=ORIENTED_EDGE('',*,*,#3101,.F.);
#1834=ORIENTED_EDGE('',*,*,#3102,.T.);
#1835=ORIENTED_EDGE('',*,*,#3103,.T.);
#1836=ORIENTED_EDGE('',*,*,#3104,.F.);
#1837=ORIENTED_EDGE('',*,*,#3105,.F.);
#1838=ORIENTED_EDGE('',*,*,#3106,.T.);
#1839=ORIENTED_EDGE('',*,*,#3101,.T.);
#1840=ORIENTED_EDGE('',*,*,#3107,.F.);
#1841=ORIENTED_EDGE('',*,*,#3108,.F.);
#1842=ORIENTED_EDGE('',*,*,#3109,.T.);
#1843=ORIENTED_EDGE('',*,*,#3105,.T.);
#1844=ORIENTED_EDGE('',*,*,#3110,.F.);
#1845=ORIENTED_EDGE('',*,*,#3111,.F.);
#1846=ORIENTED_EDGE('',*,*,#3112,.T.);
#1847=ORIENTED_EDGE('',*,*,#3108,.T.);
#1848=ORIENTED_EDGE('',*,*,#3113,.F.);
#1849=ORIENTED_EDGE('',*,*,#3114,.F.);
#1850=ORIENTED_EDGE('',*,*,#3115,.T.);
#1851=ORIENTED_EDGE('',*,*,#3111,.T.);
#1852=ORIENTED_EDGE('',*,*,#3116,.F.);
#1853=ORIENTED_EDGE('',*,*,#3117,.F.);
#1854=ORIENTED_EDGE('',*,*,#3118,.T.);
#1855=ORIENTED_EDGE('',*,*,#3114,.T.);
#1856=ORIENTED_EDGE('',*,*,#3119,.F.);
#1857=ORIENTED_EDGE('',*,*,#3120,.F.);
#1858=ORIENTED_EDGE('',*,*,#3121,.T.);
#1859=ORIENTED_EDGE('',*,*,#3117,.T.);
#1860=ORIENTED_EDGE('',*,*,#2669,.F.);
#1861=ORIENTED_EDGE('',*,*,#3122,.F.);
#1862=ORIENTED_EDGE('',*,*,#3123,.T.);
#1863=ORIENTED_EDGE('',*,*,#3124,.T.);
#1864=ORIENTED_EDGE('',*,*,#2676,.F.);
#1865=ORIENTED_EDGE('',*,*,#3125,.F.);
#1866=ORIENTED_EDGE('',*,*,#3126,.T.);
#1867=ORIENTED_EDGE('',*,*,#3122,.T.);
#1868=ORIENTED_EDGE('',*,*,#2675,.F.);
#1869=ORIENTED_EDGE('',*,*,#3127,.F.);
#1870=ORIENTED_EDGE('',*,*,#3128,.T.);
#1871=ORIENTED_EDGE('',*,*,#3125,.T.);
#1872=ORIENTED_EDGE('',*,*,#2674,.F.);
#1873=ORIENTED_EDGE('',*,*,#3129,.F.);
#1874=ORIENTED_EDGE('',*,*,#3130,.T.);
#1875=ORIENTED_EDGE('',*,*,#3127,.T.);
#1876=ORIENTED_EDGE('',*,*,#2673,.F.);
#1877=ORIENTED_EDGE('',*,*,#3131,.F.);
#1878=ORIENTED_EDGE('',*,*,#3132,.T.);
#1879=ORIENTED_EDGE('',*,*,#3129,.T.);
#1880=ORIENTED_EDGE('',*,*,#2672,.F.);
#1881=ORIENTED_EDGE('',*,*,#3133,.F.);
#1882=ORIENTED_EDGE('',*,*,#3134,.T.);
#1883=ORIENTED_EDGE('',*,*,#3131,.T.);
#1884=ORIENTED_EDGE('',*,*,#2671,.F.);
#1885=ORIENTED_EDGE('',*,*,#3135,.F.);
#1886=ORIENTED_EDGE('',*,*,#3136,.T.);
#1887=ORIENTED_EDGE('',*,*,#3133,.T.);
#1888=ORIENTED_EDGE('',*,*,#2670,.F.);
#1889=ORIENTED_EDGE('',*,*,#3124,.F.);
#1890=ORIENTED_EDGE('',*,*,#3137,.T.);
#1891=ORIENTED_EDGE('',*,*,#3135,.T.);
#1892=ORIENTED_EDGE('',*,*,#3138,.F.);
#1893=ORIENTED_EDGE('',*,*,#3103,.F.);
#1894=ORIENTED_EDGE('',*,*,#3139,.T.);
#1895=ORIENTED_EDGE('',*,*,#3120,.T.);
#1896=ORIENTED_EDGE('',*,*,#3123,.F.);
#1897=ORIENTED_EDGE('',*,*,#3126,.F.);
#1898=ORIENTED_EDGE('',*,*,#3128,.F.);
#1899=ORIENTED_EDGE('',*,*,#3130,.F.);
#1900=ORIENTED_EDGE('',*,*,#3132,.F.);
#1901=ORIENTED_EDGE('',*,*,#3134,.F.);
#1902=ORIENTED_EDGE('',*,*,#3136,.F.);
#1903=ORIENTED_EDGE('',*,*,#3137,.F.);
#1904=ORIENTED_EDGE('',*,*,#3102,.F.);
#1905=ORIENTED_EDGE('',*,*,#3106,.F.);
#1906=ORIENTED_EDGE('',*,*,#3109,.F.);
#1907=ORIENTED_EDGE('',*,*,#3112,.F.);
#1908=ORIENTED_EDGE('',*,*,#3115,.F.);
#1909=ORIENTED_EDGE('',*,*,#3118,.F.);
#1910=ORIENTED_EDGE('',*,*,#3121,.F.);
#1911=ORIENTED_EDGE('',*,*,#3139,.F.);
#1912=ORIENTED_EDGE('',*,*,#3140,.F.);
#1913=ORIENTED_EDGE('',*,*,#3141,.F.);
#1914=ORIENTED_EDGE('',*,*,#3142,.T.);
#1915=ORIENTED_EDGE('',*,*,#3143,.T.);
#1916=ORIENTED_EDGE('',*,*,#3144,.F.);
#1917=ORIENTED_EDGE('',*,*,#3145,.F.);
#1918=ORIENTED_EDGE('',*,*,#3146,.T.);
#1919=ORIENTED_EDGE('',*,*,#3141,.T.);
#1920=ORIENTED_EDGE('',*,*,#3147,.F.);
#1921=ORIENTED_EDGE('',*,*,#3148,.F.);
#1922=ORIENTED_EDGE('',*,*,#3149,.T.);
#1923=ORIENTED_EDGE('',*,*,#3145,.T.);
#1924=ORIENTED_EDGE('',*,*,#3150,.F.);
#1925=ORIENTED_EDGE('',*,*,#3151,.F.);
#1926=ORIENTED_EDGE('',*,*,#3152,.T.);
#1927=ORIENTED_EDGE('',*,*,#3148,.T.);
#1928=ORIENTED_EDGE('',*,*,#3153,.F.);
#1929=ORIENTED_EDGE('',*,*,#3154,.F.);
#1930=ORIENTED_EDGE('',*,*,#3155,.T.);
#1931=ORIENTED_EDGE('',*,*,#3151,.T.);
#1932=ORIENTED_EDGE('',*,*,#3156,.F.);
#1933=ORIENTED_EDGE('',*,*,#3157,.F.);
#1934=ORIENTED_EDGE('',*,*,#3158,.T.);
#1935=ORIENTED_EDGE('',*,*,#3154,.T.);
#1936=ORIENTED_EDGE('',*,*,#3159,.F.);
#1937=ORIENTED_EDGE('',*,*,#3160,.F.);
#1938=ORIENTED_EDGE('',*,*,#3161,.T.);
#1939=ORIENTED_EDGE('',*,*,#3157,.T.);
#1940=ORIENTED_EDGE('',*,*,#3162,.F.);
#1941=ORIENTED_EDGE('',*,*,#3163,.F.);
#1942=ORIENTED_EDGE('',*,*,#3164,.T.);
#1943=ORIENTED_EDGE('',*,*,#3160,.T.);
#1944=ORIENTED_EDGE('',*,*,#3165,.F.);
#1945=ORIENTED_EDGE('',*,*,#3166,.F.);
#1946=ORIENTED_EDGE('',*,*,#3167,.T.);
#1947=ORIENTED_EDGE('',*,*,#3163,.T.);
#1948=ORIENTED_EDGE('',*,*,#2756,.F.);
#1949=ORIENTED_EDGE('',*,*,#3168,.F.);
#1950=ORIENTED_EDGE('',*,*,#3169,.T.);
#1951=ORIENTED_EDGE('',*,*,#3170,.T.);
#1952=ORIENTED_EDGE('',*,*,#2771,.F.);
#1953=ORIENTED_EDGE('',*,*,#3171,.F.);
#1954=ORIENTED_EDGE('',*,*,#3172,.T.);
#1955=ORIENTED_EDGE('',*,*,#3168,.T.);
#1956=ORIENTED_EDGE('',*,*,#2770,.F.);
#1957=ORIENTED_EDGE('',*,*,#3173,.F.);
#1958=ORIENTED_EDGE('',*,*,#3174,.T.);
#1959=ORIENTED_EDGE('',*,*,#3171,.T.);
#1960=ORIENTED_EDGE('',*,*,#2769,.F.);
#1961=ORIENTED_EDGE('',*,*,#3175,.F.);
#1962=ORIENTED_EDGE('',*,*,#3176,.T.);
#1963=ORIENTED_EDGE('',*,*,#3173,.T.);
#1964=ORIENTED_EDGE('',*,*,#2768,.F.);
#1965=ORIENTED_EDGE('',*,*,#3177,.F.);
#1966=ORIENTED_EDGE('',*,*,#3178,.T.);
#1967=ORIENTED_EDGE('',*,*,#3175,.T.);
#1968=ORIENTED_EDGE('',*,*,#2767,.F.);
#1969=ORIENTED_EDGE('',*,*,#3179,.F.);
#1970=ORIENTED_EDGE('',*,*,#3180,.T.);
#1971=ORIENTED_EDGE('',*,*,#3177,.T.);
#1972=ORIENTED_EDGE('',*,*,#2766,.F.);
#1973=ORIENTED_EDGE('',*,*,#3181,.F.);
#1974=ORIENTED_EDGE('',*,*,#3182,.T.);
#1975=ORIENTED_EDGE('',*,*,#3179,.T.);
#1976=ORIENTED_EDGE('',*,*,#2765,.F.);
#1977=ORIENTED_EDGE('',*,*,#3183,.F.);
#1978=ORIENTED_EDGE('',*,*,#3184,.T.);
#1979=ORIENTED_EDGE('',*,*,#3181,.T.);
#1980=ORIENTED_EDGE('',*,*,#2764,.F.);
#1981=ORIENTED_EDGE('',*,*,#3185,.F.);
#1982=ORIENTED_EDGE('',*,*,#3186,.T.);
#1983=ORIENTED_EDGE('',*,*,#3183,.T.);
#1984=ORIENTED_EDGE('',*,*,#2763,.F.);
#1985=ORIENTED_EDGE('',*,*,#3187,.F.);
#1986=ORIENTED_EDGE('',*,*,#3188,.T.);
#1987=ORIENTED_EDGE('',*,*,#3185,.T.);
#1988=ORIENTED_EDGE('',*,*,#2762,.F.);
#1989=ORIENTED_EDGE('',*,*,#3189,.F.);
#1990=ORIENTED_EDGE('',*,*,#3190,.T.);
#1991=ORIENTED_EDGE('',*,*,#3187,.T.);
#1992=ORIENTED_EDGE('',*,*,#2761,.F.);
#1993=ORIENTED_EDGE('',*,*,#3191,.F.);
#1994=ORIENTED_EDGE('',*,*,#3192,.T.);
#1995=ORIENTED_EDGE('',*,*,#3189,.T.);
#1996=ORIENTED_EDGE('',*,*,#2760,.F.);
#1997=ORIENTED_EDGE('',*,*,#3193,.F.);
#1998=ORIENTED_EDGE('',*,*,#3194,.T.);
#1999=ORIENTED_EDGE('',*,*,#3191,.T.);
#2000=ORIENTED_EDGE('',*,*,#2759,.F.);
#2001=ORIENTED_EDGE('',*,*,#3195,.F.);
#2002=ORIENTED_EDGE('',*,*,#3196,.T.);
#2003=ORIENTED_EDGE('',*,*,#3193,.T.);
#2004=ORIENTED_EDGE('',*,*,#2758,.F.);
#2005=ORIENTED_EDGE('',*,*,#3197,.F.);
#2006=ORIENTED_EDGE('',*,*,#3198,.T.);
#2007=ORIENTED_EDGE('',*,*,#3195,.T.);
#2008=ORIENTED_EDGE('',*,*,#2757,.F.);
#2009=ORIENTED_EDGE('',*,*,#3170,.F.);
#2010=ORIENTED_EDGE('',*,*,#3199,.T.);
#2011=ORIENTED_EDGE('',*,*,#3197,.T.);
#2012=ORIENTED_EDGE('',*,*,#3200,.F.);
#2013=ORIENTED_EDGE('',*,*,#3143,.F.);
#2014=ORIENTED_EDGE('',*,*,#3201,.T.);
#2015=ORIENTED_EDGE('',*,*,#3166,.T.);
#2016=ORIENTED_EDGE('',*,*,#3169,.F.);
#2017=ORIENTED_EDGE('',*,*,#3172,.F.);
#2018=ORIENTED_EDGE('',*,*,#3174,.F.);
#2019=ORIENTED_EDGE('',*,*,#3176,.F.);
#2020=ORIENTED_EDGE('',*,*,#3178,.F.);
#2021=ORIENTED_EDGE('',*,*,#3180,.F.);
#2022=ORIENTED_EDGE('',*,*,#3182,.F.);
#2023=ORIENTED_EDGE('',*,*,#3184,.F.);
#2024=ORIENTED_EDGE('',*,*,#3186,.F.);
#2025=ORIENTED_EDGE('',*,*,#3188,.F.);
#2026=ORIENTED_EDGE('',*,*,#3190,.F.);
#2027=ORIENTED_EDGE('',*,*,#3192,.F.);
#2028=ORIENTED_EDGE('',*,*,#3194,.F.);
#2029=ORIENTED_EDGE('',*,*,#3196,.F.);
#2030=ORIENTED_EDGE('',*,*,#3198,.F.);
#2031=ORIENTED_EDGE('',*,*,#3199,.F.);
#2032=ORIENTED_EDGE('',*,*,#3142,.F.);
#2033=ORIENTED_EDGE('',*,*,#3146,.F.);
#2034=ORIENTED_EDGE('',*,*,#3149,.F.);
#2035=ORIENTED_EDGE('',*,*,#3152,.F.);
#2036=ORIENTED_EDGE('',*,*,#3155,.F.);
#2037=ORIENTED_EDGE('',*,*,#3158,.F.);
#2038=ORIENTED_EDGE('',*,*,#3161,.F.);
#2039=ORIENTED_EDGE('',*,*,#3164,.F.);
#2040=ORIENTED_EDGE('',*,*,#3167,.F.);
#2041=ORIENTED_EDGE('',*,*,#3201,.F.);
#2042=ORIENTED_EDGE('',*,*,#3202,.F.);
#2043=ORIENTED_EDGE('',*,*,#3203,.F.);
#2044=ORIENTED_EDGE('',*,*,#3204,.T.);
#2045=ORIENTED_EDGE('',*,*,#3205,.T.);
#2046=ORIENTED_EDGE('',*,*,#3206,.F.);
#2047=ORIENTED_EDGE('',*,*,#3207,.F.);
#2048=ORIENTED_EDGE('',*,*,#3208,.T.);
#2049=ORIENTED_EDGE('',*,*,#3203,.T.);
#2050=ORIENTED_EDGE('',*,*,#3209,.F.);
#2051=ORIENTED_EDGE('',*,*,#3210,.F.);
#2052=ORIENTED_EDGE('',*,*,#3211,.T.);
#2053=ORIENTED_EDGE('',*,*,#3207,.T.);
#2054=ORIENTED_EDGE('',*,*,#3212,.F.);
#2055=ORIENTED_EDGE('',*,*,#3213,.F.);
#2056=ORIENTED_EDGE('',*,*,#3214,.T.);
#2057=ORIENTED_EDGE('',*,*,#3210,.T.);
#2058=ORIENTED_EDGE('',*,*,#3215,.F.);
#2059=ORIENTED_EDGE('',*,*,#3216,.F.);
#2060=ORIENTED_EDGE('',*,*,#3217,.T.);
#2061=ORIENTED_EDGE('',*,*,#3213,.T.);
#2062=ORIENTED_EDGE('',*,*,#3218,.F.);
#2063=ORIENTED_EDGE('',*,*,#3219,.F.);
#2064=ORIENTED_EDGE('',*,*,#3220,.T.);
#2065=ORIENTED_EDGE('',*,*,#3216,.T.);
#2066=ORIENTED_EDGE('',*,*,#3221,.F.);
#2067=ORIENTED_EDGE('',*,*,#3222,.F.);
#2068=ORIENTED_EDGE('',*,*,#3223,.T.);
#2069=ORIENTED_EDGE('',*,*,#3219,.T.);
#2070=ORIENTED_EDGE('',*,*,#3224,.F.);
#2071=ORIENTED_EDGE('',*,*,#3225,.F.);
#2072=ORIENTED_EDGE('',*,*,#3226,.T.);
#2073=ORIENTED_EDGE('',*,*,#3222,.T.);
#2074=ORIENTED_EDGE('',*,*,#3227,.F.);
#2075=ORIENTED_EDGE('',*,*,#3228,.F.);
#2076=ORIENTED_EDGE('',*,*,#3229,.T.);
#2077=ORIENTED_EDGE('',*,*,#3225,.T.);
#2078=ORIENTED_EDGE('',*,*,#2653,.F.);
#2079=ORIENTED_EDGE('',*,*,#3230,.F.);
#2080=ORIENTED_EDGE('',*,*,#3231,.T.);
#2081=ORIENTED_EDGE('',*,*,#3232,.T.);
#2082=ORIENTED_EDGE('',*,*,#2668,.F.);
#2083=ORIENTED_EDGE('',*,*,#3233,.F.);
#2084=ORIENTED_EDGE('',*,*,#3234,.T.);
#2085=ORIENTED_EDGE('',*,*,#3230,.T.);
#2086=ORIENTED_EDGE('',*,*,#2667,.F.);
#2087=ORIENTED_EDGE('',*,*,#3235,.F.);
#2088=ORIENTED_EDGE('',*,*,#3236,.T.);
#2089=ORIENTED_EDGE('',*,*,#3233,.T.);
#2090=ORIENTED_EDGE('',*,*,#2666,.F.);
#2091=ORIENTED_EDGE('',*,*,#3237,.F.);
#2092=ORIENTED_EDGE('',*,*,#3238,.T.);
#2093=ORIENTED_EDGE('',*,*,#3235,.T.);
#2094=ORIENTED_EDGE('',*,*,#2665,.F.);
#2095=ORIENTED_EDGE('',*,*,#3239,.F.);
#2096=ORIENTED_EDGE('',*,*,#3240,.T.);
#2097=ORIENTED_EDGE('',*,*,#3237,.T.);
#2098=ORIENTED_EDGE('',*,*,#2664,.F.);
#2099=ORIENTED_EDGE('',*,*,#3241,.F.);
#2100=ORIENTED_EDGE('',*,*,#3242,.T.);
#2101=ORIENTED_EDGE('',*,*,#3239,.T.);
#2102=ORIENTED_EDGE('',*,*,#2663,.F.);
#2103=ORIENTED_EDGE('',*,*,#3243,.F.);
#2104=ORIENTED_EDGE('',*,*,#3244,.T.);
#2105=ORIENTED_EDGE('',*,*,#3241,.T.);
#2106=ORIENTED_EDGE('',*,*,#2662,.F.);
#2107=ORIENTED_EDGE('',*,*,#3245,.F.);
#2108=ORIENTED_EDGE('',*,*,#3246,.T.);
#2109=ORIENTED_EDGE('',*,*,#3243,.T.);
#2110=ORIENTED_EDGE('',*,*,#2661,.F.);
#2111=ORIENTED_EDGE('',*,*,#3247,.F.);
#2112=ORIENTED_EDGE('',*,*,#3248,.T.);
#2113=ORIENTED_EDGE('',*,*,#3245,.T.);
#2114=ORIENTED_EDGE('',*,*,#2660,.F.);
#2115=ORIENTED_EDGE('',*,*,#3249,.F.);
#2116=ORIENTED_EDGE('',*,*,#3250,.T.);
#2117=ORIENTED_EDGE('',*,*,#3247,.T.);
#2118=ORIENTED_EDGE('',*,*,#2659,.F.);
#2119=ORIENTED_EDGE('',*,*,#3251,.F.);
#2120=ORIENTED_EDGE('',*,*,#3252,.T.);
#2121=ORIENTED_EDGE('',*,*,#3249,.T.);
#2122=ORIENTED_EDGE('',*,*,#2658,.F.);
#2123=ORIENTED_EDGE('',*,*,#3253,.F.);
#2124=ORIENTED_EDGE('',*,*,#3254,.T.);
#2125=ORIENTED_EDGE('',*,*,#3251,.T.);
#2126=ORIENTED_EDGE('',*,*,#2657,.F.);
#2127=ORIENTED_EDGE('',*,*,#3255,.F.);
#2128=ORIENTED_EDGE('',*,*,#3256,.T.);
#2129=ORIENTED_EDGE('',*,*,#3253,.T.);
#2130=ORIENTED_EDGE('',*,*,#2656,.F.);
#2131=ORIENTED_EDGE('',*,*,#3257,.F.);
#2132=ORIENTED_EDGE('',*,*,#3258,.T.);
#2133=ORIENTED_EDGE('',*,*,#3255,.T.);
#2134=ORIENTED_EDGE('',*,*,#2655,.F.);
#2135=ORIENTED_EDGE('',*,*,#3259,.F.);
#2136=ORIENTED_EDGE('',*,*,#3260,.T.);
#2137=ORIENTED_EDGE('',*,*,#3257,.T.);
#2138=ORIENTED_EDGE('',*,*,#2654,.F.);
#2139=ORIENTED_EDGE('',*,*,#3232,.F.);
#2140=ORIENTED_EDGE('',*,*,#3261,.T.);
#2141=ORIENTED_EDGE('',*,*,#3259,.T.);
#2142=ORIENTED_EDGE('',*,*,#3262,.F.);
#2143=ORIENTED_EDGE('',*,*,#3205,.F.);
#2144=ORIENTED_EDGE('',*,*,#3263,.T.);
#2145=ORIENTED_EDGE('',*,*,#3228,.T.);
#2146=ORIENTED_EDGE('',*,*,#3231,.F.);
#2147=ORIENTED_EDGE('',*,*,#3234,.F.);
#2148=ORIENTED_EDGE('',*,*,#3236,.F.);
#2149=ORIENTED_EDGE('',*,*,#3238,.F.);
#2150=ORIENTED_EDGE('',*,*,#3240,.F.);
#2151=ORIENTED_EDGE('',*,*,#3242,.F.);
#2152=ORIENTED_EDGE('',*,*,#3244,.F.);
#2153=ORIENTED_EDGE('',*,*,#3246,.F.);
#2154=ORIENTED_EDGE('',*,*,#3248,.F.);
#2155=ORIENTED_EDGE('',*,*,#3250,.F.);
#2156=ORIENTED_EDGE('',*,*,#3252,.F.);
#2157=ORIENTED_EDGE('',*,*,#3254,.F.);
#2158=ORIENTED_EDGE('',*,*,#3256,.F.);
#2159=ORIENTED_EDGE('',*,*,#3258,.F.);
#2160=ORIENTED_EDGE('',*,*,#3260,.F.);
#2161=ORIENTED_EDGE('',*,*,#3261,.F.);
#2162=ORIENTED_EDGE('',*,*,#3204,.F.);
#2163=ORIENTED_EDGE('',*,*,#3208,.F.);
#2164=ORIENTED_EDGE('',*,*,#3211,.F.);
#2165=ORIENTED_EDGE('',*,*,#3214,.F.);
#2166=ORIENTED_EDGE('',*,*,#3217,.F.);
#2167=ORIENTED_EDGE('',*,*,#3220,.F.);
#2168=ORIENTED_EDGE('',*,*,#3223,.F.);
#2169=ORIENTED_EDGE('',*,*,#3226,.F.);
#2170=ORIENTED_EDGE('',*,*,#3229,.F.);
#2171=ORIENTED_EDGE('',*,*,#3263,.F.);
#2172=ORIENTED_EDGE('',*,*,#3264,.F.);
#2173=ORIENTED_EDGE('',*,*,#3265,.F.);
#2174=ORIENTED_EDGE('',*,*,#3266,.T.);
#2175=ORIENTED_EDGE('',*,*,#3267,.T.);
#2176=ORIENTED_EDGE('',*,*,#3268,.F.);
#2177=ORIENTED_EDGE('',*,*,#3269,.F.);
#2178=ORIENTED_EDGE('',*,*,#3270,.T.);
#2179=ORIENTED_EDGE('',*,*,#3265,.T.);
#2180=ORIENTED_EDGE('',*,*,#3271,.F.);
#2181=ORIENTED_EDGE('',*,*,#3272,.F.);
#2182=ORIENTED_EDGE('',*,*,#3273,.T.);
#2183=ORIENTED_EDGE('',*,*,#3269,.T.);
#2184=ORIENTED_EDGE('',*,*,#3274,.F.);
#2185=ORIENTED_EDGE('',*,*,#3275,.F.);
#2186=ORIENTED_EDGE('',*,*,#3276,.T.);
#2187=ORIENTED_EDGE('',*,*,#3272,.T.);
#2188=ORIENTED_EDGE('',*,*,#3277,.F.);
#2189=ORIENTED_EDGE('',*,*,#3278,.F.);
#2190=ORIENTED_EDGE('',*,*,#3279,.T.);
#2191=ORIENTED_EDGE('',*,*,#3275,.T.);
#2192=ORIENTED_EDGE('',*,*,#2772,.F.);
#2193=ORIENTED_EDGE('',*,*,#3280,.F.);
#2194=ORIENTED_EDGE('',*,*,#3281,.T.);
#2195=ORIENTED_EDGE('',*,*,#3282,.T.);
#2196=ORIENTED_EDGE('',*,*,#2782,.F.);
#2197=ORIENTED_EDGE('',*,*,#3283,.F.);
#2198=ORIENTED_EDGE('',*,*,#3284,.T.);
#2199=ORIENTED_EDGE('',*,*,#3280,.T.);
#2200=ORIENTED_EDGE('',*,*,#2781,.F.);
#2201=ORIENTED_EDGE('',*,*,#3285,.F.);
#2202=ORIENTED_EDGE('',*,*,#3286,.T.);
#2203=ORIENTED_EDGE('',*,*,#3283,.T.);
#2204=ORIENTED_EDGE('',*,*,#2780,.F.);
#2205=ORIENTED_EDGE('',*,*,#3287,.F.);
#2206=ORIENTED_EDGE('',*,*,#3288,.T.);
#2207=ORIENTED_EDGE('',*,*,#3285,.T.);
#2208=ORIENTED_EDGE('',*,*,#2779,.F.);
#2209=ORIENTED_EDGE('',*,*,#3289,.F.);
#2210=ORIENTED_EDGE('',*,*,#3290,.T.);
#2211=ORIENTED_EDGE('',*,*,#3287,.T.);
#2212=ORIENTED_EDGE('',*,*,#2778,.F.);
#2213=ORIENTED_EDGE('',*,*,#3291,.F.);
#2214=ORIENTED_EDGE('',*,*,#3292,.T.);
#2215=ORIENTED_EDGE('',*,*,#3289,.T.);
#2216=ORIENTED_EDGE('',*,*,#2777,.F.);
#2217=ORIENTED_EDGE('',*,*,#3293,.F.);
#2218=ORIENTED_EDGE('',*,*,#3294,.T.);
#2219=ORIENTED_EDGE('',*,*,#3291,.T.);
#2220=ORIENTED_EDGE('',*,*,#2776,.F.);
#2221=ORIENTED_EDGE('',*,*,#3295,.F.);
#2222=ORIENTED_EDGE('',*,*,#3296,.T.);
#2223=ORIENTED_EDGE('',*,*,#3293,.T.);
#2224=ORIENTED_EDGE('',*,*,#2775,.F.);
#2225=ORIENTED_EDGE('',*,*,#3297,.F.);
#2226=ORIENTED_EDGE('',*,*,#3298,.T.);
#2227=ORIENTED_EDGE('',*,*,#3295,.T.);
#2228=ORIENTED_EDGE('',*,*,#2774,.F.);
#2229=ORIENTED_EDGE('',*,*,#3299,.F.);
#2230=ORIENTED_EDGE('',*,*,#3300,.T.);
#2231=ORIENTED_EDGE('',*,*,#3297,.T.);
#2232=ORIENTED_EDGE('',*,*,#2773,.F.);
#2233=ORIENTED_EDGE('',*,*,#3282,.F.);
#2234=ORIENTED_EDGE('',*,*,#3301,.T.);
#2235=ORIENTED_EDGE('',*,*,#3299,.T.);
#2236=ORIENTED_EDGE('',*,*,#3302,.F.);
#2237=ORIENTED_EDGE('',*,*,#3267,.F.);
#2238=ORIENTED_EDGE('',*,*,#3303,.T.);
#2239=ORIENTED_EDGE('',*,*,#3278,.T.);
#2240=ORIENTED_EDGE('',*,*,#3281,.F.);
#2241=ORIENTED_EDGE('',*,*,#3284,.F.);
#2242=ORIENTED_EDGE('',*,*,#3286,.F.);
#2243=ORIENTED_EDGE('',*,*,#3288,.F.);
#2244=ORIENTED_EDGE('',*,*,#3290,.F.);
#2245=ORIENTED_EDGE('',*,*,#3292,.F.);
#2246=ORIENTED_EDGE('',*,*,#3294,.F.);
#2247=ORIENTED_EDGE('',*,*,#3296,.F.);
#2248=ORIENTED_EDGE('',*,*,#3298,.F.);
#2249=ORIENTED_EDGE('',*,*,#3300,.F.);
#2250=ORIENTED_EDGE('',*,*,#3301,.F.);
#2251=ORIENTED_EDGE('',*,*,#3266,.F.);
#2252=ORIENTED_EDGE('',*,*,#3270,.F.);
#2253=ORIENTED_EDGE('',*,*,#3273,.F.);
#2254=ORIENTED_EDGE('',*,*,#3276,.F.);
#2255=ORIENTED_EDGE('',*,*,#3279,.F.);
#2256=ORIENTED_EDGE('',*,*,#3303,.F.);
#2257=ORIENTED_EDGE('',*,*,#3304,.F.);
#2258=ORIENTED_EDGE('',*,*,#3305,.F.);
#2259=ORIENTED_EDGE('',*,*,#3306,.T.);
#2260=ORIENTED_EDGE('',*,*,#3307,.T.);
#2261=ORIENTED_EDGE('',*,*,#3308,.F.);
#2262=ORIENTED_EDGE('',*,*,#3309,.F.);
#2263=ORIENTED_EDGE('',*,*,#3310,.T.);
#2264=ORIENTED_EDGE('',*,*,#3305,.T.);
#2265=ORIENTED_EDGE('',*,*,#3311,.F.);
#2266=ORIENTED_EDGE('',*,*,#3312,.F.);
#2267=ORIENTED_EDGE('',*,*,#3313,.T.);
#2268=ORIENTED_EDGE('',*,*,#3309,.T.);
#2269=ORIENTED_EDGE('',*,*,#3314,.F.);
#2270=ORIENTED_EDGE('',*,*,#3315,.F.);
#2271=ORIENTED_EDGE('',*,*,#3316,.T.);
#2272=ORIENTED_EDGE('',*,*,#3312,.T.);
#2273=ORIENTED_EDGE('',*,*,#3317,.F.);
#2274=ORIENTED_EDGE('',*,*,#3318,.F.);
#2275=ORIENTED_EDGE('',*,*,#3319,.T.);
#2276=ORIENTED_EDGE('',*,*,#3315,.T.);
#2277=ORIENTED_EDGE('',*,*,#3320,.F.);
#2278=ORIENTED_EDGE('',*,*,#3321,.F.);
#2279=ORIENTED_EDGE('',*,*,#3322,.T.);
#2280=ORIENTED_EDGE('',*,*,#3318,.T.);
#2281=ORIENTED_EDGE('',*,*,#3323,.F.);
#2282=ORIENTED_EDGE('',*,*,#3324,.F.);
#2283=ORIENTED_EDGE('',*,*,#3325,.T.);
#2284=ORIENTED_EDGE('',*,*,#3321,.T.);
#2285=ORIENTED_EDGE('',*,*,#3326,.F.);
#2286=ORIENTED_EDGE('',*,*,#3327,.F.);
#2287=ORIENTED_EDGE('',*,*,#3328,.T.);
#2288=ORIENTED_EDGE('',*,*,#3329,.T.);
#2289=ORIENTED_EDGE('',*,*,#3330,.F.);
#2290=ORIENTED_EDGE('',*,*,#3331,.F.);
#2291=ORIENTED_EDGE('',*,*,#3332,.T.);
#2292=ORIENTED_EDGE('',*,*,#3327,.T.);
#2293=ORIENTED_EDGE('',*,*,#3333,.F.);
#2294=ORIENTED_EDGE('',*,*,#3334,.F.);
#2295=ORIENTED_EDGE('',*,*,#3335,.T.);
#2296=ORIENTED_EDGE('',*,*,#3331,.T.);
#2297=ORIENTED_EDGE('',*,*,#3336,.F.);
#2298=ORIENTED_EDGE('',*,*,#3337,.F.);
#2299=ORIENTED_EDGE('',*,*,#3338,.T.);
#2300=ORIENTED_EDGE('',*,*,#3334,.T.);
#2301=ORIENTED_EDGE('',*,*,#3339,.F.);
#2302=ORIENTED_EDGE('',*,*,#3340,.F.);
#2303=ORIENTED_EDGE('',*,*,#3341,.T.);
#2304=ORIENTED_EDGE('',*,*,#3337,.T.);
#2305=ORIENTED_EDGE('',*,*,#3342,.F.);
#2306=ORIENTED_EDGE('',*,*,#3343,.F.);
#2307=ORIENTED_EDGE('',*,*,#3344,.T.);
#2308=ORIENTED_EDGE('',*,*,#3340,.T.);
#2309=ORIENTED_EDGE('',*,*,#3345,.F.);
#2310=ORIENTED_EDGE('',*,*,#3346,.F.);
#2311=ORIENTED_EDGE('',*,*,#3347,.T.);
#2312=ORIENTED_EDGE('',*,*,#3343,.T.);
#2313=ORIENTED_EDGE('',*,*,#2638,.F.);
#2314=ORIENTED_EDGE('',*,*,#3348,.F.);
#2315=ORIENTED_EDGE('',*,*,#3349,.T.);
#2316=ORIENTED_EDGE('',*,*,#3350,.T.);
#2317=ORIENTED_EDGE('',*,*,#2652,.F.);
#2318=ORIENTED_EDGE('',*,*,#3351,.F.);
#2319=ORIENTED_EDGE('',*,*,#3352,.T.);
#2320=ORIENTED_EDGE('',*,*,#3348,.T.);
#2321=ORIENTED_EDGE('',*,*,#2651,.F.);
#2322=ORIENTED_EDGE('',*,*,#3353,.F.);
#2323=ORIENTED_EDGE('',*,*,#3354,.T.);
#2324=ORIENTED_EDGE('',*,*,#3351,.T.);
#2325=ORIENTED_EDGE('',*,*,#2650,.F.);
#2326=ORIENTED_EDGE('',*,*,#3355,.F.);
#2327=ORIENTED_EDGE('',*,*,#3356,.T.);
#2328=ORIENTED_EDGE('',*,*,#3353,.T.);
#2329=ORIENTED_EDGE('',*,*,#2649,.F.);
#2330=ORIENTED_EDGE('',*,*,#3357,.F.);
#2331=ORIENTED_EDGE('',*,*,#3358,.T.);
#2332=ORIENTED_EDGE('',*,*,#3355,.T.);
#2333=ORIENTED_EDGE('',*,*,#2648,.F.);
#2334=ORIENTED_EDGE('',*,*,#3359,.F.);
#2335=ORIENTED_EDGE('',*,*,#3360,.T.);
#2336=ORIENTED_EDGE('',*,*,#3357,.T.);
#2337=ORIENTED_EDGE('',*,*,#2647,.F.);
#2338=ORIENTED_EDGE('',*,*,#3361,.F.);
#2339=ORIENTED_EDGE('',*,*,#3362,.T.);
#2340=ORIENTED_EDGE('',*,*,#3359,.T.);
#2341=ORIENTED_EDGE('',*,*,#2646,.F.);
#2342=ORIENTED_EDGE('',*,*,#3363,.F.);
#2343=ORIENTED_EDGE('',*,*,#3364,.T.);
#2344=ORIENTED_EDGE('',*,*,#3361,.T.);
#2345=ORIENTED_EDGE('',*,*,#2645,.F.);
#2346=ORIENTED_EDGE('',*,*,#3365,.F.);
#2347=ORIENTED_EDGE('',*,*,#3366,.T.);
#2348=ORIENTED_EDGE('',*,*,#3363,.T.);
#2349=ORIENTED_EDGE('',*,*,#2644,.F.);
#2350=ORIENTED_EDGE('',*,*,#3367,.F.);
#2351=ORIENTED_EDGE('',*,*,#3368,.T.);
#2352=ORIENTED_EDGE('',*,*,#3365,.T.);
#2353=ORIENTED_EDGE('',*,*,#2643,.F.);
#2354=ORIENTED_EDGE('',*,*,#3369,.F.);
#2355=ORIENTED_EDGE('',*,*,#3370,.T.);
#2356=ORIENTED_EDGE('',*,*,#3367,.T.);
#2357=ORIENTED_EDGE('',*,*,#2642,.F.);
#2358=ORIENTED_EDGE('',*,*,#3371,.F.);
#2359=ORIENTED_EDGE('',*,*,#3372,.T.);
#2360=ORIENTED_EDGE('',*,*,#3369,.T.);
#2361=ORIENTED_EDGE('',*,*,#2641,.F.);
#2362=ORIENTED_EDGE('',*,*,#3373,.F.);
#2363=ORIENTED_EDGE('',*,*,#3374,.T.);
#2364=ORIENTED_EDGE('',*,*,#3371,.T.);
#2365=ORIENTED_EDGE('',*,*,#2640,.F.);
#2366=ORIENTED_EDGE('',*,*,#3375,.F.);
#2367=ORIENTED_EDGE('',*,*,#3376,.T.);
#2368=ORIENTED_EDGE('',*,*,#3373,.T.);
#2369=ORIENTED_EDGE('',*,*,#3377,.F.);
#2370=ORIENTED_EDGE('',*,*,#3329,.F.);
#2371=ORIENTED_EDGE('',*,*,#3378,.T.);
#2372=ORIENTED_EDGE('',*,*,#3346,.T.);
#2373=ORIENTED_EDGE('',*,*,#2639,.F.);
#2374=ORIENTED_EDGE('',*,*,#3350,.F.);
#2375=ORIENTED_EDGE('',*,*,#3379,.T.);
#2376=ORIENTED_EDGE('',*,*,#3375,.T.);
#2377=ORIENTED_EDGE('',*,*,#3380,.F.);
#2378=ORIENTED_EDGE('',*,*,#3307,.F.);
#2379=ORIENTED_EDGE('',*,*,#3381,.T.);
#2380=ORIENTED_EDGE('',*,*,#3324,.T.);
#2381=ORIENTED_EDGE('',*,*,#3349,.F.);
#2382=ORIENTED_EDGE('',*,*,#3352,.F.);
#2383=ORIENTED_EDGE('',*,*,#3354,.F.);
#2384=ORIENTED_EDGE('',*,*,#3356,.F.);
#2385=ORIENTED_EDGE('',*,*,#3358,.F.);
#2386=ORIENTED_EDGE('',*,*,#3360,.F.);
#2387=ORIENTED_EDGE('',*,*,#3362,.F.);
#2388=ORIENTED_EDGE('',*,*,#3364,.F.);
#2389=ORIENTED_EDGE('',*,*,#3366,.F.);
#2390=ORIENTED_EDGE('',*,*,#3368,.F.);
#2391=ORIENTED_EDGE('',*,*,#3370,.F.);
#2392=ORIENTED_EDGE('',*,*,#3372,.F.);
#2393=ORIENTED_EDGE('',*,*,#3374,.F.);
#2394=ORIENTED_EDGE('',*,*,#3376,.F.);
#2395=ORIENTED_EDGE('',*,*,#3379,.F.);
#2396=ORIENTED_EDGE('',*,*,#3328,.F.);
#2397=ORIENTED_EDGE('',*,*,#3332,.F.);
#2398=ORIENTED_EDGE('',*,*,#3335,.F.);
#2399=ORIENTED_EDGE('',*,*,#3338,.F.);
#2400=ORIENTED_EDGE('',*,*,#3341,.F.);
#2401=ORIENTED_EDGE('',*,*,#3344,.F.);
#2402=ORIENTED_EDGE('',*,*,#3347,.F.);
#2403=ORIENTED_EDGE('',*,*,#3378,.F.);
#2404=ORIENTED_EDGE('',*,*,#3306,.F.);
#2405=ORIENTED_EDGE('',*,*,#3310,.F.);
#2406=ORIENTED_EDGE('',*,*,#3313,.F.);
#2407=ORIENTED_EDGE('',*,*,#3316,.F.);
#2408=ORIENTED_EDGE('',*,*,#3319,.F.);
#2409=ORIENTED_EDGE('',*,*,#3322,.F.);
#2410=ORIENTED_EDGE('',*,*,#3325,.F.);
#2411=ORIENTED_EDGE('',*,*,#3381,.F.);
#2412=ORIENTED_EDGE('',*,*,#3326,.T.);
#2413=ORIENTED_EDGE('',*,*,#3377,.T.);
#2414=ORIENTED_EDGE('',*,*,#3345,.T.);
#2415=ORIENTED_EDGE('',*,*,#3342,.T.);
#2416=ORIENTED_EDGE('',*,*,#3339,.T.);
#2417=ORIENTED_EDGE('',*,*,#3336,.T.);
#2418=ORIENTED_EDGE('',*,*,#3333,.T.);
#2419=ORIENTED_EDGE('',*,*,#3330,.T.);
#2420=ORIENTED_EDGE('',*,*,#2783,.F.);
#2421=ORIENTED_EDGE('',*,*,#3382,.F.);
#2422=ORIENTED_EDGE('',*,*,#3383,.T.);
#2423=ORIENTED_EDGE('',*,*,#3384,.T.);
#2424=ORIENTED_EDGE('',*,*,#2810,.F.);
#2425=ORIENTED_EDGE('',*,*,#3385,.F.);
#2426=ORIENTED_EDGE('',*,*,#3386,.T.);
#2427=ORIENTED_EDGE('',*,*,#3382,.T.);
#2428=ORIENTED_EDGE('',*,*,#2809,.F.);
#2429=ORIENTED_EDGE('',*,*,#3387,.F.);
#2430=ORIENTED_EDGE('',*,*,#3388,.T.);
#2431=ORIENTED_EDGE('',*,*,#3385,.T.);
#2432=ORIENTED_EDGE('',*,*,#2808,.F.);
#2433=ORIENTED_EDGE('',*,*,#3389,.F.);
#2434=ORIENTED_EDGE('',*,*,#3390,.T.);
#2435=ORIENTED_EDGE('',*,*,#3387,.T.);
#2436=ORIENTED_EDGE('',*,*,#2807,.F.);
#2437=ORIENTED_EDGE('',*,*,#3391,.F.);
#2438=ORIENTED_EDGE('',*,*,#3392,.T.);
#2439=ORIENTED_EDGE('',*,*,#3389,.T.);
#2440=ORIENTED_EDGE('',*,*,#2806,.F.);
#2441=ORIENTED_EDGE('',*,*,#3393,.F.);
#2442=ORIENTED_EDGE('',*,*,#3394,.T.);
#2443=ORIENTED_EDGE('',*,*,#3391,.T.);
#2444=ORIENTED_EDGE('',*,*,#2805,.F.);
#2445=ORIENTED_EDGE('',*,*,#3395,.F.);
#2446=ORIENTED_EDGE('',*,*,#3396,.T.);
#2447=ORIENTED_EDGE('',*,*,#3393,.T.);
#2448=ORIENTED_EDGE('',*,*,#2804,.F.);
#2449=ORIENTED_EDGE('',*,*,#3397,.F.);
#2450=ORIENTED_EDGE('',*,*,#3398,.T.);
#2451=ORIENTED_EDGE('',*,*,#3395,.T.);
#2452=ORIENTED_EDGE('',*,*,#2803,.F.);
#2453=ORIENTED_EDGE('',*,*,#3399,.F.);
#2454=ORIENTED_EDGE('',*,*,#3400,.T.);
#2455=ORIENTED_EDGE('',*,*,#3397,.T.);
#2456=ORIENTED_EDGE('',*,*,#2802,.F.);
#2457=ORIENTED_EDGE('',*,*,#3401,.F.);
#2458=ORIENTED_EDGE('',*,*,#3402,.T.);
#2459=ORIENTED_EDGE('',*,*,#3399,.T.);
#2460=ORIENTED_EDGE('',*,*,#2801,.F.);
#2461=ORIENTED_EDGE('',*,*,#3403,.F.);
#2462=ORIENTED_EDGE('',*,*,#3404,.T.);
#2463=ORIENTED_EDGE('',*,*,#3401,.T.);
#2464=ORIENTED_EDGE('',*,*,#2800,.F.);
#2465=ORIENTED_EDGE('',*,*,#3405,.F.);
#2466=ORIENTED_EDGE('',*,*,#3406,.T.);
#2467=ORIENTED_EDGE('',*,*,#3403,.T.);
#2468=ORIENTED_EDGE('',*,*,#2799,.F.);
#2469=ORIENTED_EDGE('',*,*,#3407,.F.);
#2470=ORIENTED_EDGE('',*,*,#3408,.T.);
#2471=ORIENTED_EDGE('',*,*,#3405,.T.);
#2472=ORIENTED_EDGE('',*,*,#2798,.F.);
#2473=ORIENTED_EDGE('',*,*,#3409,.F.);
#2474=ORIENTED_EDGE('',*,*,#3410,.T.);
#2475=ORIENTED_EDGE('',*,*,#3407,.T.);
#2476=ORIENTED_EDGE('',*,*,#2797,.F.);
#2477=ORIENTED_EDGE('',*,*,#3411,.F.);
#2478=ORIENTED_EDGE('',*,*,#3412,.T.);
#2479=ORIENTED_EDGE('',*,*,#3409,.T.);
#2480=ORIENTED_EDGE('',*,*,#2796,.F.);
#2481=ORIENTED_EDGE('',*,*,#3413,.F.);
#2482=ORIENTED_EDGE('',*,*,#3414,.T.);
#2483=ORIENTED_EDGE('',*,*,#3411,.T.);
#2484=ORIENTED_EDGE('',*,*,#2795,.F.);
#2485=ORIENTED_EDGE('',*,*,#3415,.F.);
#2486=ORIENTED_EDGE('',*,*,#3416,.T.);
#2487=ORIENTED_EDGE('',*,*,#3413,.T.);
#2488=ORIENTED_EDGE('',*,*,#2794,.F.);
#2489=ORIENTED_EDGE('',*,*,#3417,.F.);
#2490=ORIENTED_EDGE('',*,*,#3418,.T.);
#2491=ORIENTED_EDGE('',*,*,#3415,.T.);
#2492=ORIENTED_EDGE('',*,*,#2793,.F.);
#2493=ORIENTED_EDGE('',*,*,#3419,.F.);
#2494=ORIENTED_EDGE('',*,*,#3420,.T.);
#2495=ORIENTED_EDGE('',*,*,#3417,.T.);
#2496=ORIENTED_EDGE('',*,*,#2792,.F.);
#2497=ORIENTED_EDGE('',*,*,#3421,.F.);
#2498=ORIENTED_EDGE('',*,*,#3422,.T.);
#2499=ORIENTED_EDGE('',*,*,#3419,.T.);
#2500=ORIENTED_EDGE('',*,*,#2791,.F.);
#2501=ORIENTED_EDGE('',*,*,#3423,.F.);
#2502=ORIENTED_EDGE('',*,*,#3424,.T.);
#2503=ORIENTED_EDGE('',*,*,#3421,.T.);
#2504=ORIENTED_EDGE('',*,*,#2790,.F.);
#2505=ORIENTED_EDGE('',*,*,#3425,.F.);
#2506=ORIENTED_EDGE('',*,*,#3426,.T.);
#2507=ORIENTED_EDGE('',*,*,#3423,.T.);
#2508=ORIENTED_EDGE('',*,*,#2789,.F.);
#2509=ORIENTED_EDGE('',*,*,#3427,.F.);
#2510=ORIENTED_EDGE('',*,*,#3428,.T.);
#2511=ORIENTED_EDGE('',*,*,#3425,.T.);
#2512=ORIENTED_EDGE('',*,*,#2788,.F.);
#2513=ORIENTED_EDGE('',*,*,#3429,.F.);
#2514=ORIENTED_EDGE('',*,*,#3430,.T.);
#2515=ORIENTED_EDGE('',*,*,#3427,.T.);
#2516=ORIENTED_EDGE('',*,*,#2787,.F.);
#2517=ORIENTED_EDGE('',*,*,#3431,.F.);
#2518=ORIENTED_EDGE('',*,*,#3432,.T.);
#2519=ORIENTED_EDGE('',*,*,#3429,.T.);
#2520=ORIENTED_EDGE('',*,*,#2786,.F.);
#2521=ORIENTED_EDGE('',*,*,#3433,.F.);
#2522=ORIENTED_EDGE('',*,*,#3434,.T.);
#2523=ORIENTED_EDGE('',*,*,#3431,.T.);
#2524=ORIENTED_EDGE('',*,*,#2785,.F.);
#2525=ORIENTED_EDGE('',*,*,#3435,.F.);
#2526=ORIENTED_EDGE('',*,*,#3436,.T.);
#2527=ORIENTED_EDGE('',*,*,#3433,.T.);
#2528=ORIENTED_EDGE('',*,*,#2784,.F.);
#2529=ORIENTED_EDGE('',*,*,#3384,.F.);
#2530=ORIENTED_EDGE('',*,*,#3437,.T.);
#2531=ORIENTED_EDGE('',*,*,#3435,.T.);
#2532=ORIENTED_EDGE('',*,*,#3383,.F.);
#2533=ORIENTED_EDGE('',*,*,#3386,.F.);
#2534=ORIENTED_EDGE('',*,*,#3388,.F.);
#2535=ORIENTED_EDGE('',*,*,#3390,.F.);
#2536=ORIENTED_EDGE('',*,*,#3392,.F.);
#2537=ORIENTED_EDGE('',*,*,#3394,.F.);
#2538=ORIENTED_EDGE('',*,*,#3396,.F.);
#2539=ORIENTED_EDGE('',*,*,#3398,.F.);
#2540=ORIENTED_EDGE('',*,*,#3400,.F.);
#2541=ORIENTED_EDGE('',*,*,#3402,.F.);
#2542=ORIENTED_EDGE('',*,*,#3404,.F.);
#2543=ORIENTED_EDGE('',*,*,#3406,.F.);
#2544=ORIENTED_EDGE('',*,*,#3408,.F.);
#2545=ORIENTED_EDGE('',*,*,#3410,.F.);
#2546=ORIENTED_EDGE('',*,*,#3412,.F.);
#2547=ORIENTED_EDGE('',*,*,#3414,.F.);
#2548=ORIENTED_EDGE('',*,*,#3416,.F.);
#2549=ORIENTED_EDGE('',*,*,#3418,.F.);
#2550=ORIENTED_EDGE('',*,*,#3420,.F.);
#2551=ORIENTED_EDGE('',*,*,#3422,.F.);
#2552=ORIENTED_EDGE('',*,*,#3424,.F.);
#2553=ORIENTED_EDGE('',*,*,#3426,.F.);
#2554=ORIENTED_EDGE('',*,*,#3428,.F.);
#2555=ORIENTED_EDGE('',*,*,#3430,.F.);
#2556=ORIENTED_EDGE('',*,*,#3432,.F.);
#2557=ORIENTED_EDGE('',*,*,#3434,.F.);
#2558=ORIENTED_EDGE('',*,*,#3436,.F.);
#2559=ORIENTED_EDGE('',*,*,#3437,.F.);
#2560=ORIENTED_EDGE('',*,*,#2884,.T.);
#2561=ORIENTED_EDGE('',*,*,#2942,.T.);
#2562=ORIENTED_EDGE('',*,*,#2909,.T.);
#2563=ORIENTED_EDGE('',*,*,#2906,.T.);
#2564=ORIENTED_EDGE('',*,*,#2903,.T.);
#2565=ORIENTED_EDGE('',*,*,#2900,.T.);
#2566=ORIENTED_EDGE('',*,*,#2897,.T.);
#2567=ORIENTED_EDGE('',*,*,#2894,.T.);
#2568=ORIENTED_EDGE('',*,*,#2891,.T.);
#2569=ORIENTED_EDGE('',*,*,#2888,.T.);
#2570=ORIENTED_EDGE('',*,*,#2944,.T.);
#2571=ORIENTED_EDGE('',*,*,#2982,.T.);
#2572=ORIENTED_EDGE('',*,*,#2963,.T.);
#2573=ORIENTED_EDGE('',*,*,#2960,.T.);
#2574=ORIENTED_EDGE('',*,*,#2957,.T.);
#2575=ORIENTED_EDGE('',*,*,#2954,.T.);
#2576=ORIENTED_EDGE('',*,*,#2951,.T.);
#2577=ORIENTED_EDGE('',*,*,#2948,.T.);
#2578=ORIENTED_EDGE('',*,*,#2984,.T.);
#2579=ORIENTED_EDGE('',*,*,#3044,.T.);
#2580=ORIENTED_EDGE('',*,*,#3009,.T.);
#2581=ORIENTED_EDGE('',*,*,#3006,.T.);
#2582=ORIENTED_EDGE('',*,*,#3003,.T.);
#2583=ORIENTED_EDGE('',*,*,#3000,.T.);
#2584=ORIENTED_EDGE('',*,*,#2997,.T.);
#2585=ORIENTED_EDGE('',*,*,#2994,.T.);
#2586=ORIENTED_EDGE('',*,*,#2991,.T.);
#2587=ORIENTED_EDGE('',*,*,#2988,.T.);
#2588=ORIENTED_EDGE('',*,*,#3100,.T.);
#2589=ORIENTED_EDGE('',*,*,#3138,.T.);
#2590=ORIENTED_EDGE('',*,*,#3119,.T.);
#2591=ORIENTED_EDGE('',*,*,#3116,.T.);
#2592=ORIENTED_EDGE('',*,*,#3113,.T.);
#2593=ORIENTED_EDGE('',*,*,#3110,.T.);
#2594=ORIENTED_EDGE('',*,*,#3107,.T.);
#2595=ORIENTED_EDGE('',*,*,#3104,.T.);
#2596=ORIENTED_EDGE('',*,*,#3140,.T.);
#2597=ORIENTED_EDGE('',*,*,#3200,.T.);
#2598=ORIENTED_EDGE('',*,*,#3165,.T.);
#2599=ORIENTED_EDGE('',*,*,#3162,.T.);
#2600=ORIENTED_EDGE('',*,*,#3159,.T.);
#2601=ORIENTED_EDGE('',*,*,#3156,.T.);
#2602=ORIENTED_EDGE('',*,*,#3153,.T.);
#2603=ORIENTED_EDGE('',*,*,#3150,.T.);
#2604=ORIENTED_EDGE('',*,*,#3147,.T.);
#2605=ORIENTED_EDGE('',*,*,#3144,.T.);
#2606=ORIENTED_EDGE('',*,*,#3202,.T.);
#2607=ORIENTED_EDGE('',*,*,#3262,.T.);
#2608=ORIENTED_EDGE('',*,*,#3227,.T.);
#2609=ORIENTED_EDGE('',*,*,#3224,.T.);
#2610=ORIENTED_EDGE('',*,*,#3221,.T.);
#2611=ORIENTED_EDGE('',*,*,#3218,.T.);
#2612=ORIENTED_EDGE('',*,*,#3215,.T.);
#2613=ORIENTED_EDGE('',*,*,#3212,.T.);
#2614=ORIENTED_EDGE('',*,*,#3209,.T.);
#2615=ORIENTED_EDGE('',*,*,#3206,.T.);
#2616=ORIENTED_EDGE('',*,*,#3264,.T.);
#2617=ORIENTED_EDGE('',*,*,#3302,.T.);
#2618=ORIENTED_EDGE('',*,*,#3277,.T.);
#2619=ORIENTED_EDGE('',*,*,#3274,.T.);
#2620=ORIENTED_EDGE('',*,*,#3271,.T.);
#2621=ORIENTED_EDGE('',*,*,#3268,.T.);
#2622=ORIENTED_EDGE('',*,*,#3304,.T.);
#2623=ORIENTED_EDGE('',*,*,#3380,.T.);
#2624=ORIENTED_EDGE('',*,*,#3323,.T.);
#2625=ORIENTED_EDGE('',*,*,#3320,.T.);
#2626=ORIENTED_EDGE('',*,*,#3317,.T.);
#2627=ORIENTED_EDGE('',*,*,#3314,.T.);
#2628=ORIENTED_EDGE('',*,*,#3311,.T.);
#2629=ORIENTED_EDGE('',*,*,#3308,.T.);
#2630=ORIENTED_EDGE('',*,*,#2850,.T.);
#2631=ORIENTED_EDGE('',*,*,#2840,.T.);
#2632=ORIENTED_EDGE('',*,*,#3438,.T.);
#2633=ORIENTED_EDGE('',*,*,#2865,.F.);
#2634=ORIENTED_EDGE('',*,*,#3439,.F.);
#2635=ORIENTED_EDGE('',*,*,#2832,.T.);
#2636=ORIENTED_EDGE('',*,*,#3438,.F.);
#2637=ORIENTED_EDGE('',*,*,#3439,.T.);
#2638=EDGE_CURVE('',#3440,#3441,#3976,.T.);
#2639=EDGE_CURVE('',#3441,#3442,#3977,.T.);
#2640=EDGE_CURVE('',#3442,#3443,#3978,.T.);
#2641=EDGE_CURVE('',#3443,#3444,#3979,.T.);
#2642=EDGE_CURVE('',#3444,#3445,#3980,.T.);
#2643=EDGE_CURVE('',#3445,#3446,#3981,.T.);
#2644=EDGE_CURVE('',#3446,#3447,#3982,.T.);
#2645=EDGE_CURVE('',#3447,#3448,#3983,.T.);
#2646=EDGE_CURVE('',#3448,#3449,#3984,.T.);
#2647=EDGE_CURVE('',#3449,#3450,#3985,.T.);
#2648=EDGE_CURVE('',#3450,#3451,#3986,.T.);
#2649=EDGE_CURVE('',#3451,#3452,#3987,.T.);
#2650=EDGE_CURVE('',#3452,#3453,#3988,.T.);
#2651=EDGE_CURVE('',#3453,#3454,#3989,.T.);
#2652=EDGE_CURVE('',#3454,#3440,#3990,.T.);
#2653=EDGE_CURVE('',#3455,#3456,#3991,.T.);
#2654=EDGE_CURVE('',#3456,#3457,#3992,.T.);
#2655=EDGE_CURVE('',#3457,#3458,#246,.T.);
#2656=EDGE_CURVE('',#3458,#3459,#3993,.T.);
#2657=EDGE_CURVE('',#3459,#3460,#3994,.T.);
#2658=EDGE_CURVE('',#3460,#3461,#3995,.T.);
#2659=EDGE_CURVE('',#3461,#3462,#247,.T.);
#2660=EDGE_CURVE('',#3462,#3463,#216,.F.);
#2661=EDGE_CURVE('',#3463,#3464,#3996,.T.);
#2662=EDGE_CURVE('',#3464,#3465,#3997,.T.);
#2663=EDGE_CURVE('',#3465,#3466,#3998,.T.);
#2664=EDGE_CURVE('',#3466,#3467,#3999,.T.);
#2665=EDGE_CURVE('',#3467,#3468,#4000,.T.);
#2666=EDGE_CURVE('',#3468,#3469,#4001,.T.);
#2667=EDGE_CURVE('',#3469,#3470,#4002,.T.);
#2668=EDGE_CURVE('',#3470,#3455,#4003,.T.);
#2669=EDGE_CURVE('',#3471,#3472,#4004,.T.);
#2670=EDGE_CURVE('',#3472,#3473,#4005,.T.);
#2671=EDGE_CURVE('',#3473,#3474,#4006,.T.);
#2672=EDGE_CURVE('',#3474,#3475,#4007,.T.);
#2673=EDGE_CURVE('',#3475,#3476,#4008,.T.);
#2674=EDGE_CURVE('',#3476,#3477,#4009,.T.);
#2675=EDGE_CURVE('',#3477,#3478,#4010,.T.);
#2676=EDGE_CURVE('',#3478,#3471,#4011,.T.);
#2677=EDGE_CURVE('',#3479,#3480,#248,.T.);
#2678=EDGE_CURVE('',#3480,#3481,#249,.T.);
#2679=EDGE_CURVE('',#3481,#3482,#250,.T.);
#2680=EDGE_CURVE('',#3482,#3483,#251,.T.);
#2681=EDGE_CURVE('',#3483,#3484,#252,.T.);
#2682=EDGE_CURVE('',#3484,#3485,#253,.T.);
#2683=EDGE_CURVE('',#3485,#3479,#254,.T.);
#2684=EDGE_CURVE('',#3486,#3487,#4012,.T.);
#2685=EDGE_CURVE('',#3487,#3488,#4013,.T.);
#2686=EDGE_CURVE('',#3488,#3489,#4014,.T.);
#2687=EDGE_CURVE('',#3489,#3490,#4015,.T.);
#2688=EDGE_CURVE('',#3490,#3491,#4016,.T.);
#2689=EDGE_CURVE('',#3491,#3492,#4017,.T.);
#2690=EDGE_CURVE('',#3492,#3493,#4018,.T.);
#2691=EDGE_CURVE('',#3493,#3486,#4019,.T.);
#2692=EDGE_CURVE('',#3494,#3495,#4020,.T.);
#2693=EDGE_CURVE('',#3495,#3496,#4021,.T.);
#2694=EDGE_CURVE('',#3496,#3497,#4022,.T.);
#2695=EDGE_CURVE('',#3497,#3498,#4023,.T.);
#2696=EDGE_CURVE('',#3498,#3499,#4024,.T.);
#2697=EDGE_CURVE('',#3499,#3500,#4025,.T.);
#2698=EDGE_CURVE('',#3500,#3501,#4026,.T.);
#2699=EDGE_CURVE('',#3501,#3494,#4027,.T.);
#2700=EDGE_CURVE('',#3502,#3503,#255,.T.);
#2701=EDGE_CURVE('',#3503,#3504,#256,.T.);
#2702=EDGE_CURVE('',#3504,#3505,#217,.F.);
#2703=EDGE_CURVE('',#3505,#3506,#218,.F.);
#2704=EDGE_CURVE('',#3506,#3507,#4028,.T.);
#2705=EDGE_CURVE('',#3507,#3508,#257,.T.);
#2706=EDGE_CURVE('',#3508,#3509,#258,.T.);
#2707=EDGE_CURVE('',#3509,#3510,#259,.T.);
#2708=EDGE_CURVE('',#3510,#3502,#260,.T.);
#2709=EDGE_CURVE('',#3511,#3512,#261,.T.);
#2710=EDGE_CURVE('',#3513,#3512,#262,.T.);
#2711=EDGE_CURVE('',#3514,#3513,#263,.T.);
#2712=EDGE_CURVE('',#3514,#3511,#264,.T.);
#2713=EDGE_CURVE('',#3515,#3516,#4029,.T.);
#2714=EDGE_CURVE('',#3516,#3517,#4030,.T.);
#2715=EDGE_CURVE('',#3517,#3518,#4031,.T.);
#2716=EDGE_CURVE('',#3518,#3519,#265,.T.);
#2717=EDGE_CURVE('',#3519,#3520,#4032,.T.);
#2718=EDGE_CURVE('',#3520,#3521,#4033,.T.);
#2719=EDGE_CURVE('',#3521,#3522,#4034,.T.);
#2720=EDGE_CURVE('',#3522,#3523,#266,.T.);
#2721=EDGE_CURVE('',#3523,#3524,#4035,.T.);
#2722=EDGE_CURVE('',#3524,#3525,#4036,.T.);
#2723=EDGE_CURVE('',#3525,#3526,#4037,.T.);
#2724=EDGE_CURVE('',#3526,#3527,#4038,.T.);
#2725=EDGE_CURVE('',#3527,#3528,#4039,.T.);
#2726=EDGE_CURVE('',#3528,#3529,#4040,.T.);
#2727=EDGE_CURVE('',#3529,#3515,#4041,.T.);
#2728=EDGE_CURVE('',#3530,#3531,#4042,.T.);
#2729=EDGE_CURVE('',#3531,#3532,#4043,.T.);
#2730=EDGE_CURVE('',#3532,#3533,#267,.T.);
#2731=EDGE_CURVE('',#3533,#3534,#4044,.T.);
#2732=EDGE_CURVE('',#3534,#3535,#4045,.T.);
#2733=EDGE_CURVE('',#3535,#3536,#4046,.T.);
#2734=EDGE_CURVE('',#3536,#3537,#268,.T.);
#2735=EDGE_CURVE('',#3537,#3538,#219,.F.);
#2736=EDGE_CURVE('',#3538,#3539,#4047,.T.);
#2737=EDGE_CURVE('',#3539,#3540,#4048,.T.);
#2738=EDGE_CURVE('',#3540,#3541,#4049,.T.);
#2739=EDGE_CURVE('',#3541,#3542,#4050,.T.);
#2740=EDGE_CURVE('',#3542,#3543,#4051,.T.);
#2741=EDGE_CURVE('',#3543,#3544,#4052,.T.);
#2742=EDGE_CURVE('',#3544,#3545,#4053,.T.);
#2743=EDGE_CURVE('',#3545,#3530,#4054,.T.);
#2744=EDGE_CURVE('',#3546,#3547,#269,.T.);
#2745=EDGE_CURVE('',#3547,#3548,#270,.T.);
#2746=EDGE_CURVE('',#3548,#3549,#271,.T.);
#2747=EDGE_CURVE('',#3549,#3546,#272,.T.);
#2748=EDGE_CURVE('',#3550,#3551,#4055,.T.);
#2749=EDGE_CURVE('',#3551,#3552,#4056,.T.);
#2750=EDGE_CURVE('',#3552,#3553,#4057,.T.);
#2751=EDGE_CURVE('',#3553,#3554,#4058,.T.);
#2752=EDGE_CURVE('',#3554,#3555,#4059,.T.);
#2753=EDGE_CURVE('',#3555,#3556,#4060,.T.);
#2754=EDGE_CURVE('',#3556,#3557,#4061,.T.);
#2755=EDGE_CURVE('',#3557,#3550,#4062,.T.);
#2756=EDGE_CURVE('',#3558,#3559,#4063,.T.);
#2757=EDGE_CURVE('',#3559,#3560,#4064,.T.);
#2758=EDGE_CURVE('',#3560,#3561,#273,.T.);
#2759=EDGE_CURVE('',#3561,#3562,#4065,.T.);
#2760=EDGE_CURVE('',#3562,#3563,#4066,.T.);
#2761=EDGE_CURVE('',#3563,#3564,#4067,.T.);
#2762=EDGE_CURVE('',#3564,#3565,#274,.T.);
#2763=EDGE_CURVE('',#3565,#3566,#220,.F.);
#2764=EDGE_CURVE('',#3566,#3567,#4068,.T.);
#2765=EDGE_CURVE('',#3567,#3568,#4069,.T.);
#2766=EDGE_CURVE('',#3568,#3569,#4070,.T.);
#2767=EDGE_CURVE('',#3569,#3570,#4071,.T.);
#2768=EDGE_CURVE('',#3570,#3571,#4072,.T.);
#2769=EDGE_CURVE('',#3571,#3572,#4073,.T.);
#2770=EDGE_CURVE('',#3572,#3573,#4074,.T.);
#2771=EDGE_CURVE('',#3573,#3558,#4075,.T.);
#2772=EDGE_CURVE('',#3574,#3575,#275,.T.);
#2773=EDGE_CURVE('',#3575,#3576,#276,.T.);
#2774=EDGE_CURVE('',#3576,#3577,#277,.T.);
#2775=EDGE_CURVE('',#3577,#3578,#278,.T.);
#2776=EDGE_CURVE('',#3578,#3579,#279,.T.);
#2777=EDGE_CURVE('',#3579,#3580,#280,.T.);
#2778=EDGE_CURVE('',#3580,#3581,#281,.T.);
#2779=EDGE_CURVE('',#3581,#3582,#282,.T.);
#2780=EDGE_CURVE('',#3582,#3583,#283,.T.);
#2781=EDGE_CURVE('',#3583,#3584,#284,.T.);
#2782=EDGE_CURVE('',#3584,#3574,#285,.T.);
#2783=EDGE_CURVE('',#3585,#3586,#4076,.T.);
#2784=EDGE_CURVE('',#3586,#3587,#4077,.T.);
#2785=EDGE_CURVE('',#3587,#3588,#286,.T.);
#2786=EDGE_CURVE('',#3588,#3589,#4078,.T.);
#2787=EDGE_CURVE('',#3589,#3590,#4079,.T.);
#2788=EDGE_CURVE('',#3590,#3591,#4080,.T.);
#2789=EDGE_CURVE('',#3591,#3592,#4081,.T.);
#2790=EDGE_CURVE('',#3592,#3593,#4082,.T.);
#2791=EDGE_CURVE('',#3593,#3594,#221,.F.);
#2792=EDGE_CURVE('',#3594,#3595,#287,.T.);
#2793=EDGE_CURVE('',#3595,#3596,#222,.T.);
#2794=EDGE_CURVE('',#3596,#3597,#4083,.T.);
#2795=EDGE_CURVE('',#3597,#3598,#4084,.T.);
#2796=EDGE_CURVE('',#3598,#3599,#4085,.T.);
#2797=EDGE_CURVE('',#3599,#3600,#288,.T.);
#2798=EDGE_CURVE('',#3600,#3601,#289,.T.);
#2799=EDGE_CURVE('',#3601,#3602,#290,.T.);
#2800=EDGE_CURVE('',#3602,#3603,#4086,.T.);
#2801=EDGE_CURVE('',#3603,#3604,#4087,.T.);
#2802=EDGE_CURVE('',#3604,#3605,#4088,.T.);
#2803=EDGE_CURVE('',#3605,#3606,#4089,.T.);
#2804=EDGE_CURVE('',#3606,#3607,#223,.T.);
#2805=EDGE_CURVE('',#3607,#3608,#4090,.T.);
#2806=EDGE_CURVE('',#3608,#3609,#291,.T.);
#2807=EDGE_CURVE('',#3609,#3610,#4091,.T.);
#2808=EDGE_CURVE('',#3610,#3611,#224,.F.);
#2809=EDGE_CURVE('',#3611,#3612,#4092,.T.);
#2810=EDGE_CURVE('',#3612,#3585,#4093,.T.);
#2811=EDGE_CURVE('',#3613,#3614,#292,.T.);
#2812=EDGE_CURVE('',#3613,#3615,#293,.T.);
#2813=EDGE_CURVE('',#3615,#3616,#294,.T.);
#2814=EDGE_CURVE('',#3616,#3617,#295,.T.);
#2815=EDGE_CURVE('',#3617,#3618,#296,.T.);
#2816=EDGE_CURVE('',#3618,#3619,#297,.T.);
#2817=EDGE_CURVE('',#3614,#3619,#298,.T.);
#2818=EDGE_CURVE('',#3620,#3615,#299,.T.);
#2819=EDGE_CURVE('',#3620,#3621,#300,.T.);
#2820=EDGE_CURVE('',#3616,#3621,#301,.T.);
#2821=EDGE_CURVE('',#3622,#3623,#302,.T.);
#2822=EDGE_CURVE('',#3624,#3622,#303,.T.);
#2823=EDGE_CURVE('',#3624,#3625,#304,.T.);
#2824=EDGE_CURVE('',#3625,#3623,#305,.T.);
#2825=EDGE_CURVE('',#3622,#3626,#306,.T.);
#2826=EDGE_CURVE('',#3627,#3626,#307,.T.);
#2827=EDGE_CURVE('',#3627,#3628,#308,.T.);
#2828=EDGE_CURVE('',#3628,#3629,#309,.T.);
#2829=EDGE_CURVE('',#3630,#3629,#310,.T.);
#2830=EDGE_CURVE('',#3631,#3630,#311,.T.);
#2831=EDGE_CURVE('',#3624,#3631,#312,.T.);
#2832=EDGE_CURVE('',#3632,#3632,#225,.T.);
#2833=EDGE_CURVE('',#3626,#3512,#313,.T.);
#2834=EDGE_CURVE('',#3613,#3511,#314,.T.);
#2835=EDGE_CURVE('',#3614,#3633,#315,.T.);
#2836=EDGE_CURVE('',#3634,#3633,#316,.T.);
#2837=EDGE_CURVE('',#3627,#3634,#317,.T.);
#2838=EDGE_CURVE('',#3634,#3635,#318,.T.);
#2839=EDGE_CURVE('',#3628,#3635,#319,.T.);
#2840=EDGE_CURVE('',#3636,#3636,#226,.T.);
#2841=EDGE_CURVE('',#3635,#3637,#320,.T.);
#2842=EDGE_CURVE('',#3619,#3637,#321,.T.);
#2843=EDGE_CURVE('',#3638,#3618,#322,.T.);
#2844=EDGE_CURVE('',#3639,#3638,#323,.T.);
#2845=EDGE_CURVE('',#3639,#3629,#324,.T.);
#2846=EDGE_CURVE('',#3625,#3640,#325,.T.);
#2847=EDGE_CURVE('',#3631,#3640,#326,.T.);
#2848=EDGE_CURVE('',#3621,#3641,#327,.T.);
#2849=EDGE_CURVE('',#3617,#3641,#328,.T.);
#2850=EDGE_CURVE('',#3642,#3642,#227,.T.);
#2851=EDGE_CURVE('',#3640,#3641,#329,.T.);
#2852=EDGE_CURVE('',#3643,#3630,#330,.T.);
#2853=EDGE_CURVE('',#3643,#3644,#331,.T.);
#2854=EDGE_CURVE('',#3644,#3617,#332,.T.);
#2855=EDGE_CURVE('',#3633,#3637,#333,.T.);
#2856=EDGE_CURVE('',#3645,#3620,#334,.T.);
#2857=EDGE_CURVE('',#3646,#3645,#335,.T.);
#2858=EDGE_CURVE('',#3646,#3623,#336,.T.);
#2859=EDGE_CURVE('',#3644,#3638,#337,.T.);
#2860=EDGE_CURVE('',#3643,#3639,#338,.T.);
#2861=EDGE_CURVE('',#3647,#3622,#339,.T.);
#2862=EDGE_CURVE('',#3647,#3646,#340,.T.);
#2863=EDGE_CURVE('',#3645,#3514,#341,.T.);
#2864=EDGE_CURVE('',#3647,#3513,#342,.T.);
#2865=EDGE_CURVE('',#3648,#3648,#228,.T.);
#2866=EDGE_CURVE('',#3649,#3502,#343,.T.);
#2867=EDGE_CURVE('',#3649,#3650,#344,.T.);
#2868=EDGE_CURVE('',#3650,#3503,#345,.T.);
#2869=EDGE_CURVE('',#3651,#3510,#346,.T.);
#2870=EDGE_CURVE('',#3651,#3649,#347,.T.);
#2871=EDGE_CURVE('',#3652,#3509,#348,.T.);
#2872=EDGE_CURVE('',#3652,#3651,#349,.T.);
#2873=EDGE_CURVE('',#3653,#3508,#350,.T.);
#2874=EDGE_CURVE('',#3653,#3652,#351,.T.);
#2875=EDGE_CURVE('',#3654,#3507,#352,.T.);
#2876=EDGE_CURVE('',#3654,#3653,#353,.T.);
#2877=EDGE_CURVE('',#3655,#3506,#354,.T.);
#2878=EDGE_CURVE('',#3655,#3654,#4094,.T.);
#2879=EDGE_CURVE('',#3656,#3505,#355,.T.);
#2880=EDGE_CURVE('',#3656,#3655,#229,.F.);
#2881=EDGE_CURVE('',#3657,#3504,#356,.T.);
#2882=EDGE_CURVE('',#3657,#3656,#230,.F.);
#2883=EDGE_CURVE('',#3650,#3657,#357,.T.);
#2884=EDGE_CURVE('',#3658,#3659,#4095,.T.);
#2885=EDGE_CURVE('',#3660,#3658,#358,.T.);
#2886=EDGE_CURVE('',#3660,#3661,#4096,.T.);
#2887=EDGE_CURVE('',#3661,#3659,#359,.T.);
#2888=EDGE_CURVE('',#3662,#3658,#4097,.T.);
#2889=EDGE_CURVE('',#3663,#3662,#360,.T.);
#2890=EDGE_CURVE('',#3663,#3660,#4098,.T.);
#2891=EDGE_CURVE('',#3664,#3662,#4099,.T.);
#2892=EDGE_CURVE('',#3665,#3664,#361,.T.);
#2893=EDGE_CURVE('',#3665,#3663,#4100,.T.);
#2894=EDGE_CURVE('',#3666,#3664,#231,.T.);
#2895=EDGE_CURVE('',#3667,#3666,#362,.T.);
#2896=EDGE_CURVE('',#3667,#3665,#232,.T.);
#2897=EDGE_CURVE('',#3668,#3666,#4101,.T.);
#2898=EDGE_CURVE('',#3669,#3668,#363,.T.);
#2899=EDGE_CURVE('',#3669,#3667,#4102,.T.);
#2900=EDGE_CURVE('',#3670,#3668,#4103,.T.);
#2901=EDGE_CURVE('',#3671,#3670,#364,.T.);
#2902=EDGE_CURVE('',#3671,#3669,#4104,.T.);
#2903=EDGE_CURVE('',#3672,#3670,#4105,.T.);
#2904=EDGE_CURVE('',#3673,#3672,#365,.T.);
#2905=EDGE_CURVE('',#3673,#3671,#4106,.T.);
#2906=EDGE_CURVE('',#3674,#3672,#4107,.T.);
#2907=EDGE_CURVE('',#3675,#3674,#366,.T.);
#2908=EDGE_CURVE('',#3675,#3673,#4108,.T.);
#2909=EDGE_CURVE('',#3676,#3674,#4109,.T.);
#2910=EDGE_CURVE('',#3677,#3676,#367,.T.);
#2911=EDGE_CURVE('',#3677,#3675,#4110,.T.);
#2912=EDGE_CURVE('',#3678,#3515,#368,.T.);
#2913=EDGE_CURVE('',#3678,#3679,#4111,.T.);
#2914=EDGE_CURVE('',#3679,#3516,#369,.T.);
#2915=EDGE_CURVE('',#3680,#3529,#370,.T.);
#2916=EDGE_CURVE('',#3680,#3678,#4112,.T.);
#2917=EDGE_CURVE('',#3681,#3528,#371,.T.);
#2918=EDGE_CURVE('',#3681,#3680,#4113,.T.);
#2919=EDGE_CURVE('',#3682,#3527,#372,.T.);
#2920=EDGE_CURVE('',#3682,#3681,#4114,.T.);
#2921=EDGE_CURVE('',#3683,#3526,#373,.T.);
#2922=EDGE_CURVE('',#3683,#3682,#4115,.T.);
#2923=EDGE_CURVE('',#3684,#3525,#374,.T.);
#2924=EDGE_CURVE('',#3684,#3683,#4116,.T.);
#2925=EDGE_CURVE('',#3685,#3524,#375,.T.);
#2926=EDGE_CURVE('',#3685,#3684,#4117,.T.);
#2927=EDGE_CURVE('',#3686,#3523,#376,.T.);
#2928=EDGE_CURVE('',#3686,#3685,#4118,.T.);
#2929=EDGE_CURVE('',#3687,#3522,#377,.T.);
#2930=EDGE_CURVE('',#3687,#3686,#378,.T.);
#2931=EDGE_CURVE('',#3688,#3521,#379,.T.);
#2932=EDGE_CURVE('',#3688,#3687,#4119,.T.);
#2933=EDGE_CURVE('',#3689,#3520,#380,.T.);
#2934=EDGE_CURVE('',#3689,#3688,#4120,.T.);
#2935=EDGE_CURVE('',#3690,#3519,#381,.T.);
#2936=EDGE_CURVE('',#3690,#3689,#4121,.T.);
#2937=EDGE_CURVE('',#3691,#3518,#382,.T.);
#2938=EDGE_CURVE('',#3691,#3690,#383,.T.);
#2939=EDGE_CURVE('',#3692,#3517,#384,.T.);
#2940=EDGE_CURVE('',#3692,#3691,#4122,.T.);
#2941=EDGE_CURVE('',#3679,#3692,#4123,.T.);
#2942=EDGE_CURVE('',#3659,#3676,#4124,.T.);
#2943=EDGE_CURVE('',#3661,#3677,#4125,.T.);
#2944=EDGE_CURVE('',#3693,#3694,#4126,.T.);
#2945=EDGE_CURVE('',#3695,#3693,#385,.T.);
#2946=EDGE_CURVE('',#3695,#3696,#4127,.T.);
#2947=EDGE_CURVE('',#3696,#3694,#386,.T.);
#2948=EDGE_CURVE('',#3697,#3693,#4128,.T.);
#2949=EDGE_CURVE('',#3698,#3697,#387,.T.);
#2950=EDGE_CURVE('',#3698,#3695,#4129,.T.);
#2951=EDGE_CURVE('',#3699,#3697,#4130,.T.);
#2952=EDGE_CURVE('',#3700,#3699,#388,.T.);
#2953=EDGE_CURVE('',#3700,#3698,#4131,.T.);
#2954=EDGE_CURVE('',#3701,#3699,#4132,.T.);
#2955=EDGE_CURVE('',#3702,#3701,#389,.T.);
#2956=EDGE_CURVE('',#3702,#3700,#4133,.T.);
#2957=EDGE_CURVE('',#3703,#3701,#4134,.T.);
#2958=EDGE_CURVE('',#3704,#3703,#390,.T.);
#2959=EDGE_CURVE('',#3704,#3702,#4135,.T.);
#2960=EDGE_CURVE('',#3705,#3703,#4136,.T.);
#2961=EDGE_CURVE('',#3706,#3705,#391,.T.);
#2962=EDGE_CURVE('',#3706,#3704,#4137,.T.);
#2963=EDGE_CURVE('',#3707,#3705,#4138,.T.);
#2964=EDGE_CURVE('',#3708,#3707,#392,.T.);
#2965=EDGE_CURVE('',#3708,#3706,#4139,.T.);
#2966=EDGE_CURVE('',#3709,#3494,#393,.T.);
#2967=EDGE_CURVE('',#3709,#3710,#4140,.T.);
#2968=EDGE_CURVE('',#3710,#3495,#394,.T.);
#2969=EDGE_CURVE('',#3711,#3501,#395,.T.);
#2970=EDGE_CURVE('',#3711,#3709,#4141,.T.);
#2971=EDGE_CURVE('',#3712,#3500,#396,.T.);
#2972=EDGE_CURVE('',#3712,#3711,#4142,.T.);
#2973=EDGE_CURVE('',#3713,#3499,#397,.T.);
#2974=EDGE_CURVE('',#3713,#3712,#4143,.T.);
#2975=EDGE_CURVE('',#3714,#3498,#398,.T.);
#2976=EDGE_CURVE('',#3714,#3713,#4144,.T.);
#2977=EDGE_CURVE('',#3715,#3497,#399,.T.);
#2978=EDGE_CURVE('',#3715,#3714,#4145,.T.);
#2979=EDGE_CURVE('',#3716,#3496,#400,.T.);
#2980=EDGE_CURVE('',#3716,#3715,#4146,.T.);
#2981=EDGE_CURVE('',#3710,#3716,#4147,.T.);
#2982=EDGE_CURVE('',#3694,#3707,#4148,.T.);
#2983=EDGE_CURVE('',#3696,#3708,#4149,.T.);
#2984=EDGE_CURVE('',#3717,#3718,#4150,.T.);
#2985=EDGE_CURVE('',#3719,#3717,#401,.T.);
#2986=EDGE_CURVE('',#3719,#3720,#4151,.T.);
#2987=EDGE_CURVE('',#3720,#3718,#402,.T.);
#2988=EDGE_CURVE('',#3721,#3717,#4152,.T.);
#2989=EDGE_CURVE('',#3722,#3721,#403,.T.);
#2990=EDGE_CURVE('',#3722,#3719,#4153,.T.);
#2991=EDGE_CURVE('',#3723,#3721,#4154,.T.);
#2992=EDGE_CURVE('',#3724,#3723,#404,.T.);
#2993=EDGE_CURVE('',#3724,#3722,#4155,.T.);
#2994=EDGE_CURVE('',#3725,#3723,#4156,.T.);
#2995=EDGE_CURVE('',#3726,#3725,#405,.T.);
#2996=EDGE_CURVE('',#3726,#3724,#4157,.T.);
#2997=EDGE_CURVE('',#3727,#3725,#4158,.T.);
#2998=EDGE_CURVE('',#3728,#3727,#406,.T.);
#2999=EDGE_CURVE('',#3728,#3726,#4159,.T.);
#3000=EDGE_CURVE('',#3729,#3727,#4160,.T.);
#3001=EDGE_CURVE('',#3730,#3729,#407,.T.);
#3002=EDGE_CURVE('',#3730,#3728,#4161,.T.);
#3003=EDGE_CURVE('',#3731,#3729,#4162,.T.);
#3004=EDGE_CURVE('',#3732,#3731,#408,.T.);
#3005=EDGE_CURVE('',#3732,#3730,#4163,.T.);
#3006=EDGE_CURVE('',#3733,#3731,#4164,.T.);
#3007=EDGE_CURVE('',#3734,#3733,#409,.T.);
#3008=EDGE_CURVE('',#3734,#3732,#4165,.T.);
#3009=EDGE_CURVE('',#3735,#3733,#4166,.T.);
#3010=EDGE_CURVE('',#3736,#3735,#410,.T.);
#3011=EDGE_CURVE('',#3736,#3734,#4167,.T.);
#3012=EDGE_CURVE('',#3737,#3530,#411,.T.);
#3013=EDGE_CURVE('',#3737,#3738,#4168,.T.);
#3014=EDGE_CURVE('',#3738,#3531,#412,.T.);
#3015=EDGE_CURVE('',#3739,#3545,#413,.T.);
#3016=EDGE_CURVE('',#3739,#3737,#4169,.T.);
#3017=EDGE_CURVE('',#3740,#3544,#414,.T.);
#3018=EDGE_CURVE('',#3740,#3739,#4170,.T.);
#3019=EDGE_CURVE('',#3741,#3543,#415,.T.);
#3020=EDGE_CURVE('',#3741,#3740,#4171,.T.);
#3021=EDGE_CURVE('',#3742,#3542,#416,.T.);
#3022=EDGE_CURVE('',#3742,#3741,#4172,.T.);
#3023=EDGE_CURVE('',#3743,#3541,#417,.T.);
#3024=EDGE_CURVE('',#3743,#3742,#4173,.T.);
#3025=EDGE_CURVE('',#3744,#3540,#418,.T.);
#3026=EDGE_CURVE('',#3744,#3743,#4174,.T.);
#3027=EDGE_CURVE('',#3745,#3539,#419,.T.);
#3028=EDGE_CURVE('',#3745,#3744,#4175,.T.);
#3029=EDGE_CURVE('',#3746,#3538,#420,.T.);
#3030=EDGE_CURVE('',#3746,#3745,#4176,.T.);
#3031=EDGE_CURVE('',#3747,#3537,#421,.T.);
#3032=EDGE_CURVE('',#3747,#3746,#233,.F.);
#3033=EDGE_CURVE('',#3748,#3536,#422,.T.);
#3034=EDGE_CURVE('',#3748,#3747,#423,.T.);
#3035=EDGE_CURVE('',#3749,#3535,#424,.T.);
#3036=EDGE_CURVE('',#3749,#3748,#4177,.T.);
#3037=EDGE_CURVE('',#3750,#3534,#425,.T.);
#3038=EDGE_CURVE('',#3750,#3749,#4178,.T.);
#3039=EDGE_CURVE('',#3751,#3533,#426,.T.);
#3040=EDGE_CURVE('',#3751,#3750,#4179,.T.);
#3041=EDGE_CURVE('',#3752,#3532,#427,.T.);
#3042=EDGE_CURVE('',#3752,#3751,#428,.T.);
#3043=EDGE_CURVE('',#3738,#3752,#4180,.T.);
#3044=EDGE_CURVE('',#3718,#3735,#4181,.T.);
#3045=EDGE_CURVE('',#3720,#3736,#4182,.T.);
#3046=EDGE_CURVE('',#3753,#3486,#429,.T.);
#3047=EDGE_CURVE('',#3753,#3754,#4183,.T.);
#3048=EDGE_CURVE('',#3754,#3487,#430,.T.);
#3049=EDGE_CURVE('',#3755,#3493,#431,.T.);
#3050=EDGE_CURVE('',#3755,#3753,#4184,.T.);
#3051=EDGE_CURVE('',#3756,#3492,#432,.T.);
#3052=EDGE_CURVE('',#3756,#3755,#4185,.T.);
#3053=EDGE_CURVE('',#3757,#3491,#433,.T.);
#3054=EDGE_CURVE('',#3757,#3756,#4186,.T.);
#3055=EDGE_CURVE('',#3758,#3490,#434,.T.);
#3056=EDGE_CURVE('',#3758,#3757,#4187,.T.);
#3057=EDGE_CURVE('',#3759,#3489,#435,.T.);
#3058=EDGE_CURVE('',#3759,#3758,#4188,.T.);
#3059=EDGE_CURVE('',#3760,#3488,#436,.T.);
#3060=EDGE_CURVE('',#3760,#3759,#4189,.T.);
#3061=EDGE_CURVE('',#3754,#3760,#4190,.T.);
#3062=EDGE_CURVE('',#3761,#3546,#437,.T.);
#3063=EDGE_CURVE('',#3761,#3762,#438,.T.);
#3064=EDGE_CURVE('',#3762,#3547,#439,.T.);
#3065=EDGE_CURVE('',#3763,#3549,#440,.T.);
#3066=EDGE_CURVE('',#3763,#3761,#441,.T.);
#3067=EDGE_CURVE('',#3764,#3548,#442,.T.);
#3068=EDGE_CURVE('',#3764,#3763,#443,.T.);
#3069=EDGE_CURVE('',#3762,#3764,#444,.T.);
#3070=EDGE_CURVE('',#3765,#3479,#445,.T.);
#3071=EDGE_CURVE('',#3765,#3766,#446,.T.);
#3072=EDGE_CURVE('',#3766,#3480,#447,.T.);
#3073=EDGE_CURVE('',#3767,#3485,#448,.T.);
#3074=EDGE_CURVE('',#3767,#3765,#449,.T.);
#3075=EDGE_CURVE('',#3768,#3484,#450,.T.);
#3076=EDGE_CURVE('',#3768,#3767,#451,.T.);
#3077=EDGE_CURVE('',#3769,#3483,#452,.T.);
#3078=EDGE_CURVE('',#3769,#3768,#453,.T.);
#3079=EDGE_CURVE('',#3770,#3482,#454,.T.);
#3080=EDGE_CURVE('',#3770,#3769,#455,.T.);
#3081=EDGE_CURVE('',#3771,#3481,#456,.T.);
#3082=EDGE_CURVE('',#3771,#3770,#457,.T.);
#3083=EDGE_CURVE('',#3766,#3771,#458,.T.);
#3084=EDGE_CURVE('',#3772,#3550,#459,.T.);
#3085=EDGE_CURVE('',#3772,#3773,#4191,.T.);
#3086=EDGE_CURVE('',#3773,#3551,#460,.T.);
#3087=EDGE_CURVE('',#3774,#3557,#461,.T.);
#3088=EDGE_CURVE('',#3774,#3772,#4192,.T.);
#3089=EDGE_CURVE('',#3775,#3556,#462,.T.);
#3090=EDGE_CURVE('',#3775,#3774,#4193,.T.);
#3091=EDGE_CURVE('',#3776,#3555,#463,.T.);
#3092=EDGE_CURVE('',#3776,#3775,#4194,.T.);
#3093=EDGE_CURVE('',#3777,#3554,#464,.T.);
#3094=EDGE_CURVE('',#3777,#3776,#4195,.T.);
#3095=EDGE_CURVE('',#3778,#3553,#465,.T.);
#3096=EDGE_CURVE('',#3778,#3777,#4196,.T.);
#3097=EDGE_CURVE('',#3779,#3552,#466,.T.);
#3098=EDGE_CURVE('',#3779,#3778,#4197,.T.);
#3099=EDGE_CURVE('',#3773,#3779,#4198,.T.);
#3100=EDGE_CURVE('',#3780,#3781,#4199,.T.);
#3101=EDGE_CURVE('',#3782,#3780,#467,.T.);
#3102=EDGE_CURVE('',#3782,#3783,#4200,.T.);
#3103=EDGE_CURVE('',#3783,#3781,#468,.T.);
#3104=EDGE_CURVE('',#3784,#3780,#4201,.T.);
#3105=EDGE_CURVE('',#3785,#3784,#469,.T.);
#3106=EDGE_CURVE('',#3785,#3782,#4202,.T.);
#3107=EDGE_CURVE('',#3786,#3784,#4203,.T.);
#3108=EDGE_CURVE('',#3787,#3786,#470,.T.);
#3109=EDGE_CURVE('',#3787,#3785,#4204,.T.);
#3110=EDGE_CURVE('',#3788,#3786,#4205,.T.);
#3111=EDGE_CURVE('',#3789,#3788,#471,.T.);
#3112=EDGE_CURVE('',#3789,#3787,#4206,.T.);
#3113=EDGE_CURVE('',#3790,#3788,#4207,.T.);
#3114=EDGE_CURVE('',#3791,#3790,#472,.T.);
#3115=EDGE_CURVE('',#3791,#3789,#4208,.T.);
#3116=EDGE_CURVE('',#3792,#3790,#4209,.T.);
#3117=EDGE_CURVE('',#3793,#3792,#473,.T.);
#3118=EDGE_CURVE('',#3793,#3791,#4210,.T.);
#3119=EDGE_CURVE('',#3794,#3792,#4211,.T.);
#3120=EDGE_CURVE('',#3795,#3794,#474,.T.);
#3121=EDGE_CURVE('',#3795,#3793,#4212,.T.);
#3122=EDGE_CURVE('',#3796,#3471,#475,.T.);
#3123=EDGE_CURVE('',#3796,#3797,#4213,.T.);
#3124=EDGE_CURVE('',#3797,#3472,#476,.T.);
#3125=EDGE_CURVE('',#3798,#3478,#477,.T.);
#3126=EDGE_CURVE('',#3798,#3796,#4214,.T.);
#3127=EDGE_CURVE('',#3799,#3477,#478,.T.);
#3128=EDGE_CURVE('',#3799,#3798,#4215,.T.);
#3129=EDGE_CURVE('',#3800,#3476,#479,.T.);
#3130=EDGE_CURVE('',#3800,#3799,#4216,.T.);
#3131=EDGE_CURVE('',#3801,#3475,#480,.T.);
#3132=EDGE_CURVE('',#3801,#3800,#4217,.T.);
#3133=EDGE_CURVE('',#3802,#3474,#481,.T.);
#3134=EDGE_CURVE('',#3802,#3801,#4218,.T.);
#3135=EDGE_CURVE('',#3803,#3473,#482,.T.);
#3136=EDGE_CURVE('',#3803,#3802,#4219,.T.);
#3137=EDGE_CURVE('',#3797,#3803,#4220,.T.);
#3138=EDGE_CURVE('',#3781,#3794,#4221,.T.);
#3139=EDGE_CURVE('',#3783,#3795,#4222,.T.);
#3140=EDGE_CURVE('',#3804,#3805,#4223,.T.);
#3141=EDGE_CURVE('',#3806,#3804,#483,.T.);
#3142=EDGE_CURVE('',#3806,#3807,#4224,.T.);
#3143=EDGE_CURVE('',#3807,#3805,#484,.T.);
#3144=EDGE_CURVE('',#3808,#3804,#4225,.T.);
#3145=EDGE_CURVE('',#3809,#3808,#485,.T.);
#3146=EDGE_CURVE('',#3809,#3806,#4226,.T.);
#3147=EDGE_CURVE('',#3810,#3808,#4227,.T.);
#3148=EDGE_CURVE('',#3811,#3810,#486,.T.);
#3149=EDGE_CURVE('',#3811,#3809,#4228,.T.);
#3150=EDGE_CURVE('',#3812,#3810,#4229,.T.);
#3151=EDGE_CURVE('',#3813,#3812,#487,.T.);
#3152=EDGE_CURVE('',#3813,#3811,#4230,.T.);
#3153=EDGE_CURVE('',#3814,#3812,#4231,.T.);
#3154=EDGE_CURVE('',#3815,#3814,#488,.T.);
#3155=EDGE_CURVE('',#3815,#3813,#4232,.T.);
#3156=EDGE_CURVE('',#3816,#3814,#4233,.T.);
#3157=EDGE_CURVE('',#3817,#3816,#489,.T.);
#3158=EDGE_CURVE('',#3817,#3815,#4234,.T.);
#3159=EDGE_CURVE('',#3818,#3816,#4235,.T.);
#3160=EDGE_CURVE('',#3819,#3818,#490,.T.);
#3161=EDGE_CURVE('',#3819,#3817,#4236,.T.);
#3162=EDGE_CURVE('',#3820,#3818,#4237,.T.);
#3163=EDGE_CURVE('',#3821,#3820,#491,.T.);
#3164=EDGE_CURVE('',#3821,#3819,#4238,.T.);
#3165=EDGE_CURVE('',#3822,#3820,#4239,.T.);
#3166=EDGE_CURVE('',#3823,#3822,#492,.T.);
#3167=EDGE_CURVE('',#3823,#3821,#4240,.T.);
#3168=EDGE_CURVE('',#3824,#3558,#493,.T.);
#3169=EDGE_CURVE('',#3824,#3825,#4241,.T.);
#3170=EDGE_CURVE('',#3825,#3559,#494,.T.);
#3171=EDGE_CURVE('',#3826,#3573,#495,.T.);
#3172=EDGE_CURVE('',#3826,#3824,#4242,.T.);
#3173=EDGE_CURVE('',#3827,#3572,#496,.T.);
#3174=EDGE_CURVE('',#3827,#3826,#4243,.T.);
#3175=EDGE_CURVE('',#3828,#3571,#497,.T.);
#3176=EDGE_CURVE('',#3828,#3827,#4244,.T.);
#3177=EDGE_CURVE('',#3829,#3570,#498,.T.);
#3178=EDGE_CURVE('',#3829,#3828,#4245,.T.);
#3179=EDGE_CURVE('',#3830,#3569,#499,.T.);
#3180=EDGE_CURVE('',#3830,#3829,#4246,.T.);
#3181=EDGE_CURVE('',#3831,#3568,#500,.T.);
#3182=EDGE_CURVE('',#3831,#3830,#4247,.T.);
#3183=EDGE_CURVE('',#3832,#3567,#501,.T.);
#3184=EDGE_CURVE('',#3832,#3831,#4248,.T.);
#3185=EDGE_CURVE('',#3833,#3566,#502,.T.);
#3186=EDGE_CURVE('',#3833,#3832,#4249,.T.);
#3187=EDGE_CURVE('',#3834,#3565,#503,.T.);
#3188=EDGE_CURVE('',#3834,#3833,#234,.F.);
#3189=EDGE_CURVE('',#3835,#3564,#504,.T.);
#3190=EDGE_CURVE('',#3835,#3834,#505,.T.);
#3191=EDGE_CURVE('',#3836,#3563,#506,.T.);
#3192=EDGE_CURVE('',#3836,#3835,#4250,.T.);
#3193=EDGE_CURVE('',#3837,#3562,#507,.T.);
#3194=EDGE_CURVE('',#3837,#3836,#4251,.T.);
#3195=EDGE_CURVE('',#3838,#3561,#508,.T.);
#3196=EDGE_CURVE('',#3838,#3837,#4252,.T.);
#3197=EDGE_CURVE('',#3839,#3560,#509,.T.);
#3198=EDGE_CURVE('',#3839,#3838,#510,.T.);
#3199=EDGE_CURVE('',#3825,#3839,#4253,.T.);
#3200=EDGE_CURVE('',#3805,#3822,#4254,.T.);
#3201=EDGE_CURVE('',#3807,#3823,#4255,.T.);
#3202=EDGE_CURVE('',#3840,#3841,#4256,.T.);
#3203=EDGE_CURVE('',#3842,#3840,#511,.T.);
#3204=EDGE_CURVE('',#3842,#3843,#4257,.T.);
#3205=EDGE_CURVE('',#3843,#3841,#512,.T.);
#3206=EDGE_CURVE('',#3844,#3840,#4258,.T.);
#3207=EDGE_CURVE('',#3845,#3844,#513,.T.);
#3208=EDGE_CURVE('',#3845,#3842,#4259,.T.);
#3209=EDGE_CURVE('',#3846,#3844,#4260,.T.);
#3210=EDGE_CURVE('',#3847,#3846,#514,.T.);
#3211=EDGE_CURVE('',#3847,#3845,#4261,.T.);
#3212=EDGE_CURVE('',#3848,#3846,#4262,.T.);
#3213=EDGE_CURVE('',#3849,#3848,#515,.T.);
#3214=EDGE_CURVE('',#3849,#3847,#4263,.T.);
#3215=EDGE_CURVE('',#3850,#3848,#4264,.T.);
#3216=EDGE_CURVE('',#3851,#3850,#516,.T.);
#3217=EDGE_CURVE('',#3851,#3849,#4265,.T.);
#3218=EDGE_CURVE('',#3852,#3850,#4266,.T.);
#3219=EDGE_CURVE('',#3853,#3852,#517,.T.);
#3220=EDGE_CURVE('',#3853,#3851,#4267,.T.);
#3221=EDGE_CURVE('',#3854,#3852,#4268,.T.);
#3222=EDGE_CURVE('',#3855,#3854,#518,.T.);
#3223=EDGE_CURVE('',#3855,#3853,#4269,.T.);
#3224=EDGE_CURVE('',#3856,#3854,#4270,.T.);
#3225=EDGE_CURVE('',#3857,#3856,#519,.T.);
#3226=EDGE_CURVE('',#3857,#3855,#4271,.T.);
#3227=EDGE_CURVE('',#3858,#3856,#4272,.T.);
#3228=EDGE_CURVE('',#3859,#3858,#520,.T.);
#3229=EDGE_CURVE('',#3859,#3857,#4273,.T.);
#3230=EDGE_CURVE('',#3860,#3455,#521,.T.);
#3231=EDGE_CURVE('',#3860,#3861,#4274,.T.);
#3232=EDGE_CURVE('',#3861,#3456,#522,.T.);
#3233=EDGE_CURVE('',#3862,#3470,#523,.T.);
#3234=EDGE_CURVE('',#3862,#3860,#4275,.T.);
#3235=EDGE_CURVE('',#3863,#3469,#524,.T.);
#3236=EDGE_CURVE('',#3863,#3862,#4276,.T.);
#3237=EDGE_CURVE('',#3864,#3468,#525,.T.);
#3238=EDGE_CURVE('',#3864,#3863,#4277,.T.);
#3239=EDGE_CURVE('',#3865,#3467,#526,.T.);
#3240=EDGE_CURVE('',#3865,#3864,#4278,.T.);
#3241=EDGE_CURVE('',#3866,#3466,#527,.T.);
#3242=EDGE_CURVE('',#3866,#3865,#4279,.T.);
#3243=EDGE_CURVE('',#3867,#3465,#528,.T.);
#3244=EDGE_CURVE('',#3867,#3866,#4280,.T.);
#3245=EDGE_CURVE('',#3868,#3464,#529,.T.);
#3246=EDGE_CURVE('',#3868,#3867,#4281,.T.);
#3247=EDGE_CURVE('',#3869,#3463,#530,.T.);
#3248=EDGE_CURVE('',#3869,#3868,#4282,.T.);
#3249=EDGE_CURVE('',#3870,#3462,#531,.T.);
#3250=EDGE_CURVE('',#3870,#3869,#235,.F.);
#3251=EDGE_CURVE('',#3871,#3461,#532,.T.);
#3252=EDGE_CURVE('',#3871,#3870,#533,.T.);
#3253=EDGE_CURVE('',#3872,#3460,#534,.T.);
#3254=EDGE_CURVE('',#3872,#3871,#4283,.T.);
#3255=EDGE_CURVE('',#3873,#3459,#535,.T.);
#3256=EDGE_CURVE('',#3873,#3872,#4284,.T.);
#3257=EDGE_CURVE('',#3874,#3458,#536,.T.);
#3258=EDGE_CURVE('',#3874,#3873,#4285,.T.);
#3259=EDGE_CURVE('',#3875,#3457,#537,.T.);
#3260=EDGE_CURVE('',#3875,#3874,#538,.T.);
#3261=EDGE_CURVE('',#3861,#3875,#4286,.T.);
#3262=EDGE_CURVE('',#3841,#3858,#4287,.T.);
#3263=EDGE_CURVE('',#3843,#3859,#4288,.T.);
#3264=EDGE_CURVE('',#3876,#3877,#539,.T.);
#3265=EDGE_CURVE('',#3878,#3876,#540,.T.);
#3266=EDGE_CURVE('',#3878,#3879,#541,.T.);
#3267=EDGE_CURVE('',#3879,#3877,#542,.T.);
#3268=EDGE_CURVE('',#3880,#3876,#543,.T.);
#3269=EDGE_CURVE('',#3881,#3880,#544,.T.);
#3270=EDGE_CURVE('',#3881,#3878,#545,.T.);
#3271=EDGE_CURVE('',#3882,#3880,#546,.T.);
#3272=EDGE_CURVE('',#3883,#3882,#547,.T.);
#3273=EDGE_CURVE('',#3883,#3881,#548,.T.);
#3274=EDGE_CURVE('',#3884,#3882,#4289,.T.);
#3275=EDGE_CURVE('',#3885,#3884,#549,.T.);
#3276=EDGE_CURVE('',#3885,#3883,#4290,.T.);
#3277=EDGE_CURVE('',#3886,#3884,#550,.T.);
#3278=EDGE_CURVE('',#3887,#3886,#551,.T.);
#3279=EDGE_CURVE('',#3887,#3885,#552,.T.);
#3280=EDGE_CURVE('',#3888,#3574,#553,.T.);
#3281=EDGE_CURVE('',#3888,#3889,#554,.T.);
#3282=EDGE_CURVE('',#3889,#3575,#555,.T.);
#3283=EDGE_CURVE('',#3890,#3584,#556,.T.);
#3284=EDGE_CURVE('',#3890,#3888,#557,.T.);
#3285=EDGE_CURVE('',#3891,#3583,#558,.T.);
#3286=EDGE_CURVE('',#3891,#3890,#559,.T.);
#3287=EDGE_CURVE('',#3892,#3582,#560,.T.);
#3288=EDGE_CURVE('',#3892,#3891,#561,.T.);
#3289=EDGE_CURVE('',#3893,#3581,#562,.T.);
#3290=EDGE_CURVE('',#3893,#3892,#563,.T.);
#3291=EDGE_CURVE('',#3894,#3580,#564,.T.);
#3292=EDGE_CURVE('',#3894,#3893,#565,.T.);
#3293=EDGE_CURVE('',#3895,#3579,#566,.T.);
#3294=EDGE_CURVE('',#3895,#3894,#567,.T.);
#3295=EDGE_CURVE('',#3896,#3578,#568,.T.);
#3296=EDGE_CURVE('',#3896,#3895,#569,.T.);
#3297=EDGE_CURVE('',#3897,#3577,#570,.T.);
#3298=EDGE_CURVE('',#3897,#3896,#571,.T.);
#3299=EDGE_CURVE('',#3898,#3576,#572,.T.);
#3300=EDGE_CURVE('',#3898,#3897,#573,.T.);
#3301=EDGE_CURVE('',#3889,#3898,#574,.T.);
#3302=EDGE_CURVE('',#3877,#3886,#236,.F.);
#3303=EDGE_CURVE('',#3879,#3887,#237,.F.);
#3304=EDGE_CURVE('',#3899,#3900,#4291,.T.);
#3305=EDGE_CURVE('',#3901,#3899,#575,.T.);
#3306=EDGE_CURVE('',#3901,#3902,#4292,.T.);
#3307=EDGE_CURVE('',#3902,#3900,#576,.T.);
#3308=EDGE_CURVE('',#3903,#3899,#4293,.T.);
#3309=EDGE_CURVE('',#3904,#3903,#577,.T.);
#3310=EDGE_CURVE('',#3904,#3901,#4294,.T.);
#3311=EDGE_CURVE('',#3905,#3903,#4295,.T.);
#3312=EDGE_CURVE('',#3906,#3905,#578,.T.);
#3313=EDGE_CURVE('',#3906,#3904,#4296,.T.);
#3314=EDGE_CURVE('',#3907,#3905,#238,.T.);
#3315=EDGE_CURVE('',#3908,#3907,#579,.T.);
#3316=EDGE_CURVE('',#3908,#3906,#239,.T.);
#3317=EDGE_CURVE('',#3909,#3907,#4297,.T.);
#3318=EDGE_CURVE('',#3910,#3909,#580,.T.);
#3319=EDGE_CURVE('',#3910,#3908,#4298,.T.);
#3320=EDGE_CURVE('',#3911,#3909,#4299,.T.);
#3321=EDGE_CURVE('',#3912,#3911,#581,.T.);
#3322=EDGE_CURVE('',#3912,#3910,#4300,.T.);
#3323=EDGE_CURVE('',#3913,#3911,#4301,.T.);
#3324=EDGE_CURVE('',#3914,#3913,#582,.T.);
#3325=EDGE_CURVE('',#3914,#3912,#4302,.T.);
#3326=EDGE_CURVE('',#3915,#3916,#4303,.T.);
#3327=EDGE_CURVE('',#3917,#3915,#583,.T.);
#3328=EDGE_CURVE('',#3917,#3918,#4304,.T.);
#3329=EDGE_CURVE('',#3918,#3916,#584,.T.);
#3330=EDGE_CURVE('',#3919,#3915,#4305,.T.);
#3331=EDGE_CURVE('',#3920,#3919,#585,.T.);
#3332=EDGE_CURVE('',#3920,#3917,#4306,.T.);
#3333=EDGE_CURVE('',#3921,#3919,#4307,.T.);
#3334=EDGE_CURVE('',#3922,#3921,#586,.T.);
#3335=EDGE_CURVE('',#3922,#3920,#4308,.T.);
#3336=EDGE_CURVE('',#3923,#3921,#4309,.T.);
#3337=EDGE_CURVE('',#3924,#3923,#587,.T.);
#3338=EDGE_CURVE('',#3924,#3922,#4310,.T.);
#3339=EDGE_CURVE('',#3925,#3923,#4311,.T.);
#3340=EDGE_CURVE('',#3926,#3925,#588,.T.);
#3341=EDGE_CURVE('',#3926,#3924,#4312,.T.);
#3342=EDGE_CURVE('',#3927,#3925,#4313,.T.);
#3343=EDGE_CURVE('',#3928,#3927,#589,.T.);
#3344=EDGE_CURVE('',#3928,#3926,#4314,.T.);
#3345=EDGE_CURVE('',#3929,#3927,#4315,.T.);
#3346=EDGE_CURVE('',#3930,#3929,#590,.T.);
#3347=EDGE_CURVE('',#3930,#3928,#4316,.T.);
#3348=EDGE_CURVE('',#3931,#3440,#591,.T.);
#3349=EDGE_CURVE('',#3931,#3932,#4317,.T.);
#3350=EDGE_CURVE('',#3932,#3441,#592,.T.);
#3351=EDGE_CURVE('',#3933,#3454,#593,.T.);
#3352=EDGE_CURVE('',#3933,#3931,#4318,.T.);
#3353=EDGE_CURVE('',#3934,#3453,#594,.T.);
#3354=EDGE_CURVE('',#3934,#3933,#4319,.T.);
#3355=EDGE_CURVE('',#3935,#3452,#595,.T.);
#3356=EDGE_CURVE('',#3935,#3934,#4320,.T.);
#3357=EDGE_CURVE('',#3936,#3451,#596,.T.);
#3358=EDGE_CURVE('',#3936,#3935,#4321,.T.);
#3359=EDGE_CURVE('',#3937,#3450,#597,.T.);
#3360=EDGE_CURVE('',#3937,#3936,#4322,.T.);
#3361=EDGE_CURVE('',#3938,#3449,#598,.T.);
#3362=EDGE_CURVE('',#3938,#3937,#4323,.T.);
#3363=EDGE_CURVE('',#3939,#3448,#599,.T.);
#3364=EDGE_CURVE('',#3939,#3938,#4324,.T.);
#3365=EDGE_CURVE('',#3940,#3447,#600,.T.);
#3366=EDGE_CURVE('',#3940,#3939,#4325,.T.);
#3367=EDGE_CURVE('',#3941,#3446,#601,.T.);
#3368=EDGE_CURVE('',#3941,#3940,#4326,.T.);
#3369=EDGE_CURVE('',#3942,#3445,#602,.T.);
#3370=EDGE_CURVE('',#3942,#3941,#4327,.T.);
#3371=EDGE_CURVE('',#3943,#3444,#603,.T.);
#3372=EDGE_CURVE('',#3943,#3942,#4328,.T.);
#3373=EDGE_CURVE('',#3944,#3443,#604,.T.);
#3374=EDGE_CURVE('',#3944,#3943,#4329,.T.);
#3375=EDGE_CURVE('',#3945,#3442,#605,.T.);
#3376=EDGE_CURVE('',#3945,#3944,#4330,.T.);
#3377=EDGE_CURVE('',#3916,#3929,#4331,.T.);
#3378=EDGE_CURVE('',#3918,#3930,#4332,.T.);
#3379=EDGE_CURVE('',#3932,#3945,#4333,.T.);
#3380=EDGE_CURVE('',#3900,#3913,#4334,.T.);
#3381=EDGE_CURVE('',#3902,#3914,#4335,.T.);
#3382=EDGE_CURVE('',#3946,#3585,#606,.T.);
#3383=EDGE_CURVE('',#3946,#3947,#4336,.T.);
#3384=EDGE_CURVE('',#3947,#3586,#607,.T.);
#3385=EDGE_CURVE('',#3948,#3612,#608,.T.);
#3386=EDGE_CURVE('',#3948,#3946,#4337,.T.);
#3387=EDGE_CURVE('',#3949,#3611,#609,.T.);
#3388=EDGE_CURVE('',#3949,#3948,#4338,.T.);
#3389=EDGE_CURVE('',#3950,#3610,#610,.T.);
#3390=EDGE_CURVE('',#3950,#3949,#240,.F.);
#3391=EDGE_CURVE('',#3951,#3609,#611,.T.);
#3392=EDGE_CURVE('',#3951,#3950,#4339,.T.);
#3393=EDGE_CURVE('',#3952,#3608,#612,.T.);
#3394=EDGE_CURVE('',#3952,#3951,#613,.T.);
#3395=EDGE_CURVE('',#3953,#3607,#614,.T.);
#3396=EDGE_CURVE('',#3953,#3952,#4340,.T.);
#3397=EDGE_CURVE('',#3954,#3606,#615,.T.);
#3398=EDGE_CURVE('',#3954,#3953,#241,.T.);
#3399=EDGE_CURVE('',#3955,#3605,#616,.T.);
#3400=EDGE_CURVE('',#3955,#3954,#4341,.T.);
#3401=EDGE_CURVE('',#3956,#3604,#617,.T.);
#3402=EDGE_CURVE('',#3956,#3955,#4342,.T.);
#3403=EDGE_CURVE('',#3957,#3603,#618,.T.);
#3404=EDGE_CURVE('',#3957,#3956,#4343,.T.);
#3405=EDGE_CURVE('',#3958,#3602,#619,.T.);
#3406=EDGE_CURVE('',#3958,#3957,#4344,.T.);
#3407=EDGE_CURVE('',#3959,#3601,#620,.T.);
#3408=EDGE_CURVE('',#3959,#3958,#621,.T.);
#3409=EDGE_CURVE('',#3960,#3600,#622,.T.);
#3410=EDGE_CURVE('',#3960,#3959,#623,.T.);
#3411=EDGE_CURVE('',#3961,#3599,#624,.T.);
#3412=EDGE_CURVE('',#3961,#3960,#625,.T.);
#3413=EDGE_CURVE('',#3962,#3598,#626,.T.);
#3414=EDGE_CURVE('',#3962,#3961,#4345,.T.);
#3415=EDGE_CURVE('',#3963,#3597,#627,.T.);
#3416=EDGE_CURVE('',#3963,#3962,#4346,.T.);
#3417=EDGE_CURVE('',#3964,#3596,#628,.T.);
#3418=EDGE_CURVE('',#3964,#3963,#4347,.T.);
#3419=EDGE_CURVE('',#3965,#3595,#629,.T.);
#3420=EDGE_CURVE('',#3965,#3964,#242,.T.);
#3421=EDGE_CURVE('',#3966,#3594,#630,.T.);
#3422=EDGE_CURVE('',#3966,#3965,#631,.T.);
#3423=EDGE_CURVE('',#3967,#3593,#632,.T.);
#3424=EDGE_CURVE('',#3967,#3966,#243,.F.);
#3425=EDGE_CURVE('',#3968,#3592,#633,.T.);
#3426=EDGE_CURVE('',#3968,#3967,#4348,.T.);
#3427=EDGE_CURVE('',#3969,#3591,#634,.T.);
#3428=EDGE_CURVE('',#3969,#3968,#4349,.T.);
#3429=EDGE_CURVE('',#3970,#3590,#635,.T.);
#3430=EDGE_CURVE('',#3970,#3969,#4350,.T.);
#3431=EDGE_CURVE('',#3971,#3589,#636,.T.);
#3432=EDGE_CURVE('',#3971,#3970,#4351,.T.);
#3433=EDGE_CURVE('',#3972,#3588,#637,.T.);
#3434=EDGE_CURVE('',#3972,#3971,#4352,.T.);
#3435=EDGE_CURVE('',#3973,#3587,#638,.T.);
#3436=EDGE_CURVE('',#3973,#3972,#639,.T.);
#3437=EDGE_CURVE('',#3947,#3973,#4353,.T.);
#3438=EDGE_CURVE('',#3974,#3974,#244,.T.);
#3439=EDGE_CURVE('',#3975,#3975,#245,.T.);
#3440=VERTEX_POINT('',#6209);
#3441=VERTEX_POINT('',#6210);
#3442=VERTEX_POINT('',#6214);
#3443=VERTEX_POINT('',#6218);
#3444=VERTEX_POINT('',#6222);
#3445=VERTEX_POINT('',#6226);
#3446=VERTEX_POINT('',#6230);
#3447=VERTEX_POINT('',#6234);
#3448=VERTEX_POINT('',#6238);
#3449=VERTEX_POINT('',#6242);
#3450=VERTEX_POINT('',#6246);
#3451=VERTEX_POINT('',#6250);
#3452=VERTEX_POINT('',#6254);
#3453=VERTEX_POINT('',#6258);
#3454=VERTEX_POINT('',#6262);
#3455=VERTEX_POINT('',#6269);
#3456=VERTEX_POINT('',#6270);
#3457=VERTEX_POINT('',#6274);
#3458=VERTEX_POINT('',#6276);
#3459=VERTEX_POINT('',#6280);
#3460=VERTEX_POINT('',#6284);
#3461=VERTEX_POINT('',#6288);
#3462=VERTEX_POINT('',#6290);
#3463=VERTEX_POINT('',#6292);
#3464=VERTEX_POINT('',#6296);
#3465=VERTEX_POINT('',#6300);
#3466=VERTEX_POINT('',#6304);
#3467=VERTEX_POINT('',#6308);
#3468=VERTEX_POINT('',#6312);
#3469=VERTEX_POINT('',#6316);
#3470=VERTEX_POINT('',#6320);
#3471=VERTEX_POINT('',#6327);
#3472=VERTEX_POINT('',#6328);
#3473=VERTEX_POINT('',#6332);
#3474=VERTEX_POINT('',#6336);
#3475=VERTEX_POINT('',#6340);
#3476=VERTEX_POINT('',#6344);
#3477=VERTEX_POINT('',#6348);
#3478=VERTEX_POINT('',#6352);
#3479=VERTEX_POINT('',#6357);
#3480=VERTEX_POINT('',#6358);
#3481=VERTEX_POINT('',#6360);
#3482=VERTEX_POINT('',#6362);
#3483=VERTEX_POINT('',#6364);
#3484=VERTEX_POINT('',#6366);
#3485=VERTEX_POINT('',#6368);
#3486=VERTEX_POINT('',#6373);
#3487=VERTEX_POINT('',#6374);
#3488=VERTEX_POINT('',#6378);
#3489=VERTEX_POINT('',#6382);
#3490=VERTEX_POINT('',#6386);
#3491=VERTEX_POINT('',#6390);
#3492=VERTEX_POINT('',#6394);
#3493=VERTEX_POINT('',#6398);
#3494=VERTEX_POINT('',#6405);
#3495=VERTEX_POINT('',#6406);
#3496=VERTEX_POINT('',#6410);
#3497=VERTEX_POINT('',#6414);
#3498=VERTEX_POINT('',#6418);
#3499=VERTEX_POINT('',#6422);
#3500=VERTEX_POINT('',#6426);
#3501=VERTEX_POINT('',#6430);
#3502=VERTEX_POINT('',#6435);
#3503=VERTEX_POINT('',#6436);
#3504=VERTEX_POINT('',#6438);
#3505=VERTEX_POINT('',#6440);
#3506=VERTEX_POINT('',#6442);
#3507=VERTEX_POINT('',#6446);
#3508=VERTEX_POINT('',#6448);
#3509=VERTEX_POINT('',#6450);
#3510=VERTEX_POINT('',#6452);
#3511=VERTEX_POINT('',#6455);
#3512=VERTEX_POINT('',#6456);
#3513=VERTEX_POINT('',#6458);
#3514=VERTEX_POINT('',#6460);
#3515=VERTEX_POINT('',#6465);
#3516=VERTEX_POINT('',#6466);
#3517=VERTEX_POINT('',#6470);
#3518=VERTEX_POINT('',#6474);
#3519=VERTEX_POINT('',#6476);
#3520=VERTEX_POINT('',#6480);
#3521=VERTEX_POINT('',#6484);
#3522=VERTEX_POINT('',#6488);
#3523=VERTEX_POINT('',#6490);
#3524=VERTEX_POINT('',#6494);
#3525=VERTEX_POINT('',#6498);
#3526=VERTEX_POINT('',#6502);
#3527=VERTEX_POINT('',#6506);
#3528=VERTEX_POINT('',#6510);
#3529=VERTEX_POINT('',#6514);
#3530=VERTEX_POINT('',#6521);
#3531=VERTEX_POINT('',#6522);
#3532=VERTEX_POINT('',#6526);
#3533=VERTEX_POINT('',#6528);
#3534=VERTEX_POINT('',#6532);
#3535=VERTEX_POINT('',#6536);
#3536=VERTEX_POINT('',#6540);
#3537=VERTEX_POINT('',#6542);
#3538=VERTEX_POINT('',#6544);
#3539=VERTEX_POINT('',#6548);
#3540=VERTEX_POINT('',#6552);
#3541=VERTEX_POINT('',#6556);
#3542=VERTEX_POINT('',#6560);
#3543=VERTEX_POINT('',#6564);
#3544=VERTEX_POINT('',#6568);
#3545=VERTEX_POINT('',#6572);
#3546=VERTEX_POINT('',#6577);
#3547=VERTEX_POINT('',#6578);
#3548=VERTEX_POINT('',#6580);
#3549=VERTEX_POINT('',#6582);
#3550=VERTEX_POINT('',#6587);
#3551=VERTEX_POINT('',#6588);
#3552=VERTEX_POINT('',#6592);
#3553=VERTEX_POINT('',#6596);
#3554=VERTEX_POINT('',#6600);
#3555=VERTEX_POINT('',#6604);
#3556=VERTEX_POINT('',#6608);
#3557=VERTEX_POINT('',#6612);
#3558=VERTEX_POINT('',#6619);
#3559=VERTEX_POINT('',#6620);
#3560=VERTEX_POINT('',#6624);
#3561=VERTEX_POINT('',#6626);
#3562=VERTEX_POINT('',#6630);
#3563=VERTEX_POINT('',#6634);
#3564=VERTEX_POINT('',#6638);
#3565=VERTEX_POINT('',#6640);
#3566=VERTEX_POINT('',#6642);
#3567=VERTEX_POINT('',#6646);
#3568=VERTEX_POINT('',#6650);
#3569=VERTEX_POINT('',#6654);
#3570=VERTEX_POINT('',#6658);
#3571=VERTEX_POINT('',#6662);
#3572=VERTEX_POINT('',#6666);
#3573=VERTEX_POINT('',#6670);
#3574=VERTEX_POINT('',#6675);
#3575=VERTEX_POINT('',#6676);
#3576=VERTEX_POINT('',#6678);
#3577=VERTEX_POINT('',#6680);
#3578=VERTEX_POINT('',#6682);
#3579=VERTEX_POINT('',#6684);
#3580=VERTEX_POINT('',#6686);
#3581=VERTEX_POINT('',#6688);
#3582=VERTEX_POINT('',#6690);
#3583=VERTEX_POINT('',#6692);
#3584=VERTEX_POINT('',#6694);
#3585=VERTEX_POINT('',#6699);
#3586=VERTEX_POINT('',#6700);
#3587=VERTEX_POINT('',#6704);
#3588=VERTEX_POINT('',#6706);
#3589=VERTEX_POINT('',#6710);
#3590=VERTEX_POINT('',#6714);
#3591=VERTEX_POINT('',#6718);
#3592=VERTEX_POINT('',#6722);
#3593=VERTEX_POINT('',#6726);
#3594=VERTEX_POINT('',#6728);
#3595=VERTEX_POINT('',#6730);
#3596=VERTEX_POINT('',#6732);
#3597=VERTEX_POINT('',#6736);
#3598=VERTEX_POINT('',#6740);
#3599=VERTEX_POINT('',#6744);
#3600=VERTEX_POINT('',#6746);
#3601=VERTEX_POINT('',#6748);
#3602=VERTEX_POINT('',#6750);
#3603=VERTEX_POINT('',#6754);
#3604=VERTEX_POINT('',#6758);
#3605=VERTEX_POINT('',#6762);
#3606=VERTEX_POINT('',#6766);
#3607=VERTEX_POINT('',#6768);
#3608=VERTEX_POINT('',#6772);
#3609=VERTEX_POINT('',#6774);
#3610=VERTEX_POINT('',#6778);
#3611=VERTEX_POINT('',#6780);
#3612=VERTEX_POINT('',#6784);
#3613=VERTEX_POINT('',#6790);
#3614=VERTEX_POINT('',#6791);
#3615=VERTEX_POINT('',#6793);
#3616=VERTEX_POINT('',#6795);
#3617=VERTEX_POINT('',#6797);
#3618=VERTEX_POINT('',#6799);
#3619=VERTEX_POINT('',#6801);
#3620=VERTEX_POINT('',#6805);
#3621=VERTEX_POINT('',#6807);
#3622=VERTEX_POINT('',#6811);
#3623=VERTEX_POINT('',#6812);
#3624=VERTEX_POINT('',#6814);
#3625=VERTEX_POINT('',#6816);
#3626=VERTEX_POINT('',#6820);
#3627=VERTEX_POINT('',#6822);
#3628=VERTEX_POINT('',#6824);
#3629=VERTEX_POINT('',#6826);
#3630=VERTEX_POINT('',#6828);
#3631=VERTEX_POINT('',#6830);
#3632=VERTEX_POINT('',#6834);
#3633=VERTEX_POINT('',#6838);
#3634=VERTEX_POINT('',#6840);
#3635=VERTEX_POINT('',#6844);
#3636=VERTEX_POINT('',#6848);
#3637=VERTEX_POINT('',#6850);
#3638=VERTEX_POINT('',#6853);
#3639=VERTEX_POINT('',#6855);
#3640=VERTEX_POINT('',#6859);
#3641=VERTEX_POINT('',#6863);
#3642=VERTEX_POINT('',#6867);
#3643=VERTEX_POINT('',#6870);
#3644=VERTEX_POINT('',#6872);
#3645=VERTEX_POINT('',#6878);
#3646=VERTEX_POINT('',#6880);
#3647=VERTEX_POINT('',#6889);
#3648=VERTEX_POINT('',#6897);
#3649=VERTEX_POINT('',#6900);
#3650=VERTEX_POINT('',#6902);
#3651=VERTEX_POINT('',#6906);
#3652=VERTEX_POINT('',#6910);
#3653=VERTEX_POINT('',#6914);
#3654=VERTEX_POINT('',#6918);
#3655=VERTEX_POINT('',#6929);
#3656=VERTEX_POINT('',#6935);
#3657=VERTEX_POINT('',#6939);
#3658=VERTEX_POINT('',#6955);
#3659=VERTEX_POINT('',#6956);
#3660=VERTEX_POINT('',#6958);
#3661=VERTEX_POINT('',#6962);
#3662=VERTEX_POINT('',#6975);
#3663=VERTEX_POINT('',#6977);
#3664=VERTEX_POINT('',#6992);
#3665=VERTEX_POINT('',#6994);
#3666=VERTEX_POINT('',#7000);
#3667=VERTEX_POINT('',#7002);
#3668=VERTEX_POINT('',#7015);
#3669=VERTEX_POINT('',#7017);
#3670=VERTEX_POINT('',#7032);
#3671=VERTEX_POINT('',#7034);
#3672=VERTEX_POINT('',#7049);
#3673=VERTEX_POINT('',#7051);
#3674=VERTEX_POINT('',#7066);
#3675=VERTEX_POINT('',#7068);
#3676=VERTEX_POINT('',#7083);
#3677=VERTEX_POINT('',#7085);
#3678=VERTEX_POINT('',#7098);
#3679=VERTEX_POINT('',#7102);
#3680=VERTEX_POINT('',#7113);
#3681=VERTEX_POINT('',#7126);
#3682=VERTEX_POINT('',#7139);
#3683=VERTEX_POINT('',#7152);
#3684=VERTEX_POINT('',#7165);
#3685=VERTEX_POINT('',#7178);
#3686=VERTEX_POINT('',#7191);
#3687=VERTEX_POINT('',#7197);
#3688=VERTEX_POINT('',#7208);
#3689=VERTEX_POINT('',#7221);
#3690=VERTEX_POINT('',#7234);
#3691=VERTEX_POINT('',#7240);
#3692=VERTEX_POINT('',#7251);
#3693=VERTEX_POINT('',#7292);
#3694=VERTEX_POINT('',#7293);
#3695=VERTEX_POINT('',#7295);
#3696=VERTEX_POINT('',#7299);
#3697=VERTEX_POINT('',#7312);
#3698=VERTEX_POINT('',#7314);
#3699=VERTEX_POINT('',#7329);
#3700=VERTEX_POINT('',#7331);
#3701=VERTEX_POINT('',#7346);
#3702=VERTEX_POINT('',#7348);
#3703=VERTEX_POINT('',#7363);
#3704=VERTEX_POINT('',#7365);
#3705=VERTEX_POINT('',#7380);
#3706=VERTEX_POINT('',#7382);
#3707=VERTEX_POINT('',#7397);
#3708=VERTEX_POINT('',#7399);
#3709=VERTEX_POINT('',#7412);
#3710=VERTEX_POINT('',#7416);
#3711=VERTEX_POINT('',#7427);
#3712=VERTEX_POINT('',#7440);
#3713=VERTEX_POINT('',#7453);
#3714=VERTEX_POINT('',#7466);
#3715=VERTEX_POINT('',#7479);
#3716=VERTEX_POINT('',#7492);
#3717=VERTEX_POINT('',#7533);
#3718=VERTEX_POINT('',#7534);
#3719=VERTEX_POINT('',#7536);
#3720=VERTEX_POINT('',#7540);
#3721=VERTEX_POINT('',#7553);
#3722=VERTEX_POINT('',#7555);
#3723=VERTEX_POINT('',#7570);
#3724=VERTEX_POINT('',#7572);
#3725=VERTEX_POINT('',#7587);
#3726=VERTEX_POINT('',#7589);
#3727=VERTEX_POINT('',#7604);
#3728=VERTEX_POINT('',#7606);
#3729=VERTEX_POINT('',#7621);
#3730=VERTEX_POINT('',#7623);
#3731=VERTEX_POINT('',#7638);
#3732=VERTEX_POINT('',#7640);
#3733=VERTEX_POINT('',#7655);
#3734=VERTEX_POINT('',#7657);
#3735=VERTEX_POINT('',#7672);
#3736=VERTEX_POINT('',#7674);
#3737=VERTEX_POINT('',#7687);
#3738=VERTEX_POINT('',#7691);
#3739=VERTEX_POINT('',#7702);
#3740=VERTEX_POINT('',#7715);
#3741=VERTEX_POINT('',#7728);
#3742=VERTEX_POINT('',#7741);
#3743=VERTEX_POINT('',#7754);
#3744=VERTEX_POINT('',#7767);
#3745=VERTEX_POINT('',#7780);
#3746=VERTEX_POINT('',#7793);
#3747=VERTEX_POINT('',#7799);
#3748=VERTEX_POINT('',#7803);
#3749=VERTEX_POINT('',#7814);
#3750=VERTEX_POINT('',#7827);
#3751=VERTEX_POINT('',#7840);
#3752=VERTEX_POINT('',#7846);
#3753=VERTEX_POINT('',#7883);
#3754=VERTEX_POINT('',#7887);
#3755=VERTEX_POINT('',#7898);
#3756=VERTEX_POINT('',#7911);
#3757=VERTEX_POINT('',#7924);
#3758=VERTEX_POINT('',#7937);
#3759=VERTEX_POINT('',#7950);
#3760=VERTEX_POINT('',#7963);
#3761=VERTEX_POINT('',#7981);
#3762=VERTEX_POINT('',#7983);
#3763=VERTEX_POINT('',#7987);
#3764=VERTEX_POINT('',#7991);
#3765=VERTEX_POINT('',#7998);
#3766=VERTEX_POINT('',#8000);
#3767=VERTEX_POINT('',#8004);
#3768=VERTEX_POINT('',#8008);
#3769=VERTEX_POINT('',#8012);
#3770=VERTEX_POINT('',#8016);
#3771=VERTEX_POINT('',#8020);
#3772=VERTEX_POINT('',#8034);
#3773=VERTEX_POINT('',#8038);
#3774=VERTEX_POINT('',#8049);
#3775=VERTEX_POINT('',#8062);
#3776=VERTEX_POINT('',#8075);
#3777=VERTEX_POINT('',#8088);
#3778=VERTEX_POINT('',#8101);
#3779=VERTEX_POINT('',#8114);
#3780=VERTEX_POINT('',#8141);
#3781=VERTEX_POINT('',#8142);
#3782=VERTEX_POINT('',#8144);
#3783=VERTEX_POINT('',#8148);
#3784=VERTEX_POINT('',#8161);
#3785=VERTEX_POINT('',#8163);
#3786=VERTEX_POINT('',#8178);
#3787=VERTEX_POINT('',#8180);
#3788=VERTEX_POINT('',#8195);
#3789=VERTEX_POINT('',#8197);
#3790=VERTEX_POINT('',#8212);
#3791=VERTEX_POINT('',#8214);
#3792=VERTEX_POINT('',#8229);
#3793=VERTEX_POINT('',#8231);
#3794=VERTEX_POINT('',#8246);
#3795=VERTEX_POINT('',#8248);
#3796=VERTEX_POINT('',#8261);
#3797=VERTEX_POINT('',#8265);
#3798=VERTEX_POINT('',#8276);
#3799=VERTEX_POINT('',#8289);
#3800=VERTEX_POINT('',#8302);
#3801=VERTEX_POINT('',#8315);
#3802=VERTEX_POINT('',#8328);
#3803=VERTEX_POINT('',#8341);
#3804=VERTEX_POINT('',#8382);
#3805=VERTEX_POINT('',#8383);
#3806=VERTEX_POINT('',#8385);
#3807=VERTEX_POINT('',#8389);
#3808=VERTEX_POINT('',#8402);
#3809=VERTEX_POINT('',#8404);
#3810=VERTEX_POINT('',#8419);
#3811=VERTEX_POINT('',#8421);
#3812=VERTEX_POINT('',#8436);
#3813=VERTEX_POINT('',#8438);
#3814=VERTEX_POINT('',#8453);
#3815=VERTEX_POINT('',#8455);
#3816=VERTEX_POINT('',#8470);
#3817=VERTEX_POINT('',#8472);
#3818=VERTEX_POINT('',#8487);
#3819=VERTEX_POINT('',#8489);
#3820=VERTEX_POINT('',#8504);
#3821=VERTEX_POINT('',#8506);
#3822=VERTEX_POINT('',#8521);
#3823=VERTEX_POINT('',#8523);
#3824=VERTEX_POINT('',#8536);
#3825=VERTEX_POINT('',#8540);
#3826=VERTEX_POINT('',#8551);
#3827=VERTEX_POINT('',#8564);
#3828=VERTEX_POINT('',#8577);
#3829=VERTEX_POINT('',#8590);
#3830=VERTEX_POINT('',#8603);
#3831=VERTEX_POINT('',#8616);
#3832=VERTEX_POINT('',#8629);
#3833=VERTEX_POINT('',#8642);
#3834=VERTEX_POINT('',#8648);
#3835=VERTEX_POINT('',#8652);
#3836=VERTEX_POINT('',#8663);
#3837=VERTEX_POINT('',#8676);
#3838=VERTEX_POINT('',#8689);
#3839=VERTEX_POINT('',#8695);
#3840=VERTEX_POINT('',#8734);
#3841=VERTEX_POINT('',#8735);
#3842=VERTEX_POINT('',#8737);
#3843=VERTEX_POINT('',#8741);
#3844=VERTEX_POINT('',#8754);
#3845=VERTEX_POINT('',#8756);
#3846=VERTEX_POINT('',#8771);
#3847=VERTEX_POINT('',#8773);
#3848=VERTEX_POINT('',#8788);
#3849=VERTEX_POINT('',#8790);
#3850=VERTEX_POINT('',#8805);
#3851=VERTEX_POINT('',#8807);
#3852=VERTEX_POINT('',#8822);
#3853=VERTEX_POINT('',#8824);
#3854=VERTEX_POINT('',#8839);
#3855=VERTEX_POINT('',#8841);
#3856=VERTEX_POINT('',#8856);
#3857=VERTEX_POINT('',#8858);
#3858=VERTEX_POINT('',#8873);
#3859=VERTEX_POINT('',#8875);
#3860=VERTEX_POINT('',#8888);
#3861=VERTEX_POINT('',#8892);
#3862=VERTEX_POINT('',#8903);
#3863=VERTEX_POINT('',#8916);
#3864=VERTEX_POINT('',#8929);
#3865=VERTEX_POINT('',#8942);
#3866=VERTEX_POINT('',#8955);
#3867=VERTEX_POINT('',#8968);
#3868=VERTEX_POINT('',#8981);
#3869=VERTEX_POINT('',#8994);
#3870=VERTEX_POINT('',#9000);
#3871=VERTEX_POINT('',#9004);
#3872=VERTEX_POINT('',#9015);
#3873=VERTEX_POINT('',#9028);
#3874=VERTEX_POINT('',#9041);
#3875=VERTEX_POINT('',#9047);
#3876=VERTEX_POINT('',#9077);
#3877=VERTEX_POINT('',#9078);
#3878=VERTEX_POINT('',#9080);
#3879=VERTEX_POINT('',#9082);
#3880=VERTEX_POINT('',#9086);
#3881=VERTEX_POINT('',#9088);
#3882=VERTEX_POINT('',#9092);
#3883=VERTEX_POINT('',#9094);
#3884=VERTEX_POINT('',#9107);
#3885=VERTEX_POINT('',#9109);
#3886=VERTEX_POINT('',#9115);
#3887=VERTEX_POINT('',#9117);
#3888=VERTEX_POINT('',#9121);
#3889=VERTEX_POINT('',#9123);
#3890=VERTEX_POINT('',#9127);
#3891=VERTEX_POINT('',#9131);
#3892=VERTEX_POINT('',#9135);
#3893=VERTEX_POINT('',#9139);
#3894=VERTEX_POINT('',#9143);
#3895=VERTEX_POINT('',#9147);
#3896=VERTEX_POINT('',#9151);
#3897=VERTEX_POINT('',#9155);
#3898=VERTEX_POINT('',#9159);
#3899=VERTEX_POINT('',#9178);
#3900=VERTEX_POINT('',#9179);
#3901=VERTEX_POINT('',#9181);
#3902=VERTEX_POINT('',#9185);
#3903=VERTEX_POINT('',#9198);
#3904=VERTEX_POINT('',#9200);
#3905=VERTEX_POINT('',#9215);
#3906=VERTEX_POINT('',#9217);
#3907=VERTEX_POINT('',#9223);
#3908=VERTEX_POINT('',#9225);
#3909=VERTEX_POINT('',#9238);
#3910=VERTEX_POINT('',#9240);
#3911=VERTEX_POINT('',#9255);
#3912=VERTEX_POINT('',#9257);
#3913=VERTEX_POINT('',#9272);
#3914=VERTEX_POINT('',#9274);
#3915=VERTEX_POINT('',#9289);
#3916=VERTEX_POINT('',#9290);
#3917=VERTEX_POINT('',#9292);
#3918=VERTEX_POINT('',#9296);
#3919=VERTEX_POINT('',#9309);
#3920=VERTEX_POINT('',#9311);
#3921=VERTEX_POINT('',#9326);
#3922=VERTEX_POINT('',#9328);
#3923=VERTEX_POINT('',#9343);
#3924=VERTEX_POINT('',#9345);
#3925=VERTEX_POINT('',#9360);
#3926=VERTEX_POINT('',#9362);
#3927=VERTEX_POINT('',#9377);
#3928=VERTEX_POINT('',#9379);
#3929=VERTEX_POINT('',#9394);
#3930=VERTEX_POINT('',#9396);
#3931=VERTEX_POINT('',#9409);
#3932=VERTEX_POINT('',#9413);
#3933=VERTEX_POINT('',#9424);
#3934=VERTEX_POINT('',#9437);
#3935=VERTEX_POINT('',#9450);
#3936=VERTEX_POINT('',#9463);
#3937=VERTEX_POINT('',#9476);
#3938=VERTEX_POINT('',#9489);
#3939=VERTEX_POINT('',#9502);
#3940=VERTEX_POINT('',#9515);
#3941=VERTEX_POINT('',#9528);
#3942=VERTEX_POINT('',#9541);
#3943=VERTEX_POINT('',#9554);
#3944=VERTEX_POINT('',#9567);
#3945=VERTEX_POINT('',#9580);
#3946=VERTEX_POINT('',#9634);
#3947=VERTEX_POINT('',#9638);
#3948=VERTEX_POINT('',#9649);
#3949=VERTEX_POINT('',#9662);
#3950=VERTEX_POINT('',#9668);
#3951=VERTEX_POINT('',#9679);
#3952=VERTEX_POINT('',#9685);
#3953=VERTEX_POINT('',#9696);
#3954=VERTEX_POINT('',#9702);
#3955=VERTEX_POINT('',#9713);
#3956=VERTEX_POINT('',#9726);
#3957=VERTEX_POINT('',#9739);
#3958=VERTEX_POINT('',#9752);
#3959=VERTEX_POINT('',#9758);
#3960=VERTEX_POINT('',#9762);
#3961=VERTEX_POINT('',#9766);
#3962=VERTEX_POINT('',#9777);
#3963=VERTEX_POINT('',#9790);
#3964=VERTEX_POINT('',#9803);
#3965=VERTEX_POINT('',#9809);
#3966=VERTEX_POINT('',#9813);
#3967=VERTEX_POINT('',#9817);
#3968=VERTEX_POINT('',#9828);
#3969=VERTEX_POINT('',#9841);
#3970=VERTEX_POINT('',#9854);
#3971=VERTEX_POINT('',#9867);
#3972=VERTEX_POINT('',#9880);
#3973=VERTEX_POINT('',#9886);
#3974=VERTEX_POINT('',#9911);
#3975=VERTEX_POINT('',#9914);
#3976=B_SPLINE_CURVE_WITH_KNOTS('',2,(#6206,#6207,#6208),.UNSPECIFIED.,
 .F.,.F.,(3,3),(0.,1.),.PIECEWISE_BEZIER_KNOTS.);
#3977=B_SPLINE_CURVE_WITH_KNOTS('',2,(#6211,#6212,#6213),.UNSPECIFIED.,
 .F.,.F.,(3,3),(0.,1.),.PIECEWISE_BEZIER_KNOTS.);
#3978=B_SPLINE_CURVE_WITH_KNOTS('',2,(#6215,#6216,#6217),.UNSPECIFIED.,
 .F.,.F.,(3,3),(0.,1.),.PIECEWISE_BEZIER_KNOTS.);
#3979=B_SPLINE_CURVE_WITH_KNOTS('',2,(#6219,#6220,#6221),.UNSPECIFIED.,
 .F.,.F.,(3,3),(0.,1.),.PIECEWISE_BEZIER_KNOTS.);
#3980=B_SPLINE_CURVE_WITH_KNOTS('',2,(#6223,#6224,#6225),.UNSPECIFIED.,
 .F.,.F.,(3,3),(0.,1.),.PIECEWISE_BEZIER_KNOTS.);
#3981=B_SPLINE_CURVE_WITH_KNOTS('',2,(#6227,#6228,#6229),.UNSPECIFIED.,
 .F.,.F.,(3,3),(0.,1.),.PIECEWISE_BEZIER_KNOTS.);
#3982=B_SPLINE_CURVE_WITH_KNOTS('',2,(#6231,#6232,#6233),.UNSPECIFIED.,
 .F.,.F.,(3,3),(0.,1.),.PIECEWISE_BEZIER_KNOTS.);
#3983=B_SPLINE_CURVE_WITH_KNOTS('',2,(#6235,#6236,#6237),.UNSPECIFIED.,
 .F.,.F.,(3,3),(0.,1.),.PIECEWISE_BEZIER_KNOTS.);
#3984=B_SPLINE_CURVE_WITH_KNOTS('',2,(#6239,#6240,#6241),.UNSPECIFIED.,
 .F.,.F.,(3,3),(0.,1.),.PIECEWISE_BEZIER_KNOTS.);
#3985=B_SPLINE_CURVE_WITH_KNOTS('',2,(#6243,#6244,#6245),.UNSPECIFIED.,
 .F.,.F.,(3,3),(0.,1.),.PIECEWISE_BEZIER_KNOTS.);
#3986=B_SPLINE_CURVE_WITH_KNOTS('',2,(#6247,#6248,#6249),.UNSPECIFIED.,
 .F.,.F.,(3,3),(0.,1.),.PIECEWISE_BEZIER_KNOTS.);
#3987=B_SPLINE_CURVE_WITH_KNOTS('',2,(#6251,#6252,#6253),.UNSPECIFIED.,
 .F.,.F.,(3,3),(0.,1.),.PIECEWISE_BEZIER_KNOTS.);
#3988=B_SPLINE_CURVE_WITH_KNOTS('',2,(#6255,#6256,#6257),.UNSPECIFIED.,
 .F.,.F.,(3,3),(0.,1.),.PIECEWISE_BEZIER_KNOTS.);
#3989=B_SPLINE_CURVE_WITH_KNOTS('',2,(#6259,#6260,#6261),.UNSPECIFIED.,
 .F.,.F.,(3,3),(0.,1.),.PIECEWISE_BEZIER_KNOTS.);
#3990=B_SPLINE_CURVE_WITH_KNOTS('',2,(#6263,#6264,#6265),.UNSPECIFIED.,
 .F.,.F.,(3,3),(0.,1.),.PIECEWISE_BEZIER_KNOTS.);
#3991=B_SPLINE_CURVE_WITH_KNOTS('',2,(#6266,#6267,#6268),.UNSPECIFIED.,
 .F.,.F.,(3,3),(0.,1.),.PIECEWISE_BEZIER_KNOTS.);
#3992=B_SPLINE_CURVE_WITH_KNOTS('',2,(#6271,#6272,#6273),.UNSPECIFIED.,
 .F.,.F.,(3,3),(0.,1.),.PIECEWISE_BEZIER_KNOTS.);
#3993=B_SPLINE_CURVE_WITH_KNOTS('',2,(#6277,#6278,#6279),.UNSPECIFIED.,
 .F.,.F.,(3,3),(0.,1.),.PIECEWISE_BEZIER_KNOTS.);
#3994=B_SPLINE_CURVE_WITH_KNOTS('',2,(#6281,#6282,#6283),.UNSPECIFIED.,
 .F.,.F.,(3,3),(0.,1.),.PIECEWISE_BEZIER_KNOTS.);
#3995=B_SPLINE_CURVE_WITH_KNOTS('',2,(#6285,#6286,#6287),.UNSPECIFIED.,
 .F.,.F.,(3,3),(0.,1.),.PIECEWISE_BEZIER_KNOTS.);
#3996=B_SPLINE_CURVE_WITH_KNOTS('',2,(#6293,#6294,#6295),.UNSPECIFIED.,
 .F.,.F.,(3,3),(0.,1.),.PIECEWISE_BEZIER_KNOTS.);
#3997=B_SPLINE_CURVE_WITH_KNOTS('',2,(#6297,#6298,#6299),.UNSPECIFIED.,
 .F.,.F.,(3,3),(0.,1.),.PIECEWISE_BEZIER_KNOTS.);
#3998=B_SPLINE_CURVE_WITH_KNOTS('',2,(#6301,#6302,#6303),.UNSPECIFIED.,
 .F.,.F.,(3,3),(0.,1.),.PIECEWISE_BEZIER_KNOTS.);
#3999=B_SPLINE_CURVE_WITH_KNOTS('',2,(#6305,#6306,#6307),.UNSPECIFIED.,
 .F.,.F.,(3,3),(0.,1.),.PIECEWISE_BEZIER_KNOTS.);
#4000=B_SPLINE_CURVE_WITH_KNOTS('',2,(#6309,#6310,#6311),.UNSPECIFIED.,
 .F.,.F.,(3,3),(0.,1.),.PIECEWISE_BEZIER_KNOTS.);
#4001=B_SPLINE_CURVE_WITH_KNOTS('',2,(#6313,#6314,#6315),.UNSPECIFIED.,
 .F.,.F.,(3,3),(0.,1.),.PIECEWISE_BEZIER_KNOTS.);
#4002=B_SPLINE_CURVE_WITH_KNOTS('',2,(#6317,#6318,#6319),.UNSPECIFIED.,
 .F.,.F.,(3,3),(0.,1.),.PIECEWISE_BEZIER_KNOTS.);
#4003=B_SPLINE_CURVE_WITH_KNOTS('',2,(#6321,#6322,#6323),.UNSPECIFIED.,
 .F.,.F.,(3,3),(0.,1.),.PIECEWISE_BEZIER_KNOTS.);
#4004=B_SPLINE_CURVE_WITH_KNOTS('',2,(#6324,#6325,#6326),.UNSPECIFIED.,
 .F.,.F.,(3,3),(0.,1.),.PIECEWISE_BEZIER_KNOTS.);
#4005=B_SPLINE_CURVE_WITH_KNOTS('',2,(#6329,#6330,#6331),.UNSPECIFIED.,
 .F.,.F.,(3,3),(0.,1.),.PIECEWISE_BEZIER_KNOTS.);
#4006=B_SPLINE_CURVE_WITH_KNOTS('',2,(#6333,#6334,#6335),.UNSPECIFIED.,
 .F.,.F.,(3,3),(0.,1.),.PIECEWISE_BEZIER_KNOTS.);
#4007=B_SPLINE_CURVE_WITH_KNOTS('',2,(#6337,#6338,#6339),.UNSPECIFIED.,
 .F.,.F.,(3,3),(0.,1.),.PIECEWISE_BEZIER_KNOTS.);
#4008=B_SPLINE_CURVE_WITH_KNOTS('',2,(#6341,#6342,#6343),.UNSPECIFIED.,
 .F.,.F.,(3,3),(0.,1.),.PIECEWISE_BEZIER_KNOTS.);
#4009=B_SPLINE_CURVE_WITH_KNOTS('',2,(#6345,#6346,#6347),.UNSPECIFIED.,
 .F.,.F.,(3,3),(0.,1.),.PIECEWISE_BEZIER_KNOTS.);
#4010=B_SPLINE_CURVE_WITH_KNOTS('',2,(#6349,#6350,#6351),.UNSPECIFIED.,
 .F.,.F.,(3,3),(0.,1.),.PIECEWISE_BEZIER_KNOTS.);
#4011=B_SPLINE_CURVE_WITH_KNOTS('',2,(#6353,#6354,#6355),.UNSPECIFIED.,
 .F.,.F.,(3,3),(0.,1.),.PIECEWISE_BEZIER_KNOTS.);
#4012=B_SPLINE_CURVE_WITH_KNOTS('',2,(#6370,#6371,#6372),.UNSPECIFIED.,
 .F.,.F.,(3,3),(0.,1.),.PIECEWISE_BEZIER_KNOTS.);
#4013=B_SPLINE_CURVE_WITH_KNOTS('',2,(#6375,#6376,#6377),.UNSPECIFIED.,
 .F.,.F.,(3,3),(0.,1.),.PIECEWISE_BEZIER_KNOTS.);
#4014=B_SPLINE_CURVE_WITH_KNOTS('',2,(#6379,#6380,#6381),.UNSPECIFIED.,
 .F.,.F.,(3,3),(0.,1.),.PIECEWISE_BEZIER_KNOTS.);
#4015=B_SPLINE_CURVE_WITH_KNOTS('',2,(#6383,#6384,#6385),.UNSPECIFIED.,
 .F.,.F.,(3,3),(0.,1.),.PIECEWISE_BEZIER_KNOTS.);
#4016=B_SPLINE_CURVE_WITH_KNOTS('',2,(#6387,#6388,#6389),.UNSPECIFIED.,
 .F.,.F.,(3,3),(0.,1.),.PIECEWISE_BEZIER_KNOTS.);
#4017=B_SPLINE_CURVE_WITH_KNOTS('',2,(#6391,#6392,#6393),.UNSPECIFIED.,
 .F.,.F.,(3,3),(0.,1.),.PIECEWISE_BEZIER_KNOTS.);
#4018=B_SPLINE_CURVE_WITH_KNOTS('',2,(#6395,#6396,#6397),.UNSPECIFIED.,
 .F.,.F.,(3,3),(0.,1.),.PIECEWISE_BEZIER_KNOTS.);
#4019=B_SPLINE_CURVE_WITH_KNOTS('',2,(#6399,#6400,#6401),.UNSPECIFIED.,
 .F.,.F.,(3,3),(0.,1.),.PIECEWISE_BEZIER_KNOTS.);
#4020=B_SPLINE_CURVE_WITH_KNOTS('',2,(#6402,#6403,#6404),.UNSPECIFIED.,
 .F.,.F.,(3,3),(0.,1.),.PIECEWISE_BEZIER_KNOTS.);
#4021=B_SPLINE_CURVE_WITH_KNOTS('',2,(#6407,#6408,#6409),.UNSPECIFIED.,
 .F.,.F.,(3,3),(0.,1.),.PIECEWISE_BEZIER_KNOTS.);
#4022=B_SPLINE_CURVE_WITH_KNOTS('',2,(#6411,#6412,#6413),.UNSPECIFIED.,
 .F.,.F.,(3,3),(0.,1.),.PIECEWISE_BEZIER_KNOTS.);
#4023=B_SPLINE_CURVE_WITH_KNOTS('',2,(#6415,#6416,#6417),.UNSPECIFIED.,
 .F.,.F.,(3,3),(0.,1.),.PIECEWISE_BEZIER_KNOTS.);
#4024=B_SPLINE_CURVE_WITH_KNOTS('',2,(#6419,#6420,#6421),.UNSPECIFIED.,
 .F.,.F.,(3,3),(0.,1.),.PIECEWISE_BEZIER_KNOTS.);
#4025=B_SPLINE_CURVE_WITH_KNOTS('',2,(#6423,#6424,#6425),.UNSPECIFIED.,
 .F.,.F.,(3,3),(0.,1.),.PIECEWISE_BEZIER_KNOTS.);
#4026=B_SPLINE_CURVE_WITH_KNOTS('',2,(#6427,#6428,#6429),.UNSPECIFIED.,
 .F.,.F.,(3,3),(0.,1.),.PIECEWISE_BEZIER_KNOTS.);
#4027=B_SPLINE_CURVE_WITH_KNOTS('',2,(#6431,#6432,#6433),.UNSPECIFIED.,
 .F.,.F.,(3,3),(0.,1.),.PIECEWISE_BEZIER_KNOTS.);
#4028=B_SPLINE_CURVE_WITH_KNOTS('',2,(#6443,#6444,#6445),.UNSPECIFIED.,
 .F.,.F.,(3,3),(0.,1.),.PIECEWISE_BEZIER_KNOTS.);
#4029=B_SPLINE_CURVE_WITH_KNOTS('',2,(#6462,#6463,#6464),.UNSPECIFIED.,
 .F.,.F.,(3,3),(0.,1.),.PIECEWISE_BEZIER_KNOTS.);
#4030=B_SPLINE_CURVE_WITH_KNOTS('',2,(#6467,#6468,#6469),.UNSPECIFIED.,
 .F.,.F.,(3,3),(0.,1.),.PIECEWISE_BEZIER_KNOTS.);
#4031=B_SPLINE_CURVE_WITH_KNOTS('',2,(#6471,#6472,#6473),.UNSPECIFIED.,
 .F.,.F.,(3,3),(0.,1.),.PIECEWISE_BEZIER_KNOTS.);
#4032=B_SPLINE_CURVE_WITH_KNOTS('',2,(#6477,#6478,#6479),.UNSPECIFIED.,
 .F.,.F.,(3,3),(0.,1.),.PIECEWISE_BEZIER_KNOTS.);
#4033=B_SPLINE_CURVE_WITH_KNOTS('',2,(#6481,#6482,#6483),.UNSPECIFIED.,
 .F.,.F.,(3,3),(0.,1.),.PIECEWISE_BEZIER_KNOTS.);
#4034=B_SPLINE_CURVE_WITH_KNOTS('',2,(#6485,#6486,#6487),.UNSPECIFIED.,
 .F.,.F.,(3,3),(0.,1.),.PIECEWISE_BEZIER_KNOTS.);
#4035=B_SPLINE_CURVE_WITH_KNOTS('',2,(#6491,#6492,#6493),.UNSPECIFIED.,
 .F.,.F.,(3,3),(0.,1.),.PIECEWISE_BEZIER_KNOTS.);
#4036=B_SPLINE_CURVE_WITH_KNOTS('',2,(#6495,#6496,#6497),.UNSPECIFIED.,
 .F.,.F.,(3,3),(0.,1.),.PIECEWISE_BEZIER_KNOTS.);
#4037=B_SPLINE_CURVE_WITH_KNOTS('',2,(#6499,#6500,#6501),.UNSPECIFIED.,
 .F.,.F.,(3,3),(0.,1.),.PIECEWISE_BEZIER_KNOTS.);
#4038=B_SPLINE_CURVE_WITH_KNOTS('',2,(#6503,#6504,#6505),.UNSPECIFIED.,
 .F.,.F.,(3,3),(0.,1.),.PIECEWISE_BEZIER_KNOTS.);
#4039=B_SPLINE_CURVE_WITH_KNOTS('',2,(#6507,#6508,#6509),.UNSPECIFIED.,
 .F.,.F.,(3,3),(0.,1.),.PIECEWISE_BEZIER_KNOTS.);
#4040=B_SPLINE_CURVE_WITH_KNOTS('',2,(#6511,#6512,#6513),.UNSPECIFIED.,
 .F.,.F.,(3,3),(0.,1.),.PIECEWISE_BEZIER_KNOTS.);
#4041=B_SPLINE_CURVE_WITH_KNOTS('',2,(#6515,#6516,#6517),.UNSPECIFIED.,
 .F.,.F.,(3,3),(0.,1.),.PIECEWISE_BEZIER_KNOTS.);
#4042=B_SPLINE_CURVE_WITH_KNOTS('',2,(#6518,#6519,#6520),.UNSPECIFIED.,
 .F.,.F.,(3,3),(0.,1.),.PIECEWISE_BEZIER_KNOTS.);
#4043=B_SPLINE_CURVE_WITH_KNOTS('',2,(#6523,#6524,#6525),.UNSPECIFIED.,
 .F.,.F.,(3,3),(0.,1.),.PIECEWISE_BEZIER_KNOTS.);
#4044=B_SPLINE_CURVE_WITH_KNOTS('',2,(#6529,#6530,#6531),.UNSPECIFIED.,
 .F.,.F.,(3,3),(0.,1.),.PIECEWISE_BEZIER_KNOTS.);
#4045=B_SPLINE_CURVE_WITH_KNOTS('',2,(#6533,#6534,#6535),.UNSPECIFIED.,
 .F.,.F.,(3,3),(0.,1.),.PIECEWISE_BEZIER_KNOTS.);
#4046=B_SPLINE_CURVE_WITH_KNOTS('',2,(#6537,#6538,#6539),.UNSPECIFIED.,
 .F.,.F.,(3,3),(0.,1.),.PIECEWISE_BEZIER_KNOTS.);
#4047=B_SPLINE_CURVE_WITH_KNOTS('',2,(#6545,#6546,#6547),.UNSPECIFIED.,
 .F.,.F.,(3,3),(0.,1.),.PIECEWISE_BEZIER_KNOTS.);
#4048=B_SPLINE_CURVE_WITH_KNOTS('',2,(#6549,#6550,#6551),.UNSPECIFIED.,
 .F.,.F.,(3,3),(0.,1.),.PIECEWISE_BEZIER_KNOTS.);
#4049=B_SPLINE_CURVE_WITH_KNOTS('',2,(#6553,#6554,#6555),.UNSPECIFIED.,
 .F.,.F.,(3,3),(0.,1.),.PIECEWISE_BEZIER_KNOTS.);
#4050=B_SPLINE_CURVE_WITH_KNOTS('',2,(#6557,#6558,#6559),.UNSPECIFIED.,
 .F.,.F.,(3,3),(0.,1.),.PIECEWISE_BEZIER_KNOTS.);
#4051=B_SPLINE_CURVE_WITH_KNOTS('',2,(#6561,#6562,#6563),.UNSPECIFIED.,
 .F.,.F.,(3,3),(0.,1.),.PIECEWISE_BEZIER_KNOTS.);
#4052=B_SPLINE_CURVE_WITH_KNOTS('',2,(#6565,#6566,#6567),.UNSPECIFIED.,
 .F.,.F.,(3,3),(0.,1.),.PIECEWISE_BEZIER_KNOTS.);
#4053=B_SPLINE_CURVE_WITH_KNOTS('',2,(#6569,#6570,#6571),.UNSPECIFIED.,
 .F.,.F.,(3,3),(0.,1.),.PIECEWISE_BEZIER_KNOTS.);
#4054=B_SPLINE_CURVE_WITH_KNOTS('',2,(#6573,#6574,#6575),.UNSPECIFIED.,
 .F.,.F.,(3,3),(0.,1.),.PIECEWISE_BEZIER_KNOTS.);
#4055=B_SPLINE_CURVE_WITH_KNOTS('',2,(#6584,#6585,#6586),.UNSPECIFIED.,
 .F.,.F.,(3,3),(0.,1.),.PIECEWISE_BEZIER_KNOTS.);
#4056=B_SPLINE_CURVE_WITH_KNOTS('',2,(#6589,#6590,#6591),.UNSPECIFIED.,
 .F.,.F.,(3,3),(0.,1.),.PIECEWISE_BEZIER_KNOTS.);
#4057=B_SPLINE_CURVE_WITH_KNOTS('',2,(#6593,#6594,#6595),.UNSPECIFIED.,
 .F.,.F.,(3,3),(0.,1.),.PIECEWISE_BEZIER_KNOTS.);
#4058=B_SPLINE_CURVE_WITH_KNOTS('',2,(#6597,#6598,#6599),.UNSPECIFIED.,
 .F.,.F.,(3,3),(0.,1.),.PIECEWISE_BEZIER_KNOTS.);
#4059=B_SPLINE_CURVE_WITH_KNOTS('',2,(#6601,#6602,#6603),.UNSPECIFIED.,
 .F.,.F.,(3,3),(0.,1.),.PIECEWISE_BEZIER_KNOTS.);
#4060=B_SPLINE_CURVE_WITH_KNOTS('',2,(#6605,#6606,#6607),.UNSPECIFIED.,
 .F.,.F.,(3,3),(0.,1.),.PIECEWISE_BEZIER_KNOTS.);
#4061=B_SPLINE_CURVE_WITH_KNOTS('',2,(#6609,#6610,#6611),.UNSPECIFIED.,
 .F.,.F.,(3,3),(0.,1.),.PIECEWISE_BEZIER_KNOTS.);
#4062=B_SPLINE_CURVE_WITH_KNOTS('',2,(#6613,#6614,#6615),.UNSPECIFIED.,
 .F.,.F.,(3,3),(0.,1.),.PIECEWISE_BEZIER_KNOTS.);
#4063=B_SPLINE_CURVE_WITH_KNOTS('',2,(#6616,#6617,#6618),.UNSPECIFIED.,
 .F.,.F.,(3,3),(0.,1.),.PIECEWISE_BEZIER_KNOTS.);
#4064=B_SPLINE_CURVE_WITH_KNOTS('',2,(#6621,#6622,#6623),.UNSPECIFIED.,
 .F.,.F.,(3,3),(0.,1.),.PIECEWISE_BEZIER_KNOTS.);
#4065=B_SPLINE_CURVE_WITH_KNOTS('',2,(#6627,#6628,#6629),.UNSPECIFIED.,
 .F.,.F.,(3,3),(0.,1.),.PIECEWISE_BEZIER_KNOTS.);
#4066=B_SPLINE_CURVE_WITH_KNOTS('',2,(#6631,#6632,#6633),.UNSPECIFIED.,
 .F.,.F.,(3,3),(0.,1.),.PIECEWISE_BEZIER_KNOTS.);
#4067=B_SPLINE_CURVE_WITH_KNOTS('',2,(#6635,#6636,#6637),.UNSPECIFIED.,
 .F.,.F.,(3,3),(0.,1.),.PIECEWISE_BEZIER_KNOTS.);
#4068=B_SPLINE_CURVE_WITH_KNOTS('',2,(#6643,#6644,#6645),.UNSPECIFIED.,
 .F.,.F.,(3,3),(0.,1.),.PIECEWISE_BEZIER_KNOTS.);
#4069=B_SPLINE_CURVE_WITH_KNOTS('',2,(#6647,#6648,#6649),.UNSPECIFIED.,
 .F.,.F.,(3,3),(0.,1.),.PIECEWISE_BEZIER_KNOTS.);
#4070=B_SPLINE_CURVE_WITH_KNOTS('',2,(#6651,#6652,#6653),.UNSPECIFIED.,
 .F.,.F.,(3,3),(0.,1.),.PIECEWISE_BEZIER_KNOTS.);
#4071=B_SPLINE_CURVE_WITH_KNOTS('',2,(#6655,#6656,#6657),.UNSPECIFIED.,
 .F.,.F.,(3,3),(0.,1.),.PIECEWISE_BEZIER_KNOTS.);
#4072=B_SPLINE_CURVE_WITH_KNOTS('',2,(#6659,#6660,#6661),.UNSPECIFIED.,
 .F.,.F.,(3,3),(0.,1.),.PIECEWISE_BEZIER_KNOTS.);
#4073=B_SPLINE_CURVE_WITH_KNOTS('',2,(#6663,#6664,#6665),.UNSPECIFIED.,
 .F.,.F.,(3,3),(0.,1.),.PIECEWISE_BEZIER_KNOTS.);
#4074=B_SPLINE_CURVE_WITH_KNOTS('',2,(#6667,#6668,#6669),.UNSPECIFIED.,
 .F.,.F.,(3,3),(0.,1.),.PIECEWISE_BEZIER_KNOTS.);
#4075=B_SPLINE_CURVE_WITH_KNOTS('',2,(#6671,#6672,#6673),.UNSPECIFIED.,
 .F.,.F.,(3,3),(0.,1.),.PIECEWISE_BEZIER_KNOTS.);
#4076=B_SPLINE_CURVE_WITH_KNOTS('',2,(#6696,#6697,#6698),.UNSPECIFIED.,
 .F.,.F.,(3,3),(0.,1.),.PIECEWISE_BEZIER_KNOTS.);
#4077=B_SPLINE_CURVE_WITH_KNOTS('',2,(#6701,#6702,#6703),.UNSPECIFIED.,
 .F.,.F.,(3,3),(0.,1.),.PIECEWISE_BEZIER_KNOTS.);
#4078=B_SPLINE_CURVE_WITH_KNOTS('',2,(#6707,#6708,#6709),.UNSPECIFIED.,
 .F.,.F.,(3,3),(0.,1.),.PIECEWISE_BEZIER_KNOTS.);
#4079=B_SPLINE_CURVE_WITH_KNOTS('',2,(#6711,#6712,#6713),.UNSPECIFIED.,
 .F.,.F.,(3,3),(0.,1.),.PIECEWISE_BEZIER_KNOTS.);
#4080=B_SPLINE_CURVE_WITH_KNOTS('',2,(#6715,#6716,#6717),.UNSPECIFIED.,
 .F.,.F.,(3,3),(0.,1.),.PIECEWISE_BEZIER_KNOTS.);
#4081=B_SPLINE_CURVE_WITH_KNOTS('',2,(#6719,#6720,#6721),.UNSPECIFIED.,
 .F.,.F.,(3,3),(0.,1.),.PIECEWISE_BEZIER_KNOTS.);
#4082=B_SPLINE_CURVE_WITH_KNOTS('',2,(#6723,#6724,#6725),.UNSPECIFIED.,
 .F.,.F.,(3,3),(0.,1.),.PIECEWISE_BEZIER_KNOTS.);
#4083=B_SPLINE_CURVE_WITH_KNOTS('',2,(#6733,#6734,#6735),.UNSPECIFIED.,
 .F.,.F.,(3,3),(0.,1.),.PIECEWISE_BEZIER_KNOTS.);
#4084=B_SPLINE_CURVE_WITH_KNOTS('',2,(#6737,#6738,#6739),.UNSPECIFIED.,
 .F.,.F.,(3,3),(0.,1.),.PIECEWISE_BEZIER_KNOTS.);
#4085=B_SPLINE_CURVE_WITH_KNOTS('',2,(#6741,#6742,#6743),.UNSPECIFIED.,
 .F.,.F.,(3,3),(0.,1.),.PIECEWISE_BEZIER_KNOTS.);
#4086=B_SPLINE_CURVE_WITH_KNOTS('',2,(#6751,#6752,#6753),.UNSPECIFIED.,
 .F.,.F.,(3,3),(0.,1.),.PIECEWISE_BEZIER_KNOTS.);
#4087=B_SPLINE_CURVE_WITH_KNOTS('',2,(#6755,#6756,#6757),.UNSPECIFIED.,
 .F.,.F.,(3,3),(0.,1.),.PIECEWISE_BEZIER_KNOTS.);
#4088=B_SPLINE_CURVE_WITH_KNOTS('',2,(#6759,#6760,#6761),.UNSPECIFIED.,
 .F.,.F.,(3,3),(0.,1.),.PIECEWISE_BEZIER_KNOTS.);
#4089=B_SPLINE_CURVE_WITH_KNOTS('',2,(#6763,#6764,#6765),.UNSPECIFIED.,
 .F.,.F.,(3,3),(0.,1.),.PIECEWISE_BEZIER_KNOTS.);
#4090=B_SPLINE_CURVE_WITH_KNOTS('',2,(#6769,#6770,#6771),.UNSPECIFIED.,
 .F.,.F.,(3,3),(0.,1.),.PIECEWISE_BEZIER_KNOTS.);
#4091=B_SPLINE_CURVE_WITH_KNOTS('',2,(#6775,#6776,#6777),.UNSPECIFIED.,
 .F.,.F.,(3,3),(0.,1.),.PIECEWISE_BEZIER_KNOTS.);
#4092=B_SPLINE_CURVE_WITH_KNOTS('',2,(#6781,#6782,#6783),.UNSPECIFIED.,
 .F.,.F.,(3,3),(0.,1.),.PIECEWISE_BEZIER_KNOTS.);
#4093=B_SPLINE_CURVE_WITH_KNOTS('',2,(#6785,#6786,#6787),.UNSPECIFIED.,
 .F.,.F.,(3,3),(0.,1.),.PIECEWISE_BEZIER_KNOTS.);
#4094=B_SPLINE_CURVE_WITH_KNOTS('',2,(#6930,#6931,#6932),.UNSPECIFIED.,
 .F.,.F.,(3,3),(0.,1.),.PIECEWISE_BEZIER_KNOTS.);
#4095=B_SPLINE_CURVE_WITH_KNOTS('',2,(#6952,#6953,#6954),.UNSPECIFIED.,
 .F.,.F.,(3,3),(0.,1.),.PIECEWISE_BEZIER_KNOTS.);
#4096=B_SPLINE_CURVE_WITH_KNOTS('',2,(#6959,#6960,#6961),.UNSPECIFIED.,
 .F.,.F.,(3,3),(0.,1.),.PIECEWISE_BEZIER_KNOTS.);
#4097=B_SPLINE_CURVE_WITH_KNOTS('',2,(#6972,#6973,#6974),.UNSPECIFIED.,
 .F.,.F.,(3,3),(0.,1.),.PIECEWISE_BEZIER_KNOTS.);
#4098=B_SPLINE_CURVE_WITH_KNOTS('',2,(#6978,#6979,#6980),.UNSPECIFIED.,
 .F.,.F.,(3,3),(0.,1.),.PIECEWISE_BEZIER_KNOTS.);
#4099=B_SPLINE_CURVE_WITH_KNOTS('',2,(#6989,#6990,#6991),.UNSPECIFIED.,
 .F.,.F.,(3,3),(0.,1.),.PIECEWISE_BEZIER_KNOTS.);
#4100=B_SPLINE_CURVE_WITH_KNOTS('',2,(#6995,#6996,#6997),.UNSPECIFIED.,
 .F.,.F.,(3,3),(0.,1.),.PIECEWISE_BEZIER_KNOTS.);
#4101=B_SPLINE_CURVE_WITH_KNOTS('',2,(#7012,#7013,#7014),.UNSPECIFIED.,
 .F.,.F.,(3,3),(0.,1.),.PIECEWISE_BEZIER_KNOTS.);
#4102=B_SPLINE_CURVE_WITH_KNOTS('',2,(#7018,#7019,#7020),.UNSPECIFIED.,
 .F.,.F.,(3,3),(0.,1.),.PIECEWISE_BEZIER_KNOTS.);
#4103=B_SPLINE_CURVE_WITH_KNOTS('',2,(#7029,#7030,#7031),.UNSPECIFIED.,
 .F.,.F.,(3,3),(0.,1.),.PIECEWISE_BEZIER_KNOTS.);
#4104=B_SPLINE_CURVE_WITH_KNOTS('',2,(#7035,#7036,#7037),.UNSPECIFIED.,
 .F.,.F.,(3,3),(0.,1.),.PIECEWISE_BEZIER_KNOTS.);
#4105=B_SPLINE_CURVE_WITH_KNOTS('',2,(#7046,#7047,#7048),.UNSPECIFIED.,
 .F.,.F.,(3,3),(0.,1.),.PIECEWISE_BEZIER_KNOTS.);
#4106=B_SPLINE_CURVE_WITH_KNOTS('',2,(#7052,#7053,#7054),.UNSPECIFIED.,
 .F.,.F.,(3,3),(0.,1.),.PIECEWISE_BEZIER_KNOTS.);
#4107=B_SPLINE_CURVE_WITH_KNOTS('',2,(#7063,#7064,#7065),.UNSPECIFIED.,
 .F.,.F.,(3,3),(0.,1.),.PIECEWISE_BEZIER_KNOTS.);
#4108=B_SPLINE_CURVE_WITH_KNOTS('',2,(#7069,#7070,#7071),.UNSPECIFIED.,
 .F.,.F.,(3,3),(0.,1.),.PIECEWISE_BEZIER_KNOTS.);
#4109=B_SPLINE_CURVE_WITH_KNOTS('',2,(#7080,#7081,#7082),.UNSPECIFIED.,
 .F.,.F.,(3,3),(0.,1.),.PIECEWISE_BEZIER_KNOTS.);
#4110=B_SPLINE_CURVE_WITH_KNOTS('',2,(#7086,#7087,#7088),.UNSPECIFIED.,
 .F.,.F.,(3,3),(0.,1.),.PIECEWISE_BEZIER_KNOTS.);
#4111=B_SPLINE_CURVE_WITH_KNOTS('',2,(#7099,#7100,#7101),.UNSPECIFIED.,
 .F.,.F.,(3,3),(0.,1.),.PIECEWISE_BEZIER_KNOTS.);
#4112=B_SPLINE_CURVE_WITH_KNOTS('',2,(#7114,#7115,#7116),.UNSPECIFIED.,
 .F.,.F.,(3,3),(0.,1.),.PIECEWISE_BEZIER_KNOTS.);
#4113=B_SPLINE_CURVE_WITH_KNOTS('',2,(#7127,#7128,#7129),.UNSPECIFIED.,
 .F.,.F.,(3,3),(0.,1.),.PIECEWISE_BEZIER_KNOTS.);
#4114=B_SPLINE_CURVE_WITH_KNOTS('',2,(#7140,#7141,#7142),.UNSPECIFIED.,
 .F.,.F.,(3,3),(0.,1.),.PIECEWISE_BEZIER_KNOTS.);
#4115=B_SPLINE_CURVE_WITH_KNOTS('',2,(#7153,#7154,#7155),.UNSPECIFIED.,
 .F.,.F.,(3,3),(0.,1.),.PIECEWISE_BEZIER_KNOTS.);
#4116=B_SPLINE_CURVE_WITH_KNOTS('',2,(#7166,#7167,#7168),.UNSPECIFIED.,
 .F.,.F.,(3,3),(0.,1.),.PIECEWISE_BEZIER_KNOTS.);
#4117=B_SPLINE_CURVE_WITH_KNOTS('',2,(#7179,#7180,#7181),.UNSPECIFIED.,
 .F.,.F.,(3,3),(0.,1.),.PIECEWISE_BEZIER_KNOTS.);
#4118=B_SPLINE_CURVE_WITH_KNOTS('',2,(#7192,#7193,#7194),.UNSPECIFIED.,
 .F.,.F.,(3,3),(0.,1.),.PIECEWISE_BEZIER_KNOTS.);
#4119=B_SPLINE_CURVE_WITH_KNOTS('',2,(#7209,#7210,#7211),.UNSPECIFIED.,
 .F.,.F.,(3,3),(0.,1.),.PIECEWISE_BEZIER_KNOTS.);
#4120=B_SPLINE_CURVE_WITH_KNOTS('',2,(#7222,#7223,#7224),.UNSPECIFIED.,
 .F.,.F.,(3,3),(0.,1.),.PIECEWISE_BEZIER_KNOTS.);
#4121=B_SPLINE_CURVE_WITH_KNOTS('',2,(#7235,#7236,#7237),.UNSPECIFIED.,
 .F.,.F.,(3,3),(0.,1.),.PIECEWISE_BEZIER_KNOTS.);
#4122=B_SPLINE_CURVE_WITH_KNOTS('',2,(#7252,#7253,#7254),.UNSPECIFIED.,
 .F.,.F.,(3,3),(0.,1.),.PIECEWISE_BEZIER_KNOTS.);
#4123=B_SPLINE_CURVE_WITH_KNOTS('',2,(#7263,#7264,#7265),.UNSPECIFIED.,
 .F.,.F.,(3,3),(0.,1.),.PIECEWISE_BEZIER_KNOTS.);
#4124=B_SPLINE_CURVE_WITH_KNOTS('',2,(#7274,#7275,#7276),.UNSPECIFIED.,
 .F.,.F.,(3,3),(0.,1.),.PIECEWISE_BEZIER_KNOTS.);
#4125=B_SPLINE_CURVE_WITH_KNOTS('',2,(#7277,#7278,#7279),.UNSPECIFIED.,
 .F.,.F.,(3,3),(0.,1.),.PIECEWISE_BEZIER_KNOTS.);
#4126=B_SPLINE_CURVE_WITH_KNOTS('',2,(#7289,#7290,#7291),.UNSPECIFIED.,
 .F.,.F.,(3,3),(0.,1.),.PIECEWISE_BEZIER_KNOTS.);
#4127=B_SPLINE_CURVE_WITH_KNOTS('',2,(#7296,#7297,#7298),.UNSPECIFIED.,
 .F.,.F.,(3,3),(0.,1.),.PIECEWISE_BEZIER_KNOTS.);
#4128=B_SPLINE_CURVE_WITH_KNOTS('',2,(#7309,#7310,#7311),.UNSPECIFIED.,
 .F.,.F.,(3,3),(0.,1.),.PIECEWISE_BEZIER_KNOTS.);
#4129=B_SPLINE_CURVE_WITH_KNOTS('',2,(#7315,#7316,#7317),.UNSPECIFIED.,
 .F.,.F.,(3,3),(0.,1.),.PIECEWISE_BEZIER_KNOTS.);
#4130=B_SPLINE_CURVE_WITH_KNOTS('',2,(#7326,#7327,#7328),.UNSPECIFIED.,
 .F.,.F.,(3,3),(0.,1.),.PIECEWISE_BEZIER_KNOTS.);
#4131=B_SPLINE_CURVE_WITH_KNOTS('',2,(#7332,#7333,#7334),.UNSPECIFIED.,
 .F.,.F.,(3,3),(0.,1.),.PIECEWISE_BEZIER_KNOTS.);
#4132=B_SPLINE_CURVE_WITH_KNOTS('',2,(#7343,#7344,#7345),.UNSPECIFIED.,
 .F.,.F.,(3,3),(0.,1.),.PIECEWISE_BEZIER_KNOTS.);
#4133=B_SPLINE_CURVE_WITH_KNOTS('',2,(#7349,#7350,#7351),.UNSPECIFIED.,
 .F.,.F.,(3,3),(0.,1.),.PIECEWISE_BEZIER_KNOTS.);
#4134=B_SPLINE_CURVE_WITH_KNOTS('',2,(#7360,#7361,#7362),.UNSPECIFIED.,
 .F.,.F.,(3,3),(0.,1.),.PIECEWISE_BEZIER_KNOTS.);
#4135=B_SPLINE_CURVE_WITH_KNOTS('',2,(#7366,#7367,#7368),.UNSPECIFIED.,
 .F.,.F.,(3,3),(0.,1.),.PIECEWISE_BEZIER_KNOTS.);
#4136=B_SPLINE_CURVE_WITH_KNOTS('',2,(#7377,#7378,#7379),.UNSPECIFIED.,
 .F.,.F.,(3,3),(0.,1.),.PIECEWISE_BEZIER_KNOTS.);
#4137=B_SPLINE_CURVE_WITH_KNOTS('',2,(#7383,#7384,#7385),.UNSPECIFIED.,
 .F.,.F.,(3,3),(0.,1.),.PIECEWISE_BEZIER_KNOTS.);
#4138=B_SPLINE_CURVE_WITH_KNOTS('',2,(#7394,#7395,#7396),.UNSPECIFIED.,
 .F.,.F.,(3,3),(0.,1.),.PIECEWISE_BEZIER_KNOTS.);
#4139=B_SPLINE_CURVE_WITH_KNOTS('',2,(#7400,#7401,#7402),.UNSPECIFIED.,
 .F.,.F.,(3,3),(0.,1.),.PIECEWISE_BEZIER_KNOTS.);
#4140=B_SPLINE_CURVE_WITH_KNOTS('',2,(#7413,#7414,#7415),.UNSPECIFIED.,
 .F.,.F.,(3,3),(0.,1.),.PIECEWISE_BEZIER_KNOTS.);
#4141=B_SPLINE_CURVE_WITH_KNOTS('',2,(#7428,#7429,#7430),.UNSPECIFIED.,
 .F.,.F.,(3,3),(0.,1.),.PIECEWISE_BEZIER_KNOTS.);
#4142=B_SPLINE_CURVE_WITH_KNOTS('',2,(#7441,#7442,#7443),.UNSPECIFIED.,
 .F.,.F.,(3,3),(0.,1.),.PIECEWISE_BEZIER_KNOTS.);
#4143=B_SPLINE_CURVE_WITH_KNOTS('',2,(#7454,#7455,#7456),.UNSPECIFIED.,
 .F.,.F.,(3,3),(0.,1.),.PIECEWISE_BEZIER_KNOTS.);
#4144=B_SPLINE_CURVE_WITH_KNOTS('',2,(#7467,#7468,#7469),.UNSPECIFIED.,
 .F.,.F.,(3,3),(0.,1.),.PIECEWISE_BEZIER_KNOTS.);
#4145=B_SPLINE_CURVE_WITH_KNOTS('',2,(#7480,#7481,#7482),.UNSPECIFIED.,
 .F.,.F.,(3,3),(0.,1.),.PIECEWISE_BEZIER_KNOTS.);
#4146=B_SPLINE_CURVE_WITH_KNOTS('',2,(#7493,#7494,#7495),.UNSPECIFIED.,
 .F.,.F.,(3,3),(0.,1.),.PIECEWISE_BEZIER_KNOTS.);
#4147=B_SPLINE_CURVE_WITH_KNOTS('',2,(#7504,#7505,#7506),.UNSPECIFIED.,
 .F.,.F.,(3,3),(0.,1.),.PIECEWISE_BEZIER_KNOTS.);
#4148=B_SPLINE_CURVE_WITH_KNOTS('',2,(#7515,#7516,#7517),.UNSPECIFIED.,
 .F.,.F.,(3,3),(0.,1.),.PIECEWISE_BEZIER_KNOTS.);
#4149=B_SPLINE_CURVE_WITH_KNOTS('',2,(#7518,#7519,#7520),.UNSPECIFIED.,
 .F.,.F.,(3,3),(0.,1.),.PIECEWISE_BEZIER_KNOTS.);
#4150=B_SPLINE_CURVE_WITH_KNOTS('',2,(#7530,#7531,#7532),.UNSPECIFIED.,
 .F.,.F.,(3,3),(0.,1.),.PIECEWISE_BEZIER_KNOTS.);
#4151=B_SPLINE_CURVE_WITH_KNOTS('',2,(#7537,#7538,#7539),.UNSPECIFIED.,
 .F.,.F.,(3,3),(0.,1.),.PIECEWISE_BEZIER_KNOTS.);
#4152=B_SPLINE_CURVE_WITH_KNOTS('',2,(#7550,#7551,#7552),.UNSPECIFIED.,
 .F.,.F.,(3,3),(0.,1.),.PIECEWISE_BEZIER_KNOTS.);
#4153=B_SPLINE_CURVE_WITH_KNOTS('',2,(#7556,#7557,#7558),.UNSPECIFIED.,
 .F.,.F.,(3,3),(0.,1.),.PIECEWISE_BEZIER_KNOTS.);
#4154=B_SPLINE_CURVE_WITH_KNOTS('',2,(#7567,#7568,#7569),.UNSPECIFIED.,
 .F.,.F.,(3,3),(0.,1.),.PIECEWISE_BEZIER_KNOTS.);
#4155=B_SPLINE_CURVE_WITH_KNOTS('',2,(#7573,#7574,#7575),.UNSPECIFIED.,
 .F.,.F.,(3,3),(0.,1.),.PIECEWISE_BEZIER_KNOTS.);
#4156=B_SPLINE_CURVE_WITH_KNOTS('',2,(#7584,#7585,#7586),.UNSPECIFIED.,
 .F.,.F.,(3,3),(0.,1.),.PIECEWISE_BEZIER_KNOTS.);
#4157=B_SPLINE_CURVE_WITH_KNOTS('',2,(#7590,#7591,#7592),.UNSPECIFIED.,
 .F.,.F.,(3,3),(0.,1.),.PIECEWISE_BEZIER_KNOTS.);
#4158=B_SPLINE_CURVE_WITH_KNOTS('',2,(#7601,#7602,#7603),.UNSPECIFIED.,
 .F.,.F.,(3,3),(0.,1.),.PIECEWISE_BEZIER_KNOTS.);
#4159=B_SPLINE_CURVE_WITH_KNOTS('',2,(#7607,#7608,#7609),.UNSPECIFIED.,
 .F.,.F.,(3,3),(0.,1.),.PIECEWISE_BEZIER_KNOTS.);
#4160=B_SPLINE_CURVE_WITH_KNOTS('',2,(#7618,#7619,#7620),.UNSPECIFIED.,
 .F.,.F.,(3,3),(0.,1.),.PIECEWISE_BEZIER_KNOTS.);
#4161=B_SPLINE_CURVE_WITH_KNOTS('',2,(#7624,#7625,#7626),.UNSPECIFIED.,
 .F.,.F.,(3,3),(0.,1.),.PIECEWISE_BEZIER_KNOTS.);
#4162=B_SPLINE_CURVE_WITH_KNOTS('',2,(#7635,#7636,#7637),.UNSPECIFIED.,
 .F.,.F.,(3,3),(0.,1.),.PIECEWISE_BEZIER_KNOTS.);
#4163=B_SPLINE_CURVE_WITH_KNOTS('',2,(#7641,#7642,#7643),.UNSPECIFIED.,
 .F.,.F.,(3,3),(0.,1.),.PIECEWISE_BEZIER_KNOTS.);
#4164=B_SPLINE_CURVE_WITH_KNOTS('',2,(#7652,#7653,#7654),.UNSPECIFIED.,
 .F.,.F.,(3,3),(0.,1.),.PIECEWISE_BEZIER_KNOTS.);
#4165=B_SPLINE_CURVE_WITH_KNOTS('',2,(#7658,#7659,#7660),.UNSPECIFIED.,
 .F.,.F.,(3,3),(0.,1.),.PIECEWISE_BEZIER_KNOTS.);
#4166=B_SPLINE_CURVE_WITH_KNOTS('',2,(#7669,#7670,#7671),.UNSPECIFIED.,
 .F.,.F.,(3,3),(0.,1.),.PIECEWISE_BEZIER_KNOTS.);
#4167=B_SPLINE_CURVE_WITH_KNOTS('',2,(#7675,#7676,#7677),.UNSPECIFIED.,
 .F.,.F.,(3,3),(0.,1.),.PIECEWISE_BEZIER_KNOTS.);
#4168=B_SPLINE_CURVE_WITH_KNOTS('',2,(#7688,#7689,#7690),.UNSPECIFIED.,
 .F.,.F.,(3,3),(0.,1.),.PIECEWISE_BEZIER_KNOTS.);
#4169=B_SPLINE_CURVE_WITH_KNOTS('',2,(#7703,#7704,#7705),.UNSPECIFIED.,
 .F.,.F.,(3,3),(0.,1.),.PIECEWISE_BEZIER_KNOTS.);
#4170=B_SPLINE_CURVE_WITH_KNOTS('',2,(#7716,#7717,#7718),.UNSPECIFIED.,
 .F.,.F.,(3,3),(0.,1.),.PIECEWISE_BEZIER_KNOTS.);
#4171=B_SPLINE_CURVE_WITH_KNOTS('',2,(#7729,#7730,#7731),.UNSPECIFIED.,
 .F.,.F.,(3,3),(0.,1.),.PIECEWISE_BEZIER_KNOTS.);
#4172=B_SPLINE_CURVE_WITH_KNOTS('',2,(#7742,#7743,#7744),.UNSPECIFIED.,
 .F.,.F.,(3,3),(0.,1.),.PIECEWISE_BEZIER_KNOTS.);
#4173=B_SPLINE_CURVE_WITH_KNOTS('',2,(#7755,#7756,#7757),.UNSPECIFIED.,
 .F.,.F.,(3,3),(0.,1.),.PIECEWISE_BEZIER_KNOTS.);
#4174=B_SPLINE_CURVE_WITH_KNOTS('',2,(#7768,#7769,#7770),.UNSPECIFIED.,
 .F.,.F.,(3,3),(0.,1.),.PIECEWISE_BEZIER_KNOTS.);
#4175=B_SPLINE_CURVE_WITH_KNOTS('',2,(#7781,#7782,#7783),.UNSPECIFIED.,
 .F.,.F.,(3,3),(0.,1.),.PIECEWISE_BEZIER_KNOTS.);
#4176=B_SPLINE_CURVE_WITH_KNOTS('',2,(#7794,#7795,#7796),.UNSPECIFIED.,
 .F.,.F.,(3,3),(0.,1.),.PIECEWISE_BEZIER_KNOTS.);
#4177=B_SPLINE_CURVE_WITH_KNOTS('',2,(#7815,#7816,#7817),.UNSPECIFIED.,
 .F.,.F.,(3,3),(0.,1.),.PIECEWISE_BEZIER_KNOTS.);
#4178=B_SPLINE_CURVE_WITH_KNOTS('',2,(#7828,#7829,#7830),.UNSPECIFIED.,
 .F.,.F.,(3,3),(0.,1.),.PIECEWISE_BEZIER_KNOTS.);
#4179=B_SPLINE_CURVE_WITH_KNOTS('',2,(#7841,#7842,#7843),.UNSPECIFIED.,
 .F.,.F.,(3,3),(0.,1.),.PIECEWISE_BEZIER_KNOTS.);
#4180=B_SPLINE_CURVE_WITH_KNOTS('',2,(#7856,#7857,#7858),.UNSPECIFIED.,
 .F.,.F.,(3,3),(0.,1.),.PIECEWISE_BEZIER_KNOTS.);
#4181=B_SPLINE_CURVE_WITH_KNOTS('',2,(#7867,#7868,#7869),.UNSPECIFIED.,
 .F.,.F.,(3,3),(0.,1.),.PIECEWISE_BEZIER_KNOTS.);
#4182=B_SPLINE_CURVE_WITH_KNOTS('',2,(#7870,#7871,#7872),.UNSPECIFIED.,
 .F.,.F.,(3,3),(0.,1.),.PIECEWISE_BEZIER_KNOTS.);
#4183=B_SPLINE_CURVE_WITH_KNOTS('',2,(#7884,#7885,#7886),.UNSPECIFIED.,
 .F.,.F.,(3,3),(0.,1.),.PIECEWISE_BEZIER_KNOTS.);
#4184=B_SPLINE_CURVE_WITH_KNOTS('',2,(#7899,#7900,#7901),.UNSPECIFIED.,
 .F.,.F.,(3,3),(0.,1.),.PIECEWISE_BEZIER_KNOTS.);
#4185=B_SPLINE_CURVE_WITH_KNOTS('',2,(#7912,#7913,#7914),.UNSPECIFIED.,
 .F.,.F.,(3,3),(0.,1.),.PIECEWISE_BEZIER_KNOTS.);
#4186=B_SPLINE_CURVE_WITH_KNOTS('',2,(#7925,#7926,#7927),.UNSPECIFIED.,
 .F.,.F.,(3,3),(0.,1.),.PIECEWISE_BEZIER_KNOTS.);
#4187=B_SPLINE_CURVE_WITH_KNOTS('',2,(#7938,#7939,#7940),.UNSPECIFIED.,
 .F.,.F.,(3,3),(0.,1.),.PIECEWISE_BEZIER_KNOTS.);
#4188=B_SPLINE_CURVE_WITH_KNOTS('',2,(#7951,#7952,#7953),.UNSPECIFIED.,
 .F.,.F.,(3,3),(0.,1.),.PIECEWISE_BEZIER_KNOTS.);
#4189=B_SPLINE_CURVE_WITH_KNOTS('',2,(#7964,#7965,#7966),.UNSPECIFIED.,
 .F.,.F.,(3,3),(0.,1.),.PIECEWISE_BEZIER_KNOTS.);
#4190=B_SPLINE_CURVE_WITH_KNOTS('',2,(#7975,#7976,#7977),.UNSPECIFIED.,
 .F.,.F.,(3,3),(0.,1.),.PIECEWISE_BEZIER_KNOTS.);
#4191=B_SPLINE_CURVE_WITH_KNOTS('',2,(#8035,#8036,#8037),.UNSPECIFIED.,
 .F.,.F.,(3,3),(0.,1.),.PIECEWISE_BEZIER_KNOTS.);
#4192=B_SPLINE_CURVE_WITH_KNOTS('',2,(#8050,#8051,#8052),.UNSPECIFIED.,
 .F.,.F.,(3,3),(0.,1.),.PIECEWISE_BEZIER_KNOTS.);
#4193=B_SPLINE_CURVE_WITH_KNOTS('',2,(#8063,#8064,#8065),.UNSPECIFIED.,
 .F.,.F.,(3,3),(0.,1.),.PIECEWISE_BEZIER_KNOTS.);
#4194=B_SPLINE_CURVE_WITH_KNOTS('',2,(#8076,#8077,#8078),.UNSPECIFIED.,
 .F.,.F.,(3,3),(0.,1.),.PIECEWISE_BEZIER_KNOTS.);
#4195=B_SPLINE_CURVE_WITH_KNOTS('',2,(#8089,#8090,#8091),.UNSPECIFIED.,
 .F.,.F.,(3,3),(0.,1.),.PIECEWISE_BEZIER_KNOTS.);
#4196=B_SPLINE_CURVE_WITH_KNOTS('',2,(#8102,#8103,#8104),.UNSPECIFIED.,
 .F.,.F.,(3,3),(0.,1.),.PIECEWISE_BEZIER_KNOTS.);
#4197=B_SPLINE_CURVE_WITH_KNOTS('',2,(#8115,#8116,#8117),.UNSPECIFIED.,
 .F.,.F.,(3,3),(0.,1.),.PIECEWISE_BEZIER_KNOTS.);
#4198=B_SPLINE_CURVE_WITH_KNOTS('',2,(#8126,#8127,#8128),.UNSPECIFIED.,
 .F.,.F.,(3,3),(0.,1.),.PIECEWISE_BEZIER_KNOTS.);
#4199=B_SPLINE_CURVE_WITH_KNOTS('',2,(#8138,#8139,#8140),.UNSPECIFIED.,
 .F.,.F.,(3,3),(0.,1.),.PIECEWISE_BEZIER_KNOTS.);
#4200=B_SPLINE_CURVE_WITH_KNOTS('',2,(#8145,#8146,#8147),.UNSPECIFIED.,
 .F.,.F.,(3,3),(0.,1.),.PIECEWISE_BEZIER_KNOTS.);
#4201=B_SPLINE_CURVE_WITH_KNOTS('',2,(#8158,#8159,#8160),.UNSPECIFIED.,
 .F.,.F.,(3,3),(0.,1.),.PIECEWISE_BEZIER_KNOTS.);
#4202=B_SPLINE_CURVE_WITH_KNOTS('',2,(#8164,#8165,#8166),.UNSPECIFIED.,
 .F.,.F.,(3,3),(0.,1.),.PIECEWISE_BEZIER_KNOTS.);
#4203=B_SPLINE_CURVE_WITH_KNOTS('',2,(#8175,#8176,#8177),.UNSPECIFIED.,
 .F.,.F.,(3,3),(0.,1.),.PIECEWISE_BEZIER_KNOTS.);
#4204=B_SPLINE_CURVE_WITH_KNOTS('',2,(#8181,#8182,#8183),.UNSPECIFIED.,
 .F.,.F.,(3,3),(0.,1.),.PIECEWISE_BEZIER_KNOTS.);
#4205=B_SPLINE_CURVE_WITH_KNOTS('',2,(#8192,#8193,#8194),.UNSPECIFIED.,
 .F.,.F.,(3,3),(0.,1.),.PIECEWISE_BEZIER_KNOTS.);
#4206=B_SPLINE_CURVE_WITH_KNOTS('',2,(#8198,#8199,#8200),.UNSPECIFIED.,
 .F.,.F.,(3,3),(0.,1.),.PIECEWISE_BEZIER_KNOTS.);
#4207=B_SPLINE_CURVE_WITH_KNOTS('',2,(#8209,#8210,#8211),.UNSPECIFIED.,
 .F.,.F.,(3,3),(0.,1.),.PIECEWISE_BEZIER_KNOTS.);
#4208=B_SPLINE_CURVE_WITH_KNOTS('',2,(#8215,#8216,#8217),.UNSPECIFIED.,
 .F.,.F.,(3,3),(0.,1.),.PIECEWISE_BEZIER_KNOTS.);
#4209=B_SPLINE_CURVE_WITH_KNOTS('',2,(#8226,#8227,#8228),.UNSPECIFIED.,
 .F.,.F.,(3,3),(0.,1.),.PIECEWISE_BEZIER_KNOTS.);
#4210=B_SPLINE_CURVE_WITH_KNOTS('',2,(#8232,#8233,#8234),.UNSPECIFIED.,
 .F.,.F.,(3,3),(0.,1.),.PIECEWISE_BEZIER_KNOTS.);
#4211=B_SPLINE_CURVE_WITH_KNOTS('',2,(#8243,#8244,#8245),.UNSPECIFIED.,
 .F.,.F.,(3,3),(0.,1.),.PIECEWISE_BEZIER_KNOTS.);
#4212=B_SPLINE_CURVE_WITH_KNOTS('',2,(#8249,#8250,#8251),.UNSPECIFIED.,
 .F.,.F.,(3,3),(0.,1.),.PIECEWISE_BEZIER_KNOTS.);
#4213=B_SPLINE_CURVE_WITH_KNOTS('',2,(#8262,#8263,#8264),.UNSPECIFIED.,
 .F.,.F.,(3,3),(0.,1.),.PIECEWISE_BEZIER_KNOTS.);
#4214=B_SPLINE_CURVE_WITH_KNOTS('',2,(#8277,#8278,#8279),.UNSPECIFIED.,
 .F.,.F.,(3,3),(0.,1.),.PIECEWISE_BEZIER_KNOTS.);
#4215=B_SPLINE_CURVE_WITH_KNOTS('',2,(#8290,#8291,#8292),.UNSPECIFIED.,
 .F.,.F.,(3,3),(0.,1.),.PIECEWISE_BEZIER_KNOTS.);
#4216=B_SPLINE_CURVE_WITH_KNOTS('',2,(#8303,#8304,#8305),.UNSPECIFIED.,
 .F.,.F.,(3,3),(0.,1.),.PIECEWISE_BEZIER_KNOTS.);
#4217=B_SPLINE_CURVE_WITH_KNOTS('',2,(#8316,#8317,#8318),.UNSPECIFIED.,
 .F.,.F.,(3,3),(0.,1.),.PIECEWISE_BEZIER_KNOTS.);
#4218=B_SPLINE_CURVE_WITH_KNOTS('',2,(#8329,#8330,#8331),.UNSPECIFIED.,
 .F.,.F.,(3,3),(0.,1.),.PIECEWISE_BEZIER_KNOTS.);
#4219=B_SPLINE_CURVE_WITH_KNOTS('',2,(#8342,#8343,#8344),.UNSPECIFIED.,
 .F.,.F.,(3,3),(0.,1.),.PIECEWISE_BEZIER_KNOTS.);
#4220=B_SPLINE_CURVE_WITH_KNOTS('',2,(#8353,#8354,#8355),.UNSPECIFIED.,
 .F.,.F.,(3,3),(0.,1.),.PIECEWISE_BEZIER_KNOTS.);
#4221=B_SPLINE_CURVE_WITH_KNOTS('',2,(#8364,#8365,#8366),.UNSPECIFIED.,
 .F.,.F.,(3,3),(0.,1.),.PIECEWISE_BEZIER_KNOTS.);
#4222=B_SPLINE_CURVE_WITH_KNOTS('',2,(#8367,#8368,#8369),.UNSPECIFIED.,
 .F.,.F.,(3,3),(0.,1.),.PIECEWISE_BEZIER_KNOTS.);
#4223=B_SPLINE_CURVE_WITH_KNOTS('',2,(#8379,#8380,#8381),.UNSPECIFIED.,
 .F.,.F.,(3,3),(0.,1.),.PIECEWISE_BEZIER_KNOTS.);
#4224=B_SPLINE_CURVE_WITH_KNOTS('',2,(#8386,#8387,#8388),.UNSPECIFIED.,
 .F.,.F.,(3,3),(0.,1.),.PIECEWISE_BEZIER_KNOTS.);
#4225=B_SPLINE_CURVE_WITH_KNOTS('',2,(#8399,#8400,#8401),.UNSPECIFIED.,
 .F.,.F.,(3,3),(0.,1.),.PIECEWISE_BEZIER_KNOTS.);
#4226=B_SPLINE_CURVE_WITH_KNOTS('',2,(#8405,#8406,#8407),.UNSPECIFIED.,
 .F.,.F.,(3,3),(0.,1.),.PIECEWISE_BEZIER_KNOTS.);
#4227=B_SPLINE_CURVE_WITH_KNOTS('',2,(#8416,#8417,#8418),.UNSPECIFIED.,
 .F.,.F.,(3,3),(0.,1.),.PIECEWISE_BEZIER_KNOTS.);
#4228=B_SPLINE_CURVE_WITH_KNOTS('',2,(#8422,#8423,#8424),.UNSPECIFIED.,
 .F.,.F.,(3,3),(0.,1.),.PIECEWISE_BEZIER_KNOTS.);
#4229=B_SPLINE_CURVE_WITH_KNOTS('',2,(#8433,#8434,#8435),.UNSPECIFIED.,
 .F.,.F.,(3,3),(0.,1.),.PIECEWISE_BEZIER_KNOTS.);
#4230=B_SPLINE_CURVE_WITH_KNOTS('',2,(#8439,#8440,#8441),.UNSPECIFIED.,
 .F.,.F.,(3,3),(0.,1.),.PIECEWISE_BEZIER_KNOTS.);
#4231=B_SPLINE_CURVE_WITH_KNOTS('',2,(#8450,#8451,#8452),.UNSPECIFIED.,
 .F.,.F.,(3,3),(0.,1.),.PIECEWISE_BEZIER_KNOTS.);
#4232=B_SPLINE_CURVE_WITH_KNOTS('',2,(#8456,#8457,#8458),.UNSPECIFIED.,
 .F.,.F.,(3,3),(0.,1.),.PIECEWISE_BEZIER_KNOTS.);
#4233=B_SPLINE_CURVE_WITH_KNOTS('',2,(#8467,#8468,#8469),.UNSPECIFIED.,
 .F.,.F.,(3,3),(0.,1.),.PIECEWISE_BEZIER_KNOTS.);
#4234=B_SPLINE_CURVE_WITH_KNOTS('',2,(#8473,#8474,#8475),.UNSPECIFIED.,
 .F.,.F.,(3,3),(0.,1.),.PIECEWISE_BEZIER_KNOTS.);
#4235=B_SPLINE_CURVE_WITH_KNOTS('',2,(#8484,#8485,#8486),.UNSPECIFIED.,
 .F.,.F.,(3,3),(0.,1.),.PIECEWISE_BEZIER_KNOTS.);
#4236=B_SPLINE_CURVE_WITH_KNOTS('',2,(#8490,#8491,#8492),.UNSPECIFIED.,
 .F.,.F.,(3,3),(0.,1.),.PIECEWISE_BEZIER_KNOTS.);
#4237=B_SPLINE_CURVE_WITH_KNOTS('',2,(#8501,#8502,#8503),.UNSPECIFIED.,
 .F.,.F.,(3,3),(0.,1.),.PIECEWISE_BEZIER_KNOTS.);
#4238=B_SPLINE_CURVE_WITH_KNOTS('',2,(#8507,#8508,#8509),.UNSPECIFIED.,
 .F.,.F.,(3,3),(0.,1.),.PIECEWISE_BEZIER_KNOTS.);
#4239=B_SPLINE_CURVE_WITH_KNOTS('',2,(#8518,#8519,#8520),.UNSPECIFIED.,
 .F.,.F.,(3,3),(0.,1.),.PIECEWISE_BEZIER_KNOTS.);
#4240=B_SPLINE_CURVE_WITH_KNOTS('',2,(#8524,#8525,#8526),.UNSPECIFIED.,
 .F.,.F.,(3,3),(0.,1.),.PIECEWISE_BEZIER_KNOTS.);
#4241=B_SPLINE_CURVE_WITH_KNOTS('',2,(#8537,#8538,#8539),.UNSPECIFIED.,
 .F.,.F.,(3,3),(0.,1.),.PIECEWISE_BEZIER_KNOTS.);
#4242=B_SPLINE_CURVE_WITH_KNOTS('',2,(#8552,#8553,#8554),.UNSPECIFIED.,
 .F.,.F.,(3,3),(0.,1.),.PIECEWISE_BEZIER_KNOTS.);
#4243=B_SPLINE_CURVE_WITH_KNOTS('',2,(#8565,#8566,#8567),.UNSPECIFIED.,
 .F.,.F.,(3,3),(0.,1.),.PIECEWISE_BEZIER_KNOTS.);
#4244=B_SPLINE_CURVE_WITH_KNOTS('',2,(#8578,#8579,#8580),.UNSPECIFIED.,
 .F.,.F.,(3,3),(0.,1.),.PIECEWISE_BEZIER_KNOTS.);
#4245=B_SPLINE_CURVE_WITH_KNOTS('',2,(#8591,#8592,#8593),.UNSPECIFIED.,
 .F.,.F.,(3,3),(0.,1.),.PIECEWISE_BEZIER_KNOTS.);
#4246=B_SPLINE_CURVE_WITH_KNOTS('',2,(#8604,#8605,#8606),.UNSPECIFIED.,
 .F.,.F.,(3,3),(0.,1.),.PIECEWISE_BEZIER_KNOTS.);
#4247=B_SPLINE_CURVE_WITH_KNOTS('',2,(#8617,#8618,#8619),.UNSPECIFIED.,
 .F.,.F.,(3,3),(0.,1.),.PIECEWISE_BEZIER_KNOTS.);
#4248=B_SPLINE_CURVE_WITH_KNOTS('',2,(#8630,#8631,#8632),.UNSPECIFIED.,
 .F.,.F.,(3,3),(0.,1.),.PIECEWISE_BEZIER_KNOTS.);
#4249=B_SPLINE_CURVE_WITH_KNOTS('',2,(#8643,#8644,#8645),.UNSPECIFIED.,
 .F.,.F.,(3,3),(0.,1.),.PIECEWISE_BEZIER_KNOTS.);
#4250=B_SPLINE_CURVE_WITH_KNOTS('',2,(#8664,#8665,#8666),.UNSPECIFIED.,
 .F.,.F.,(3,3),(0.,1.),.PIECEWISE_BEZIER_KNOTS.);
#4251=B_SPLINE_CURVE_WITH_KNOTS('',2,(#8677,#8678,#8679),.UNSPECIFIED.,
 .F.,.F.,(3,3),(0.,1.),.PIECEWISE_BEZIER_KNOTS.);
#4252=B_SPLINE_CURVE_WITH_KNOTS('',2,(#8690,#8691,#8692),.UNSPECIFIED.,
 .F.,.F.,(3,3),(0.,1.),.PIECEWISE_BEZIER_KNOTS.);
#4253=B_SPLINE_CURVE_WITH_KNOTS('',2,(#8705,#8706,#8707),.UNSPECIFIED.,
 .F.,.F.,(3,3),(0.,1.),.PIECEWISE_BEZIER_KNOTS.);
#4254=B_SPLINE_CURVE_WITH_KNOTS('',2,(#8716,#8717,#8718),.UNSPECIFIED.,
 .F.,.F.,(3,3),(0.,1.),.PIECEWISE_BEZIER_KNOTS.);
#4255=B_SPLINE_CURVE_WITH_KNOTS('',2,(#8719,#8720,#8721),.UNSPECIFIED.,
 .F.,.F.,(3,3),(0.,1.),.PIECEWISE_BEZIER_KNOTS.);
#4256=B_SPLINE_CURVE_WITH_KNOTS('',2,(#8731,#8732,#8733),.UNSPECIFIED.,
 .F.,.F.,(3,3),(0.,1.),.PIECEWISE_BEZIER_KNOTS.);
#4257=B_SPLINE_CURVE_WITH_KNOTS('',2,(#8738,#8739,#8740),.UNSPECIFIED.,
 .F.,.F.,(3,3),(0.,1.),.PIECEWISE_BEZIER_KNOTS.);
#4258=B_SPLINE_CURVE_WITH_KNOTS('',2,(#8751,#8752,#8753),.UNSPECIFIED.,
 .F.,.F.,(3,3),(0.,1.),.PIECEWISE_BEZIER_KNOTS.);
#4259=B_SPLINE_CURVE_WITH_KNOTS('',2,(#8757,#8758,#8759),.UNSPECIFIED.,
 .F.,.F.,(3,3),(0.,1.),.PIECEWISE_BEZIER_KNOTS.);
#4260=B_SPLINE_CURVE_WITH_KNOTS('',2,(#8768,#8769,#8770),.UNSPECIFIED.,
 .F.,.F.,(3,3),(0.,1.),.PIECEWISE_BEZIER_KNOTS.);
#4261=B_SPLINE_CURVE_WITH_KNOTS('',2,(#8774,#8775,#8776),.UNSPECIFIED.,
 .F.,.F.,(3,3),(0.,1.),.PIECEWISE_BEZIER_KNOTS.);
#4262=B_SPLINE_CURVE_WITH_KNOTS('',2,(#8785,#8786,#8787),.UNSPECIFIED.,
 .F.,.F.,(3,3),(0.,1.),.PIECEWISE_BEZIER_KNOTS.);
#4263=B_SPLINE_CURVE_WITH_KNOTS('',2,(#8791,#8792,#8793),.UNSPECIFIED.,
 .F.,.F.,(3,3),(0.,1.),.PIECEWISE_BEZIER_KNOTS.);
#4264=B_SPLINE_CURVE_WITH_KNOTS('',2,(#8802,#8803,#8804),.UNSPECIFIED.,
 .F.,.F.,(3,3),(0.,1.),.PIECEWISE_BEZIER_KNOTS.);
#4265=B_SPLINE_CURVE_WITH_KNOTS('',2,(#8808,#8809,#8810),.UNSPECIFIED.,
 .F.,.F.,(3,3),(0.,1.),.PIECEWISE_BEZIER_KNOTS.);
#4266=B_SPLINE_CURVE_WITH_KNOTS('',2,(#8819,#8820,#8821),.UNSPECIFIED.,
 .F.,.F.,(3,3),(0.,1.),.PIECEWISE_BEZIER_KNOTS.);
#4267=B_SPLINE_CURVE_WITH_KNOTS('',2,(#8825,#8826,#8827),.UNSPECIFIED.,
 .F.,.F.,(3,3),(0.,1.),.PIECEWISE_BEZIER_KNOTS.);
#4268=B_SPLINE_CURVE_WITH_KNOTS('',2,(#8836,#8837,#8838),.UNSPECIFIED.,
 .F.,.F.,(3,3),(0.,1.),.PIECEWISE_BEZIER_KNOTS.);
#4269=B_SPLINE_CURVE_WITH_KNOTS('',2,(#8842,#8843,#8844),.UNSPECIFIED.,
 .F.,.F.,(3,3),(0.,1.),.PIECEWISE_BEZIER_KNOTS.);
#4270=B_SPLINE_CURVE_WITH_KNOTS('',2,(#8853,#8854,#8855),.UNSPECIFIED.,
 .F.,.F.,(3,3),(0.,1.),.PIECEWISE_BEZIER_KNOTS.);
#4271=B_SPLINE_CURVE_WITH_KNOTS('',2,(#8859,#8860,#8861),.UNSPECIFIED.,
 .F.,.F.,(3,3),(0.,1.),.PIECEWISE_BEZIER_KNOTS.);
#4272=B_SPLINE_CURVE_WITH_KNOTS('',2,(#8870,#8871,#8872),.UNSPECIFIED.,
 .F.,.F.,(3,3),(0.,1.),.PIECEWISE_BEZIER_KNOTS.);
#4273=B_SPLINE_CURVE_WITH_KNOTS('',2,(#8876,#8877,#8878),.UNSPECIFIED.,
 .F.,.F.,(3,3),(0.,1.),.PIECEWISE_BEZIER_KNOTS.);
#4274=B_SPLINE_CURVE_WITH_KNOTS('',2,(#8889,#8890,#8891),.UNSPECIFIED.,
 .F.,.F.,(3,3),(0.,1.),.PIECEWISE_BEZIER_KNOTS.);
#4275=B_SPLINE_CURVE_WITH_KNOTS('',2,(#8904,#8905,#8906),.UNSPECIFIED.,
 .F.,.F.,(3,3),(0.,1.),.PIECEWISE_BEZIER_KNOTS.);
#4276=B_SPLINE_CURVE_WITH_KNOTS('',2,(#8917,#8918,#8919),.UNSPECIFIED.,
 .F.,.F.,(3,3),(0.,1.),.PIECEWISE_BEZIER_KNOTS.);
#4277=B_SPLINE_CURVE_WITH_KNOTS('',2,(#8930,#8931,#8932),.UNSPECIFIED.,
 .F.,.F.,(3,3),(0.,1.),.PIECEWISE_BEZIER_KNOTS.);
#4278=B_SPLINE_CURVE_WITH_KNOTS('',2,(#8943,#8944,#8945),.UNSPECIFIED.,
 .F.,.F.,(3,3),(0.,1.),.PIECEWISE_BEZIER_KNOTS.);
#4279=B_SPLINE_CURVE_WITH_KNOTS('',2,(#8956,#8957,#8958),.UNSPECIFIED.,
 .F.,.F.,(3,3),(0.,1.),.PIECEWISE_BEZIER_KNOTS.);
#4280=B_SPLINE_CURVE_WITH_KNOTS('',2,(#8969,#8970,#8971),.UNSPECIFIED.,
 .F.,.F.,(3,3),(0.,1.),.PIECEWISE_BEZIER_KNOTS.);
#4281=B_SPLINE_CURVE_WITH_KNOTS('',2,(#8982,#8983,#8984),.UNSPECIFIED.,
 .F.,.F.,(3,3),(0.,1.),.PIECEWISE_BEZIER_KNOTS.);
#4282=B_SPLINE_CURVE_WITH_KNOTS('',2,(#8995,#8996,#8997),.UNSPECIFIED.,
 .F.,.F.,(3,3),(0.,1.),.PIECEWISE_BEZIER_KNOTS.);
#4283=B_SPLINE_CURVE_WITH_KNOTS('',2,(#9016,#9017,#9018),.UNSPECIFIED.,
 .F.,.F.,(3,3),(0.,1.),.PIECEWISE_BEZIER_KNOTS.);
#4284=B_SPLINE_CURVE_WITH_KNOTS('',2,(#9029,#9030,#9031),.UNSPECIFIED.,
 .F.,.F.,(3,3),(0.,1.),.PIECEWISE_BEZIER_KNOTS.);
#4285=B_SPLINE_CURVE_WITH_KNOTS('',2,(#9042,#9043,#9044),.UNSPECIFIED.,
 .F.,.F.,(3,3),(0.,1.),.PIECEWISE_BEZIER_KNOTS.);
#4286=B_SPLINE_CURVE_WITH_KNOTS('',2,(#9057,#9058,#9059),.UNSPECIFIED.,
 .F.,.F.,(3,3),(0.,1.),.PIECEWISE_BEZIER_KNOTS.);
#4287=B_SPLINE_CURVE_WITH_KNOTS('',2,(#9068,#9069,#9070),.UNSPECIFIED.,
 .F.,.F.,(3,3),(0.,1.),.PIECEWISE_BEZIER_KNOTS.);
#4288=B_SPLINE_CURVE_WITH_KNOTS('',2,(#9071,#9072,#9073),.UNSPECIFIED.,
 .F.,.F.,(3,3),(0.,1.),.PIECEWISE_BEZIER_KNOTS.);
#4289=B_SPLINE_CURVE_WITH_KNOTS('',2,(#9104,#9105,#9106),.UNSPECIFIED.,
 .F.,.F.,(3,3),(0.,1.),.PIECEWISE_BEZIER_KNOTS.);
#4290=B_SPLINE_CURVE_WITH_KNOTS('',2,(#9110,#9111,#9112),.UNSPECIFIED.,
 .F.,.F.,(3,3),(0.,1.),.PIECEWISE_BEZIER_KNOTS.);
#4291=B_SPLINE_CURVE_WITH_KNOTS('',2,(#9175,#9176,#9177),.UNSPECIFIED.,
 .F.,.F.,(3,3),(0.,1.),.PIECEWISE_BEZIER_KNOTS.);
#4292=B_SPLINE_CURVE_WITH_KNOTS('',2,(#9182,#9183,#9184),.UNSPECIFIED.,
 .F.,.F.,(3,3),(0.,1.),.PIECEWISE_BEZIER_KNOTS.);
#4293=B_SPLINE_CURVE_WITH_KNOTS('',2,(#9195,#9196,#9197),.UNSPECIFIED.,
 .F.,.F.,(3,3),(0.,1.),.PIECEWISE_BEZIER_KNOTS.);
#4294=B_SPLINE_CURVE_WITH_KNOTS('',2,(#9201,#9202,#9203),.UNSPECIFIED.,
 .F.,.F.,(3,3),(0.,1.),.PIECEWISE_BEZIER_KNOTS.);
#4295=B_SPLINE_CURVE_WITH_KNOTS('',2,(#9212,#9213,#9214),.UNSPECIFIED.,
 .F.,.F.,(3,3),(0.,1.),.PIECEWISE_BEZIER_KNOTS.);
#4296=B_SPLINE_CURVE_WITH_KNOTS('',2,(#9218,#9219,#9220),.UNSPECIFIED.,
 .F.,.F.,(3,3),(0.,1.),.PIECEWISE_BEZIER_KNOTS.);
#4297=B_SPLINE_CURVE_WITH_KNOTS('',2,(#9235,#9236,#9237),.UNSPECIFIED.,
 .F.,.F.,(3,3),(0.,1.),.PIECEWISE_BEZIER_KNOTS.);
#4298=B_SPLINE_CURVE_WITH_KNOTS('',2,(#9241,#9242,#9243),.UNSPECIFIED.,
 .F.,.F.,(3,3),(0.,1.),.PIECEWISE_BEZIER_KNOTS.);
#4299=B_SPLINE_CURVE_WITH_KNOTS('',2,(#9252,#9253,#9254),.UNSPECIFIED.,
 .F.,.F.,(3,3),(0.,1.),.PIECEWISE_BEZIER_KNOTS.);
#4300=B_SPLINE_CURVE_WITH_KNOTS('',2,(#9258,#9259,#9260),.UNSPECIFIED.,
 .F.,.F.,(3,3),(0.,1.),.PIECEWISE_BEZIER_KNOTS.);
#4301=B_SPLINE_CURVE_WITH_KNOTS('',2,(#9269,#9270,#9271),.UNSPECIFIED.,
 .F.,.F.,(3,3),(0.,1.),.PIECEWISE_BEZIER_KNOTS.);
#4302=B_SPLINE_CURVE_WITH_KNOTS('',2,(#9275,#9276,#9277),.UNSPECIFIED.,
 .F.,.F.,(3,3),(0.,1.),.PIECEWISE_BEZIER_KNOTS.);
#4303=B_SPLINE_CURVE_WITH_KNOTS('',2,(#9286,#9287,#9288),.UNSPECIFIED.,
 .F.,.F.,(3,3),(0.,1.),.PIECEWISE_BEZIER_KNOTS.);
#4304=B_SPLINE_CURVE_WITH_KNOTS('',2,(#9293,#9294,#9295),.UNSPECIFIED.,
 .F.,.F.,(3,3),(0.,1.),.PIECEWISE_BEZIER_KNOTS.);
#4305=B_SPLINE_CURVE_WITH_KNOTS('',2,(#9306,#9307,#9308),.UNSPECIFIED.,
 .F.,.F.,(3,3),(0.,1.),.PIECEWISE_BEZIER_KNOTS.);
#4306=B_SPLINE_CURVE_WITH_KNOTS('',2,(#9312,#9313,#9314),.UNSPECIFIED.,
 .F.,.F.,(3,3),(0.,1.),.PIECEWISE_BEZIER_KNOTS.);
#4307=B_SPLINE_CURVE_WITH_KNOTS('',2,(#9323,#9324,#9325),.UNSPECIFIED.,
 .F.,.F.,(3,3),(0.,1.),.PIECEWISE_BEZIER_KNOTS.);
#4308=B_SPLINE_CURVE_WITH_KNOTS('',2,(#9329,#9330,#9331),.UNSPECIFIED.,
 .F.,.F.,(3,3),(0.,1.),.PIECEWISE_BEZIER_KNOTS.);
#4309=B_SPLINE_CURVE_WITH_KNOTS('',2,(#9340,#9341,#9342),.UNSPECIFIED.,
 .F.,.F.,(3,3),(0.,1.),.PIECEWISE_BEZIER_KNOTS.);
#4310=B_SPLINE_CURVE_WITH_KNOTS('',2,(#9346,#9347,#9348),.UNSPECIFIED.,
 .F.,.F.,(3,3),(0.,1.),.PIECEWISE_BEZIER_KNOTS.);
#4311=B_SPLINE_CURVE_WITH_KNOTS('',2,(#9357,#9358,#9359),.UNSPECIFIED.,
 .F.,.F.,(3,3),(0.,1.),.PIECEWISE_BEZIER_KNOTS.);
#4312=B_SPLINE_CURVE_WITH_KNOTS('',2,(#9363,#9364,#9365),.UNSPECIFIED.,
 .F.,.F.,(3,3),(0.,1.),.PIECEWISE_BEZIER_KNOTS.);
#4313=B_SPLINE_CURVE_WITH_KNOTS('',2,(#9374,#9375,#9376),.UNSPECIFIED.,
 .F.,.F.,(3,3),(0.,1.),.PIECEWISE_BEZIER_KNOTS.);
#4314=B_SPLINE_CURVE_WITH_KNOTS('',2,(#9380,#9381,#9382),.UNSPECIFIED.,
 .F.,.F.,(3,3),(0.,1.),.PIECEWISE_BEZIER_KNOTS.);
#4315=B_SPLINE_CURVE_WITH_KNOTS('',2,(#9391,#9392,#9393),.UNSPECIFIED.,
 .F.,.F.,(3,3),(0.,1.),.PIECEWISE_BEZIER_KNOTS.);
#4316=B_SPLINE_CURVE_WITH_KNOTS('',2,(#9397,#9398,#9399),.UNSPECIFIED.,
 .F.,.F.,(3,3),(0.,1.),.PIECEWISE_BEZIER_KNOTS.);
#4317=B_SPLINE_CURVE_WITH_KNOTS('',2,(#9410,#9411,#9412),.UNSPECIFIED.,
 .F.,.F.,(3,3),(0.,1.),.PIECEWISE_BEZIER_KNOTS.);
#4318=B_SPLINE_CURVE_WITH_KNOTS('',2,(#9425,#9426,#9427),.UNSPECIFIED.,
 .F.,.F.,(3,3),(0.,1.),.PIECEWISE_BEZIER_KNOTS.);
#4319=B_SPLINE_CURVE_WITH_KNOTS('',2,(#9438,#9439,#9440),.UNSPECIFIED.,
 .F.,.F.,(3,3),(0.,1.),.PIECEWISE_BEZIER_KNOTS.);
#4320=B_SPLINE_CURVE_WITH_KNOTS('',2,(#9451,#9452,#9453),.UNSPECIFIED.,
 .F.,.F.,(3,3),(0.,1.),.PIECEWISE_BEZIER_KNOTS.);
#4321=B_SPLINE_CURVE_WITH_KNOTS('',2,(#9464,#9465,#9466),.UNSPECIFIED.,
 .F.,.F.,(3,3),(0.,1.),.PIECEWISE_BEZIER_KNOTS.);
#4322=B_SPLINE_CURVE_WITH_KNOTS('',2,(#9477,#9478,#9479),.UNSPECIFIED.,
 .F.,.F.,(3,3),(0.,1.),.PIECEWISE_BEZIER_KNOTS.);
#4323=B_SPLINE_CURVE_WITH_KNOTS('',2,(#9490,#9491,#9492),.UNSPECIFIED.,
 .F.,.F.,(3,3),(0.,1.),.PIECEWISE_BEZIER_KNOTS.);
#4324=B_SPLINE_CURVE_WITH_KNOTS('',2,(#9503,#9504,#9505),.UNSPECIFIED.,
 .F.,.F.,(3,3),(0.,1.),.PIECEWISE_BEZIER_KNOTS.);
#4325=B_SPLINE_CURVE_WITH_KNOTS('',2,(#9516,#9517,#9518),.UNSPECIFIED.,
 .F.,.F.,(3,3),(0.,1.),.PIECEWISE_BEZIER_KNOTS.);
#4326=B_SPLINE_CURVE_WITH_KNOTS('',2,(#9529,#9530,#9531),.UNSPECIFIED.,
 .F.,.F.,(3,3),(0.,1.),.PIECEWISE_BEZIER_KNOTS.);
#4327=B_SPLINE_CURVE_WITH_KNOTS('',2,(#9542,#9543,#9544),.UNSPECIFIED.,
 .F.,.F.,(3,3),(0.,1.),.PIECEWISE_BEZIER_KNOTS.);
#4328=B_SPLINE_CURVE_WITH_KNOTS('',2,(#9555,#9556,#9557),.UNSPECIFIED.,
 .F.,.F.,(3,3),(0.,1.),.PIECEWISE_BEZIER_KNOTS.);
#4329=B_SPLINE_CURVE_WITH_KNOTS('',2,(#9568,#9569,#9570),.UNSPECIFIED.,
 .F.,.F.,(3,3),(0.,1.),.PIECEWISE_BEZIER_KNOTS.);
#4330=B_SPLINE_CURVE_WITH_KNOTS('',2,(#9581,#9582,#9583),.UNSPECIFIED.,
 .F.,.F.,(3,3),(0.,1.),.PIECEWISE_BEZIER_KNOTS.);
#4331=B_SPLINE_CURVE_WITH_KNOTS('',2,(#9592,#9593,#9594),.UNSPECIFIED.,
 .F.,.F.,(3,3),(0.,1.),.PIECEWISE_BEZIER_KNOTS.);
#4332=B_SPLINE_CURVE_WITH_KNOTS('',2,(#9595,#9596,#9597),.UNSPECIFIED.,
 .F.,.F.,(3,3),(0.,1.),.PIECEWISE_BEZIER_KNOTS.);
#4333=B_SPLINE_CURVE_WITH_KNOTS('',2,(#9606,#9607,#9608),.UNSPECIFIED.,
 .F.,.F.,(3,3),(0.,1.),.PIECEWISE_BEZIER_KNOTS.);
#4334=B_SPLINE_CURVE_WITH_KNOTS('',2,(#9617,#9618,#9619),.UNSPECIFIED.,
 .F.,.F.,(3,3),(0.,1.),.PIECEWISE_BEZIER_KNOTS.);
#4335=B_SPLINE_CURVE_WITH_KNOTS('',2,(#9620,#9621,#9622),.UNSPECIFIED.,
 .F.,.F.,(3,3),(0.,1.),.PIECEWISE_BEZIER_KNOTS.);
#4336=B_SPLINE_CURVE_WITH_KNOTS('',2,(#9635,#9636,#9637),.UNSPECIFIED.,
 .F.,.F.,(3,3),(0.,1.),.PIECEWISE_BEZIER_KNOTS.);
#4337=B_SPLINE_CURVE_WITH_KNOTS('',2,(#9650,#9651,#9652),.UNSPECIFIED.,
 .F.,.F.,(3,3),(0.,1.),.PIECEWISE_BEZIER_KNOTS.);
#4338=B_SPLINE_CURVE_WITH_KNOTS('',2,(#9663,#9664,#9665),.UNSPECIFIED.,
 .F.,.F.,(3,3),(0.,1.),.PIECEWISE_BEZIER_KNOTS.);
#4339=B_SPLINE_CURVE_WITH_KNOTS('',2,(#9680,#9681,#9682),.UNSPECIFIED.,
 .F.,.F.,(3,3),(0.,1.),.PIECEWISE_BEZIER_KNOTS.);
#4340=B_SPLINE_CURVE_WITH_KNOTS('',2,(#9697,#9698,#9699),.UNSPECIFIED.,
 .F.,.F.,(3,3),(0.,1.),.PIECEWISE_BEZIER_KNOTS.);
#4341=B_SPLINE_CURVE_WITH_KNOTS('',2,(#9714,#9715,#9716),.UNSPECIFIED.,
 .F.,.F.,(3,3),(0.,1.),.PIECEWISE_BEZIER_KNOTS.);
#4342=B_SPLINE_CURVE_WITH_KNOTS('',2,(#9727,#9728,#9729),.UNSPECIFIED.,
 .F.,.F.,(3,3),(0.,1.),.PIECEWISE_BEZIER_KNOTS.);
#4343=B_SPLINE_CURVE_WITH_KNOTS('',2,(#9740,#9741,#9742),.UNSPECIFIED.,
 .F.,.F.,(3,3),(0.,1.),.PIECEWISE_BEZIER_KNOTS.);
#4344=B_SPLINE_CURVE_WITH_KNOTS('',2,(#9753,#9754,#9755),.UNSPECIFIED.,
 .F.,.F.,(3,3),(0.,1.),.PIECEWISE_BEZIER_KNOTS.);
#4345=B_SPLINE_CURVE_WITH_KNOTS('',2,(#9778,#9779,#9780),.UNSPECIFIED.,
 .F.,.F.,(3,3),(0.,1.),.PIECEWISE_BEZIER_KNOTS.);
#4346=B_SPLINE_CURVE_WITH_KNOTS('',2,(#9791,#9792,#9793),.UNSPECIFIED.,
 .F.,.F.,(3,3),(0.,1.),.PIECEWISE_BEZIER_KNOTS.);
#4347=B_SPLINE_CURVE_WITH_KNOTS('',2,(#9804,#9805,#9806),.UNSPECIFIED.,
 .F.,.F.,(3,3),(0.,1.),.PIECEWISE_BEZIER_KNOTS.);
#4348=B_SPLINE_CURVE_WITH_KNOTS('',2,(#9829,#9830,#9831),.UNSPECIFIED.,
 .F.,.F.,(3,3),(0.,1.),.PIECEWISE_BEZIER_KNOTS.);
#4349=B_SPLINE_CURVE_WITH_KNOTS('',2,(#9842,#9843,#9844),.UNSPECIFIED.,
 .F.,.F.,(3,3),(0.,1.),.PIECEWISE_BEZIER_KNOTS.);
#4350=B_SPLINE_CURVE_WITH_KNOTS('',2,(#9855,#9856,#9857),.UNSPECIFIED.,
 .F.,.F.,(3,3),(0.,1.),.PIECEWISE_BEZIER_KNOTS.);
#4351=B_SPLINE_CURVE_WITH_KNOTS('',2,(#9868,#9869,#9870),.UNSPECIFIED.,
 .F.,.F.,(3,3),(0.,1.),.PIECEWISE_BEZIER_KNOTS.);
#4352=B_SPLINE_CURVE_WITH_KNOTS('',2,(#9881,#9882,#9883),.UNSPECIFIED.,
 .F.,.F.,(3,3),(0.,1.),.PIECEWISE_BEZIER_KNOTS.);
#4353=B_SPLINE_CURVE_WITH_KNOTS('',2,(#9896,#9897,#9898),.UNSPECIFIED.,
 .F.,.F.,(3,3),(0.,1.),.PIECEWISE_BEZIER_KNOTS.);
#4354=EDGE_LOOP('',(#1034,#1035,#1036,#1037,#1038,#1039,#1040,#1041,#1042,
#1043,#1044,#1045,#1046,#1047,#1048));
#4355=EDGE_LOOP('',(#1049,#1050,#1051,#1052,#1053,#1054,#1055,#1056,#1057,
#1058,#1059,#1060,#1061,#1062,#1063,#1064));
#4356=EDGE_LOOP('',(#1065,#1066,#1067,#1068,#1069,#1070,#1071,#1072));
#4357=EDGE_LOOP('',(#1073,#1074,#1075,#1076,#1077,#1078,#1079));
#4358=EDGE_LOOP('',(#1080,#1081,#1082,#1083,#1084,#1085,#1086,#1087));
#4359=EDGE_LOOP('',(#1088,#1089,#1090,#1091,#1092,#1093,#1094,#1095));
#4360=EDGE_LOOP('',(#1096,#1097,#1098,#1099,#1100,#1101,#1102,#1103,#1104));
#4361=EDGE_LOOP('',(#1105,#1106,#1107,#1108));
#4362=EDGE_LOOP('',(#1109,#1110,#1111,#1112,#1113,#1114,#1115,#1116,#1117,
#1118,#1119,#1120,#1121,#1122,#1123));
#4363=EDGE_LOOP('',(#1124,#1125,#1126,#1127,#1128,#1129,#1130,#1131,#1132,
#1133,#1134,#1135,#1136,#1137,#1138,#1139));
#4364=EDGE_LOOP('',(#1140,#1141,#1142,#1143));
#4365=EDGE_LOOP('',(#1144,#1145,#1146,#1147,#1148,#1149,#1150,#1151));
#4366=EDGE_LOOP('',(#1152,#1153,#1154,#1155,#1156,#1157,#1158,#1159,#1160,
#1161,#1162,#1163,#1164,#1165,#1166,#1167));
#4367=EDGE_LOOP('',(#1168,#1169,#1170,#1171,#1172,#1173,#1174,#1175,#1176,
#1177,#1178));
#4368=EDGE_LOOP('',(#1179,#1180,#1181,#1182,#1183,#1184,#1185,#1186,#1187,
#1188,#1189,#1190,#1191,#1192,#1193,#1194,#1195,#1196,#1197,#1198,#1199,
#1200,#1201,#1202,#1203,#1204,#1205,#1206));
#4369=EDGE_LOOP('',(#1207,#1208,#1209,#1210,#1211,#1212,#1213));
#4370=EDGE_LOOP('',(#1214,#1215,#1216,#1217));
#4371=EDGE_LOOP('',(#1218,#1219,#1220,#1221));
#4372=EDGE_LOOP('',(#1222,#1223,#1224,#1225,#1226,#1227,#1228,#1229));
#4373=EDGE_LOOP('',(#1230));
#4374=EDGE_LOOP('',(#1231,#1232,#1233,#1234,#1235,#1236,#1237,#1238));
#4375=EDGE_LOOP('',(#1239,#1240,#1241,#1242));
#4376=EDGE_LOOP('',(#1243));
#4377=EDGE_LOOP('',(#1244,#1245,#1246,#1247,#1248,#1249,#1250,#1251));
#4378=EDGE_LOOP('',(#1252,#1253,#1254,#1255));
#4379=EDGE_LOOP('',(#1256,#1257,#1258,#1259));
#4380=EDGE_LOOP('',(#1260));
#4381=EDGE_LOOP('',(#1261,#1262,#1263,#1264,#1265,#1266,#1267));
#4382=EDGE_LOOP('',(#1268,#1269,#1270,#1271));
#4383=EDGE_LOOP('',(#1272,#1273,#1274,#1275));
#4384=EDGE_LOOP('',(#1276,#1277,#1278,#1279,#1280,#1281,#1282,#1283));
#4385=EDGE_LOOP('',(#1284,#1285,#1286,#1287));
#4386=EDGE_LOOP('',(#1288,#1289,#1290,#1291));
#4387=EDGE_LOOP('',(#1292,#1293,#1294,#1295));
#4388=EDGE_LOOP('',(#1296,#1297,#1298,#1299));
#4389=EDGE_LOOP('',(#1300,#1301,#1302,#1303,#1304,#1305));
#4390=EDGE_LOOP('',(#1306,#1307,#1308,#1309,#1310));
#4391=EDGE_LOOP('',(#1311));
#4392=EDGE_LOOP('',(#1312,#1313,#1314,#1315,#1316));
#4393=EDGE_LOOP('',(#1317,#1318,#1319,#1320));
#4394=EDGE_LOOP('',(#1321,#1322,#1323,#1324));
#4395=EDGE_LOOP('',(#1325,#1326,#1327,#1328));
#4396=EDGE_LOOP('',(#1329,#1330,#1331,#1332));
#4397=EDGE_LOOP('',(#1333,#1334,#1335,#1336));
#4398=EDGE_LOOP('',(#1337,#1338,#1339,#1340));
#4399=EDGE_LOOP('',(#1341,#1342,#1343,#1344));
#4400=EDGE_LOOP('',(#1345,#1346,#1347,#1348));
#4401=EDGE_LOOP('',(#1349,#1350,#1351,#1352));
#4402=EDGE_LOOP('',(#1353,#1354,#1355,#1356,#1357,#1358,#1359,#1360,#1361));
#4403=EDGE_LOOP('',(#1362,#1363,#1364,#1365));
#4404=EDGE_LOOP('',(#1366,#1367,#1368,#1369));
#4405=EDGE_LOOP('',(#1370,#1371,#1372,#1373));
#4406=EDGE_LOOP('',(#1374,#1375,#1376,#1377));
#4407=EDGE_LOOP('',(#1378,#1379,#1380,#1381));
#4408=EDGE_LOOP('',(#1382,#1383,#1384,#1385));
#4409=EDGE_LOOP('',(#1386,#1387,#1388,#1389));
#4410=EDGE_LOOP('',(#1390,#1391,#1392,#1393));
#4411=EDGE_LOOP('',(#1394,#1395,#1396,#1397));
#4412=EDGE_LOOP('',(#1398,#1399,#1400,#1401));
#4413=EDGE_LOOP('',(#1402,#1403,#1404,#1405));
#4414=EDGE_LOOP('',(#1406,#1407,#1408,#1409));
#4415=EDGE_LOOP('',(#1410,#1411,#1412,#1413));
#4416=EDGE_LOOP('',(#1414,#1415,#1416,#1417));
#4417=EDGE_LOOP('',(#1418,#1419,#1420,#1421));
#4418=EDGE_LOOP('',(#1422,#1423,#1424,#1425));
#4419=EDGE_LOOP('',(#1426,#1427,#1428,#1429));
#4420=EDGE_LOOP('',(#1430,#1431,#1432,#1433));
#4421=EDGE_LOOP('',(#1434,#1435,#1436,#1437));
#4422=EDGE_LOOP('',(#1438,#1439,#1440,#1441));
#4423=EDGE_LOOP('',(#1442,#1443,#1444,#1445));
#4424=EDGE_LOOP('',(#1446,#1447,#1448,#1449));
#4425=EDGE_LOOP('',(#1450,#1451,#1452,#1453));
#4426=EDGE_LOOP('',(#1454,#1455,#1456,#1457));
#4427=EDGE_LOOP('',(#1458,#1459,#1460,#1461));
#4428=EDGE_LOOP('',(#1462,#1463,#1464,#1465,#1466,#1467,#1468,#1469,#1470,
#1471,#1472,#1473,#1474,#1475,#1476));
#4429=EDGE_LOOP('',(#1477,#1478,#1479,#1480,#1481,#1482,#1483,#1484,#1485,
#1486));
#4430=EDGE_LOOP('',(#1487,#1488,#1489,#1490));
#4431=EDGE_LOOP('',(#1491,#1492,#1493,#1494));
#4432=EDGE_LOOP('',(#1495,#1496,#1497,#1498));
#4433=EDGE_LOOP('',(#1499,#1500,#1501,#1502));
#4434=EDGE_LOOP('',(#1503,#1504,#1505,#1506));
#4435=EDGE_LOOP('',(#1507,#1508,#1509,#1510));
#4436=EDGE_LOOP('',(#1511,#1512,#1513,#1514));
#4437=EDGE_LOOP('',(#1515,#1516,#1517,#1518));
#4438=EDGE_LOOP('',(#1519,#1520,#1521,#1522));
#4439=EDGE_LOOP('',(#1523,#1524,#1525,#1526));
#4440=EDGE_LOOP('',(#1527,#1528,#1529,#1530));
#4441=EDGE_LOOP('',(#1531,#1532,#1533,#1534));
#4442=EDGE_LOOP('',(#1535,#1536,#1537,#1538));
#4443=EDGE_LOOP('',(#1539,#1540,#1541,#1542));
#4444=EDGE_LOOP('',(#1543,#1544,#1545,#1546));
#4445=EDGE_LOOP('',(#1547,#1548,#1549,#1550));
#4446=EDGE_LOOP('',(#1551,#1552,#1553,#1554,#1555,#1556,#1557,#1558));
#4447=EDGE_LOOP('',(#1559,#1560,#1561,#1562,#1563,#1564,#1565,#1566));
#4448=EDGE_LOOP('',(#1567,#1568,#1569,#1570));
#4449=EDGE_LOOP('',(#1571,#1572,#1573,#1574));
#4450=EDGE_LOOP('',(#1575,#1576,#1577,#1578));
#4451=EDGE_LOOP('',(#1579,#1580,#1581,#1582));
#4452=EDGE_LOOP('',(#1583,#1584,#1585,#1586));
#4453=EDGE_LOOP('',(#1587,#1588,#1589,#1590));
#4454=EDGE_LOOP('',(#1591,#1592,#1593,#1594));
#4455=EDGE_LOOP('',(#1595,#1596,#1597,#1598));
#4456=EDGE_LOOP('',(#1599,#1600,#1601,#1602));
#4457=EDGE_LOOP('',(#1603,#1604,#1605,#1606));
#4458=EDGE_LOOP('',(#1607,#1608,#1609,#1610));
#4459=EDGE_LOOP('',(#1611,#1612,#1613,#1614));
#4460=EDGE_LOOP('',(#1615,#1616,#1617,#1618));
#4461=EDGE_LOOP('',(#1619,#1620,#1621,#1622));
#4462=EDGE_LOOP('',(#1623,#1624,#1625,#1626));
#4463=EDGE_LOOP('',(#1627,#1628,#1629,#1630));
#4464=EDGE_LOOP('',(#1631,#1632,#1633,#1634));
#4465=EDGE_LOOP('',(#1635,#1636,#1637,#1638));
#4466=EDGE_LOOP('',(#1639,#1640,#1641,#1642));
#4467=EDGE_LOOP('',(#1643,#1644,#1645,#1646));
#4468=EDGE_LOOP('',(#1647,#1648,#1649,#1650));
#4469=EDGE_LOOP('',(#1651,#1652,#1653,#1654));
#4470=EDGE_LOOP('',(#1655,#1656,#1657,#1658));
#4471=EDGE_LOOP('',(#1659,#1660,#1661,#1662));
#4472=EDGE_LOOP('',(#1663,#1664,#1665,#1666));
#4473=EDGE_LOOP('',(#1667,#1668,#1669,#1670));
#4474=EDGE_LOOP('',(#1671,#1672,#1673,#1674,#1675,#1676,#1677,#1678,#1679,
#1680,#1681,#1682,#1683,#1684,#1685,#1686));
#4475=EDGE_LOOP('',(#1687,#1688,#1689,#1690,#1691,#1692,#1693,#1694,#1695,
#1696));
#4476=EDGE_LOOP('',(#1697,#1698,#1699,#1700));
#4477=EDGE_LOOP('',(#1701,#1702,#1703,#1704));
#4478=EDGE_LOOP('',(#1705,#1706,#1707,#1708));
#4479=EDGE_LOOP('',(#1709,#1710,#1711,#1712));
#4480=EDGE_LOOP('',(#1713,#1714,#1715,#1716));
#4481=EDGE_LOOP('',(#1717,#1718,#1719,#1720));
#4482=EDGE_LOOP('',(#1721,#1722,#1723,#1724));
#4483=EDGE_LOOP('',(#1725,#1726,#1727,#1728));
#4484=EDGE_LOOP('',(#1729,#1730,#1731,#1732,#1733,#1734,#1735,#1736));
#4485=EDGE_LOOP('',(#1737,#1738,#1739,#1740));
#4486=EDGE_LOOP('',(#1741,#1742,#1743,#1744));
#4487=EDGE_LOOP('',(#1745,#1746,#1747,#1748));
#4488=EDGE_LOOP('',(#1749,#1750,#1751,#1752));
#4489=EDGE_LOOP('',(#1753,#1754,#1755,#1756));
#4490=EDGE_LOOP('',(#1757,#1758,#1759,#1760));
#4491=EDGE_LOOP('',(#1761,#1762,#1763,#1764));
#4492=EDGE_LOOP('',(#1765,#1766,#1767,#1768));
#4493=EDGE_LOOP('',(#1769,#1770,#1771,#1772));
#4494=EDGE_LOOP('',(#1773,#1774,#1775,#1776));
#4495=EDGE_LOOP('',(#1777,#1778,#1779,#1780));
#4496=EDGE_LOOP('',(#1781,#1782,#1783,#1784));
#4497=EDGE_LOOP('',(#1785,#1786,#1787,#1788,#1789,#1790,#1791));
#4498=EDGE_LOOP('',(#1792,#1793,#1794,#1795));
#4499=EDGE_LOOP('',(#1796,#1797,#1798,#1799));
#4500=EDGE_LOOP('',(#1800,#1801,#1802,#1803));
#4501=EDGE_LOOP('',(#1804,#1805,#1806,#1807));
#4502=EDGE_LOOP('',(#1808,#1809,#1810,#1811));
#4503=EDGE_LOOP('',(#1812,#1813,#1814,#1815));
#4504=EDGE_LOOP('',(#1816,#1817,#1818,#1819));
#4505=EDGE_LOOP('',(#1820,#1821,#1822,#1823));
#4506=EDGE_LOOP('',(#1824,#1825,#1826,#1827,#1828,#1829,#1830,#1831));
#4507=EDGE_LOOP('',(#1832,#1833,#1834,#1835));
#4508=EDGE_LOOP('',(#1836,#1837,#1838,#1839));
#4509=EDGE_LOOP('',(#1840,#1841,#1842,#1843));
#4510=EDGE_LOOP('',(#1844,#1845,#1846,#1847));
#4511=EDGE_LOOP('',(#1848,#1849,#1850,#1851));
#4512=EDGE_LOOP('',(#1852,#1853,#1854,#1855));
#4513=EDGE_LOOP('',(#1856,#1857,#1858,#1859));
#4514=EDGE_LOOP('',(#1860,#1861,#1862,#1863));
#4515=EDGE_LOOP('',(#1864,#1865,#1866,#1867));
#4516=EDGE_LOOP('',(#1868,#1869,#1870,#1871));
#4517=EDGE_LOOP('',(#1872,#1873,#1874,#1875));
#4518=EDGE_LOOP('',(#1876,#1877,#1878,#1879));
#4519=EDGE_LOOP('',(#1880,#1881,#1882,#1883));
#4520=EDGE_LOOP('',(#1884,#1885,#1886,#1887));
#4521=EDGE_LOOP('',(#1888,#1889,#1890,#1891));
#4522=EDGE_LOOP('',(#1892,#1893,#1894,#1895));
#4523=EDGE_LOOP('',(#1896,#1897,#1898,#1899,#1900,#1901,#1902,#1903));
#4524=EDGE_LOOP('',(#1904,#1905,#1906,#1907,#1908,#1909,#1910,#1911));
#4525=EDGE_LOOP('',(#1912,#1913,#1914,#1915));
#4526=EDGE_LOOP('',(#1916,#1917,#1918,#1919));
#4527=EDGE_LOOP('',(#1920,#1921,#1922,#1923));
#4528=EDGE_LOOP('',(#1924,#1925,#1926,#1927));
#4529=EDGE_LOOP('',(#1928,#1929,#1930,#1931));
#4530=EDGE_LOOP('',(#1932,#1933,#1934,#1935));
#4531=EDGE_LOOP('',(#1936,#1937,#1938,#1939));
#4532=EDGE_LOOP('',(#1940,#1941,#1942,#1943));
#4533=EDGE_LOOP('',(#1944,#1945,#1946,#1947));
#4534=EDGE_LOOP('',(#1948,#1949,#1950,#1951));
#4535=EDGE_LOOP('',(#1952,#1953,#1954,#1955));
#4536=EDGE_LOOP('',(#1956,#1957,#1958,#1959));
#4537=EDGE_LOOP('',(#1960,#1961,#1962,#1963));
#4538=EDGE_LOOP('',(#1964,#1965,#1966,#1967));
#4539=EDGE_LOOP('',(#1968,#1969,#1970,#1971));
#4540=EDGE_LOOP('',(#1972,#1973,#1974,#1975));
#4541=EDGE_LOOP('',(#1976,#1977,#1978,#1979));
#4542=EDGE_LOOP('',(#1980,#1981,#1982,#1983));
#4543=EDGE_LOOP('',(#1984,#1985,#1986,#1987));
#4544=EDGE_LOOP('',(#1988,#1989,#1990,#1991));
#4545=EDGE_LOOP('',(#1992,#1993,#1994,#1995));
#4546=EDGE_LOOP('',(#1996,#1997,#1998,#1999));
#4547=EDGE_LOOP('',(#2000,#2001,#2002,#2003));
#4548=EDGE_LOOP('',(#2004,#2005,#2006,#2007));
#4549=EDGE_LOOP('',(#2008,#2009,#2010,#2011));
#4550=EDGE_LOOP('',(#2012,#2013,#2014,#2015));
#4551=EDGE_LOOP('',(#2016,#2017,#2018,#2019,#2020,#2021,#2022,#2023,#2024,
#2025,#2026,#2027,#2028,#2029,#2030,#2031));
#4552=EDGE_LOOP('',(#2032,#2033,#2034,#2035,#2036,#2037,#2038,#2039,#2040,
#2041));
#4553=EDGE_LOOP('',(#2042,#2043,#2044,#2045));
#4554=EDGE_LOOP('',(#2046,#2047,#2048,#2049));
#4555=EDGE_LOOP('',(#2050,#2051,#2052,#2053));
#4556=EDGE_LOOP('',(#2054,#2055,#2056,#2057));
#4557=EDGE_LOOP('',(#2058,#2059,#2060,#2061));
#4558=EDGE_LOOP('',(#2062,#2063,#2064,#2065));
#4559=EDGE_LOOP('',(#2066,#2067,#2068,#2069));
#4560=EDGE_LOOP('',(#2070,#2071,#2072,#2073));
#4561=EDGE_LOOP('',(#2074,#2075,#2076,#2077));
#4562=EDGE_LOOP('',(#2078,#2079,#2080,#2081));
#4563=EDGE_LOOP('',(#2082,#2083,#2084,#2085));
#4564=EDGE_LOOP('',(#2086,#2087,#2088,#2089));
#4565=EDGE_LOOP('',(#2090,#2091,#2092,#2093));
#4566=EDGE_LOOP('',(#2094,#2095,#2096,#2097));
#4567=EDGE_LOOP('',(#2098,#2099,#2100,#2101));
#4568=EDGE_LOOP('',(#2102,#2103,#2104,#2105));
#4569=EDGE_LOOP('',(#2106,#2107,#2108,#2109));
#4570=EDGE_LOOP('',(#2110,#2111,#2112,#2113));
#4571=EDGE_LOOP('',(#2114,#2115,#2116,#2117));
#4572=EDGE_LOOP('',(#2118,#2119,#2120,#2121));
#4573=EDGE_LOOP('',(#2122,#2123,#2124,#2125));
#4574=EDGE_LOOP('',(#2126,#2127,#2128,#2129));
#4575=EDGE_LOOP('',(#2130,#2131,#2132,#2133));
#4576=EDGE_LOOP('',(#2134,#2135,#2136,#2137));
#4577=EDGE_LOOP('',(#2138,#2139,#2140,#2141));
#4578=EDGE_LOOP('',(#2142,#2143,#2144,#2145));
#4579=EDGE_LOOP('',(#2146,#2147,#2148,#2149,#2150,#2151,#2152,#2153,#2154,
#2155,#2156,#2157,#2158,#2159,#2160,#2161));
#4580=EDGE_LOOP('',(#2162,#2163,#2164,#2165,#2166,#2167,#2168,#2169,#2170,
#2171));
#4581=EDGE_LOOP('',(#2172,#2173,#2174,#2175));
#4582=EDGE_LOOP('',(#2176,#2177,#2178,#2179));
#4583=EDGE_LOOP('',(#2180,#2181,#2182,#2183));
#4584=EDGE_LOOP('',(#2184,#2185,#2186,#2187));
#4585=EDGE_LOOP('',(#2188,#2189,#2190,#2191));
#4586=EDGE_LOOP('',(#2192,#2193,#2194,#2195));
#4587=EDGE_LOOP('',(#2196,#2197,#2198,#2199));
#4588=EDGE_LOOP('',(#2200,#2201,#2202,#2203));
#4589=EDGE_LOOP('',(#2204,#2205,#2206,#2207));
#4590=EDGE_LOOP('',(#2208,#2209,#2210,#2211));
#4591=EDGE_LOOP('',(#2212,#2213,#2214,#2215));
#4592=EDGE_LOOP('',(#2216,#2217,#2218,#2219));
#4593=EDGE_LOOP('',(#2220,#2221,#2222,#2223));
#4594=EDGE_LOOP('',(#2224,#2225,#2226,#2227));
#4595=EDGE_LOOP('',(#2228,#2229,#2230,#2231));
#4596=EDGE_LOOP('',(#2232,#2233,#2234,#2235));
#4597=EDGE_LOOP('',(#2236,#2237,#2238,#2239));
#4598=EDGE_LOOP('',(#2240,#2241,#2242,#2243,#2244,#2245,#2246,#2247,#2248,
#2249,#2250));
#4599=EDGE_LOOP('',(#2251,#2252,#2253,#2254,#2255,#2256));
#4600=EDGE_LOOP('',(#2257,#2258,#2259,#2260));
#4601=EDGE_LOOP('',(#2261,#2262,#2263,#2264));
#4602=EDGE_LOOP('',(#2265,#2266,#2267,#2268));
#4603=EDGE_LOOP('',(#2269,#2270,#2271,#2272));
#4604=EDGE_LOOP('',(#2273,#2274,#2275,#2276));
#4605=EDGE_LOOP('',(#2277,#2278,#2279,#2280));
#4606=EDGE_LOOP('',(#2281,#2282,#2283,#2284));
#4607=EDGE_LOOP('',(#2285,#2286,#2287,#2288));
#4608=EDGE_LOOP('',(#2289,#2290,#2291,#2292));
#4609=EDGE_LOOP('',(#2293,#2294,#2295,#2296));
#4610=EDGE_LOOP('',(#2297,#2298,#2299,#2300));
#4611=EDGE_LOOP('',(#2301,#2302,#2303,#2304));
#4612=EDGE_LOOP('',(#2305,#2306,#2307,#2308));
#4613=EDGE_LOOP('',(#2309,#2310,#2311,#2312));
#4614=EDGE_LOOP('',(#2313,#2314,#2315,#2316));
#4615=EDGE_LOOP('',(#2317,#2318,#2319,#2320));
#4616=EDGE_LOOP('',(#2321,#2322,#2323,#2324));
#4617=EDGE_LOOP('',(#2325,#2326,#2327,#2328));
#4618=EDGE_LOOP('',(#2329,#2330,#2331,#2332));
#4619=EDGE_LOOP('',(#2333,#2334,#2335,#2336));
#4620=EDGE_LOOP('',(#2337,#2338,#2339,#2340));
#4621=EDGE_LOOP('',(#2341,#2342,#2343,#2344));
#4622=EDGE_LOOP('',(#2345,#2346,#2347,#2348));
#4623=EDGE_LOOP('',(#2349,#2350,#2351,#2352));
#4624=EDGE_LOOP('',(#2353,#2354,#2355,#2356));
#4625=EDGE_LOOP('',(#2357,#2358,#2359,#2360));
#4626=EDGE_LOOP('',(#2361,#2362,#2363,#2364));
#4627=EDGE_LOOP('',(#2365,#2366,#2367,#2368));
#4628=EDGE_LOOP('',(#2369,#2370,#2371,#2372));
#4629=EDGE_LOOP('',(#2373,#2374,#2375,#2376));
#4630=EDGE_LOOP('',(#2377,#2378,#2379,#2380));
#4631=EDGE_LOOP('',(#2381,#2382,#2383,#2384,#2385,#2386,#2387,#2388,#2389,
#2390,#2391,#2392,#2393,#2394,#2395));
#4632=EDGE_LOOP('',(#2396,#2397,#2398,#2399,#2400,#2401,#2402,#2403));
#4633=EDGE_LOOP('',(#2404,#2405,#2406,#2407,#2408,#2409,#2410,#2411));
#4634=EDGE_LOOP('',(#2412,#2413,#2414,#2415,#2416,#2417,#2418,#2419));
#4635=EDGE_LOOP('',(#2420,#2421,#2422,#2423));
#4636=EDGE_LOOP('',(#2424,#2425,#2426,#2427));
#4637=EDGE_LOOP('',(#2428,#2429,#2430,#2431));
#4638=EDGE_LOOP('',(#2432,#2433,#2434,#2435));
#4639=EDGE_LOOP('',(#2436,#2437,#2438,#2439));
#4640=EDGE_LOOP('',(#2440,#2441,#2442,#2443));
#4641=EDGE_LOOP('',(#2444,#2445,#2446,#2447));
#4642=EDGE_LOOP('',(#2448,#2449,#2450,#2451));
#4643=EDGE_LOOP('',(#2452,#2453,#2454,#2455));
#4644=EDGE_LOOP('',(#2456,#2457,#2458,#2459));
#4645=EDGE_LOOP('',(#2460,#2461,#2462,#2463));
#4646=EDGE_LOOP('',(#2464,#2465,#2466,#2467));
#4647=EDGE_LOOP('',(#2468,#2469,#2470,#2471));
#4648=EDGE_LOOP('',(#2472,#2473,#2474,#2475));
#4649=EDGE_LOOP('',(#2476,#2477,#2478,#2479));
#4650=EDGE_LOOP('',(#2480,#2481,#2482,#2483));
#4651=EDGE_LOOP('',(#2484,#2485,#2486,#2487));
#4652=EDGE_LOOP('',(#2488,#2489,#2490,#2491));
#4653=EDGE_LOOP('',(#2492,#2493,#2494,#2495));
#4654=EDGE_LOOP('',(#2496,#2497,#2498,#2499));
#4655=EDGE_LOOP('',(#2500,#2501,#2502,#2503));
#4656=EDGE_LOOP('',(#2504,#2505,#2506,#2507));
#4657=EDGE_LOOP('',(#2508,#2509,#2510,#2511));
#4658=EDGE_LOOP('',(#2512,#2513,#2514,#2515));
#4659=EDGE_LOOP('',(#2516,#2517,#2518,#2519));
#4660=EDGE_LOOP('',(#2520,#2521,#2522,#2523));
#4661=EDGE_LOOP('',(#2524,#2525,#2526,#2527));
#4662=EDGE_LOOP('',(#2528,#2529,#2530,#2531));
#4663=EDGE_LOOP('',(#2532,#2533,#2534,#2535,#2536,#2537,#2538,#2539,#2540,
#2541,#2542,#2543,#2544,#2545,#2546,#2547,#2548,#2549,#2550,#2551,#2552,
#2553,#2554,#2555,#2556,#2557,#2558,#2559));
#4664=EDGE_LOOP('',(#2560,#2561,#2562,#2563,#2564,#2565,#2566,#2567,#2568,
#2569));
#4665=EDGE_LOOP('',(#2570,#2571,#2572,#2573,#2574,#2575,#2576,#2577));
#4666=EDGE_LOOP('',(#2578,#2579,#2580,#2581,#2582,#2583,#2584,#2585,#2586,
#2587));
#4667=EDGE_LOOP('',(#2588,#2589,#2590,#2591,#2592,#2593,#2594,#2595));
#4668=EDGE_LOOP('',(#2596,#2597,#2598,#2599,#2600,#2601,#2602,#2603,#2604,
#2605));
#4669=EDGE_LOOP('',(#2606,#2607,#2608,#2609,#2610,#2611,#2612,#2613,#2614,
#2615));
#4670=EDGE_LOOP('',(#2616,#2617,#2618,#2619,#2620,#2621));
#4671=EDGE_LOOP('',(#2622,#2623,#2624,#2625,#2626,#2627,#2628,#2629));
#4672=EDGE_LOOP('',(#2630));
#4673=EDGE_LOOP('',(#2631));
#4674=EDGE_LOOP('',(#2632));
#4675=EDGE_LOOP('',(#2633));
#4676=EDGE_LOOP('',(#2634));
#4677=EDGE_LOOP('',(#2635));
#4678=EDGE_LOOP('',(#2636));
#4679=EDGE_LOOP('',(#2637));
#4680=FACE_BOUND('',#4354,.T.);
#4681=FACE_BOUND('',#4355,.T.);
#4682=FACE_BOUND('',#4356,.T.);
#4683=FACE_BOUND('',#4357,.T.);
#4684=FACE_BOUND('',#4358,.T.);
#4685=FACE_BOUND('',#4359,.T.);
#4686=FACE_BOUND('',#4360,.T.);
#4687=FACE_BOUND('',#4361,.T.);
#4688=FACE_BOUND('',#4362,.T.);
#4689=FACE_BOUND('',#4363,.T.);
#4690=FACE_BOUND('',#4364,.T.);
#4691=FACE_BOUND('',#4365,.T.);
#4692=FACE_BOUND('',#4366,.T.);
#4693=FACE_BOUND('',#4367,.T.);
#4694=FACE_BOUND('',#4368,.T.);
#4695=FACE_BOUND('',#4369,.T.);
#4696=FACE_BOUND('',#4370,.T.);
#4697=FACE_BOUND('',#4371,.T.);
#4698=FACE_BOUND('',#4372,.T.);
#4699=FACE_BOUND('',#4373,.T.);
#4700=FACE_BOUND('',#4374,.T.);
#4701=FACE_BOUND('',#4375,.T.);
#4702=FACE_BOUND('',#4376,.T.);
#4703=FACE_BOUND('',#4377,.T.);
#4704=FACE_BOUND('',#4378,.T.);
#4705=FACE_BOUND('',#4379,.T.);
#4706=FACE_BOUND('',#4380,.T.);
#4707=FACE_BOUND('',#4381,.T.);
#4708=FACE_BOUND('',#4382,.T.);
#4709=FACE_BOUND('',#4383,.T.);
#4710=FACE_BOUND('',#4384,.T.);
#4711=FACE_BOUND('',#4385,.T.);
#4712=FACE_BOUND('',#4386,.T.);
#4713=FACE_BOUND('',#4387,.T.);
#4714=FACE_BOUND('',#4388,.T.);
#4715=FACE_BOUND('',#4389,.T.);
#4716=FACE_BOUND('',#4390,.T.);
#4717=FACE_BOUND('',#4391,.T.);
#4718=FACE_BOUND('',#4392,.T.);
#4719=FACE_BOUND('',#4393,.T.);
#4720=FACE_BOUND('',#4394,.T.);
#4721=FACE_BOUND('',#4395,.T.);
#4722=FACE_BOUND('',#4396,.T.);
#4723=FACE_BOUND('',#4397,.T.);
#4724=FACE_BOUND('',#4398,.T.);
#4725=FACE_BOUND('',#4399,.T.);
#4726=FACE_BOUND('',#4400,.T.);
#4727=FACE_BOUND('',#4401,.T.);
#4728=FACE_BOUND('',#4402,.T.);
#4729=FACE_BOUND('',#4403,.T.);
#4730=FACE_BOUND('',#4404,.T.);
#4731=FACE_BOUND('',#4405,.T.);
#4732=FACE_BOUND('',#4406,.T.);
#4733=FACE_BOUND('',#4407,.T.);
#4734=FACE_BOUND('',#4408,.T.);
#4735=FACE_BOUND('',#4409,.T.);
#4736=FACE_BOUND('',#4410,.T.);
#4737=FACE_BOUND('',#4411,.T.);
#4738=FACE_BOUND('',#4412,.T.);
#4739=FACE_BOUND('',#4413,.T.);
#4740=FACE_BOUND('',#4414,.T.);
#4741=FACE_BOUND('',#4415,.T.);
#4742=FACE_BOUND('',#4416,.T.);
#4743=FACE_BOUND('',#4417,.T.);
#4744=FACE_BOUND('',#4418,.T.);
#4745=FACE_BOUND('',#4419,.T.);
#4746=FACE_BOUND('',#4420,.T.);
#4747=FACE_BOUND('',#4421,.T.);
#4748=FACE_BOUND('',#4422,.T.);
#4749=FACE_BOUND('',#4423,.T.);
#4750=FACE_BOUND('',#4424,.T.);
#4751=FACE_BOUND('',#4425,.T.);
#4752=FACE_BOUND('',#4426,.T.);
#4753=FACE_BOUND('',#4427,.T.);
#4754=FACE_BOUND('',#4428,.T.);
#4755=FACE_BOUND('',#4429,.T.);
#4756=FACE_BOUND('',#4430,.T.);
#4757=FACE_BOUND('',#4431,.T.);
#4758=FACE_BOUND('',#4432,.T.);
#4759=FACE_BOUND('',#4433,.T.);
#4760=FACE_BOUND('',#4434,.T.);
#4761=FACE_BOUND('',#4435,.T.);
#4762=FACE_BOUND('',#4436,.T.);
#4763=FACE_BOUND('',#4437,.T.);
#4764=FACE_BOUND('',#4438,.T.);
#4765=FACE_BOUND('',#4439,.T.);
#4766=FACE_BOUND('',#4440,.T.);
#4767=FACE_BOUND('',#4441,.T.);
#4768=FACE_BOUND('',#4442,.T.);
#4769=FACE_BOUND('',#4443,.T.);
#4770=FACE_BOUND('',#4444,.T.);
#4771=FACE_BOUND('',#4445,.T.);
#4772=FACE_BOUND('',#4446,.T.);
#4773=FACE_BOUND('',#4447,.T.);
#4774=FACE_BOUND('',#4448,.T.);
#4775=FACE_BOUND('',#4449,.T.);
#4776=FACE_BOUND('',#4450,.T.);
#4777=FACE_BOUND('',#4451,.T.);
#4778=FACE_BOUND('',#4452,.T.);
#4779=FACE_BOUND('',#4453,.T.);
#4780=FACE_BOUND('',#4454,.T.);
#4781=FACE_BOUND('',#4455,.T.);
#4782=FACE_BOUND('',#4456,.T.);
#4783=FACE_BOUND('',#4457,.T.);
#4784=FACE_BOUND('',#4458,.T.);
#4785=FACE_BOUND('',#4459,.T.);
#4786=FACE_BOUND('',#4460,.T.);
#4787=FACE_BOUND('',#4461,.T.);
#4788=FACE_BOUND('',#4462,.T.);
#4789=FACE_BOUND('',#4463,.T.);
#4790=FACE_BOUND('',#4464,.T.);
#4791=FACE_BOUND('',#4465,.T.);
#4792=FACE_BOUND('',#4466,.T.);
#4793=FACE_BOUND('',#4467,.T.);
#4794=FACE_BOUND('',#4468,.T.);
#4795=FACE_BOUND('',#4469,.T.);
#4796=FACE_BOUND('',#4470,.T.);
#4797=FACE_BOUND('',#4471,.T.);
#4798=FACE_BOUND('',#4472,.T.);
#4799=FACE_BOUND('',#4473,.T.);
#4800=FACE_BOUND('',#4474,.T.);
#4801=FACE_BOUND('',#4475,.T.);
#4802=FACE_BOUND('',#4476,.T.);
#4803=FACE_BOUND('',#4477,.T.);
#4804=FACE_BOUND('',#4478,.T.);
#4805=FACE_BOUND('',#4479,.T.);
#4806=FACE_BOUND('',#4480,.T.);
#4807=FACE_BOUND('',#4481,.T.);
#4808=FACE_BOUND('',#4482,.T.);
#4809=FACE_BOUND('',#4483,.T.);
#4810=FACE_BOUND('',#4484,.T.);
#4811=FACE_BOUND('',#4485,.T.);
#4812=FACE_BOUND('',#4486,.T.);
#4813=FACE_BOUND('',#4487,.T.);
#4814=FACE_BOUND('',#4488,.T.);
#4815=FACE_BOUND('',#4489,.T.);
#4816=FACE_BOUND('',#4490,.T.);
#4817=FACE_BOUND('',#4491,.T.);
#4818=FACE_BOUND('',#4492,.T.);
#4819=FACE_BOUND('',#4493,.T.);
#4820=FACE_BOUND('',#4494,.T.);
#4821=FACE_BOUND('',#4495,.T.);
#4822=FACE_BOUND('',#4496,.T.);
#4823=FACE_BOUND('',#4497,.T.);
#4824=FACE_BOUND('',#4498,.T.);
#4825=FACE_BOUND('',#4499,.T.);
#4826=FACE_BOUND('',#4500,.T.);
#4827=FACE_BOUND('',#4501,.T.);
#4828=FACE_BOUND('',#4502,.T.);
#4829=FACE_BOUND('',#4503,.T.);
#4830=FACE_BOUND('',#4504,.T.);
#4831=FACE_BOUND('',#4505,.T.);
#4832=FACE_BOUND('',#4506,.T.);
#4833=FACE_BOUND('',#4507,.T.);
#4834=FACE_BOUND('',#4508,.T.);
#4835=FACE_BOUND('',#4509,.T.);
#4836=FACE_BOUND('',#4510,.T.);
#4837=FACE_BOUND('',#4511,.T.);
#4838=FACE_BOUND('',#4512,.T.);
#4839=FACE_BOUND('',#4513,.T.);
#4840=FACE_BOUND('',#4514,.T.);
#4841=FACE_BOUND('',#4515,.T.);
#4842=FACE_BOUND('',#4516,.T.);
#4843=FACE_BOUND('',#4517,.T.);
#4844=FACE_BOUND('',#4518,.T.);
#4845=FACE_BOUND('',#4519,.T.);
#4846=FACE_BOUND('',#4520,.T.);
#4847=FACE_BOUND('',#4521,.T.);
#4848=FACE_BOUND('',#4522,.T.);
#4849=FACE_BOUND('',#4523,.T.);
#4850=FACE_BOUND('',#4524,.T.);
#4851=FACE_BOUND('',#4525,.T.);
#4852=FACE_BOUND('',#4526,.T.);
#4853=FACE_BOUND('',#4527,.T.);
#4854=FACE_BOUND('',#4528,.T.);
#4855=FACE_BOUND('',#4529,.T.);
#4856=FACE_BOUND('',#4530,.T.);
#4857=FACE_BOUND('',#4531,.T.);
#4858=FACE_BOUND('',#4532,.T.);
#4859=FACE_BOUND('',#4533,.T.);
#4860=FACE_BOUND('',#4534,.T.);
#4861=FACE_BOUND('',#4535,.T.);
#4862=FACE_BOUND('',#4536,.T.);
#4863=FACE_BOUND('',#4537,.T.);
#4864=FACE_BOUND('',#4538,.T.);
#4865=FACE_BOUND('',#4539,.T.);
#4866=FACE_BOUND('',#4540,.T.);
#4867=FACE_BOUND('',#4541,.T.);
#4868=FACE_BOUND('',#4542,.T.);
#4869=FACE_BOUND('',#4543,.T.);
#4870=FACE_BOUND('',#4544,.T.);
#4871=FACE_BOUND('',#4545,.T.);
#4872=FACE_BOUND('',#4546,.T.);
#4873=FACE_BOUND('',#4547,.T.);
#4874=FACE_BOUND('',#4548,.T.);
#4875=FACE_BOUND('',#4549,.T.);
#4876=FACE_BOUND('',#4550,.T.);
#4877=FACE_BOUND('',#4551,.T.);
#4878=FACE_BOUND('',#4552,.T.);
#4879=FACE_BOUND('',#4553,.T.);
#4880=FACE_BOUND('',#4554,.T.);
#4881=FACE_BOUND('',#4555,.T.);
#4882=FACE_BOUND('',#4556,.T.);
#4883=FACE_BOUND('',#4557,.T.);
#4884=FACE_BOUND('',#4558,.T.);
#4885=FACE_BOUND('',#4559,.T.);
#4886=FACE_BOUND('',#4560,.T.);
#4887=FACE_BOUND('',#4561,.T.);
#4888=FACE_BOUND('',#4562,.T.);
#4889=FACE_BOUND('',#4563,.T.);
#4890=FACE_BOUND('',#4564,.T.);
#4891=FACE_BOUND('',#4565,.T.);
#4892=FACE_BOUND('',#4566,.T.);
#4893=FACE_BOUND('',#4567,.T.);
#4894=FACE_BOUND('',#4568,.T.);
#4895=FACE_BOUND('',#4569,.T.);
#4896=FACE_BOUND('',#4570,.T.);
#4897=FACE_BOUND('',#4571,.T.);
#4898=FACE_BOUND('',#4572,.T.);
#4899=FACE_BOUND('',#4573,.T.);
#4900=FACE_BOUND('',#4574,.T.);
#4901=FACE_BOUND('',#4575,.T.);
#4902=FACE_BOUND('',#4576,.T.);
#4903=FACE_BOUND('',#4577,.T.);
#4904=FACE_BOUND('',#4578,.T.);
#4905=FACE_BOUND('',#4579,.T.);
#4906=FACE_BOUND('',#4580,.T.);
#4907=FACE_BOUND('',#4581,.T.);
#4908=FACE_BOUND('',#4582,.T.);
#4909=FACE_BOUND('',#4583,.T.);
#4910=FACE_BOUND('',#4584,.T.);
#4911=FACE_BOUND('',#4585,.T.);
#4912=FACE_BOUND('',#4586,.T.);
#4913=FACE_BOUND('',#4587,.T.);
#4914=FACE_BOUND('',#4588,.T.);
#4915=FACE_BOUND('',#4589,.T.);
#4916=FACE_BOUND('',#4590,.T.);
#4917=FACE_BOUND('',#4591,.T.);
#4918=FACE_BOUND('',#4592,.T.);
#4919=FACE_BOUND('',#4593,.T.);
#4920=FACE_BOUND('',#4594,.T.);
#4921=FACE_BOUND('',#4595,.T.);
#4922=FACE_BOUND('',#4596,.T.);
#4923=FACE_BOUND('',#4597,.T.);
#4924=FACE_BOUND('',#4598,.T.);
#4925=FACE_BOUND('',#4599,.T.);
#4926=FACE_BOUND('',#4600,.T.);
#4927=FACE_BOUND('',#4601,.T.);
#4928=FACE_BOUND('',#4602,.T.);
#4929=FACE_BOUND('',#4603,.T.);
#4930=FACE_BOUND('',#4604,.T.);
#4931=FACE_BOUND('',#4605,.T.);
#4932=FACE_BOUND('',#4606,.T.);
#4933=FACE_BOUND('',#4607,.T.);
#4934=FACE_BOUND('',#4608,.T.);
#4935=FACE_BOUND('',#4609,.T.);
#4936=FACE_BOUND('',#4610,.T.);
#4937=FACE_BOUND('',#4611,.T.);
#4938=FACE_BOUND('',#4612,.T.);
#4939=FACE_BOUND('',#4613,.T.);
#4940=FACE_BOUND('',#4614,.T.);
#4941=FACE_BOUND('',#4615,.T.);
#4942=FACE_BOUND('',#4616,.T.);
#4943=FACE_BOUND('',#4617,.T.);
#4944=FACE_BOUND('',#4618,.T.);
#4945=FACE_BOUND('',#4619,.T.);
#4946=FACE_BOUND('',#4620,.T.);
#4947=FACE_BOUND('',#4621,.T.);
#4948=FACE_BOUND('',#4622,.T.);
#4949=FACE_BOUND('',#4623,.T.);
#4950=FACE_BOUND('',#4624,.T.);
#4951=FACE_BOUND('',#4625,.T.);
#4952=FACE_BOUND('',#4626,.T.);
#4953=FACE_BOUND('',#4627,.T.);
#4954=FACE_BOUND('',#4628,.T.);
#4955=FACE_BOUND('',#4629,.T.);
#4956=FACE_BOUND('',#4630,.T.);
#4957=FACE_BOUND('',#4631,.T.);
#4958=FACE_BOUND('',#4632,.T.);
#4959=FACE_BOUND('',#4633,.T.);
#4960=FACE_BOUND('',#4634,.T.);
#4961=FACE_BOUND('',#4635,.T.);
#4962=FACE_BOUND('',#4636,.T.);
#4963=FACE_BOUND('',#4637,.T.);
#4964=FACE_BOUND('',#4638,.T.);
#4965=FACE_BOUND('',#4639,.T.);
#4966=FACE_BOUND('',#4640,.T.);
#4967=FACE_BOUND('',#4641,.T.);
#4968=FACE_BOUND('',#4642,.T.);
#4969=FACE_BOUND('',#4643,.T.);
#4970=FACE_BOUND('',#4644,.T.);
#4971=FACE_BOUND('',#4645,.T.);
#4972=FACE_BOUND('',#4646,.T.);
#4973=FACE_BOUND('',#4647,.T.);
#4974=FACE_BOUND('',#4648,.T.);
#4975=FACE_BOUND('',#4649,.T.);
#4976=FACE_BOUND('',#4650,.T.);
#4977=FACE_BOUND('',#4651,.T.);
#4978=FACE_BOUND('',#4652,.T.);
#4979=FACE_BOUND('',#4653,.T.);
#4980=FACE_BOUND('',#4654,.T.);
#4981=FACE_BOUND('',#4655,.T.);
#4982=FACE_BOUND('',#4656,.T.);
#4983=FACE_BOUND('',#4657,.T.);
#4984=FACE_BOUND('',#4658,.T.);
#4985=FACE_BOUND('',#4659,.T.);
#4986=FACE_BOUND('',#4660,.T.);
#4987=FACE_BOUND('',#4661,.T.);
#4988=FACE_BOUND('',#4662,.T.);
#4989=FACE_BOUND('',#4663,.T.);
#4990=FACE_BOUND('',#4664,.T.);
#4991=FACE_BOUND('',#4665,.T.);
#4992=FACE_BOUND('',#4666,.T.);
#4993=FACE_BOUND('',#4667,.T.);
#4994=FACE_BOUND('',#4668,.T.);
#4995=FACE_BOUND('',#4669,.T.);
#4996=FACE_BOUND('',#4670,.T.);
#4997=FACE_BOUND('',#4671,.T.);
#4998=FACE_BOUND('',#4672,.T.);
#4999=FACE_BOUND('',#4673,.T.);
#5000=FACE_BOUND('',#4674,.T.);
#5001=FACE_BOUND('',#4675,.T.);
#5002=FACE_BOUND('',#4676,.T.);
#5003=FACE_BOUND('',#4677,.T.);
#5004=FACE_BOUND('',#4678,.T.);
#5005=FACE_BOUND('',#4679,.T.);
#5006=PLANE('',#5403);
#5007=PLANE('',#5413);
#5008=PLANE('',#5414);
#5009=PLANE('',#5415);
#5010=PLANE('',#5416);
#5011=PLANE('',#5417);
#5012=PLANE('',#5419);
#5013=PLANE('',#5420);
#5014=PLANE('',#5422);
#5015=PLANE('',#5423);
#5016=PLANE('',#5424);
#5017=PLANE('',#5426);
#5018=PLANE('',#5427);
#5019=PLANE('',#5428);
#5020=PLANE('',#5429);
#5021=PLANE('',#5430);
#5022=PLANE('',#5431);
#5023=PLANE('',#5432);
#5024=PLANE('',#5433);
#5025=PLANE('',#5434);
#5026=PLANE('',#5436);
#5027=PLANE('',#5437);
#5028=PLANE('',#5438);
#5029=PLANE('',#5439);
#5030=PLANE('',#5440);
#5031=PLANE('',#5445);
#5032=PLANE('',#5446);
#5033=PLANE('',#5450);
#5034=PLANE('',#5451);
#5035=PLANE('',#5452);
#5036=PLANE('',#5453);
#5037=PLANE('',#5456);
#5038=PLANE('',#5457);
#5039=PLANE('',#5458);
#5040=PLANE('',#5459);
#5041=PLANE('',#5460);
#5042=PLANE('',#5461);
#5043=PLANE('',#5462);
#5044=PLANE('',#5463);
#5045=PLANE('',#5464);
#5046=PLANE('',#5465);
#5047=PLANE('',#5466);
#5048=PLANE('',#5467);
#5049=PLANE('',#5468);
#5050=PLANE('',#5469);
#5051=PLANE('',#5470);
#5052=PLANE('',#5471);
#5053=PLANE('',#5472);
#5054=PLANE('',#5473);
#5055=PLANE('',#5474);
#5056=PLANE('',#5477);
#5057=PLANE('',#5478);
#5058=PLANE('',#5479);
#5059=PLANE('',#5482);
#5060=PLANE('',#5483);
#5061=PLANE('',#5484);
#5062=PLANE('',#5485);
#5063=PLANE('',#5486);
#5064=PLANE('',#5487);
#5065=PLANE('',#5488);
#5066=PLANE('',#5489);
#5067=PLANE('',#5490);
#5068=PLANE('',#5491);
#5069=PLANE('',#5492);
#5070=PLANE('',#5493);
#5071=PLANE('',#5494);
#5072=PLANE('',#5495);
#5073=PLANE('',#5496);
#5074=PLANE('',#5497);
#5075=PLANE('',#5498);
#5076=PLANE('',#5499);
#5077=PLANE('',#5503);
#5078=PLANE('',#5507);
#5079=PLANE('',#5508);
#5080=PLANE('',#5511);
#5081=PLANE('',#5514);
#5082=PLANE('',#5515);
#5083=PLANE('',#5516);
#5084=PLANE('',#5519);
#5085=PLANE('',#5522);
#5086=PLANE('',#5523);
#5087=PLANE('',#5524);
#5088=PLANE('',#5525);
#5089=PLANE('',#5526);
#5090=PLANE('',#5527);
#5091=PLANE('',#5528);
#5092=PLANE('',#5529);
#5093=PLANE('',#5530);
#5094=PLANE('',#5531);
#5095=PLANE('',#5537);
#5096=ADVANCED_FACE('',(#4680,#4681,#4682,#4683,#4684,#4685,#4686,#4687,
#4688,#4689,#4690,#4691,#4692,#4693,#4694),#5006,.F.);
#5097=ADVANCED_FACE('',(#4695),#5007,.T.);
#5098=ADVANCED_FACE('',(#4696),#5008,.F.);
#5099=ADVANCED_FACE('',(#4697),#5009,.F.);
#5100=ADVANCED_FACE('',(#4698),#5010,.T.);
#5101=ADVANCED_FACE('',(#4699,#4700),#5011,.T.);
#5102=ADVANCED_FACE('',(#4701),#5012,.F.);
#5103=ADVANCED_FACE('',(#4702,#4703),#5013,.F.);
#5104=ADVANCED_FACE('',(#4704),#5014,.T.);
#5105=ADVANCED_FACE('',(#4705),#5015,.F.);
#5106=ADVANCED_FACE('',(#4706,#4707),#5016,.T.);
#5107=ADVANCED_FACE('',(#4708),#5017,.T.);
#5108=ADVANCED_FACE('',(#4709,#4710),#5018,.F.);
#5109=ADVANCED_FACE('',(#4711),#5019,.T.);
#5110=ADVANCED_FACE('',(#4712),#5020,.F.);
#5111=ADVANCED_FACE('',(#4713),#5021,.T.);
#5112=ADVANCED_FACE('',(#4714),#5022,.F.);
#5113=ADVANCED_FACE('',(#4715),#5023,.F.);
#5114=ADVANCED_FACE('',(#4716),#5024,.T.);
#5115=ADVANCED_FACE('',(#4717,#4718),#5025,.F.);
#5116=ADVANCED_FACE('',(#4719),#5026,.T.);
#5117=ADVANCED_FACE('',(#4720),#5027,.T.);
#5118=ADVANCED_FACE('',(#4721),#5028,.T.);
#5119=ADVANCED_FACE('',(#4722),#5029,.T.);
#5120=ADVANCED_FACE('',(#4723),#5030,.T.);
#5121=ADVANCED_FACE('',(#4724),#27,.T.);
#5122=ADVANCED_FACE('',(#4725),#12,.F.);
#5123=ADVANCED_FACE('',(#4726),#13,.F.);
#5124=ADVANCED_FACE('',(#4727),#5031,.T.);
#5125=ADVANCED_FACE('',(#4728),#5032,.T.);
#5126=ADVANCED_FACE('',(#4729),#28,.T.);
#5127=ADVANCED_FACE('',(#4730),#29,.T.);
#5128=ADVANCED_FACE('',(#4731),#30,.T.);
#5129=ADVANCED_FACE('',(#4732),#14,.T.);
#5130=ADVANCED_FACE('',(#4733),#31,.T.);
#5131=ADVANCED_FACE('',(#4734),#32,.T.);
#5132=ADVANCED_FACE('',(#4735),#33,.T.);
#5133=ADVANCED_FACE('',(#4736),#34,.T.);
#5134=ADVANCED_FACE('',(#4737),#35,.T.);
#5135=ADVANCED_FACE('',(#4738),#36,.T.);
#5136=ADVANCED_FACE('',(#4739),#37,.T.);
#5137=ADVANCED_FACE('',(#4740),#38,.T.);
#5138=ADVANCED_FACE('',(#4741),#39,.T.);
#5139=ADVANCED_FACE('',(#4742),#40,.T.);
#5140=ADVANCED_FACE('',(#4743),#41,.T.);
#5141=ADVANCED_FACE('',(#4744),#42,.T.);
#5142=ADVANCED_FACE('',(#4745),#43,.T.);
#5143=ADVANCED_FACE('',(#4746),#5033,.T.);
#5144=ADVANCED_FACE('',(#4747),#44,.T.);
#5145=ADVANCED_FACE('',(#4748),#45,.T.);
#5146=ADVANCED_FACE('',(#4749),#46,.T.);
#5147=ADVANCED_FACE('',(#4750),#5034,.T.);
#5148=ADVANCED_FACE('',(#4751),#47,.T.);
#5149=ADVANCED_FACE('',(#4752),#48,.T.);
#5150=ADVANCED_FACE('',(#4753),#49,.T.);
#5151=ADVANCED_FACE('',(#4754,#4755),#5035,.T.);
#5152=ADVANCED_FACE('',(#4756),#50,.T.);
#5153=ADVANCED_FACE('',(#4757),#51,.T.);
#5154=ADVANCED_FACE('',(#4758),#52,.T.);
#5155=ADVANCED_FACE('',(#4759),#53,.T.);
#5156=ADVANCED_FACE('',(#4760),#54,.T.);
#5157=ADVANCED_FACE('',(#4761),#55,.T.);
#5158=ADVANCED_FACE('',(#4762),#56,.T.);
#5159=ADVANCED_FACE('',(#4763),#57,.T.);
#5160=ADVANCED_FACE('',(#4764),#58,.T.);
#5161=ADVANCED_FACE('',(#4765),#59,.T.);
#5162=ADVANCED_FACE('',(#4766),#60,.T.);
#5163=ADVANCED_FACE('',(#4767),#61,.T.);
#5164=ADVANCED_FACE('',(#4768),#62,.T.);
#5165=ADVANCED_FACE('',(#4769),#63,.T.);
#5166=ADVANCED_FACE('',(#4770),#64,.T.);
#5167=ADVANCED_FACE('',(#4771),#65,.T.);
#5168=ADVANCED_FACE('',(#4772,#4773),#5036,.T.);
#5169=ADVANCED_FACE('',(#4774),#66,.T.);
#5170=ADVANCED_FACE('',(#4775),#67,.T.);
#5171=ADVANCED_FACE('',(#4776),#68,.T.);
#5172=ADVANCED_FACE('',(#4777),#69,.T.);
#5173=ADVANCED_FACE('',(#4778),#70,.T.);
#5174=ADVANCED_FACE('',(#4779),#71,.T.);
#5175=ADVANCED_FACE('',(#4780),#72,.T.);
#5176=ADVANCED_FACE('',(#4781),#73,.T.);
#5177=ADVANCED_FACE('',(#4782),#74,.T.);
#5178=ADVANCED_FACE('',(#4783),#75,.T.);
#5179=ADVANCED_FACE('',(#4784),#76,.T.);
#5180=ADVANCED_FACE('',(#4785),#77,.T.);
#5181=ADVANCED_FACE('',(#4786),#78,.T.);
#5182=ADVANCED_FACE('',(#4787),#79,.T.);
#5183=ADVANCED_FACE('',(#4788),#80,.T.);
#5184=ADVANCED_FACE('',(#4789),#81,.T.);
#5185=ADVANCED_FACE('',(#4790),#82,.T.);
#5186=ADVANCED_FACE('',(#4791),#83,.T.);
#5187=ADVANCED_FACE('',(#4792),#15,.F.);
#5188=ADVANCED_FACE('',(#4793),#5037,.T.);
#5189=ADVANCED_FACE('',(#4794),#84,.T.);
#5190=ADVANCED_FACE('',(#4795),#85,.T.);
#5191=ADVANCED_FACE('',(#4796),#86,.T.);
#5192=ADVANCED_FACE('',(#4797),#5038,.T.);
#5193=ADVANCED_FACE('',(#4798),#87,.T.);
#5194=ADVANCED_FACE('',(#4799),#88,.T.);
#5195=ADVANCED_FACE('',(#4800,#4801),#5039,.T.);
#5196=ADVANCED_FACE('',(#4802),#89,.T.);
#5197=ADVANCED_FACE('',(#4803),#90,.T.);
#5198=ADVANCED_FACE('',(#4804),#91,.T.);
#5199=ADVANCED_FACE('',(#4805),#92,.T.);
#5200=ADVANCED_FACE('',(#4806),#93,.T.);
#5201=ADVANCED_FACE('',(#4807),#94,.T.);
#5202=ADVANCED_FACE('',(#4808),#95,.T.);
#5203=ADVANCED_FACE('',(#4809),#96,.T.);
#5204=ADVANCED_FACE('',(#4810),#5040,.T.);
#5205=ADVANCED_FACE('',(#4811),#5041,.T.);
#5206=ADVANCED_FACE('',(#4812),#5042,.T.);
#5207=ADVANCED_FACE('',(#4813),#5043,.T.);
#5208=ADVANCED_FACE('',(#4814),#5044,.T.);
#5209=ADVANCED_FACE('',(#4815),#5045,.T.);
#5210=ADVANCED_FACE('',(#4816),#5046,.T.);
#5211=ADVANCED_FACE('',(#4817),#5047,.T.);
#5212=ADVANCED_FACE('',(#4818),#5048,.T.);
#5213=ADVANCED_FACE('',(#4819),#5049,.T.);
#5214=ADVANCED_FACE('',(#4820),#5050,.T.);
#5215=ADVANCED_FACE('',(#4821),#5051,.T.);
#5216=ADVANCED_FACE('',(#4822),#5052,.T.);
#5217=ADVANCED_FACE('',(#4823),#5053,.T.);
#5218=ADVANCED_FACE('',(#4824),#97,.T.);
#5219=ADVANCED_FACE('',(#4825),#98,.T.);
#5220=ADVANCED_FACE('',(#4826),#99,.T.);
#5221=ADVANCED_FACE('',(#4827),#100,.T.);
#5222=ADVANCED_FACE('',(#4828),#101,.T.);
#5223=ADVANCED_FACE('',(#4829),#102,.T.);
#5224=ADVANCED_FACE('',(#4830),#103,.T.);
#5225=ADVANCED_FACE('',(#4831),#104,.T.);
#5226=ADVANCED_FACE('',(#4832),#5054,.T.);
#5227=ADVANCED_FACE('',(#4833),#105,.T.);
#5228=ADVANCED_FACE('',(#4834),#106,.T.);
#5229=ADVANCED_FACE('',(#4835),#107,.T.);
#5230=ADVANCED_FACE('',(#4836),#108,.T.);
#5231=ADVANCED_FACE('',(#4837),#109,.T.);
#5232=ADVANCED_FACE('',(#4838),#110,.T.);
#5233=ADVANCED_FACE('',(#4839),#111,.T.);
#5234=ADVANCED_FACE('',(#4840),#112,.T.);
#5235=ADVANCED_FACE('',(#4841),#113,.T.);
#5236=ADVANCED_FACE('',(#4842),#114,.T.);
#5237=ADVANCED_FACE('',(#4843),#115,.T.);
#5238=ADVANCED_FACE('',(#4844),#116,.T.);
#5239=ADVANCED_FACE('',(#4845),#117,.T.);
#5240=ADVANCED_FACE('',(#4846),#118,.T.);
#5241=ADVANCED_FACE('',(#4847),#119,.T.);
#5242=ADVANCED_FACE('',(#4848),#120,.T.);
#5243=ADVANCED_FACE('',(#4849,#4850),#5055,.T.);
#5244=ADVANCED_FACE('',(#4851),#121,.T.);
#5245=ADVANCED_FACE('',(#4852),#122,.T.);
#5246=ADVANCED_FACE('',(#4853),#123,.T.);
#5247=ADVANCED_FACE('',(#4854),#124,.T.);
#5248=ADVANCED_FACE('',(#4855),#125,.T.);
#5249=ADVANCED_FACE('',(#4856),#126,.T.);
#5250=ADVANCED_FACE('',(#4857),#127,.T.);
#5251=ADVANCED_FACE('',(#4858),#128,.T.);
#5252=ADVANCED_FACE('',(#4859),#129,.T.);
#5253=ADVANCED_FACE('',(#4860),#130,.T.);
#5254=ADVANCED_FACE('',(#4861),#131,.T.);
#5255=ADVANCED_FACE('',(#4862),#132,.T.);
#5256=ADVANCED_FACE('',(#4863),#133,.T.);
#5257=ADVANCED_FACE('',(#4864),#134,.T.);
#5258=ADVANCED_FACE('',(#4865),#135,.T.);
#5259=ADVANCED_FACE('',(#4866),#136,.T.);
#5260=ADVANCED_FACE('',(#4867),#137,.T.);
#5261=ADVANCED_FACE('',(#4868),#138,.T.);
#5262=ADVANCED_FACE('',(#4869),#16,.F.);
#5263=ADVANCED_FACE('',(#4870),#5056,.T.);
#5264=ADVANCED_FACE('',(#4871),#139,.T.);
#5265=ADVANCED_FACE('',(#4872),#140,.T.);
#5266=ADVANCED_FACE('',(#4873),#141,.T.);
#5267=ADVANCED_FACE('',(#4874),#5057,.T.);
#5268=ADVANCED_FACE('',(#4875),#142,.T.);
#5269=ADVANCED_FACE('',(#4876),#143,.T.);
#5270=ADVANCED_FACE('',(#4877,#4878),#5058,.T.);
#5271=ADVANCED_FACE('',(#4879),#144,.T.);
#5272=ADVANCED_FACE('',(#4880),#145,.T.);
#5273=ADVANCED_FACE('',(#4881),#146,.T.);
#5274=ADVANCED_FACE('',(#4882),#147,.T.);
#5275=ADVANCED_FACE('',(#4883),#148,.T.);
#5276=ADVANCED_FACE('',(#4884),#149,.T.);
#5277=ADVANCED_FACE('',(#4885),#150,.T.);
#5278=ADVANCED_FACE('',(#4886),#151,.T.);
#5279=ADVANCED_FACE('',(#4887),#152,.T.);
#5280=ADVANCED_FACE('',(#4888),#153,.T.);
#5281=ADVANCED_FACE('',(#4889),#154,.T.);
#5282=ADVANCED_FACE('',(#4890),#155,.T.);
#5283=ADVANCED_FACE('',(#4891),#156,.T.);
#5284=ADVANCED_FACE('',(#4892),#157,.T.);
#5285=ADVANCED_FACE('',(#4893),#158,.T.);
#5286=ADVANCED_FACE('',(#4894),#159,.T.);
#5287=ADVANCED_FACE('',(#4895),#160,.T.);
#5288=ADVANCED_FACE('',(#4896),#161,.T.);
#5289=ADVANCED_FACE('',(#4897),#17,.F.);
#5290=ADVANCED_FACE('',(#4898),#5059,.T.);
#5291=ADVANCED_FACE('',(#4899),#162,.T.);
#5292=ADVANCED_FACE('',(#4900),#163,.T.);
#5293=ADVANCED_FACE('',(#4901),#164,.T.);
#5294=ADVANCED_FACE('',(#4902),#5060,.T.);
#5295=ADVANCED_FACE('',(#4903),#165,.T.);
#5296=ADVANCED_FACE('',(#4904),#166,.T.);
#5297=ADVANCED_FACE('',(#4905,#4906),#5061,.T.);
#5298=ADVANCED_FACE('',(#4907),#5062,.T.);
#5299=ADVANCED_FACE('',(#4908),#5063,.T.);
#5300=ADVANCED_FACE('',(#4909),#5064,.T.);
#5301=ADVANCED_FACE('',(#4910),#167,.T.);
#5302=ADVANCED_FACE('',(#4911),#5065,.T.);
#5303=ADVANCED_FACE('',(#4912),#5066,.T.);
#5304=ADVANCED_FACE('',(#4913),#5067,.T.);
#5305=ADVANCED_FACE('',(#4914),#5068,.T.);
#5306=ADVANCED_FACE('',(#4915),#5069,.T.);
#5307=ADVANCED_FACE('',(#4916),#5070,.T.);
#5308=ADVANCED_FACE('',(#4917),#5071,.T.);
#5309=ADVANCED_FACE('',(#4918),#5072,.T.);
#5310=ADVANCED_FACE('',(#4919),#5073,.T.);
#5311=ADVANCED_FACE('',(#4920),#5074,.T.);
#5312=ADVANCED_FACE('',(#4921),#5075,.T.);
#5313=ADVANCED_FACE('',(#4922),#5076,.T.);
#5314=ADVANCED_FACE('',(#4923),#18,.F.);
#5315=ADVANCED_FACE('',(#4924,#4925),#5077,.T.);
#5316=ADVANCED_FACE('',(#4926),#168,.T.);
#5317=ADVANCED_FACE('',(#4927),#169,.T.);
#5318=ADVANCED_FACE('',(#4928),#170,.T.);
#5319=ADVANCED_FACE('',(#4929),#19,.T.);
#5320=ADVANCED_FACE('',(#4930),#171,.T.);
#5321=ADVANCED_FACE('',(#4931),#172,.T.);
#5322=ADVANCED_FACE('',(#4932),#173,.T.);
#5323=ADVANCED_FACE('',(#4933),#174,.T.);
#5324=ADVANCED_FACE('',(#4934),#175,.T.);
#5325=ADVANCED_FACE('',(#4935),#176,.T.);
#5326=ADVANCED_FACE('',(#4936),#177,.T.);
#5327=ADVANCED_FACE('',(#4937),#178,.T.);
#5328=ADVANCED_FACE('',(#4938),#179,.T.);
#5329=ADVANCED_FACE('',(#4939),#180,.T.);
#5330=ADVANCED_FACE('',(#4940),#181,.T.);
#5331=ADVANCED_FACE('',(#4941),#182,.T.);
#5332=ADVANCED_FACE('',(#4942),#183,.T.);
#5333=ADVANCED_FACE('',(#4943),#184,.T.);
#5334=ADVANCED_FACE('',(#4944),#185,.T.);
#5335=ADVANCED_FACE('',(#4945),#186,.T.);
#5336=ADVANCED_FACE('',(#4946),#187,.T.);
#5337=ADVANCED_FACE('',(#4947),#188,.T.);
#5338=ADVANCED_FACE('',(#4948),#189,.T.);
#5339=ADVANCED_FACE('',(#4949),#190,.T.);
#5340=ADVANCED_FACE('',(#4950),#191,.T.);
#5341=ADVANCED_FACE('',(#4951),#192,.T.);
#5342=ADVANCED_FACE('',(#4952),#193,.T.);
#5343=ADVANCED_FACE('',(#4953),#194,.T.);
#5344=ADVANCED_FACE('',(#4954),#195,.T.);
#5345=ADVANCED_FACE('',(#4955),#196,.T.);
#5346=ADVANCED_FACE('',(#4956),#197,.T.);
#5347=ADVANCED_FACE('',(#4957,#4958,#4959),#5078,.T.);
#5348=ADVANCED_FACE('',(#4960),#5079,.F.);
#5349=ADVANCED_FACE('',(#4961),#198,.T.);
#5350=ADVANCED_FACE('',(#4962),#199,.T.);
#5351=ADVANCED_FACE('',(#4963),#200,.T.);
#5352=ADVANCED_FACE('',(#4964),#20,.F.);
#5353=ADVANCED_FACE('',(#4965),#201,.T.);
#5354=ADVANCED_FACE('',(#4966),#5080,.T.);
#5355=ADVANCED_FACE('',(#4967),#202,.T.);
#5356=ADVANCED_FACE('',(#4968),#21,.T.);
#5357=ADVANCED_FACE('',(#4969),#203,.T.);
#5358=ADVANCED_FACE('',(#4970),#204,.T.);
#5359=ADVANCED_FACE('',(#4971),#205,.T.);
#5360=ADVANCED_FACE('',(#4972),#206,.T.);
#5361=ADVANCED_FACE('',(#4973),#5081,.T.);
#5362=ADVANCED_FACE('',(#4974),#5082,.T.);
#5363=ADVANCED_FACE('',(#4975),#5083,.T.);
#5364=ADVANCED_FACE('',(#4976),#207,.T.);
#5365=ADVANCED_FACE('',(#4977),#208,.T.);
#5366=ADVANCED_FACE('',(#4978),#209,.T.);
#5367=ADVANCED_FACE('',(#4979),#22,.T.);
#5368=ADVANCED_FACE('',(#4980),#5084,.T.);
#5369=ADVANCED_FACE('',(#4981),#23,.F.);
#5370=ADVANCED_FACE('',(#4982),#210,.T.);
#5371=ADVANCED_FACE('',(#4983),#211,.T.);
#5372=ADVANCED_FACE('',(#4984),#212,.T.);
#5373=ADVANCED_FACE('',(#4985),#213,.T.);
#5374=ADVANCED_FACE('',(#4986),#214,.T.);
#5375=ADVANCED_FACE('',(#4987),#5085,.T.);
#5376=ADVANCED_FACE('',(#4988),#215,.T.);
#5377=ADVANCED_FACE('',(#4989),#5086,.T.);
#5378=ADVANCED_FACE('',(#4990),#5087,.F.);
#5379=ADVANCED_FACE('',(#4991),#5088,.F.);
#5380=ADVANCED_FACE('',(#4992),#5089,.F.);
#5381=ADVANCED_FACE('',(#4993),#5090,.F.);
#5382=ADVANCED_FACE('',(#4994),#5091,.F.);
#5383=ADVANCED_FACE('',(#4995),#5092,.F.);
#5384=ADVANCED_FACE('',(#4996),#5093,.F.);
#5385=ADVANCED_FACE('',(#4997),#5094,.F.);
#5386=ADVANCED_FACE('',(#4998,#4999),#24,.F.);
#5387=ADVANCED_FACE('',(#5000,#5001),#25,.T.);
#5388=ADVANCED_FACE('',(#5002,#5003),#26,.F.);
#5389=ADVANCED_FACE('',(#5004,#5005),#5095,.F.);
#5390=CLOSED_SHELL('',(#5096,#5097,#5098,#5099,#5100,#5101,#5102,#5103,
#5104,#5105,#5106,#5107,#5108,#5109,#5110,#5111,#5112,#5113,#5114,#5115,
#5116,#5117,#5118,#5119,#5120,#5121,#5122,#5123,#5124,#5125,#5126,#5127,
#5128,#5129,#5130,#5131,#5132,#5133,#5134,#5135,#5136,#5137,#5138,#5139,
#5140,#5141,#5142,#5143,#5144,#5145,#5146,#5147,#5148,#5149,#5150,#5151,
#5152,#5153,#5154,#5155,#5156,#5157,#5158,#5159,#5160,#5161,#5162,#5163,
#5164,#5165,#5166,#5167,#5168,#5169,#5170,#5171,#5172,#5173,#5174,#5175,
#5176,#5177,#5178,#5179,#5180,#5181,#5182,#5183,#5184,#5185,#5186,#5187,
#5188,#5189,#5190,#5191,#5192,#5193,#5194,#5195,#5196,#5197,#5198,#5199,
#5200,#5201,#5202,#5203,#5204,#5205,#5206,#5207,#5208,#5209,#5210,#5211,
#5212,#5213,#5214,#5215,#5216,#5217,#5218,#5219,#5220,#5221,#5222,#5223,
#5224,#5225,#5226,#5227,#5228,#5229,#5230,#5231,#5232,#5233,#5234,#5235,
#5236,#5237,#5238,#5239,#5240,#5241,#5242,#5243,#5244,#5245,#5246,#5247,
#5248,#5249,#5250,#5251,#5252,#5253,#5254,#5255,#5256,#5257,#5258,#5259,
#5260,#5261,#5262,#5263,#5264,#5265,#5266,#5267,#5268,#5269,#5270,#5271,
#5272,#5273,#5274,#5275,#5276,#5277,#5278,#5279,#5280,#5281,#5282,#5283,
#5284,#5285,#5286,#5287,#5288,#5289,#5290,#5291,#5292,#5293,#5294,#5295,
#5296,#5297,#5298,#5299,#5300,#5301,#5302,#5303,#5304,#5305,#5306,#5307,
#5308,#5309,#5310,#5311,#5312,#5313,#5314,#5315,#5316,#5317,#5318,#5319,
#5320,#5321,#5322,#5323,#5324,#5325,#5326,#5327,#5328,#5329,#5330,#5331,
#5332,#5333,#5334,#5335,#5336,#5337,#5338,#5339,#5340,#5341,#5342,#5343,
#5344,#5345,#5346,#5347,#5348,#5349,#5350,#5351,#5352,#5353,#5354,#5355,
#5356,#5357,#5358,#5359,#5360,#5361,#5362,#5363,#5364,#5365,#5366,#5367,
#5368,#5369,#5370,#5371,#5372,#5373,#5374,#5375,#5376,#5377,#5378,#5379,
#5380,#5381,#5382,#5383,#5384,#5385,#5386,#5387,#5388,#5389));
#5391=STYLED_ITEM('',(#5392),#5399);
#5392=PRESENTATION_STYLE_ASSIGNMENT((#5393));
#5393=SURFACE_STYLE_USAGE(.BOTH.,#5394);
#5394=SURFACE_SIDE_STYLE('',(#5395));
#5395=SURFACE_STYLE_FILL_AREA(#5396);
#5396=FILL_AREA_STYLE('',(#5397));
#5397=FILL_AREA_STYLE_COLOUR('',#5398);
#5398=COLOUR_RGB('',0.615686274509804,0.811764705882353,0.929411764705882);
#5399=MANIFOLD_SOLID_BREP('Part 1',#5390);
#5400=SHAPE_DEFINITION_REPRESENTATION(#9922,#5401);
#5401=SHAPE_REPRESENTATION('Part 1',(#5402),#9917);
#5402=AXIS2_PLACEMENT_3D('',#6204,#5538,#5539);
#5403=AXIS2_PLACEMENT_3D('',#6205,#5540,#5541);
#5404=AXIS2_PLACEMENT_3D('',#6291,#5544,#5545);
#5405=AXIS2_PLACEMENT_3D('',#6439,#5555,#5556);
#5406=AXIS2_PLACEMENT_3D('',#6441,#5557,#5558);
#5407=AXIS2_PLACEMENT_3D('',#6543,#5571,#5572);
#5408=AXIS2_PLACEMENT_3D('',#6641,#5579,#5580);
#5409=AXIS2_PLACEMENT_3D('',#6727,#5593,#5594);
#5410=AXIS2_PLACEMENT_3D('',#6731,#5596,#5597);
#5411=AXIS2_PLACEMENT_3D('',#6767,#5601,#5602);
#5412=AXIS2_PLACEMENT_3D('',#6779,#5604,#5605);
#5413=AXIS2_PLACEMENT_3D('',#6788,#5606,#5607);
#5414=AXIS2_PLACEMENT_3D('',#6803,#5615,#5616);
#5415=AXIS2_PLACEMENT_3D('',#6809,#5620,#5621);
#5416=AXIS2_PLACEMENT_3D('',#6818,#5626,#5627);
#5417=AXIS2_PLACEMENT_3D('',#6832,#5635,#5636);
#5418=AXIS2_PLACEMENT_3D('',#6833,#5637,#5638);
#5419=AXIS2_PLACEMENT_3D('',#6842,#5644,#5645);
#5420=AXIS2_PLACEMENT_3D('',#6846,#5648,#5649);
#5421=AXIS2_PLACEMENT_3D('',#6847,#5650,#5651);
#5422=AXIS2_PLACEMENT_3D('',#6857,#5657,#5658);
#5423=AXIS2_PLACEMENT_3D('',#6861,#5661,#5662);
#5424=AXIS2_PLACEMENT_3D('',#6865,#5665,#5666);
#5425=AXIS2_PLACEMENT_3D('',#6866,#5667,#5668);
#5426=AXIS2_PLACEMENT_3D('',#6874,#5673,#5674);
#5427=AXIS2_PLACEMENT_3D('',#6876,#5676,#5677);
#5428=AXIS2_PLACEMENT_3D('',#6882,#5681,#5682);
#5429=AXIS2_PLACEMENT_3D('',#6884,#5684,#5685);
#5430=AXIS2_PLACEMENT_3D('',#6886,#5687,#5688);
#5431=AXIS2_PLACEMENT_3D('',#6887,#5689,#5690);
#5432=AXIS2_PLACEMENT_3D('',#6891,#5693,#5694);
#5433=AXIS2_PLACEMENT_3D('',#6893,#5696,#5697);
#5434=AXIS2_PLACEMENT_3D('',#6895,#5699,#5700);
#5435=AXIS2_PLACEMENT_3D('',#6896,#5701,#5702);
#5436=AXIS2_PLACEMENT_3D('',#6898,#5703,#5704);
#5437=AXIS2_PLACEMENT_3D('',#6904,#5708,#5709);
#5438=AXIS2_PLACEMENT_3D('',#6908,#5712,#5713);
#5439=AXIS2_PLACEMENT_3D('',#6912,#5716,#5717);
#5440=AXIS2_PLACEMENT_3D('',#6916,#5720,#5721);
#5441=AXIS2_PLACEMENT_3D('',#6933,#5725,#5726);
#5442=AXIS2_PLACEMENT_3D('',#6936,#5728,#5729);
#5443=AXIS2_PLACEMENT_3D('',#6937,#5730,#5731);
#5444=AXIS2_PLACEMENT_3D('',#6940,#5733,#5734);
#5445=AXIS2_PLACEMENT_3D('',#6941,#5735,#5736);
#5446=AXIS2_PLACEMENT_3D('',#6943,#5738,#5739);
#5447=AXIS2_PLACEMENT_3D('',#6998,#5744,#5745);
#5448=AXIS2_PLACEMENT_3D('',#6999,#5746,#5747);
#5449=AXIS2_PLACEMENT_3D('',#7003,#5749,#5750);
#5450=AXIS2_PLACEMENT_3D('',#7195,#5765,#5766);
#5451=AXIS2_PLACEMENT_3D('',#7238,#5772,#5773);
#5452=AXIS2_PLACEMENT_3D('',#7280,#5777,#5778);
#5453=AXIS2_PLACEMENT_3D('',#7521,#5795,#5796);
#5454=AXIS2_PLACEMENT_3D('',#7797,#5817,#5818);
#5455=AXIS2_PLACEMENT_3D('',#7800,#5820,#5821);
#5456=AXIS2_PLACEMENT_3D('',#7801,#5822,#5823);
#5457=AXIS2_PLACEMENT_3D('',#7844,#5829,#5830);
#5458=AXIS2_PLACEMENT_3D('',#7873,#5833,#5834);
#5459=AXIS2_PLACEMENT_3D('',#7978,#5843,#5844);
#5460=AXIS2_PLACEMENT_3D('',#7979,#5845,#5846);
#5461=AXIS2_PLACEMENT_3D('',#7985,#5850,#5851);
#5462=AXIS2_PLACEMENT_3D('',#7989,#5854,#5855);
#5463=AXIS2_PLACEMENT_3D('',#7993,#5858,#5859);
#5464=AXIS2_PLACEMENT_3D('',#7995,#5861,#5862);
#5465=AXIS2_PLACEMENT_3D('',#7996,#5863,#5864);
#5466=AXIS2_PLACEMENT_3D('',#8002,#5868,#5869);
#5467=AXIS2_PLACEMENT_3D('',#8006,#5872,#5873);
#5468=AXIS2_PLACEMENT_3D('',#8010,#5876,#5877);
#5469=AXIS2_PLACEMENT_3D('',#8014,#5880,#5881);
#5470=AXIS2_PLACEMENT_3D('',#8018,#5884,#5885);
#5471=AXIS2_PLACEMENT_3D('',#8022,#5888,#5889);
#5472=AXIS2_PLACEMENT_3D('',#8024,#5891,#5892);
#5473=AXIS2_PLACEMENT_3D('',#8129,#5901,#5902);
#5474=AXIS2_PLACEMENT_3D('',#8370,#5919,#5920);
#5475=AXIS2_PLACEMENT_3D('',#8646,#5941,#5942);
#5476=AXIS2_PLACEMENT_3D('',#8649,#5944,#5945);
#5477=AXIS2_PLACEMENT_3D('',#8650,#5946,#5947);
#5478=AXIS2_PLACEMENT_3D('',#8693,#5953,#5954);
#5479=AXIS2_PLACEMENT_3D('',#8722,#5957,#5958);
#5480=AXIS2_PLACEMENT_3D('',#8998,#5979,#5980);
#5481=AXIS2_PLACEMENT_3D('',#9001,#5982,#5983);
#5482=AXIS2_PLACEMENT_3D('',#9002,#5984,#5985);
#5483=AXIS2_PLACEMENT_3D('',#9045,#5991,#5992);
#5484=AXIS2_PLACEMENT_3D('',#9074,#5995,#5996);
#5485=AXIS2_PLACEMENT_3D('',#9075,#5997,#5998);
#5486=AXIS2_PLACEMENT_3D('',#9084,#6003,#6004);
#5487=AXIS2_PLACEMENT_3D('',#9090,#6008,#6009);
#5488=AXIS2_PLACEMENT_3D('',#9113,#6014,#6015);
#5489=AXIS2_PLACEMENT_3D('',#9119,#6019,#6020);
#5490=AXIS2_PLACEMENT_3D('',#9125,#6024,#6025);
#5491=AXIS2_PLACEMENT_3D('',#9129,#6028,#6029);
#5492=AXIS2_PLACEMENT_3D('',#9133,#6032,#6033);
#5493=AXIS2_PLACEMENT_3D('',#9137,#6036,#6037);
#5494=AXIS2_PLACEMENT_3D('',#9141,#6040,#6041);
#5495=AXIS2_PLACEMENT_3D('',#9145,#6044,#6045);
#5496=AXIS2_PLACEMENT_3D('',#9149,#6048,#6049);
#5497=AXIS2_PLACEMENT_3D('',#9153,#6052,#6053);
#5498=AXIS2_PLACEMENT_3D('',#9157,#6056,#6057);
#5499=AXIS2_PLACEMENT_3D('',#9161,#6060,#6061);
#5500=AXIS2_PLACEMENT_3D('',#9163,#6063,#6064);
#5501=AXIS2_PLACEMENT_3D('',#9164,#6065,#6066);
#5502=AXIS2_PLACEMENT_3D('',#9165,#6067,#6068);
#5503=AXIS2_PLACEMENT_3D('',#9166,#6069,#6070);
#5504=AXIS2_PLACEMENT_3D('',#9221,#6075,#6076);
#5505=AXIS2_PLACEMENT_3D('',#9222,#6077,#6078);
#5506=AXIS2_PLACEMENT_3D('',#9226,#6080,#6081);
#5507=AXIS2_PLACEMENT_3D('',#9623,#6108,#6109);
#5508=AXIS2_PLACEMENT_3D('',#9624,#6110,#6111);
#5509=AXIS2_PLACEMENT_3D('',#9666,#6116,#6117);
#5510=AXIS2_PLACEMENT_3D('',#9669,#6119,#6120);
#5511=AXIS2_PLACEMENT_3D('',#9683,#6122,#6123);
#5512=AXIS2_PLACEMENT_3D('',#9700,#6127,#6128);
#5513=AXIS2_PLACEMENT_3D('',#9703,#6130,#6131);
#5514=AXIS2_PLACEMENT_3D('',#9756,#6136,#6137);
#5515=AXIS2_PLACEMENT_3D('',#9760,#6140,#6141);
#5516=AXIS2_PLACEMENT_3D('',#9764,#6144,#6145);
#5517=AXIS2_PLACEMENT_3D('',#9807,#6151,#6152);
#5518=AXIS2_PLACEMENT_3D('',#9810,#6154,#6155);
#5519=AXIS2_PLACEMENT_3D('',#9811,#6156,#6157);
#5520=AXIS2_PLACEMENT_3D('',#9815,#6160,#6161);
#5521=AXIS2_PLACEMENT_3D('',#9818,#6163,#6164);
#5522=AXIS2_PLACEMENT_3D('',#9884,#6170,#6171);
#5523=AXIS2_PLACEMENT_3D('',#9899,#6174,#6175);
#5524=AXIS2_PLACEMENT_3D('',#9900,#6176,#6177);
#5525=AXIS2_PLACEMENT_3D('',#9901,#6178,#6179);
#5526=AXIS2_PLACEMENT_3D('',#9902,#6180,#6181);
#5527=AXIS2_PLACEMENT_3D('',#9903,#6182,#6183);
#5528=AXIS2_PLACEMENT_3D('',#9904,#6184,#6185);
#5529=AXIS2_PLACEMENT_3D('',#9905,#6186,#6187);
#5530=AXIS2_PLACEMENT_3D('',#9906,#6188,#6189);
#5531=AXIS2_PLACEMENT_3D('',#9907,#6190,#6191);
#5532=AXIS2_PLACEMENT_3D('',#9908,#6192,#6193);
#5533=AXIS2_PLACEMENT_3D('',#9909,#6194,#6195);
#5534=AXIS2_PLACEMENT_3D('',#9910,#6196,#6197);
#5535=AXIS2_PLACEMENT_3D('',#9912,#6198,#6199);
#5536=AXIS2_PLACEMENT_3D('',#9913,#6200,#6201);
#5537=AXIS2_PLACEMENT_3D('',#9915,#6202,#6203);
#5538=DIRECTION('',(0.,0.,1.));
#5539=DIRECTION('',(1.,0.,0.));
#5540=DIRECTION('',(0.,0.,-1.));
#5541=DIRECTION('',(-1.,0.,0.));
#5542=DIRECTION('',(0.,1.,0.));
#5543=DIRECTION('',(-1.,0.,0.));
#5544=DIRECTION('',(0.,0.,1.));
#5545=DIRECTION('',(1.,0.,0.));
#5546=DIRECTION('',(0.419944258074442,0.907549899515342,0.));
#5547=DIRECTION('',(-1.,0.,0.));
#5548=DIRECTION('',(0.,1.,0.));
#5549=DIRECTION('',(1.,0.,0.));
#5550=DIRECTION('',(0.,-1.,0.));
#5551=DIRECTION('',(-0.410209446041748,-0.911991343367974,0.));
#5552=DIRECTION('',(-1.,0.,0.));
#5553=DIRECTION('',(-1.,0.,0.));
#5554=DIRECTION('',(0.,1.,0.));
#5555=DIRECTION('',(0.,0.,1.));
#5556=DIRECTION('',(1.,0.,0.));
#5557=DIRECTION('',(0.,0.,1.));
#5558=DIRECTION('',(1.,0.,0.));
#5559=DIRECTION('',(-0.611320958518846,0.791382768118943,0.));
#5560=DIRECTION('',(0.791040318797427,0.611764018259381,0.));
#5561=DIRECTION('',(1.,0.,0.));
#5562=DIRECTION('',(0.,-1.,0.));
#5563=DIRECTION('',(-1.,0.,0.));
#5564=DIRECTION('',(0.,1.,0.));
#5565=DIRECTION('',(-1.,0.,0.));
#5566=DIRECTION('',(0.,1.,0.));
#5567=DIRECTION('',(0.,-1.,0.));
#5568=DIRECTION('',(1.,0.,0.));
#5569=DIRECTION('',(0.,1.,0.));
#5570=DIRECTION('',(-1.,0.,0.));
#5571=DIRECTION('',(0.,0.,1.));
#5572=DIRECTION('',(1.,0.,0.));
#5573=DIRECTION('',(0.,1.,0.));
#5574=DIRECTION('',(1.,0.,0.));
#5575=DIRECTION('',(0.,-1.,0.));
#5576=DIRECTION('',(-1.,0.,0.));
#5577=DIRECTION('',(0.,1.,0.));
#5578=DIRECTION('',(-1.,0.,0.));
#5579=DIRECTION('',(0.,0.,1.));
#5580=DIRECTION('',(1.,0.,0.));
#5581=DIRECTION('',(-1.,0.,0.));
#5582=DIRECTION('',(0.,-1.,0.));
#5583=DIRECTION('',(-1.,0.,0.));
#5584=DIRECTION('',(0.,1.,0.));
#5585=DIRECTION('',(-1.,0.,0.));
#5586=DIRECTION('',(0.,1.,0.));
#5587=DIRECTION('',(0.574403957821507,0.818571984152273,0.));
#5588=DIRECTION('',(1.,0.,0.));
#5589=DIRECTION('',(0.,-1.,0.));
#5590=DIRECTION('',(1.,0.,0.));
#5591=DIRECTION('',(0.,-1.,0.));
#5592=DIRECTION('',(0.,-1.,0.));
#5593=DIRECTION('',(0.,0.,1.));
#5594=DIRECTION('',(1.,0.,0.));
#5595=DIRECTION('',(0.,1.,0.));
#5596=DIRECTION('',(0.,0.,1.));
#5597=DIRECTION('',(1.,0.,0.));
#5598=DIRECTION('',(-1.,0.,0.));
#5599=DIRECTION('',(0.,1.,0.));
#5600=DIRECTION('',(1.,0.,0.));
#5601=DIRECTION('',(0.,0.,1.));
#5602=DIRECTION('',(1.,0.,0.));
#5603=DIRECTION('',(-0.599267818720101,0.800548612794034,0.));
#5604=DIRECTION('',(0.,0.,1.));
#5605=DIRECTION('',(1.,0.,0.));
#5606=DIRECTION('',(0.,0.,1.));
#5607=DIRECTION('',(1.,0.,0.));
#5608=DIRECTION('',(1.,0.,0.));
#5609=DIRECTION('',(0.,-1.,0.));
#5610=DIRECTION('',(1.,0.,0.));
#5611=DIRECTION('',(0.,-1.,0.));
#5612=DIRECTION('',(0.,-1.,0.));
#5613=DIRECTION('',(1.,0.,0.));
#5614=DIRECTION('',(0.,-1.,0.));
#5615=DIRECTION('',(0.,1.,0.));
#5616=DIRECTION('',(0.,0.,1.));
#5617=DIRECTION('',(0.,0.,1.));
#5618=DIRECTION('',(1.,0.,0.));
#5619=DIRECTION('',(0.,0.,-1.));
#5620=DIRECTION('',(0.,1.,0.));
#5621=DIRECTION('',(0.,0.,1.));
#5622=DIRECTION('',(0.,0.,-1.));
#5623=DIRECTION('',(1.,0.,0.));
#5624=DIRECTION('',(0.,0.,-1.));
#5625=DIRECTION('',(1.,0.,0.));
#5626=DIRECTION('',(0.,0.,1.));
#5627=DIRECTION('',(1.,0.,0.));
#5628=DIRECTION('',(0.,1.,0.));
#5629=DIRECTION('',(1.,0.,0.));
#5630=DIRECTION('',(0.,-1.,0.));
#5631=DIRECTION('',(1.,0.,0.));
#5632=DIRECTION('',(0.,-1.,0.));
#5633=DIRECTION('',(1.,0.,0.));
#5634=DIRECTION('',(0.,-1.,0.));
#5635=DIRECTION('',(0.,1.,0.));
#5636=DIRECTION('',(0.,0.,1.));
#5637=DIRECTION('',(0.,1.,0.));
#5638=DIRECTION('',(0.,0.,1.));
#5639=DIRECTION('',(0.,0.,1.));
#5640=DIRECTION('',(0.,0.,1.));
#5641=DIRECTION('',(0.,0.,-1.));
#5642=DIRECTION('',(1.,0.,0.));
#5643=DIRECTION('',(0.,0.,-1.));
#5644=DIRECTION('',(1.,0.,0.));
#5645=DIRECTION('',(0.,0.,-1.));
#5646=DIRECTION('',(0.,-1.,0.));
#5647=DIRECTION('',(0.,0.,-1.));
#5648=DIRECTION('',(0.,1.,0.));
#5649=DIRECTION('',(0.,0.,1.));
#5650=DIRECTION('',(0.,-1.,0.));
#5651=DIRECTION('',(0.,0.,-1.));
#5652=DIRECTION('',(1.,0.,0.));
#5653=DIRECTION('',(0.,0.,-1.));
#5654=DIRECTION('',(0.,0.,-1.));
#5655=DIRECTION('',(1.,0.,0.));
#5656=DIRECTION('',(0.,0.,-1.));
#5657=DIRECTION('',(1.,0.,0.));
#5658=DIRECTION('',(0.,0.,-1.));
#5659=DIRECTION('',(0.,-1.,0.));
#5660=DIRECTION('',(0.,0.,-1.));
#5661=DIRECTION('',(1.,0.,0.));
#5662=DIRECTION('',(0.,0.,-1.));
#5663=DIRECTION('',(0.,-1.,0.));
#5664=DIRECTION('',(0.,0.,-1.));
#5665=DIRECTION('',(0.,1.,0.));
#5666=DIRECTION('',(0.,0.,1.));
#5667=DIRECTION('',(0.,1.,0.));
#5668=DIRECTION('',(0.,0.,1.));
#5669=DIRECTION('',(1.,0.,0.));
#5670=DIRECTION('',(0.,0.,-1.));
#5671=DIRECTION('',(1.,0.,0.));
#5672=DIRECTION('',(0.,0.,-1.));
#5673=DIRECTION('',(1.,0.,0.));
#5674=DIRECTION('',(0.,0.,-1.));
#5675=DIRECTION('',(0.,-1.,0.));
#5676=DIRECTION('',(0.,0.,1.));
#5677=DIRECTION('',(1.,0.,0.));
#5678=DIRECTION('',(0.,1.,0.));
#5679=DIRECTION('',(1.,0.,0.));
#5680=DIRECTION('',(0.,1.,0.));
#5681=DIRECTION('',(1.,0.,0.));
#5682=DIRECTION('',(0.,0.,-1.));
#5683=DIRECTION('',(0.,-1.,0.));
#5684=DIRECTION('',(1.,0.,0.));
#5685=DIRECTION('',(0.,0.,-1.));
#5686=DIRECTION('',(0.,-1.,0.));
#5687=DIRECTION('',(0.,0.,1.));
#5688=DIRECTION('',(1.,0.,0.));
#5689=DIRECTION('',(1.,0.,0.));
#5690=DIRECTION('',(0.,0.,-1.));
#5691=DIRECTION('',(0.,1.,0.));
#5692=DIRECTION('',(0.,0.,-1.));
#5693=DIRECTION('',(-1.,0.,0.));
#5694=DIRECTION('',(0.,0.,1.));
#5695=DIRECTION('',(0.,0.,1.));
#5696=DIRECTION('',(-1.,0.,0.));
#5697=DIRECTION('',(0.,0.,1.));
#5698=DIRECTION('',(0.,0.,1.));
#5699=DIRECTION('',(0.,1.,0.));
#5700=DIRECTION('',(-1.,0.,0.));
#5701=DIRECTION('',(0.,1.,0.));
#5702=DIRECTION('',(0.,0.,1.));
#5703=DIRECTION('',(0.,1.,0.));
#5704=DIRECTION('',(0.,0.,1.));
#5705=DIRECTION('',(0.,0.,1.));
#5706=DIRECTION('',(-1.,0.,0.));
#5707=DIRECTION('',(0.,0.,1.));
#5708=DIRECTION('',(-1.,0.,0.));
#5709=DIRECTION('',(0.,0.,1.));
#5710=DIRECTION('',(0.,0.,1.));
#5711=DIRECTION('',(0.,-1.,0.));
#5712=DIRECTION('',(0.,-1.,0.));
#5713=DIRECTION('',(0.,0.,-1.));
#5714=DIRECTION('',(0.,0.,1.));
#5715=DIRECTION('',(1.,0.,0.));
#5716=DIRECTION('',(0.611764018259381,-0.791040318797427,0.));
#5717=DIRECTION('',(0.791040318797427,0.611764018259381,0.));
#5718=DIRECTION('',(0.,0.,1.));
#5719=DIRECTION('',(0.791040318797427,0.611764018259381,0.));
#5720=DIRECTION('',(0.791382768118943,0.611320958518846,0.));
#5721=DIRECTION('',(-0.611320958518846,0.791382768118943,0.));
#5722=DIRECTION('',(0.,0.,1.));
#5723=DIRECTION('',(-0.611320958518846,0.791382768118943,0.));
#5724=DIRECTION('',(0.,0.,1.));
#5725=DIRECTION('',(0.,0.,1.));
#5726=DIRECTION('',(0.68503987720325,-0.728505570768924,0.));
#5727=DIRECTION('',(0.,0.,1.));
#5728=DIRECTION('',(0.,0.,1.));
#5729=DIRECTION('',(1.,0.,0.));
#5730=DIRECTION('',(0.,0.,1.));
#5731=DIRECTION('',(-0.999450599758843,0.0331436063470648,0.));
#5732=DIRECTION('',(0.,0.,1.));
#5733=DIRECTION('',(0.,0.,1.));
#5734=DIRECTION('',(1.,0.,0.));
#5735=DIRECTION('',(1.,0.,0.));
#5736=DIRECTION('',(0.,0.,-1.));
#5737=DIRECTION('',(0.,1.,0.));
#5738=DIRECTION('',(0.,0.,1.));
#5739=DIRECTION('',(1.,0.,0.));
#5740=DIRECTION('',(0.,0.,1.));
#5741=DIRECTION('',(0.,0.,1.));
#5742=DIRECTION('',(0.,0.,1.));
#5743=DIRECTION('',(0.,0.,1.));
#5744=DIRECTION('',(0.,0.,1.));
#5745=DIRECTION('',(-0.97856860714458,-0.205921055531281,0.));
#5746=DIRECTION('',(0.,0.,1.));
#5747=DIRECTION('',(1.,0.,0.));
#5748=DIRECTION('',(0.,0.,1.));
#5749=DIRECTION('',(0.,0.,1.));
#5750=DIRECTION('',(1.,0.,0.));
#5751=DIRECTION('',(0.,0.,1.));
#5752=DIRECTION('',(0.,0.,1.));
#5753=DIRECTION('',(0.,0.,1.));
#5754=DIRECTION('',(0.,0.,1.));
#5755=DIRECTION('',(0.,0.,1.));
#5756=DIRECTION('',(0.,0.,1.));
#5757=DIRECTION('',(0.,0.,1.));
#5758=DIRECTION('',(0.,0.,1.));
#5759=DIRECTION('',(0.,0.,1.));
#5760=DIRECTION('',(0.,0.,1.));
#5761=DIRECTION('',(0.,0.,1.));
#5762=DIRECTION('',(0.,0.,1.));
#5763=DIRECTION('',(0.,0.,1.));
#5764=DIRECTION('',(0.,0.,1.));
#5765=DIRECTION('',(0.,-1.,0.));
#5766=DIRECTION('',(0.,0.,-1.));
#5767=DIRECTION('',(0.,0.,1.));
#5768=DIRECTION('',(1.,0.,0.));
#5769=DIRECTION('',(0.,0.,1.));
#5770=DIRECTION('',(0.,0.,1.));
#5771=DIRECTION('',(0.,0.,1.));
#5772=DIRECTION('',(-1.,0.,0.));
#5773=DIRECTION('',(0.,0.,1.));
#5774=DIRECTION('',(0.,0.,1.));
#5775=DIRECTION('',(0.,-1.,0.));
#5776=DIRECTION('',(0.,0.,1.));
#5777=DIRECTION('',(0.,0.,1.));
#5778=DIRECTION('',(1.,0.,0.));
#5779=DIRECTION('',(0.,0.,1.));
#5780=DIRECTION('',(0.,0.,1.));
#5781=DIRECTION('',(0.,0.,1.));
#5782=DIRECTION('',(0.,0.,1.));
#5783=DIRECTION('',(0.,0.,1.));
#5784=DIRECTION('',(0.,0.,1.));
#5785=DIRECTION('',(0.,0.,1.));
#5786=DIRECTION('',(0.,0.,1.));
#5787=DIRECTION('',(0.,0.,1.));
#5788=DIRECTION('',(0.,0.,1.));
#5789=DIRECTION('',(0.,0.,1.));
#5790=DIRECTION('',(0.,0.,1.));
#5791=DIRECTION('',(0.,0.,1.));
#5792=DIRECTION('',(0.,0.,1.));
#5793=DIRECTION('',(0.,0.,1.));
#5794=DIRECTION('',(0.,0.,1.));
#5795=DIRECTION('',(0.,0.,1.));
#5796=DIRECTION('',(1.,0.,0.));
#5797=DIRECTION('',(0.,0.,1.));
#5798=DIRECTION('',(0.,0.,1.));
#5799=DIRECTION('',(0.,0.,1.));
#5800=DIRECTION('',(0.,0.,1.));
#5801=DIRECTION('',(0.,0.,1.));
#5802=DIRECTION('',(0.,0.,1.));
#5803=DIRECTION('',(0.,0.,1.));
#5804=DIRECTION('',(0.,0.,1.));
#5805=DIRECTION('',(0.,0.,1.));
#5806=DIRECTION('',(0.,0.,1.));
#5807=DIRECTION('',(0.,0.,1.));
#5808=DIRECTION('',(0.,0.,1.));
#5809=DIRECTION('',(0.,0.,1.));
#5810=DIRECTION('',(0.,0.,1.));
#5811=DIRECTION('',(0.,0.,1.));
#5812=DIRECTION('',(0.,0.,1.));
#5813=DIRECTION('',(0.,0.,1.));
#5814=DIRECTION('',(0.,0.,1.));
#5815=DIRECTION('',(0.,0.,1.));
#5816=DIRECTION('',(0.,0.,1.));
#5817=DIRECTION('',(0.,0.,1.));
#5818=DIRECTION('',(0.654846331913583,-0.755762053545509,0.));
#5819=DIRECTION('',(0.,0.,1.));
#5820=DIRECTION('',(0.,0.,1.));
#5821=DIRECTION('',(1.,0.,0.));
#5822=DIRECTION('',(0.,1.,0.));
#5823=DIRECTION('',(0.,0.,1.));
#5824=DIRECTION('',(0.,0.,1.));
#5825=DIRECTION('',(-1.,0.,0.));
#5826=DIRECTION('',(0.,0.,1.));
#5827=DIRECTION('',(0.,0.,1.));
#5828=DIRECTION('',(0.,0.,1.));
#5829=DIRECTION('',(1.,0.,0.));
#5830=DIRECTION('',(0.,0.,-1.));
#5831=DIRECTION('',(0.,0.,1.));
#5832=DIRECTION('',(0.,1.,0.));
#5833=DIRECTION('',(0.,0.,1.));
#5834=DIRECTION('',(1.,0.,0.));
#5835=DIRECTION('',(0.,0.,1.));
#5836=DIRECTION('',(0.,0.,1.));
#5837=DIRECTION('',(0.,0.,1.));
#5838=DIRECTION('',(0.,0.,1.));
#5839=DIRECTION('',(0.,0.,1.));
#5840=DIRECTION('',(0.,0.,1.));
#5841=DIRECTION('',(0.,0.,1.));
#5842=DIRECTION('',(0.,0.,1.));
#5843=DIRECTION('',(0.,0.,1.));
#5844=DIRECTION('',(1.,0.,0.));
#5845=DIRECTION('',(1.,0.,0.));
#5846=DIRECTION('',(0.,0.,-1.));
#5847=DIRECTION('',(0.,0.,1.));
#5848=DIRECTION('',(0.,1.,0.));
#5849=DIRECTION('',(0.,0.,1.));
#5850=DIRECTION('',(0.,1.,0.));
#5851=DIRECTION('',(0.,0.,1.));
#5852=DIRECTION('',(0.,0.,1.));
#5853=DIRECTION('',(-1.,0.,0.));
#5854=DIRECTION('',(-1.,0.,0.));
#5855=DIRECTION('',(0.,0.,1.));
#5856=DIRECTION('',(0.,0.,1.));
#5857=DIRECTION('',(0.,-1.,0.));
#5858=DIRECTION('',(0.,-1.,0.));
#5859=DIRECTION('',(0.,0.,-1.));
#5860=DIRECTION('',(1.,0.,0.));
#5861=DIRECTION('',(0.,0.,1.));
#5862=DIRECTION('',(1.,0.,0.));
#5863=DIRECTION('',(0.907549899515342,-0.419944258074442,0.));
#5864=DIRECTION('',(0.419944258074442,0.907549899515342,0.));
#5865=DIRECTION('',(0.,0.,1.));
#5866=DIRECTION('',(0.419944258074442,0.907549899515342,0.));
#5867=DIRECTION('',(0.,0.,1.));
#5868=DIRECTION('',(0.,1.,0.));
#5869=DIRECTION('',(0.,0.,1.));
#5870=DIRECTION('',(0.,0.,1.));
#5871=DIRECTION('',(-1.,0.,0.));
#5872=DIRECTION('',(-0.911991343367974,0.410209446041748,0.));
#5873=DIRECTION('',(-0.410209446041748,-0.911991343367974,0.));
#5874=DIRECTION('',(0.,0.,1.));
#5875=DIRECTION('',(-0.410209446041748,-0.911991343367974,0.));
#5876=DIRECTION('',(-1.,0.,0.));
#5877=DIRECTION('',(0.,0.,1.));
#5878=DIRECTION('',(0.,0.,1.));
#5879=DIRECTION('',(0.,-1.,0.));
#5880=DIRECTION('',(0.,-1.,0.));
#5881=DIRECTION('',(0.,0.,-1.));
#5882=DIRECTION('',(0.,0.,1.));
#5883=DIRECTION('',(1.,0.,0.));
#5884=DIRECTION('',(1.,0.,0.));
#5885=DIRECTION('',(0.,0.,-1.));
#5886=DIRECTION('',(0.,0.,1.));
#5887=DIRECTION('',(0.,1.,0.));
#5888=DIRECTION('',(0.,1.,0.));
#5889=DIRECTION('',(0.,0.,1.));
#5890=DIRECTION('',(-1.,0.,0.));
#5891=DIRECTION('',(0.,0.,1.));
#5892=DIRECTION('',(1.,0.,0.));
#5893=DIRECTION('',(0.,0.,1.));
#5894=DIRECTION('',(0.,0.,1.));
#5895=DIRECTION('',(0.,0.,1.));
#5896=DIRECTION('',(0.,0.,1.));
#5897=DIRECTION('',(0.,0.,1.));
#5898=DIRECTION('',(0.,0.,1.));
#5899=DIRECTION('',(0.,0.,1.));
#5900=DIRECTION('',(0.,0.,1.));
#5901=DIRECTION('',(0.,0.,1.));
#5902=DIRECTION('',(1.,0.,0.));
#5903=DIRECTION('',(0.,0.,1.));
#5904=DIRECTION('',(0.,0.,1.));
#5905=DIRECTION('',(0.,0.,1.));
#5906=DIRECTION('',(0.,0.,1.));
#5907=DIRECTION('',(0.,0.,1.));
#5908=DIRECTION('',(0.,0.,1.));
#5909=DIRECTION('',(0.,0.,1.));
#5910=DIRECTION('',(0.,0.,1.));
#5911=DIRECTION('',(0.,0.,1.));
#5912=DIRECTION('',(0.,0.,1.));
#5913=DIRECTION('',(0.,0.,1.));
#5914=DIRECTION('',(0.,0.,1.));
#5915=DIRECTION('',(0.,0.,1.));
#5916=DIRECTION('',(0.,0.,1.));
#5917=DIRECTION('',(0.,0.,1.));
#5918=DIRECTION('',(0.,0.,1.));
#5919=DIRECTION('',(0.,0.,1.));
#5920=DIRECTION('',(1.,0.,0.));
#5921=DIRECTION('',(0.,0.,1.));
#5922=DIRECTION('',(0.,0.,1.));
#5923=DIRECTION('',(0.,0.,1.));
#5924=DIRECTION('',(0.,0.,1.));
#5925=DIRECTION('',(0.,0.,1.));
#5926=DIRECTION('',(0.,0.,1.));
#5927=DIRECTION('',(0.,0.,1.));
#5928=DIRECTION('',(0.,0.,1.));
#5929=DIRECTION('',(0.,0.,1.));
#5930=DIRECTION('',(0.,0.,1.));
#5931=DIRECTION('',(0.,0.,1.));
#5932=DIRECTION('',(0.,0.,1.));
#5933=DIRECTION('',(0.,0.,1.));
#5934=DIRECTION('',(0.,0.,1.));
#5935=DIRECTION('',(0.,0.,1.));
#5936=DIRECTION('',(0.,0.,1.));
#5937=DIRECTION('',(0.,0.,1.));
#5938=DIRECTION('',(0.,0.,1.));
#5939=DIRECTION('',(0.,0.,1.));
#5940=DIRECTION('',(0.,0.,1.));
#5941=DIRECTION('',(0.,0.,1.));
#5942=DIRECTION('',(0.654846331913573,-0.755762053545518,0.));
#5943=DIRECTION('',(0.,0.,1.));
#5944=DIRECTION('',(0.,0.,1.));
#5945=DIRECTION('',(1.,0.,0.));
#5946=DIRECTION('',(0.,1.,0.));
#5947=DIRECTION('',(0.,0.,1.));
#5948=DIRECTION('',(0.,0.,1.));
#5949=DIRECTION('',(-1.,0.,0.));
#5950=DIRECTION('',(0.,0.,1.));
#5951=DIRECTION('',(0.,0.,1.));
#5952=DIRECTION('',(0.,0.,1.));
#5953=DIRECTION('',(1.,0.,0.));
#5954=DIRECTION('',(0.,0.,-1.));
#5955=DIRECTION('',(0.,0.,1.));
#5956=DIRECTION('',(0.,1.,0.));
#5957=DIRECTION('',(0.,0.,1.));
#5958=DIRECTION('',(1.,0.,0.));
#5959=DIRECTION('',(0.,0.,1.));
#5960=DIRECTION('',(0.,0.,1.));
#5961=DIRECTION('',(0.,0.,1.));
#5962=DIRECTION('',(0.,0.,1.));
#5963=DIRECTION('',(0.,0.,1.));
#5964=DIRECTION('',(0.,0.,1.));
#5965=DIRECTION('',(0.,0.,1.));
#5966=DIRECTION('',(0.,0.,1.));
#5967=DIRECTION('',(0.,0.,1.));
#5968=DIRECTION('',(0.,0.,1.));
#5969=DIRECTION('',(0.,0.,1.));
#5970=DIRECTION('',(0.,0.,1.));
#5971=DIRECTION('',(0.,0.,1.));
#5972=DIRECTION('',(0.,0.,1.));
#5973=DIRECTION('',(0.,0.,1.));
#5974=DIRECTION('',(0.,0.,1.));
#5975=DIRECTION('',(0.,0.,1.));
#5976=DIRECTION('',(0.,0.,1.));
#5977=DIRECTION('',(0.,0.,1.));
#5978=DIRECTION('',(0.,0.,1.));
#5979=DIRECTION('',(0.,0.,1.));
#5980=DIRECTION('',(0.654846331913556,-0.755762053545533,0.));
#5981=DIRECTION('',(0.,0.,1.));
#5982=DIRECTION('',(0.,0.,1.));
#5983=DIRECTION('',(1.,0.,0.));
#5984=DIRECTION('',(0.,1.,0.));
#5985=DIRECTION('',(0.,0.,1.));
#5986=DIRECTION('',(0.,0.,1.));
#5987=DIRECTION('',(-1.,0.,0.));
#5988=DIRECTION('',(0.,0.,1.));
#5989=DIRECTION('',(0.,0.,1.));
#5990=DIRECTION('',(0.,0.,1.));
#5991=DIRECTION('',(1.,0.,0.));
#5992=DIRECTION('',(0.,0.,-1.));
#5993=DIRECTION('',(0.,0.,1.));
#5994=DIRECTION('',(0.,1.,0.));
#5995=DIRECTION('',(0.,0.,1.));
#5996=DIRECTION('',(1.,0.,0.));
#5997=DIRECTION('',(1.,0.,0.));
#5998=DIRECTION('',(0.,0.,-1.));
#5999=DIRECTION('',(0.,1.,0.));
#6000=DIRECTION('',(0.,0.,1.));
#6001=DIRECTION('',(0.,1.,0.));
#6002=DIRECTION('',(0.,0.,1.));
#6003=DIRECTION('',(0.,-1.,0.));
#6004=DIRECTION('',(0.,0.,-1.));
#6005=DIRECTION('',(1.,0.,0.));
#6006=DIRECTION('',(0.,0.,1.));
#6007=DIRECTION('',(1.,0.,0.));
#6008=DIRECTION('',(-0.818038041601606,0.575164117876463,0.));
#6009=DIRECTION('',(-0.575164117876463,-0.818038041601606,0.));
#6010=DIRECTION('',(-0.575164117876463,-0.818038041601606,0.));
#6011=DIRECTION('',(0.,0.,1.));
#6012=DIRECTION('',(-0.575164117876463,-0.818038041601606,0.));
#6013=DIRECTION('',(0.,0.,1.));
#6014=DIRECTION('',(0.,1.,0.));
#6015=DIRECTION('',(0.,0.,1.));
#6016=DIRECTION('',(-1.,0.,0.));
#6017=DIRECTION('',(0.,0.,1.));
#6018=DIRECTION('',(-1.,0.,0.));
#6019=DIRECTION('',(0.,1.,0.));
#6020=DIRECTION('',(0.,0.,1.));
#6021=DIRECTION('',(0.,0.,1.));
#6022=DIRECTION('',(-1.,0.,0.));
#6023=DIRECTION('',(0.,0.,1.));
#6024=DIRECTION('',(-1.,0.,0.));
#6025=DIRECTION('',(0.,0.,1.));
#6026=DIRECTION('',(0.,0.,1.));
#6027=DIRECTION('',(0.,-1.,0.));
#6028=DIRECTION('',(0.,-1.,0.));
#6029=DIRECTION('',(0.,0.,-1.));
#6030=DIRECTION('',(0.,0.,1.));
#6031=DIRECTION('',(1.,0.,0.));
#6032=DIRECTION('',(-1.,0.,0.));
#6033=DIRECTION('',(0.,0.,1.));
#6034=DIRECTION('',(0.,0.,1.));
#6035=DIRECTION('',(0.,-1.,0.));
#6036=DIRECTION('',(0.,-1.,0.));
#6037=DIRECTION('',(0.,0.,-1.));
#6038=DIRECTION('',(0.,0.,1.));
#6039=DIRECTION('',(1.,0.,0.));
#6040=DIRECTION('',(0.818571984152273,-0.574403957821507,0.));
#6041=DIRECTION('',(0.574403957821507,0.818571984152273,0.));
#6042=DIRECTION('',(0.,0.,1.));
#6043=DIRECTION('',(0.574403957821507,0.818571984152273,0.));
#6044=DIRECTION('',(1.,0.,0.));
#6045=DIRECTION('',(0.,0.,-1.));
#6046=DIRECTION('',(0.,0.,1.));
#6047=DIRECTION('',(0.,1.,0.));
#6048=DIRECTION('',(0.,1.,0.));
#6049=DIRECTION('',(0.,0.,1.));
#6050=DIRECTION('',(0.,0.,1.));
#6051=DIRECTION('',(-1.,0.,0.));
#6052=DIRECTION('',(1.,0.,0.));
#6053=DIRECTION('',(0.,0.,-1.));
#6054=DIRECTION('',(0.,0.,1.));
#6055=DIRECTION('',(0.,1.,0.));
#6056=DIRECTION('',(0.,1.,0.));
#6057=DIRECTION('',(0.,0.,1.));
#6058=DIRECTION('',(0.,0.,1.));
#6059=DIRECTION('',(-1.,0.,0.));
#6060=DIRECTION('',(-1.,0.,0.));
#6061=DIRECTION('',(0.,0.,1.));
#6062=DIRECTION('',(0.,-1.,0.));
#6063=DIRECTION('',(0.,0.,1.));
#6064=DIRECTION('',(-0.999530570865889,0.0306371980525228,0.));
#6065=DIRECTION('',(0.,0.,1.));
#6066=DIRECTION('',(1.,0.,0.));
#6067=DIRECTION('',(0.,0.,1.));
#6068=DIRECTION('',(1.,0.,0.));
#6069=DIRECTION('',(0.,0.,1.));
#6070=DIRECTION('',(1.,0.,0.));
#6071=DIRECTION('',(0.,0.,1.));
#6072=DIRECTION('',(0.,0.,1.));
#6073=DIRECTION('',(0.,0.,1.));
#6074=DIRECTION('',(0.,0.,1.));
#6075=DIRECTION('',(0.,0.,1.));
#6076=DIRECTION('',(0.93776846429038,-0.347261151559545,0.));
#6077=DIRECTION('',(0.,0.,1.));
#6078=DIRECTION('',(1.,0.,0.));
#6079=DIRECTION('',(0.,0.,1.));
#6080=DIRECTION('',(0.,0.,1.));
#6081=DIRECTION('',(1.,0.,0.));
#6082=DIRECTION('',(0.,0.,1.));
#6083=DIRECTION('',(0.,0.,1.));
#6084=DIRECTION('',(0.,0.,1.));
#6085=DIRECTION('',(0.,0.,1.));
#6086=DIRECTION('',(0.,0.,1.));
#6087=DIRECTION('',(0.,0.,1.));
#6088=DIRECTION('',(0.,0.,1.));
#6089=DIRECTION('',(0.,0.,1.));
#6090=DIRECTION('',(0.,0.,1.));
#6091=DIRECTION('',(0.,0.,1.));
#6092=DIRECTION('',(0.,0.,1.));
#6093=DIRECTION('',(0.,0.,1.));
#6094=DIRECTION('',(0.,0.,1.));
#6095=DIRECTION('',(0.,0.,1.));
#6096=DIRECTION('',(0.,0.,1.));
#6097=DIRECTION('',(0.,0.,1.));
#6098=DIRECTION('',(0.,0.,1.));
#6099=DIRECTION('',(0.,0.,1.));
#6100=DIRECTION('',(0.,0.,1.));
#6101=DIRECTION('',(0.,0.,1.));
#6102=DIRECTION('',(0.,0.,1.));
#6103=DIRECTION('',(0.,0.,1.));
#6104=DIRECTION('',(0.,0.,1.));
#6105=DIRECTION('',(0.,0.,1.));
#6106=DIRECTION('',(0.,0.,1.));
#6107=DIRECTION('',(0.,0.,1.));
#6108=DIRECTION('',(0.,0.,1.));
#6109=DIRECTION('',(1.,0.,0.));
#6110=DIRECTION('',(0.,0.,-1.));
#6111=DIRECTION('',(-1.,0.,0.));
#6112=DIRECTION('',(0.,0.,1.));
#6113=DIRECTION('',(0.,0.,1.));
#6114=DIRECTION('',(0.,0.,1.));
#6115=DIRECTION('',(0.,0.,1.));
#6116=DIRECTION('',(0.,0.,1.));
#6117=DIRECTION('',(-0.162615405767945,0.986689530605715,0.));
#6118=DIRECTION('',(0.,0.,1.));
#6119=DIRECTION('',(0.,0.,1.));
#6120=DIRECTION('',(1.,0.,0.));
#6121=DIRECTION('',(0.,0.,1.));
#6122=DIRECTION('',(0.800548612794034,0.599267818720101,0.));
#6123=DIRECTION('',(-0.599267818720101,0.800548612794034,0.));
#6124=DIRECTION('',(0.,0.,1.));
#6125=DIRECTION('',(-0.599267818720101,0.800548612794034,0.));
#6126=DIRECTION('',(0.,0.,1.));
#6127=DIRECTION('',(0.,0.,1.));
#6128=DIRECTION('',(-0.144566761866888,0.989495048680549,0.));
#6129=DIRECTION('',(0.,0.,1.));
#6130=DIRECTION('',(0.,0.,1.));
#6131=DIRECTION('',(1.,0.,0.));
#6132=DIRECTION('',(0.,0.,1.));
#6133=DIRECTION('',(0.,0.,1.));
#6134=DIRECTION('',(0.,0.,1.));
#6135=DIRECTION('',(0.,0.,1.));
#6136=DIRECTION('',(0.,-1.,0.));
#6137=DIRECTION('',(0.,0.,-1.));
#6138=DIRECTION('',(0.,0.,1.));
#6139=DIRECTION('',(1.,0.,0.));
#6140=DIRECTION('',(1.,0.,0.));
#6141=DIRECTION('',(0.,0.,-1.));
#6142=DIRECTION('',(0.,0.,1.));
#6143=DIRECTION('',(0.,1.,0.));
#6144=DIRECTION('',(0.,1.,0.));
#6145=DIRECTION('',(0.,0.,1.));
#6146=DIRECTION('',(0.,0.,1.));
#6147=DIRECTION('',(-1.,0.,0.));
#6148=DIRECTION('',(0.,0.,1.));
#6149=DIRECTION('',(0.,0.,1.));
#6150=DIRECTION('',(0.,0.,1.));
#6151=DIRECTION('',(0.,0.,1.));
#6152=DIRECTION('',(-0.333665398600309,-0.942691572984981,0.));
#6153=DIRECTION('',(0.,0.,1.));
#6154=DIRECTION('',(0.,0.,1.));
#6155=DIRECTION('',(1.,0.,0.));
#6156=DIRECTION('',(1.,0.,0.));
#6157=DIRECTION('',(0.,0.,-1.));
#6158=DIRECTION('',(0.,0.,1.));
#6159=DIRECTION('',(0.,1.,0.));
#6160=DIRECTION('',(0.,0.,1.));
#6161=DIRECTION('',(-0.310986091093287,-0.950414462824781,0.));
#6162=DIRECTION('',(0.,0.,1.));
#6163=DIRECTION('',(0.,0.,1.));
#6164=DIRECTION('',(1.,0.,0.));
#6165=DIRECTION('',(0.,0.,1.));
#6166=DIRECTION('',(0.,0.,1.));
#6167=DIRECTION('',(0.,0.,1.));
#6168=DIRECTION('',(0.,0.,1.));
#6169=DIRECTION('',(0.,0.,1.));
#6170=DIRECTION('',(-1.,0.,0.));
#6171=DIRECTION('',(0.,0.,1.));
#6172=DIRECTION('',(0.,0.,1.));
#6173=DIRECTION('',(0.,-1.,0.));
#6174=DIRECTION('',(0.,0.,1.));
#6175=DIRECTION('',(1.,0.,0.));
#6176=DIRECTION('',(0.,0.,-1.));
#6177=DIRECTION('',(-1.,0.,0.));
#6178=DIRECTION('',(0.,0.,-1.));
#6179=DIRECTION('',(-1.,0.,0.));
#6180=DIRECTION('',(0.,0.,-1.));
#6181=DIRECTION('',(-1.,0.,0.));
#6182=DIRECTION('',(0.,0.,-1.));
#6183=DIRECTION('',(-1.,0.,0.));
#6184=DIRECTION('',(0.,0.,-1.));
#6185=DIRECTION('',(-1.,0.,0.));
#6186=DIRECTION('',(0.,0.,-1.));
#6187=DIRECTION('',(-1.,0.,0.));
#6188=DIRECTION('',(0.,0.,-1.));
#6189=DIRECTION('',(-1.,0.,0.));
#6190=DIRECTION('',(0.,0.,-1.));
#6191=DIRECTION('',(-1.,0.,0.));
#6192=DIRECTION('',(0.,-1.,0.));
#6193=DIRECTION('',(0.,0.,-1.));
#6194=DIRECTION('',(0.,1.,0.));
#6195=DIRECTION('',(0.,0.,1.));
#6196=DIRECTION('',(0.,1.,0.));
#6197=DIRECTION('',(0.,0.,1.));
#6198=DIRECTION('',(0.,1.,0.));
#6199=DIRECTION('',(0.,0.,1.));
#6200=DIRECTION('',(0.,1.,0.));
#6201=DIRECTION('',(0.,0.,1.));
#6202=DIRECTION('',(0.,1.,0.));
#6203=DIRECTION('',(-1.,0.,0.));
#6204=CARTESIAN_POINT('',(0.,0.,0.));
#6205=CARTESIAN_POINT('',(-9.74442958823207E-8,0.0373993902569636,0.0473648980259895));
#6206=CARTESIAN_POINT('',(-0.0599806964940702,0.0513385026780371,0.0473648980259895));
#6207=CARTESIAN_POINT('',(-0.0583228190241951,0.0513385026780371,0.0473648980259895));
#6208=CARTESIAN_POINT('',(-0.0573532922798121,0.0505679212300391,0.0473648980259895));
#6209=CARTESIAN_POINT('',(-0.0599806964940702,0.0513385026780371,0.0473648980259895));
#6210=CARTESIAN_POINT('',(-0.0573532922798121,0.0505679212300391,0.0473648980259895));
#6211=CARTESIAN_POINT('',(-0.0573532922798121,0.0505679212300391,0.0473648980259895));
#6212=CARTESIAN_POINT('',(-0.0563837655354291,0.0497973397820412,0.0473648980259895));
#6213=CARTESIAN_POINT('',(-0.0563837655354291,0.0484392065587195,0.0473648980259895));
#6214=CARTESIAN_POINT('',(-0.0563837655354291,0.0484392065587195,0.0473648980259895));
#6215=CARTESIAN_POINT('',(-0.0563837655354291,0.0484392065587195,0.0473648980259895));
#6216=CARTESIAN_POINT('',(-0.0563837655354291,0.047542626423011,0.0473648980259895));
#6217=CARTESIAN_POINT('',(-0.0569381597613554,0.0468052025244106,0.0473648980259895));
#6218=CARTESIAN_POINT('',(-0.0569381597613554,0.0468052025244106,0.0473648980259895));
#6219=CARTESIAN_POINT('',(-0.0569381597613554,0.0468052025244106,0.0473648980259895));
#6220=CARTESIAN_POINT('',(-0.0574925539872816,0.0460677786258101,0.0473648980259895));
#6221=CARTESIAN_POINT('',(-0.0587127518051097,0.0454629849247997,0.0473648980259895));
#6222=CARTESIAN_POINT('',(-0.0587127518051097,0.0454629849247997,0.0473648980259895));
#6223=CARTESIAN_POINT('',(-0.0587127518051097,0.0454629849247997,0.0473648980259895));
#6224=CARTESIAN_POINT('',(-0.0572379040079088,0.0447573922736208,0.0473648980259895));
#6225=CARTESIAN_POINT('',(-0.0566158683812116,0.0439828319196951,0.0473648980259895));
#6226=CARTESIAN_POINT('',(-0.0566158683812116,0.0439828319196951,0.0473648980259895));
#6227=CARTESIAN_POINT('',(-0.0566158683812116,0.0439828319196951,0.0473648980259895));
#6228=CARTESIAN_POINT('',(-0.0559938327545145,0.0432082715657695,0.0473648980259895));
#6229=CARTESIAN_POINT('',(-0.0559938327545145,0.0421870190443264,0.0473648980259895));
#6230=CARTESIAN_POINT('',(-0.0559938327545145,0.0421870190443264,0.0473648980259895));
#6231=CARTESIAN_POINT('',(-0.0559938327545145,0.0421870190443264,0.0473648980259895));
#6232=CARTESIAN_POINT('',(-0.0559938327545145,0.0406803399997039,0.0473648980259895));
#6233=CARTESIAN_POINT('',(-0.0570469165233792,0.0397797809580678,0.0473648980259895));
#6234=CARTESIAN_POINT('',(-0.0570469165233792,0.0397797809580678,0.0473648980259895));
#6235=CARTESIAN_POINT('',(-0.0570469165233792,0.0397797809580678,0.0473648980259895));
#6236=CARTESIAN_POINT('',(-0.0581000002922439,0.0388792219164315,0.0473648980259895));
#6237=CARTESIAN_POINT('',(-0.059930297018986,0.0388792219164315,0.0473648980259895));
#6238=CARTESIAN_POINT('',(-0.059930297018986,0.0388792219164315,0.0473648980259895));
#6239=CARTESIAN_POINT('',(-0.059930297018986,0.0388792219164315,0.0473648980259895));
#6240=CARTESIAN_POINT('',(-0.0618693505077519,0.0388792219164315,0.0473648980259895));
#6241=CARTESIAN_POINT('',(-0.0629144764647612,0.0397293814829835,0.0473648980259895));
#6242=CARTESIAN_POINT('',(-0.0629144764647612,0.0397293814829835,0.0473648980259895));
#6243=CARTESIAN_POINT('',(-0.0629144764647612,0.0397293814829835,0.0473648980259895));
#6244=CARTESIAN_POINT('',(-0.0639596024217705,0.0405795410495355,0.0473648980259895));
#6245=CARTESIAN_POINT('',(-0.0639596024217705,0.042139272173194,0.0473648980259895));
#6246=CARTESIAN_POINT('',(-0.0639596024217705,0.042139272173194,0.0473648980259895));
#6247=CARTESIAN_POINT('',(-0.0639596024217705,0.042139272173194,0.0473648980259895));
#6248=CARTESIAN_POINT('',(-0.0639596024217705,0.0442189136714053,0.0473648980259895));
#6249=CARTESIAN_POINT('',(-0.0614237130438495,0.0453807542022939,0.0473648980259895));
#6250=CARTESIAN_POINT('',(-0.0614237130438495,0.0453807542022939,0.0473648980259895));
#6251=CARTESIAN_POINT('',(-0.0614237130438495,0.0453807542022939,0.0473648980259895));
#6252=CARTESIAN_POINT('',(-0.0625669853470754,0.0460253369625813,0.0473648980259895));
#6253=CARTESIAN_POINT('',(-0.0630643485880379,0.0467760238809408,0.0473648980259895));
#6254=CARTESIAN_POINT('',(-0.0630643485880379,0.0467760238809408,0.0473648980259895));
#6255=CARTESIAN_POINT('',(-0.0630643485880379,0.0467760238809408,0.0473648980259895));
#6256=CARTESIAN_POINT('',(-0.0635617118290005,0.0475267107993002,0.0473648980259895));
#6257=CARTESIAN_POINT('',(-0.0635617118290005,0.0484551221824303,0.0473648980259895));
#6258=CARTESIAN_POINT('',(-0.0635617118290005,0.0484551221824303,0.0473648980259895));
#6259=CARTESIAN_POINT('',(-0.0635617118290005,0.0484551221824303,0.0473648980259895));
#6260=CARTESIAN_POINT('',(-0.0635617118290005,0.049773466346475,0.0473648980259895));
#6261=CARTESIAN_POINT('',(-0.0625882061786898,0.050555984512256,0.0473648980259895));
#6262=CARTESIAN_POINT('',(-0.0625882061786898,0.050555984512256,0.0473648980259895));
#6263=CARTESIAN_POINT('',(-0.0625882061786898,0.050555984512256,0.0473648980259895));
#6264=CARTESIAN_POINT('',(-0.0616147005283791,0.0513385026780371,0.0473648980259895));
#6265=CARTESIAN_POINT('',(-0.0599806964940702,0.0513385026780371,0.0473648980259895));
#6266=CARTESIAN_POINT('',(0.0537629609591224,0.0459935057151597,0.0473648980259895));
#6267=CARTESIAN_POINT('',(0.0537629609591224,0.0388792219164315,0.0473648980259895));
#6268=CARTESIAN_POINT('',(0.048258807759137,0.0388792219164315,0.0473648980259895));
#6269=CARTESIAN_POINT('',(0.0537629609591224,0.0459935057151597,0.0473648980259895));
#6270=CARTESIAN_POINT('',(0.048258807759137,0.0388792219164315,0.0473648980259895));
#6271=CARTESIAN_POINT('',(0.048258807759137,0.0388792219164315,0.0473648980259895));
#6272=CARTESIAN_POINT('',(0.0472959125246335,0.0388792219164315,0.0473648980259895));
#6273=CARTESIAN_POINT('',(0.0467335604868519,0.039046335965395,0.0473648980259895));
#6274=CARTESIAN_POINT('',(0.0467335604868519,0.039046335965395,0.0473648980259895));
#6275=CARTESIAN_POINT('',(0.0467335604868519,0.0396391929486223,0.0473648980259895));
#6276=CARTESIAN_POINT('',(0.0467335604868519,0.0402320499318496,0.0473648980259895));
#6277=CARTESIAN_POINT('',(0.0467335604868519,0.0402320499318496,0.0473648980259895));
#6278=CARTESIAN_POINT('',(0.0473967114748019,0.0400171890117538,0.0473648980259895));
#6279=CARTESIAN_POINT('',(0.0482402395314744,0.0400171890117538,0.0473648980259895));
#6280=CARTESIAN_POINT('',(0.0482402395314744,0.0400171890117538,0.0473648980259895));
#6281=CARTESIAN_POINT('',(0.0482402395314744,0.0400171890117538,0.0473648980259895));
#6282=CARTESIAN_POINT('',(0.0502296924953245,0.0400171890117538,0.0473648980259895));
#6283=CARTESIAN_POINT('',(0.051245639808864,0.0412479972453891,0.0473648980259895));
#6284=CARTESIAN_POINT('',(0.051245639808864,0.0412479972453891,0.0473648980259895));
#6285=CARTESIAN_POINT('',(0.051245639808864,0.0412479972453891,0.0473648980259895));
#6286=CARTESIAN_POINT('',(0.0522615871224035,0.0424788054790244,0.0473648980259895));
#6287=CARTESIAN_POINT('',(0.0523517756567647,0.0450226526688008,0.0473648980259895));
#6288=CARTESIAN_POINT('',(0.0523517756567647,0.0450226526688008,0.0473648980259895));
#6289=CARTESIAN_POINT('',(0.0523027024836564,0.0450226526688008,0.0473648980259895));
#6290=CARTESIAN_POINT('',(0.0522535636380086,0.0450226526688008,0.0473648980259895));
#6291=CARTESIAN_POINT('',(0.0497892228425275,0.0466487221271425,0.0473648980259895));
#6292=CARTESIAN_POINT('',(0.0510427156065513,0.0439748741078397,0.0473648980259895));
#6293=CARTESIAN_POINT('',(0.0510427156065513,0.0439748741078397,0.0473648980259895));
#6294=CARTESIAN_POINT('',(0.0502880497822641,0.0436141199703949,0.0473648980259895));
#6295=CARTESIAN_POINT('',(0.0493437227754233,0.0436141199703949,0.0473648980259895));
#6296=CARTESIAN_POINT('',(0.0493437227754233,0.0436141199703949,0.0473648980259895));
#6297=CARTESIAN_POINT('',(0.0493437227754233,0.0436141199703949,0.0473648980259895));
#6298=CARTESIAN_POINT('',(0.0477362447806324,0.0436141199703949,0.0473648980259895));
#6299=CARTESIAN_POINT('',(0.0467905914718156,0.0445756889029225,0.0473648980259895));
#6300=CARTESIAN_POINT('',(0.0467905914718156,0.0445756889029225,0.0473648980259895));
#6301=CARTESIAN_POINT('',(0.0467905914718156,0.0445756889029225,0.0473648980259895));
#6302=CARTESIAN_POINT('',(0.0458449381629988,0.0455372578354501,0.0473648980259895));
#6303=CARTESIAN_POINT('',(0.0458449381629988,0.0472614504041202,0.0473648980259895));
#6304=CARTESIAN_POINT('',(0.0458449381629988,0.0472614504041202,0.0473648980259895));
#6305=CARTESIAN_POINT('',(0.0458449381629988,0.0472614504041202,0.0473648980259895));
#6306=CARTESIAN_POINT('',(0.0458449381629988,0.0491501044178019,0.0473648980259895));
#6307=CARTESIAN_POINT('',(0.0469020008377912,0.0502443035479195,0.0473648980259895));
#6308=CARTESIAN_POINT('',(0.0469020008377912,0.0502443035479195,0.0473648980259895));
#6309=CARTESIAN_POINT('',(0.0469020008377912,0.0502443035479195,0.0473648980259895));
#6310=CARTESIAN_POINT('',(0.0479590635125836,0.0513385026780371,0.0473648980259895));
#6311=CARTESIAN_POINT('',(0.0496832560812537,0.0513385026780371,0.0473648980259895));
#6312=CARTESIAN_POINT('',(0.0496832560812537,0.0513385026780371,0.0473648980259895));
#6313=CARTESIAN_POINT('',(0.0496832560812537,0.0513385026780371,0.0473648980259895));
#6314=CARTESIAN_POINT('',(0.0509193695227926,0.0513385026780371,0.0473648980259895));
#6315=CARTESIAN_POINT('',(0.0518438019999949,0.0507045303335569,0.0473648980259895));
#6316=CARTESIAN_POINT('',(0.0518438019999949,0.0507045303335569,0.0473648980259895));
#6317=CARTESIAN_POINT('',(0.0518438019999949,0.0507045303335569,0.0473648980259895));
#6318=CARTESIAN_POINT('',(0.0527682344771973,0.0500705579890766,0.0473648980259895));
#6319=CARTESIAN_POINT('',(0.0532655977181599,0.048856991681128,0.0473648980259895));
#6320=CARTESIAN_POINT('',(0.0532655977181599,0.048856991681128,0.0473648980259895));
#6321=CARTESIAN_POINT('',(0.0532655977181599,0.048856991681128,0.0473648980259895));
#6322=CARTESIAN_POINT('',(0.0537629609591224,0.0476434253731794,0.0473648980259895));
#6323=CARTESIAN_POINT('',(0.0537629609591224,0.0459935057151597,0.0473648980259895));
#6324=CARTESIAN_POINT('',(0.0201942579490909,0.0451234516189692,0.0473648980259895));
#6325=CARTESIAN_POINT('',(0.0201942579490909,0.041980115936086,0.0473648980259895));
#6326=CARTESIAN_POINT('',(0.0192035103730935,0.0404296689262588,0.0473648980259895));
#6327=CARTESIAN_POINT('',(0.0201942579490909,0.0451234516189692,0.0473648980259895));
#6328=CARTESIAN_POINT('',(0.0192035103730935,0.0404296689262588,0.0473648980259895));
#6329=CARTESIAN_POINT('',(0.0192035103730935,0.0404296689262588,0.0473648980259895));
#6330=CARTESIAN_POINT('',(0.0182127627970961,0.0388792219164315,0.0473648980259895));
#6331=CARTESIAN_POINT('',(0.0161729103581617,0.0388792219164315,0.0473648980259895));
#6332=CARTESIAN_POINT('',(0.0161729103581617,0.0388792219164315,0.0473648980259895));
#6333=CARTESIAN_POINT('',(0.0161729103581617,0.0388792219164315,0.0473648980259895));
#6334=CARTESIAN_POINT('',(0.014217941245685,0.0388792219164315,0.0473648980259895));
#6335=CARTESIAN_POINT('',(0.0131980150262178,0.040466805381584,0.0473648980259895));
#6336=CARTESIAN_POINT('',(0.0131980150262178,0.040466805381584,0.0473648980259895));
#6337=CARTESIAN_POINT('',(0.0131980150262178,0.040466805381584,0.0473648980259895));
#6338=CARTESIAN_POINT('',(0.0121780888067507,0.0420543888467364,0.0473648980259895));
#6339=CARTESIAN_POINT('',(0.0121780888067507,0.0451234516189692,0.0473648980259895));
#6340=CARTESIAN_POINT('',(0.0121780888067507,0.0451234516189692,0.0473648980259895));
#6341=CARTESIAN_POINT('',(0.0121780888067507,0.0451234516189692,0.0473648980259895));
#6342=CARTESIAN_POINT('',(0.0121780888067507,0.0482880081334669,0.0473648980259895));
#6343=CARTESIAN_POINT('',(0.0131648574768203,0.0498225395195833,0.0473648980259895));
#6344=CARTESIAN_POINT('',(0.0131648574768203,0.0498225395195833,0.0473648980259895));
#6345=CARTESIAN_POINT('',(0.0131648574768203,0.0498225395195833,0.0473648980259895));
#6346=CARTESIAN_POINT('',(0.01415162614689,0.0513570709056997,0.0473648980259895));
#6347=CARTESIAN_POINT('',(0.0161729103581617,0.0513570709056997,0.0473648980259895));
#6348=CARTESIAN_POINT('',(0.0161729103581617,0.0513570709056997,0.0473648980259895));
#6349=CARTESIAN_POINT('',(0.0161729103581617,0.0513570709056997,0.0473648980259895));
#6350=CARTESIAN_POINT('',(0.0181464476983011,0.0513570709056997,0.0473648980259895));
#6351=CARTESIAN_POINT('',(0.019170352823696,0.0497562244207883,0.0473648980259895));
#6352=CARTESIAN_POINT('',(0.019170352823696,0.0497562244207883,0.0473648980259895));
#6353=CARTESIAN_POINT('',(0.019170352823696,0.0497562244207883,0.0473648980259895));
#6354=CARTESIAN_POINT('',(0.0201942579490909,0.0481553779358769,0.0473648980259895));
#6355=CARTESIAN_POINT('',(0.0201942579490909,0.0451234516189692,0.0473648980259895));
#6356=CARTESIAN_POINT('',(-0.0360183986954831,0.0444722373488023,0.0473648980259895));
#6357=CARTESIAN_POINT('',(-0.038529088335862,0.039046335965395,0.0473648980259895));
#6358=CARTESIAN_POINT('',(-0.0335077090551042,0.0498981387322096,0.0473648980259895));
#6359=CARTESIAN_POINT('',(-0.0368102009750955,0.0498981387322096,0.0473648980259895));
#6360=CARTESIAN_POINT('',(-0.0401126928950867,0.0498981387322096,0.0473648980259895));
#6361=CARTESIAN_POINT('',(-0.0401126928950867,0.0505321110766898,0.0473648980259895));
#6362=CARTESIAN_POINT('',(-0.0401126928950867,0.0511660834211701,0.0473648980259895));
#6363=CARTESIAN_POINT('',(-0.0360807348883504,0.0511660834211701,0.0473648980259895));
#6364=CARTESIAN_POINT('',(-0.0320487768816141,0.0511660834211701,0.0473648980259895));
#6365=CARTESIAN_POINT('',(-0.0320487768816141,0.0506143417991957,0.0473648980259895));
#6366=CARTESIAN_POINT('',(-0.0320487768816141,0.0500626001772212,0.0473648980259895));
#6367=CARTESIAN_POINT('',(-0.0345263089725954,0.0445544680713081,0.0473648980259895));
#6368=CARTESIAN_POINT('',(-0.0370038410635769,0.039046335965395,0.0473648980259895));
#6369=CARTESIAN_POINT('',(-0.0377664646997194,0.039046335965395,0.0473648980259895));
#6370=CARTESIAN_POINT('',(0.0222977728828685,0.0399243478734409,0.0473648980259895));
#6371=CARTESIAN_POINT('',(0.0222977728828685,0.0404813947033189,0.0473648980259895));
#6372=CARTESIAN_POINT('',(0.0225510965602653,0.0407665496281374,0.0473648980259895));
#6373=CARTESIAN_POINT('',(0.0222977728828685,0.0399243478734409,0.0473648980259895));
#6374=CARTESIAN_POINT('',(0.0225510965602653,0.0407665496281374,0.0473648980259895));
#6375=CARTESIAN_POINT('',(0.0225510965602653,0.0407665496281374,0.0473648980259895));
#6376=CARTESIAN_POINT('',(0.0228044202376622,0.041051704552956,0.0473648980259895));
#6377=CARTESIAN_POINT('',(0.0232765837410827,0.041051704552956,0.0473648980259895));
#6378=CARTESIAN_POINT('',(0.0232765837410827,0.041051704552956,0.0473648980259895));
#6379=CARTESIAN_POINT('',(0.0232765837410827,0.041051704552956,0.0473648980259895));
#6380=CARTESIAN_POINT('',(0.0237567050563585,0.041051704552956,0.0473648980259895));
#6381=CARTESIAN_POINT('',(0.0240259443574663,0.0407665496281374,0.0473648980259895));
#6382=CARTESIAN_POINT('',(0.0240259443574663,0.0407665496281374,0.0473648980259895));
#6383=CARTESIAN_POINT('',(0.0240259443574663,0.0407665496281374,0.0473648980259895));
#6384=CARTESIAN_POINT('',(0.024295183658574,0.0404813947033189,0.0473648980259895));
#6385=CARTESIAN_POINT('',(0.024295183658574,0.0399243478734409,0.0473648980259895));
#6386=CARTESIAN_POINT('',(0.024295183658574,0.0399243478734409,0.0473648980259895));
#6387=CARTESIAN_POINT('',(0.024295183658574,0.0399243478734409,0.0473648980259895));
#6388=CARTESIAN_POINT('',(0.024295183658574,0.0393858692712254,0.0473648980259895));
#6389=CARTESIAN_POINT('',(0.0240219654515386,0.0390954091385033,0.0473648980259895));
#6390=CARTESIAN_POINT('',(0.0240219654515386,0.0390954091385033,0.0473648980259895));
#6391=CARTESIAN_POINT('',(0.0240219654515386,0.0390954091385033,0.0473648980259895));
#6392=CARTESIAN_POINT('',(0.0237487472445032,0.0388049490057812,0.0473648980259895));
#6393=CARTESIAN_POINT('',(0.0232765837410827,0.0388049490057812,0.0473648980259895));
#6394=CARTESIAN_POINT('',(0.0232765837410827,0.0388049490057812,0.0473648980259895));
#6395=CARTESIAN_POINT('',(0.0232765837410827,0.0388049490057812,0.0473648980259895));
#6396=CARTESIAN_POINT('',(0.0228521671087946,0.0388049490057812,0.0473648980259895));
#6397=CARTESIAN_POINT('',(0.0225749699958315,0.0390662304950335,0.0473648980259895));
#6398=CARTESIAN_POINT('',(0.0225749699958315,0.0390662304950335,0.0473648980259895));
#6399=CARTESIAN_POINT('',(0.0225749699958315,0.0390662304950335,0.0473648980259895));
#6400=CARTESIAN_POINT('',(0.0222977728828685,0.0393275119842858,0.0473648980259895));
#6401=CARTESIAN_POINT('',(0.0222977728828685,0.0399243478734409,0.0473648980259895));
#6402=CARTESIAN_POINT('',(-0.0223243307943145,0.0451234516189692,0.0473648980259895));
#6403=CARTESIAN_POINT('',(-0.0223243307943145,0.041980115936086,0.0473648980259895));
#6404=CARTESIAN_POINT('',(-0.023315078370312,0.0404296689262588,0.0473648980259895));
#6405=CARTESIAN_POINT('',(-0.0223243307943145,0.0451234516189692,0.0473648980259895));
#6406=CARTESIAN_POINT('',(-0.023315078370312,0.0404296689262588,0.0473648980259895));
#6407=CARTESIAN_POINT('',(-0.023315078370312,0.0404296689262588,0.0473648980259895));
#6408=CARTESIAN_POINT('',(-0.0243058259463093,0.0388792219164315,0.0473648980259895));
#6409=CARTESIAN_POINT('',(-0.0263456783852437,0.0388792219164315,0.0473648980259895));
#6410=CARTESIAN_POINT('',(-0.0263456783852437,0.0388792219164315,0.0473648980259895));
#6411=CARTESIAN_POINT('',(-0.0263456783852437,0.0388792219164315,0.0473648980259895));
#6412=CARTESIAN_POINT('',(-0.0283006474977204,0.0388792219164315,0.0473648980259895));
#6413=CARTESIAN_POINT('',(-0.0293205737171876,0.040466805381584,0.0473648980259895));
#6414=CARTESIAN_POINT('',(-0.0293205737171876,0.040466805381584,0.0473648980259895));
#6415=CARTESIAN_POINT('',(-0.0293205737171876,0.040466805381584,0.0473648980259895));
#6416=CARTESIAN_POINT('',(-0.0303404999366548,0.0420543888467364,0.0473648980259895));
#6417=CARTESIAN_POINT('',(-0.0303404999366548,0.0451234516189692,0.0473648980259895));
#6418=CARTESIAN_POINT('',(-0.0303404999366548,0.0451234516189692,0.0473648980259895));
#6419=CARTESIAN_POINT('',(-0.0303404999366548,0.0451234516189692,0.0473648980259895));
#6420=CARTESIAN_POINT('',(-0.0303404999366548,0.0482880081334669,0.0473648980259895));
#6421=CARTESIAN_POINT('',(-0.0293537312665851,0.0498225395195833,0.0473648980259895));
#6422=CARTESIAN_POINT('',(-0.0293537312665851,0.0498225395195833,0.0473648980259895));
#6423=CARTESIAN_POINT('',(-0.0293537312665851,0.0498225395195833,0.0473648980259895));
#6424=CARTESIAN_POINT('',(-0.0283669625965154,0.0513570709056997,0.0473648980259895));
#6425=CARTESIAN_POINT('',(-0.0263456783852437,0.0513570709056997,0.0473648980259895));
#6426=CARTESIAN_POINT('',(-0.0263456783852437,0.0513570709056997,0.0473648980259895));
#6427=CARTESIAN_POINT('',(-0.0263456783852437,0.0513570709056997,0.0473648980259895));
#6428=CARTESIAN_POINT('',(-0.0243721410451043,0.0513570709056997,0.0473648980259895));
#6429=CARTESIAN_POINT('',(-0.0233482359197094,0.0497562244207883,0.0473648980259895));
#6430=CARTESIAN_POINT('',(-0.0233482359197094,0.0497562244207883,0.0473648980259895));
#6431=CARTESIAN_POINT('',(-0.0233482359197094,0.0497562244207883,0.0473648980259895));
#6432=CARTESIAN_POINT('',(-0.0223243307943145,0.0481553779358769,0.0473648980259895));
#6433=CARTESIAN_POINT('',(-0.0223243307943145,0.0451234516189692,0.0473648980259895));
#6434=CARTESIAN_POINT('',(0.0308099789641952,0.039046335965395,0.0473648980259895));
#6435=CARTESIAN_POINT('',(0.0314810877640007,0.039046335965395,0.0473648980259895));
#6436=CARTESIAN_POINT('',(0.0301388701643898,0.039046335965395,0.0473648980259895));
#6437=CARTESIAN_POINT('',(0.0301388701643898,0.0433647751989257,0.0473648980259895));
#6438=CARTESIAN_POINT('',(0.0301390372814948,0.0476832147981411,0.0473648980259895));
#6439=CARTESIAN_POINT('',(0.0598508138346838,0.0477482299386841,0.0473648980259895));
#6440=CARTESIAN_POINT('',(0.0302047978131864,0.0497224883428439,0.0473648980259895));
#6441=CARTESIAN_POINT('',(0.0249775016748872,0.0549087316347502,0.0473648980259895));
#6442=CARTESIAN_POINT('',(0.0298165787842461,0.0493583338280183,0.0473648980259895));
#6443=CARTESIAN_POINT('',(0.0298165787842461,0.0493583338280183,0.0473648980259895));
#6444=CARTESIAN_POINT('',(0.0296003915621743,0.0491686726454645,0.0473648980259895));
#6445=CARTESIAN_POINT('',(0.0278443677460827,0.047741571719396,0.0473648980259895));
#6446=CARTESIAN_POINT('',(0.0278443677460827,0.047741571719396,0.0473648980259895));
#6447=CARTESIAN_POINT('',(0.0274796347027101,0.0482137352228165,0.0473648980259895));
#6448=CARTESIAN_POINT('',(0.0271149016593376,0.0486858987262369,0.0473648980259895));
#6449=CARTESIAN_POINT('',(0.0287184007482008,0.0499259910737035,0.0473648980259895));
#6450=CARTESIAN_POINT('',(0.030321899837064,0.0511660834211701,0.0473648980259895));
#6451=CARTESIAN_POINT('',(0.0309014938005323,0.0511660834211701,0.0473648980259895));
#6452=CARTESIAN_POINT('',(0.0314810877640007,0.0511660834211701,0.0473648980259895));
#6453=CARTESIAN_POINT('',(0.0314810877640007,0.0451062096932825,0.0473648980259895));
#6454=CARTESIAN_POINT('',(-9.74442958823207E-8,0.0533993902569637,0.0473648980259895));
#6455=CARTESIAN_POINT('',(0.078432,0.0533993902569637,0.0473648980259895));
#6456=CARTESIAN_POINT('',(-0.0784321948885918,0.0533993902569637,0.0473648980259895));
#6457=CARTESIAN_POINT('',(-0.0784321948885918,0.0373993902569636,0.0473648980259895));
#6458=CARTESIAN_POINT('',(-0.0784321948885918,0.0373993902569636,0.0473648980259895));
#6459=CARTESIAN_POINT('',(-9.74442958823207E-8,0.0373993902569636,0.0473648980259895));
#6460=CARTESIAN_POINT('',(0.078432,0.0373993902569636,0.0473648980259895));
#6461=CARTESIAN_POINT('',(0.078432,0.0373993902569636,0.0473648980259895));
#6462=CARTESIAN_POINT('',(-0.049627583270194,0.0442268714832608,0.0473648980259895));
#6463=CARTESIAN_POINT('',(-0.049627583270194,0.0477999290063356,0.0473648980259895));
#6464=CARTESIAN_POINT('',(-0.0482389451014266,0.0495692158421864,0.0473648980259895));
#6465=CARTESIAN_POINT('',(-0.049627583270194,0.0442268714832608,0.0473648980259895));
#6466=CARTESIAN_POINT('',(-0.0482389451014266,0.0495692158421864,0.0473648980259895));
#6467=CARTESIAN_POINT('',(-0.0482389451014266,0.0495692158421864,0.0473648980259895));
#6468=CARTESIAN_POINT('',(-0.0468503069326592,0.0513385026780371,0.0473648980259895));
#6469=CARTESIAN_POINT('',(-0.044131387882064,0.0513385026780371,0.0473648980259895));
#6470=CARTESIAN_POINT('',(-0.044131387882064,0.0513385026780371,0.0473648980259895));
#6471=CARTESIAN_POINT('',(-0.044131387882064,0.0513385026780371,0.0473648980259895));
#6472=CARTESIAN_POINT('',(-0.0431950186870786,0.0513385026780371,0.0473648980259895));
#6473=CARTESIAN_POINT('',(-0.0426565400848631,0.0511819990448809,0.0473648980259895));
#6474=CARTESIAN_POINT('',(-0.0426565400848631,0.0511819990448809,0.0473648980259895));
#6475=CARTESIAN_POINT('',(-0.0426565400848631,0.0505891420616536,0.0473648980259895));
#6476=CARTESIAN_POINT('',(-0.0426565400848631,0.0499962850784262,0.0473648980259895));
#6477=CARTESIAN_POINT('',(-0.0426565400848631,0.0499962850784262,0.0473648980259895));
#6478=CARTESIAN_POINT('',(-0.0432958176372469,0.0502031881866666,0.0473648980259895));
#6479=CARTESIAN_POINT('',(-0.0441154722583532,0.0502031881866666,0.0473648980259895));
#6480=CARTESIAN_POINT('',(-0.0441154722583532,0.0502031881866666,0.0473648980259895));
#6481=CARTESIAN_POINT('',(-0.0441154722583532,0.0502031881866666,0.0473648980259895));
#6482=CARTESIAN_POINT('',(-0.0460651361629264,0.0502031881866666,0.0473648980259895));
#6483=CARTESIAN_POINT('',(-0.0470930201942489,0.048989621878718,0.0473648980259895));
#6484=CARTESIAN_POINT('',(-0.0470930201942489,0.048989621878718,0.0473648980259895));
#6485=CARTESIAN_POINT('',(-0.0470930201942489,0.048989621878718,0.0473648980259895));
#6486=CARTESIAN_POINT('',(-0.0481209042255715,0.0477760555707694,0.0473648980259895));
#6487=CARTESIAN_POINT('',(-0.0482190505717881,0.0451711984901016,0.0473648980259895));
#6488=CARTESIAN_POINT('',(-0.0482190505717881,0.0451711984901016,0.0473648980259895));
#6489=CARTESIAN_POINT('',(-0.0481699773986798,0.0451711984901016,0.0473648980259895));
#6490=CARTESIAN_POINT('',(-0.0481209042255715,0.0451711984901016,0.0473648980259895));
#6491=CARTESIAN_POINT('',(-0.0481209042255715,0.0451711984901016,0.0473648980259895));
#6492=CARTESIAN_POINT('',(-0.0472084084661522,0.0465982994161701,0.0473648980259895));
#6493=CARTESIAN_POINT('',(-0.0452348711260129,0.0465982994161701,0.0473648980259895));
#6494=CARTESIAN_POINT('',(-0.0452348711260129,0.0465982994161701,0.0473648980259895));
#6495=CARTESIAN_POINT('',(-0.0452348711260129,0.0465982994161701,0.0473648980259895));
#6496=CARTESIAN_POINT('',(-0.043600867091704,0.0465982994161701,0.0473648980259895));
#6497=CARTESIAN_POINT('',(-0.0426605189907908,0.0456115307461005,0.0473648980259895));
#6498=CARTESIAN_POINT('',(-0.0426605189907908,0.0456115307461005,0.0473648980259895));
#6499=CARTESIAN_POINT('',(-0.0426605189907908,0.0456115307461005,0.0473648980259895));
#6500=CARTESIAN_POINT('',(-0.0417201708898776,0.0446247620760308,0.0473648980259895));
#6501=CARTESIAN_POINT('',(-0.0417201708898776,0.0429350533587341,0.0473648980259895));
#6502=CARTESIAN_POINT('',(-0.0417201708898776,0.0429350533587341,0.0473648980259895));
#6503=CARTESIAN_POINT('',(-0.0417201708898776,0.0429350533587341,0.0473648980259895));
#6504=CARTESIAN_POINT('',(-0.0417201708898776,0.0410437467411005,0.0473648980259895));
#6505=CARTESIAN_POINT('',(-0.0427520338271279,0.0399614843287661,0.0473648980259895));
#6506=CARTESIAN_POINT('',(-0.0427520338271279,0.0399614843287661,0.0473648980259895));
#6507=CARTESIAN_POINT('',(-0.0427520338271279,0.0399614843287661,0.0473648980259895));
#6508=CARTESIAN_POINT('',(-0.0437838967643782,0.0388792219164315,0.0473648980259895));
#6509=CARTESIAN_POINT('',(-0.0455425731844217,0.0388792219164315,0.0473648980259895));
#6510=CARTESIAN_POINT('',(-0.0455425731844217,0.0388792219164315,0.0473648980259895));
#6511=CARTESIAN_POINT('',(-0.0455425731844217,0.0388792219164315,0.0473648980259895));
#6512=CARTESIAN_POINT('',(-0.047423269386248,0.0388792219164315,0.0473648980259895));
#6513=CARTESIAN_POINT('',(-0.048525426328221,0.0402930598227411,0.0473648980259895));
#6514=CARTESIAN_POINT('',(-0.048525426328221,0.0402930598227411,0.0473648980259895));
#6515=CARTESIAN_POINT('',(-0.048525426328221,0.0402930598227411,0.0473648980259895));
#6516=CARTESIAN_POINT('',(-0.049627583270194,0.0417068977290506,0.0473648980259895));
#6517=CARTESIAN_POINT('',(-0.049627583270194,0.0442268714832608,0.0473648980259895));
#6518=CARTESIAN_POINT('',(0.0104220649906589,0.0459935057151597,0.0473648980259895));
#6519=CARTESIAN_POINT('',(0.0104220649906589,0.0388792219164315,0.0473648980259895));
#6520=CARTESIAN_POINT('',(0.00491791179067351,0.0388792219164315,0.0473648980259895));
#6521=CARTESIAN_POINT('',(0.0104220649906589,0.0459935057151597,0.0473648980259895));
#6522=CARTESIAN_POINT('',(0.00491791179067351,0.0388792219164315,0.0473648980259895));
#6523=CARTESIAN_POINT('',(0.00491791179067351,0.0388792219164315,0.0473648980259895));
#6524=CARTESIAN_POINT('',(0.00395501655617003,0.0388792219164315,0.0473648980259895));
#6525=CARTESIAN_POINT('',(0.00339266451838839,0.039046335965395,0.0473648980259895));
#6526=CARTESIAN_POINT('',(0.00339266451838839,0.039046335965395,0.0473648980259895));
#6527=CARTESIAN_POINT('',(0.00339266451838839,0.0396391929486223,0.0473648980259895));
#6528=CARTESIAN_POINT('',(0.00339266451838839,0.0402320499318496,0.0473648980259895));
#6529=CARTESIAN_POINT('',(0.00339266451838839,0.0402320499318496,0.0473648980259895));
#6530=CARTESIAN_POINT('',(0.00405581550633845,0.0400171890117538,0.0473648980259895));
#6531=CARTESIAN_POINT('',(0.0048993435630109,0.0400171890117538,0.0473648980259895));
#6532=CARTESIAN_POINT('',(0.0048993435630109,0.0400171890117538,0.0473648980259895));
#6533=CARTESIAN_POINT('',(0.0048993435630109,0.0400171890117538,0.0473648980259895));
#6534=CARTESIAN_POINT('',(0.00688879652686106,0.0400171890117538,0.0473648980259895));
#6535=CARTESIAN_POINT('',(0.00790474384040053,0.0412479972453891,0.0473648980259895));
#6536=CARTESIAN_POINT('',(0.00790474384040053,0.0412479972453891,0.0473648980259895));
#6537=CARTESIAN_POINT('',(0.00790474384040053,0.0412479972453891,0.0473648980259895));
#6538=CARTESIAN_POINT('',(0.00892069115394001,0.0424788054790244,0.0473648980259895));
#6539=CARTESIAN_POINT('',(0.00901087968830122,0.0450226526688008,0.0473648980259895));
#6540=CARTESIAN_POINT('',(0.00901087968830122,0.0450226526688008,0.0473648980259895));
#6541=CARTESIAN_POINT('',(0.00896180651519291,0.0450226526688008,0.0473648980259895));
#6542=CARTESIAN_POINT('',(0.00891266766954506,0.0450226526688008,0.0473648980259895));
#6543=CARTESIAN_POINT('',(0.00644832687406359,0.0466487221271428,0.0473648980259895));
#6544=CARTESIAN_POINT('',(0.00770181963808782,0.0439748741078397,0.0473648980259895));
#6545=CARTESIAN_POINT('',(0.00770181963808782,0.0439748741078397,0.0473648980259895));
#6546=CARTESIAN_POINT('',(0.00694715381380066,0.0436141199703949,0.0473648980259895));
#6547=CARTESIAN_POINT('',(0.00600282680695979,0.0436141199703949,0.0473648980259895));
#6548=CARTESIAN_POINT('',(0.00600282680695979,0.0436141199703949,0.0473648980259895));
#6549=CARTESIAN_POINT('',(0.00600282680695979,0.0436141199703949,0.0473648980259895));
#6550=CARTESIAN_POINT('',(0.00439534881216886,0.0436141199703949,0.0473648980259895));
#6551=CARTESIAN_POINT('',(0.0034496955033521,0.0445756889029225,0.0473648980259895));
#6552=CARTESIAN_POINT('',(0.0034496955033521,0.0445756889029225,0.0473648980259895));
#6553=CARTESIAN_POINT('',(0.0034496955033521,0.0445756889029225,0.0473648980259895));
#6554=CARTESIAN_POINT('',(0.00250404219453533,0.0455372578354501,0.0473648980259895));
#6555=CARTESIAN_POINT('',(0.00250404219453533,0.0472614504041202,0.0473648980259895));
#6556=CARTESIAN_POINT('',(0.00250404219453533,0.0472614504041202,0.0473648980259895));
#6557=CARTESIAN_POINT('',(0.00250404219453533,0.0472614504041202,0.0473648980259895));
#6558=CARTESIAN_POINT('',(0.00250404219453533,0.0491501044178019,0.0473648980259895));
#6559=CARTESIAN_POINT('',(0.0035611048693277,0.0502443035479195,0.0473648980259895));
#6560=CARTESIAN_POINT('',(0.0035611048693277,0.0502443035479195,0.0473648980259895));
#6561=CARTESIAN_POINT('',(0.0035611048693277,0.0502443035479195,0.0473648980259895));
#6562=CARTESIAN_POINT('',(0.00461816754412009,0.0513385026780371,0.0473648980259895));
#6563=CARTESIAN_POINT('',(0.00634236011279021,0.0513385026780371,0.0473648980259895));
#6564=CARTESIAN_POINT('',(0.00634236011279021,0.0513385026780371,0.0473648980259895));
#6565=CARTESIAN_POINT('',(0.00634236011279021,0.0513385026780371,0.0473648980259895));
#6566=CARTESIAN_POINT('',(0.00757847355432911,0.0513385026780371,0.0473648980259895));
#6567=CARTESIAN_POINT('',(0.00850290603153148,0.0507045303335569,0.0473648980259895));
#6568=CARTESIAN_POINT('',(0.00850290603153148,0.0507045303335569,0.0473648980259895));
#6569=CARTESIAN_POINT('',(0.00850290603153148,0.0507045303335569,0.0473648980259895));
#6570=CARTESIAN_POINT('',(0.00942733850873385,0.0500705579890766,0.0473648980259895));
#6571=CARTESIAN_POINT('',(0.00992470174969638,0.048856991681128,0.0473648980259895));
#6572=CARTESIAN_POINT('',(0.00992470174969638,0.048856991681128,0.0473648980259895));
#6573=CARTESIAN_POINT('',(0.00992470174969638,0.048856991681128,0.0473648980259895));
#6574=CARTESIAN_POINT('',(0.0104220649906589,0.0476434253731794,0.0473648980259895));
#6575=CARTESIAN_POINT('',(0.0104220649906589,0.0459935057151597,0.0473648980259895));
#6576=CARTESIAN_POINT('',(-0.0031380464109437,0.0435968780447082,0.0473648980259895));
#6577=CARTESIAN_POINT('',(-0.0031380464109437,0.0429668846061557,0.0473648980259895));
#6578=CARTESIAN_POINT('',(-0.0031380464109437,0.0442268714832608,0.0473648980259895));
#6579=CARTESIAN_POINT('',(-0.00110349917991295,0.0442268714832608,0.0473648980259895));
#6580=CARTESIAN_POINT('',(0.000931048051117808,0.0442268714832608,0.0473648980259895));
#6581=CARTESIAN_POINT('',(0.000931048051117808,0.0435968780447082,0.0473648980259895));
#6582=CARTESIAN_POINT('',(0.000931048051117808,0.0429668846061557,0.0473648980259895));
#6583=CARTESIAN_POINT('',(-0.00110349917991295,0.0429668846061557,0.0473648980259895));
#6584=CARTESIAN_POINT('',(-0.0538558339693635,0.0399243478734409,0.0473648980259895));
#6585=CARTESIAN_POINT('',(-0.0538558339693635,0.0404813947033189,0.0473648980259895));
#6586=CARTESIAN_POINT('',(-0.0536025102919666,0.0407665496281374,0.0473648980259895));
#6587=CARTESIAN_POINT('',(-0.0538558339693635,0.0399243478734409,0.0473648980259895));
#6588=CARTESIAN_POINT('',(-0.0536025102919666,0.0407665496281374,0.0473648980259895));
#6589=CARTESIAN_POINT('',(-0.0536025102919666,0.0407665496281374,0.0473648980259895));
#6590=CARTESIAN_POINT('',(-0.0533491866145697,0.041051704552956,0.0473648980259895));
#6591=CARTESIAN_POINT('',(-0.0528770231111493,0.041051704552956,0.0473648980259895));
#6592=CARTESIAN_POINT('',(-0.0528770231111493,0.041051704552956,0.0473648980259895));
#6593=CARTESIAN_POINT('',(-0.0528770231111493,0.041051704552956,0.0473648980259895));
#6594=CARTESIAN_POINT('',(-0.0523969017958734,0.041051704552956,0.0473648980259895));
#6595=CARTESIAN_POINT('',(-0.0521276624947657,0.0407665496281374,0.0473648980259895));
#6596=CARTESIAN_POINT('',(-0.0521276624947657,0.0407665496281374,0.0473648980259895));
#6597=CARTESIAN_POINT('',(-0.0521276624947657,0.0407665496281374,0.0473648980259895));
#6598=CARTESIAN_POINT('',(-0.051858423193658,0.0404813947033189,0.0473648980259895));
#6599=CARTESIAN_POINT('',(-0.051858423193658,0.0399243478734409,0.0473648980259895));
#6600=CARTESIAN_POINT('',(-0.051858423193658,0.0399243478734409,0.0473648980259895));
#6601=CARTESIAN_POINT('',(-0.051858423193658,0.0399243478734409,0.0473648980259895));
#6602=CARTESIAN_POINT('',(-0.051858423193658,0.0393858692712254,0.0473648980259895));
#6603=CARTESIAN_POINT('',(-0.0521316414006934,0.0390954091385033,0.0473648980259895));
#6604=CARTESIAN_POINT('',(-0.0521316414006934,0.0390954091385033,0.0473648980259895));
#6605=CARTESIAN_POINT('',(-0.0521316414006934,0.0390954091385033,0.0473648980259895));
#6606=CARTESIAN_POINT('',(-0.0524048596077288,0.0388049490057812,0.0473648980259895));
#6607=CARTESIAN_POINT('',(-0.0528770231111493,0.0388049490057812,0.0473648980259895));
#6608=CARTESIAN_POINT('',(-0.0528770231111493,0.0388049490057812,0.0473648980259895));
#6609=CARTESIAN_POINT('',(-0.0528770231111493,0.0388049490057812,0.0473648980259895));
#6610=CARTESIAN_POINT('',(-0.0533014397434373,0.0388049490057812,0.0473648980259895));
#6611=CARTESIAN_POINT('',(-0.0535786368564004,0.0390662304950335,0.0473648980259895));
#6612=CARTESIAN_POINT('',(-0.0535786368564004,0.0390662304950335,0.0473648980259895));
#6613=CARTESIAN_POINT('',(-0.0535786368564004,0.0390662304950335,0.0473648980259895));
#6614=CARTESIAN_POINT('',(-0.0538558339693635,0.0393275119842858,0.0473648980259895));
#6615=CARTESIAN_POINT('',(-0.0538558339693635,0.0399243478734409,0.0473648980259895));
#6616=CARTESIAN_POINT('',(0.0440570830994854,0.0459935057151597,0.0473648980259895));
#6617=CARTESIAN_POINT('',(0.0440570830994854,0.0388792219164315,0.0473648980259895));
#6618=CARTESIAN_POINT('',(0.0385529298995001,0.0388792219164315,0.0473648980259895));
#6619=CARTESIAN_POINT('',(0.0440570830994854,0.0459935057151597,0.0473648980259895));
#6620=CARTESIAN_POINT('',(0.0385529298995001,0.0388792219164315,0.0473648980259895));
#6621=CARTESIAN_POINT('',(0.0385529298995001,0.0388792219164315,0.0473648980259895));
#6622=CARTESIAN_POINT('',(0.0375900346649966,0.0388792219164315,0.0473648980259895));
#6623=CARTESIAN_POINT('',(0.037027682627215,0.039046335965395,0.0473648980259895));
#6624=CARTESIAN_POINT('',(0.037027682627215,0.039046335965395,0.0473648980259895));
#6625=CARTESIAN_POINT('',(0.037027682627215,0.0396391929486223,0.0473648980259895));
#6626=CARTESIAN_POINT('',(0.037027682627215,0.0402320499318496,0.0473648980259895));
#6627=CARTESIAN_POINT('',(0.037027682627215,0.0402320499318496,0.0473648980259895));
#6628=CARTESIAN_POINT('',(0.037690833615165,0.0400171890117538,0.0473648980259895));
#6629=CARTESIAN_POINT('',(0.0385343616718374,0.0400171890117538,0.0473648980259895));
#6630=CARTESIAN_POINT('',(0.0385343616718374,0.0400171890117538,0.0473648980259895));
#6631=CARTESIAN_POINT('',(0.0385343616718374,0.0400171890117538,0.0473648980259895));
#6632=CARTESIAN_POINT('',(0.0405238146356876,0.0400171890117538,0.0473648980259895));
#6633=CARTESIAN_POINT('',(0.0415397619492271,0.0412479972453891,0.0473648980259895));
#6634=CARTESIAN_POINT('',(0.0415397619492271,0.0412479972453891,0.0473648980259895));
#6635=CARTESIAN_POINT('',(0.0415397619492271,0.0412479972453891,0.0473648980259895));
#6636=CARTESIAN_POINT('',(0.0425557092627665,0.0424788054790244,0.0473648980259895));
#6637=CARTESIAN_POINT('',(0.0426458977971277,0.0450226526688008,0.0473648980259895));
#6638=CARTESIAN_POINT('',(0.0426458977971277,0.0450226526688008,0.0473648980259895));
#6639=CARTESIAN_POINT('',(0.0425968246240195,0.0450226526688008,0.0473648980259895));
#6640=CARTESIAN_POINT('',(0.0425476857783717,0.0450226526688008,0.0473648980259895));
#6641=CARTESIAN_POINT('',(0.0400833449828887,0.0466487221271446,0.0473648980259895));
#6642=CARTESIAN_POINT('',(0.0413368377469143,0.0439748741078397,0.0473648980259895));
#6643=CARTESIAN_POINT('',(0.0413368377469143,0.0439748741078397,0.0473648980259895));
#6644=CARTESIAN_POINT('',(0.0405821719226272,0.0436141199703949,0.0473648980259895));
#6645=CARTESIAN_POINT('',(0.0396378449157863,0.0436141199703949,0.0473648980259895));
#6646=CARTESIAN_POINT('',(0.0396378449157863,0.0436141199703949,0.0473648980259895));
#6647=CARTESIAN_POINT('',(0.0396378449157863,0.0436141199703949,0.0473648980259895));
#6648=CARTESIAN_POINT('',(0.0380303669209954,0.0436141199703949,0.0473648980259895));
#6649=CARTESIAN_POINT('',(0.0370847136121786,0.0445756889029225,0.0473648980259895));
#6650=CARTESIAN_POINT('',(0.0370847136121786,0.0445756889029225,0.0473648980259895));
#6651=CARTESIAN_POINT('',(0.0370847136121786,0.0445756889029225,0.0473648980259895));
#6652=CARTESIAN_POINT('',(0.0361390603033619,0.0455372578354501,0.0473648980259895));
#6653=CARTESIAN_POINT('',(0.0361390603033619,0.0472614504041202,0.0473648980259895));
#6654=CARTESIAN_POINT('',(0.0361390603033619,0.0472614504041202,0.0473648980259895));
#6655=CARTESIAN_POINT('',(0.0361390603033619,0.0472614504041202,0.0473648980259895));
#6656=CARTESIAN_POINT('',(0.0361390603033619,0.0491501044178019,0.0473648980259895));
#6657=CARTESIAN_POINT('',(0.0371961229781543,0.0502443035479195,0.0473648980259895));
#6658=CARTESIAN_POINT('',(0.0371961229781543,0.0502443035479195,0.0473648980259895));
#6659=CARTESIAN_POINT('',(0.0371961229781543,0.0502443035479195,0.0473648980259895));
#6660=CARTESIAN_POINT('',(0.0382531856529466,0.0513385026780371,0.0473648980259895));
#6661=CARTESIAN_POINT('',(0.0399773782216167,0.0513385026780371,0.0473648980259895));
#6662=CARTESIAN_POINT('',(0.0399773782216167,0.0513385026780371,0.0473648980259895));
#6663=CARTESIAN_POINT('',(0.0399773782216167,0.0513385026780371,0.0473648980259895));
#6664=CARTESIAN_POINT('',(0.0412134916631556,0.0513385026780371,0.0473648980259895));
#6665=CARTESIAN_POINT('',(0.0421379241403581,0.0507045303335569,0.0473648980259895));
#6666=CARTESIAN_POINT('',(0.0421379241403581,0.0507045303335569,0.0473648980259895));
#6667=CARTESIAN_POINT('',(0.0421379241403581,0.0507045303335569,0.0473648980259895));
#6668=CARTESIAN_POINT('',(0.0430623566175604,0.0500705579890766,0.0473648980259895));
#6669=CARTESIAN_POINT('',(0.043559719858523,0.048856991681128,0.0473648980259895));
#6670=CARTESIAN_POINT('',(0.043559719858523,0.048856991681128,0.0473648980259895));
#6671=CARTESIAN_POINT('',(0.043559719858523,0.048856991681128,0.0473648980259895));
#6672=CARTESIAN_POINT('',(0.0440570830994854,0.0476434253731794,0.0473648980259895));
#6673=CARTESIAN_POINT('',(0.0440570830994854,0.0459935057151597,0.0473648980259895));
#6674=CARTESIAN_POINT('',(0.0631399159287361,0.0418315701147852,0.0473648980259895));
#6675=CARTESIAN_POINT('',(0.0640391486683964,0.0418315701147852,0.0473648980259895));
#6676=CARTESIAN_POINT('',(0.0622406831890758,0.0418315701147852,0.0473648980259895));
#6677=CARTESIAN_POINT('',(0.0622406831890758,0.0404389530400901,0.0473648980259895));
#6678=CARTESIAN_POINT('',(0.0622406831890758,0.039046335965395,0.0473648980259895));
#6679=CARTESIAN_POINT('',(0.0615815111070535,0.039046335965395,0.0473648980259895));
#6680=CARTESIAN_POINT('',(0.0609223390250311,0.039046335965395,0.0473648980259895));
#6681=CARTESIAN_POINT('',(0.0609223390250311,0.0404389530400901,0.0473648980259895));
#6682=CARTESIAN_POINT('',(0.0609223390250311,0.0418315701147852,0.0473648980259895));
#6683=CARTESIAN_POINT('',(0.0579752960345811,0.0418315701147852,0.0473648980259895));
#6684=CARTESIAN_POINT('',(0.0550282530441311,0.0418315701147852,0.0473648980259895));
#6685=CARTESIAN_POINT('',(0.0550282530441311,0.0424323849098679,0.0473648980259895));
#6686=CARTESIAN_POINT('',(0.0550282530441311,0.0430331997049507,0.0473648980259895));
#6687=CARTESIAN_POINT('',(0.0579050020298584,0.0471327991124579,0.0473648980259895));
#6688=CARTESIAN_POINT('',(0.0607817510155857,0.0512323985199651,0.0473648980259895));
#6689=CARTESIAN_POINT('',(0.0615112171023308,0.0512323985199651,0.0473648980259895));
#6690=CARTESIAN_POINT('',(0.0622406831890758,0.0512323985199651,0.0473648980259895));
#6691=CARTESIAN_POINT('',(0.0622406831890758,0.04715799885,0.0473648980259895));
#6692=CARTESIAN_POINT('',(0.0622406831890758,0.0430835991800349,0.0473648980259895));
#6693=CARTESIAN_POINT('',(0.0631399159287361,0.0430835991800349,0.0473648980259895));
#6694=CARTESIAN_POINT('',(0.0640391486683964,0.0430835991800349,0.0473648980259895));
#6695=CARTESIAN_POINT('',(0.0640391486683964,0.04245758464741,0.0473648980259895));
#6696=CARTESIAN_POINT('',(-0.0661877897412827,0.0483145341729849,0.0473648980259895));
#6697=CARTESIAN_POINT('',(-0.0661877897412827,0.0471526936420964,0.0473648980259895));
#6698=CARTESIAN_POINT('',(-0.0668390040114496,0.0464152697434959,0.0473648980259895));
#6699=CARTESIAN_POINT('',(-0.0661877897412827,0.0483145341729849,0.0473648980259895));
#6700=CARTESIAN_POINT('',(-0.0668390040114496,0.0464152697434959,0.0473648980259895));
#6701=CARTESIAN_POINT('',(-0.0668390040114496,0.0464152697434959,0.0473648980259895));
#6702=CARTESIAN_POINT('',(-0.0674902182816166,0.0456778458448955,0.0473648980259895));
#6703=CARTESIAN_POINT('',(-0.0686838900599266,0.0454285010734263,0.0473648980259895));
#6704=CARTESIAN_POINT('',(-0.0686838900599266,0.0454285010734263,0.0473648980259895));
#6705=CARTESIAN_POINT('',(-0.0686838900599266,0.0453953435240288,0.0473648980259895));
#6706=CARTESIAN_POINT('',(-0.0686838900599266,0.0453621859746313,0.0473648980259895));
#6707=CARTESIAN_POINT('',(-0.0686838900599266,0.0453621859746313,0.0473648980259895));
#6708=CARTESIAN_POINT('',(-0.0672249578864365,0.0451818089059088,0.0473648980259895));
#6709=CARTESIAN_POINT('',(-0.0665206915372336,0.0444351008934771,0.0473648980259895));
#6710=CARTESIAN_POINT('',(-0.0665206915372336,0.0444351008934771,0.0473648980259895));
#6711=CARTESIAN_POINT('',(-0.0665206915372336,0.0444351008934771,0.0473648980259895));
#6712=CARTESIAN_POINT('',(-0.0658164251880306,0.0436883928810454,0.0473648980259895));
#6713=CARTESIAN_POINT('',(-0.0658164251880306,0.0424788054790244,0.0473648980259895));
#6714=CARTESIAN_POINT('',(-0.0658164251880306,0.0424788054790244,0.0473648980259895));
#6715=CARTESIAN_POINT('',(-0.0658164251880306,0.0424788054790244,0.0473648980259895));
#6716=CARTESIAN_POINT('',(-0.0658164251880306,0.0407466550984989,0.0473648980259895));
#6717=CARTESIAN_POINT('',(-0.0670180547781961,0.0398129385074652,0.0473648980259895));
#6718=CARTESIAN_POINT('',(-0.0670180547781961,0.0398129385074652,0.0473648980259895));
#6719=CARTESIAN_POINT('',(-0.0670180547781961,0.0398129385074652,0.0473648980259895));
#6720=CARTESIAN_POINT('',(-0.0682196843683616,0.0388792219164315,0.0473648980259895));
#6721=CARTESIAN_POINT('',(-0.070431956064163,0.0388792219164315,0.0473648980259895));
#6722=CARTESIAN_POINT('',(-0.070431956064163,0.0388792219164315,0.0473648980259895));
#6723=CARTESIAN_POINT('',(-0.070431956064163,0.0388792219164315,0.0473648980259895));
#6724=CARTESIAN_POINT('',(-0.0713948512986665,0.0388792219164315,0.0473648980259895));
#6725=CARTESIAN_POINT('',(-0.0721946113901342,0.0390251151337805,0.0473648980259895));
#6726=CARTESIAN_POINT('',(-0.0721946113901342,0.0390251151337805,0.0473648980259895));
#6727=CARTESIAN_POINT('',(-0.0710962416911143,0.0449908545825525,0.0473648980259895));
#6728=CARTESIAN_POINT('',(-0.0737477110039132,0.0395347595145295,0.0473648980259895));
#6729=CARTESIAN_POINT('',(-0.0737477110039132,0.0401896082686208,0.0473648980259895));
#6730=CARTESIAN_POINT('',(-0.0737477110039132,0.0408444384795806,0.0473648980259895));
#6731=CARTESIAN_POINT('',(-0.0704158799589719,0.0476160350575478,0.0473648980259895));
#6732=CARTESIAN_POINT('',(-0.0720686127024237,0.0402519444614882,0.0473648980259895));
#6733=CARTESIAN_POINT('',(-0.0720686127024237,0.0402519444614882,0.0473648980259895));
#6734=CARTESIAN_POINT('',(-0.0711773377746188,0.0400490202591754,0.0473648980259895));
#6735=CARTESIAN_POINT('',(-0.0703815565890788,0.0400490202591754,0.0473648980259895));
#6736=CARTESIAN_POINT('',(-0.0703815565890788,0.0400490202591754,0.0473648980259895));
#6737=CARTESIAN_POINT('',(-0.0703815565890788,0.0400490202591754,0.0473648980259895));
#6738=CARTESIAN_POINT('',(-0.0672408735101474,0.0400490202591754,0.0473648980259895));
#6739=CARTESIAN_POINT('',(-0.0672408735101474,0.042510636726446,0.0473648980259895));
#6740=CARTESIAN_POINT('',(-0.0672408735101474,0.042510636726446,0.0473648980259895));
#6741=CARTESIAN_POINT('',(-0.0672408735101474,0.042510636726446,0.0473648980259895));
#6742=CARTESIAN_POINT('',(-0.0672408735101474,0.0447176032143438,0.0473648980259895));
#6743=CARTESIAN_POINT('',(-0.0707051742711984,0.0447176032143438,0.0473648980259895));
#6744=CARTESIAN_POINT('',(-0.0707051742711984,0.0447176032143438,0.0473648980259895));
#6745=CARTESIAN_POINT('',(-0.0713020101603535,0.0447176032143438,0.0473648980259895));
#6746=CARTESIAN_POINT('',(-0.0718988460495085,0.0447176032143438,0.0473648980259895));
#6747=CARTESIAN_POINT('',(-0.0718988460495085,0.0453091338955953,0.0473648980259895));
#6748=CARTESIAN_POINT('',(-0.0718988460495085,0.0459006645768467,0.0473648980259895));
#6749=CARTESIAN_POINT('',(-0.0712940523484981,0.0459006645768467,0.0473648980259895));
#6750=CARTESIAN_POINT('',(-0.0706892586474876,0.0459006645768467,0.0473648980259895));
#6751=CARTESIAN_POINT('',(-0.0706892586474876,0.0459006645768467,0.0473648980259895));
#6752=CARTESIAN_POINT('',(-0.0692727681372263,0.0459006645768467,0.0473648980259895));
#6753=CARTESIAN_POINT('',(-0.0684438294022887,0.0465266791094715,0.0473648980259895));
#6754=CARTESIAN_POINT('',(-0.0684438294022887,0.0465266791094715,0.0473648980259895));
#6755=CARTESIAN_POINT('',(-0.0684438294022887,0.0465266791094715,0.0473648980259895));
#6756=CARTESIAN_POINT('',(-0.0676148906673512,0.0471526936420964,0.0473648980259895));
#6757=CARTESIAN_POINT('',(-0.0676148906673512,0.0482641346979007,0.0473648980259895));
#6758=CARTESIAN_POINT('',(-0.0676148906673512,0.0482641346979007,0.0473648980259895));
#6759=CARTESIAN_POINT('',(-0.0676148906673512,0.0482641346979007,0.0473648980259895));
#6760=CARTESIAN_POINT('',(-0.0676148906673512,0.0491501044178019,0.0473648980259895));
#6761=CARTESIAN_POINT('',(-0.0682236632742893,0.0496567517725958,0.0473648980259895));
#6762=CARTESIAN_POINT('',(-0.0682236632742893,0.0496567517725958,0.0473648980259895));
#6763=CARTESIAN_POINT('',(-0.0682236632742893,0.0496567517725958,0.0473648980259895));
#6764=CARTESIAN_POINT('',(-0.0688324358812275,0.0501633991273896,0.0473648980259895));
#6765=CARTESIAN_POINT('',(-0.0698775618382367,0.0501633991273896,0.0473648980259895));
#6766=CARTESIAN_POINT('',(-0.0698775618382367,0.0501633991273896,0.0473648980259895));
#6767=CARTESIAN_POINT('',(-0.0699151085696754,0.0450761700099984,0.0473648980259895));
#6768=CARTESIAN_POINT('',(-0.0713776093729798,0.0499472119053179,0.0473648980259895));
#6769=CARTESIAN_POINT('',(-0.0713776093729798,0.0499472119053179,0.0473648980259895));
#6770=CARTESIAN_POINT('',(-0.0720818757221827,0.0497310246832462,0.0473648980259895));
#6771=CARTESIAN_POINT('',(-0.0729864136697466,0.0491501044178019,0.0473648980259895));
#6772=CARTESIAN_POINT('',(-0.0729864136697466,0.0491501044178019,0.0473648980259895));
#6773=CARTESIAN_POINT('',(-0.0733339047874324,0.049614310109367,0.0473648980259895));
#6774=CARTESIAN_POINT('',(-0.0736813959051182,0.050078515800932,0.0473648980259895));
#6775=CARTESIAN_POINT('',(-0.0736813959051182,0.050078515800932,0.0473648980259895));
#6776=CARTESIAN_POINT('',(-0.0729360141946624,0.0506673938782317,0.0473648980259895));
#6777=CARTESIAN_POINT('',(-0.0719625085443517,0.0510029482781344,0.0473648980259895));
#6778=CARTESIAN_POINT('',(-0.0719625085443517,0.0510029482781344,0.0473648980259895));
#6779=CARTESIAN_POINT('',(-0.069945334658946,0.0450829752301082,0.0473648980259895));
#6780=CARTESIAN_POINT('',(-0.0699093930856583,0.0513385026780371,0.0473648980259895));
#6781=CARTESIAN_POINT('',(-0.0699093930856583,0.0513385026780371,0.0473648980259895));
#6782=CARTESIAN_POINT('',(-0.0681454114577112,0.0513385026780371,0.0473648980259895));
#6783=CARTESIAN_POINT('',(-0.0671666005994969,0.0505307847747139,0.0473648980259895));
#6784=CARTESIAN_POINT('',(-0.0671666005994969,0.0505307847747139,0.0473648980259895));
#6785=CARTESIAN_POINT('',(-0.0671666005994969,0.0505307847747139,0.0473648980259895));
#6786=CARTESIAN_POINT('',(-0.0661877897412827,0.0497230668713908,0.0473648980259895));
#6787=CARTESIAN_POINT('',(-0.0661877897412827,0.0483145341729849,0.0473648980259895));
#6788=CARTESIAN_POINT('',(0.,-0.00160060974303633,0.0127));
#6789=CARTESIAN_POINT('',(0.,0.0533993902569637,0.0127));
#6790=CARTESIAN_POINT('',(0.078432,0.0533993902569637,0.0127));
#6791=CARTESIAN_POINT('',(0.25465,0.0533993902569637,0.0127));
#6792=CARTESIAN_POINT('',(0.078432,-0.00160060974303633,0.0127));
#6793=CARTESIAN_POINT('',(0.078432,0.0483993902569637,0.0127));
#6794=CARTESIAN_POINT('',(0.,0.0483993902569637,0.0127));
#6795=CARTESIAN_POINT('',(0.24965,0.0483993902569637,0.0127));
#6796=CARTESIAN_POINT('',(0.24965,-0.00160060974303633,0.0127));
#6797=CARTESIAN_POINT('',(0.24965,-0.0516006097430363,0.0127));
#6798=CARTESIAN_POINT('',(0.24965,-0.0541006097430363,0.0127));
#6799=CARTESIAN_POINT('',(0.24965,-0.0566006097430363,0.0127));
#6800=CARTESIAN_POINT('',(0.,-0.0566006097430363,0.0127));
#6801=CARTESIAN_POINT('',(0.25465,-0.0566006097430363,0.0127));
#6802=CARTESIAN_POINT('',(0.25465,-0.00160060974303633,0.0127));
#6803=CARTESIAN_POINT('',(0.,0.0483993902569637,0.0127));
#6804=CARTESIAN_POINT('',(0.078432,0.0483993902569637,0.0127));
#6805=CARTESIAN_POINT('',(0.078432,0.0483993902569637,0.));
#6806=CARTESIAN_POINT('',(0.,0.0483993902569637,0.));
#6807=CARTESIAN_POINT('',(0.24965,0.0483993902569637,0.));
#6808=CARTESIAN_POINT('',(0.24965,0.0483993902569637,0.0127));
#6809=CARTESIAN_POINT('',(0.,0.0483993902569637,0.0127));
#6810=CARTESIAN_POINT('',(-0.078432,0.0483993902569637,0.0127));
#6811=CARTESIAN_POINT('',(-0.0784320974442959,0.0483993902569637,0.0127));
#6812=CARTESIAN_POINT('',(-0.078432,0.0483993902569637,0.));
#6813=CARTESIAN_POINT('',(0.,0.0483993902569637,0.0127));
#6814=CARTESIAN_POINT('',(-0.24965,0.0483993902569637,0.0127));
#6815=CARTESIAN_POINT('',(-0.24965,0.0483993902569637,0.0127));
#6816=CARTESIAN_POINT('',(-0.24965,0.0483993902569637,0.));
#6817=CARTESIAN_POINT('',(0.,0.0483993902569637,0.));
#6818=CARTESIAN_POINT('',(0.,-0.00160060974303633,0.0127));
#6819=CARTESIAN_POINT('',(-0.0784321948885918,-0.00160060974303633,0.0127));
#6820=CARTESIAN_POINT('',(-0.0784320974442959,0.0533993902569637,0.0127));
#6821=CARTESIAN_POINT('',(0.,0.0533993902569637,0.0127));
#6822=CARTESIAN_POINT('',(-0.25465,0.0533993902569637,0.0127));
#6823=CARTESIAN_POINT('',(-0.25465,-0.00160060974303633,0.0127));
#6824=CARTESIAN_POINT('',(-0.25465,-0.0566006097430363,0.0127));
#6825=CARTESIAN_POINT('',(0.,-0.0566006097430363,0.0127));
#6826=CARTESIAN_POINT('',(-0.249557,-0.0566006097430363,0.0127));
#6827=CARTESIAN_POINT('',(-0.249557,-0.0541006097430364,0.0127));
#6828=CARTESIAN_POINT('',(-0.249557,-0.0516006097430363,0.0127));
#6829=CARTESIAN_POINT('',(0.,-0.0516006097430363,0.0127));
#6830=CARTESIAN_POINT('',(-0.24965,-0.0516006097430363,0.0127));
#6831=CARTESIAN_POINT('',(-0.24965,-0.00160060974303633,0.0127));
#6832=CARTESIAN_POINT('',(0.,0.0533993902569637,0.0127));
#6833=CARTESIAN_POINT('',(0.,0.0533993902569637,0.02335));
#6834=CARTESIAN_POINT('',(0.,0.0533993902569637,0.03735));
#6835=CARTESIAN_POINT('',(-0.0784321948885918,0.0533993902569637,0.0300324490129948));
#6836=CARTESIAN_POINT('',(0.078432,0.0533993902569637,0.0300324490129948));
#6837=CARTESIAN_POINT('',(0.25465,0.0533993902569637,0.0127));
#6838=CARTESIAN_POINT('',(0.25465,0.0533993902569637,0.));
#6839=CARTESIAN_POINT('',(0.,0.0533993902569637,0.));
#6840=CARTESIAN_POINT('',(-0.25465,0.0533993902569637,0.));
#6841=CARTESIAN_POINT('',(-0.25465,0.0533993902569637,0.0127));
#6842=CARTESIAN_POINT('',(-0.25465,-0.00160060974303633,0.0127));
#6843=CARTESIAN_POINT('',(-0.25465,-0.00160060974303633,0.));
#6844=CARTESIAN_POINT('',(-0.25465,-0.0566006097430363,0.));
#6845=CARTESIAN_POINT('',(-0.25465,-0.0566006097430363,0.0127));
#6846=CARTESIAN_POINT('',(0.,-0.0566006097430363,0.0127));
#6847=CARTESIAN_POINT('',(0.,-0.0566006097430363,0.02335));
#6848=CARTESIAN_POINT('',(0.,-0.0566006097430363,0.01573));
#6849=CARTESIAN_POINT('',(0.,-0.0566006097430363,0.));
#6850=CARTESIAN_POINT('',(0.25465,-0.0566006097430363,0.));
#6851=CARTESIAN_POINT('',(0.25465,-0.0566006097430363,0.0127));
#6852=CARTESIAN_POINT('',(0.24965,-0.0566006097430363,0.0467));
#6853=CARTESIAN_POINT('',(0.24965,-0.0566006097430363,0.0467));
#6854=CARTESIAN_POINT('',(0.,-0.0566006097430363,0.0467));
#6855=CARTESIAN_POINT('',(-0.249557,-0.0566006097430363,0.0467));
#6856=CARTESIAN_POINT('',(-0.249557,-0.0566006097430363,0.0467));
#6857=CARTESIAN_POINT('',(-0.24965,-0.00160060974303633,0.0127));
#6858=CARTESIAN_POINT('',(-0.24965,-0.00160060974303633,0.));
#6859=CARTESIAN_POINT('',(-0.24965,-0.0516006097430363,0.));
#6860=CARTESIAN_POINT('',(-0.24965,-0.0516006097430363,0.0127));
#6861=CARTESIAN_POINT('',(0.24965,-0.00160060974303633,0.0127));
#6862=CARTESIAN_POINT('',(0.24965,-0.00160060974303633,0.));
#6863=CARTESIAN_POINT('',(0.24965,-0.0516006097430363,0.));
#6864=CARTESIAN_POINT('',(0.24965,-0.0516006097430363,0.0127));
#6865=CARTESIAN_POINT('',(0.,-0.0516006097430363,0.0127));
#6866=CARTESIAN_POINT('',(0.,-0.0516006097430363,0.02335));
#6867=CARTESIAN_POINT('',(0.,-0.0516006097430363,0.03097));
#6868=CARTESIAN_POINT('',(0.,-0.0516006097430363,0.));
#6869=CARTESIAN_POINT('',(-0.249557,-0.0516006097430363,0.0467));
#6870=CARTESIAN_POINT('',(-0.249557,-0.0516006097430363,0.0467));
#6871=CARTESIAN_POINT('',(0.,-0.0516006097430363,0.0467));
#6872=CARTESIAN_POINT('',(0.24965,-0.0516006097430363,0.0467));
#6873=CARTESIAN_POINT('',(0.24965,-0.0516006097430363,0.0467));
#6874=CARTESIAN_POINT('',(0.25465,-0.00160060974303633,0.0127));
#6875=CARTESIAN_POINT('',(0.25465,-0.00160060974303633,0.));
#6876=CARTESIAN_POINT('',(0.,-0.00160060974303633,0.));
#6877=CARTESIAN_POINT('',(0.078432,0.0373993902569636,0.));
#6878=CARTESIAN_POINT('',(0.078432,0.0373993902569636,0.));
#6879=CARTESIAN_POINT('',(0.,0.0373993902569636,0.));
#6880=CARTESIAN_POINT('',(-0.078432,0.0373993902569636,0.));
#6881=CARTESIAN_POINT('',(-0.078432,0.0373993902569636,0.));
#6882=CARTESIAN_POINT('',(0.24965,-0.0541006097430363,0.0467));
#6883=CARTESIAN_POINT('',(0.24965,-0.0541006097430363,0.0467));
#6884=CARTESIAN_POINT('',(-0.249557,-0.0541006097430364,0.0467));
#6885=CARTESIAN_POINT('',(-0.249557,-0.0541006097430364,0.0467));
#6886=CARTESIAN_POINT('',(0.,-0.00160060974303633,0.0467));
#6887=CARTESIAN_POINT('',(-0.078432,0.0373993902569636,0.00635));
#6888=CARTESIAN_POINT('',(-0.0784320974442959,0.0373993902569636,0.0127));
#6889=CARTESIAN_POINT('',(-0.0784320974442959,0.0373993902569636,0.0127));
#6890=CARTESIAN_POINT('',(-0.078432,0.0373993902569636,0.00635));
#6891=CARTESIAN_POINT('',(0.078432,0.0373993902569636,0.0300324490129948));
#6892=CARTESIAN_POINT('',(0.078432,0.0373993902569636,0.0300324490129948));
#6893=CARTESIAN_POINT('',(-0.0784321948885918,0.0373993902569636,0.0300324490129948));
#6894=CARTESIAN_POINT('',(-0.0784321948885918,0.0373993902569636,0.0300324490129948));
#6895=CARTESIAN_POINT('',(0.,0.0373993902569636,0.0236824490129948));
#6896=CARTESIAN_POINT('',(0.,0.0373993902569636,0.02335));
#6897=CARTESIAN_POINT('',(0.,0.0373993902569636,0.03835));
#6898=CARTESIAN_POINT('',(0.0308099789641952,0.039046335965395,0.0453648980259895));
#6899=CARTESIAN_POINT('',(0.0314810877640007,0.039046335965395,0.0453648980259895));
#6900=CARTESIAN_POINT('',(0.0314810877640007,0.039046335965395,0.0453648980259895));
#6901=CARTESIAN_POINT('',(0.0308099789641952,0.039046335965395,0.0453648980259895));
#6902=CARTESIAN_POINT('',(0.0301388701643898,0.039046335965395,0.0453648980259895));
#6903=CARTESIAN_POINT('',(0.0301388701643898,0.039046335965395,0.0453648980259895));
#6904=CARTESIAN_POINT('',(0.0314810877640007,0.0451062096932825,0.0453648980259895));
#6905=CARTESIAN_POINT('',(0.0314810877640007,0.0511660834211701,0.0453648980259895));
#6906=CARTESIAN_POINT('',(0.0314810877640007,0.0511660834211701,0.0453648980259895));
#6907=CARTESIAN_POINT('',(0.0314810877640007,0.0451062096932825,0.0453648980259895));
#6908=CARTESIAN_POINT('',(0.0309014938005323,0.0511660834211701,0.0453648980259895));
#6909=CARTESIAN_POINT('',(0.030321899837064,0.0511660834211701,0.0453648980259895));
#6910=CARTESIAN_POINT('',(0.030321899837064,0.0511660834211701,0.0453648980259895));
#6911=CARTESIAN_POINT('',(0.0309014938005323,0.0511660834211701,0.0453648980259895));
#6912=CARTESIAN_POINT('',(0.0287184007482008,0.0499259910737035,0.0453648980259895));
#6913=CARTESIAN_POINT('',(0.0271149016593376,0.0486858987262369,0.0453648980259895));
#6914=CARTESIAN_POINT('',(0.0271149016593376,0.0486858987262369,0.0453648980259895));
#6915=CARTESIAN_POINT('',(0.0287184007482008,0.0499259910737035,0.0453648980259895));
#6916=CARTESIAN_POINT('',(0.0274796347027101,0.0482137352228165,0.0453648980259895));
#6917=CARTESIAN_POINT('',(0.0278443677460827,0.047741571719396,0.0453648980259895));
#6918=CARTESIAN_POINT('',(0.0278443677460827,0.047741571719396,0.0453648980259895));
#6919=CARTESIAN_POINT('',(0.0274796347027101,0.0482137352228165,0.0453648980259895));
#6920=CARTESIAN_POINT('',(0.0298165787842461,0.0493583338280183,0.0453648980259895));
#6921=CARTESIAN_POINT('',(0.0298165787842461,0.0493583338280183,0.0473648980259895));
#6922=CARTESIAN_POINT('',(0.0296724539695316,0.0492318930396491,0.0453648980259895));
#6923=CARTESIAN_POINT('',(0.0296724539695316,0.0492318930396491,0.0473648980259895));
#6924=CARTESIAN_POINT('',(0.0290150502901438,0.048692972336775,0.0453648980259895));
#6925=CARTESIAN_POINT('',(0.0290150502901438,0.048692972336775,0.0473648980259895));
#6926=CARTESIAN_POINT('',(0.0278443677460827,0.047741571719396,0.0453648980259895));
#6927=CARTESIAN_POINT('',(0.0278443677460827,0.047741571719396,0.0473648980259895));
#6928=CARTESIAN_POINT('',(0.0298165787842461,0.0493583338280183,0.0453648980259895));
#6929=CARTESIAN_POINT('',(0.0298165787842461,0.0493583338280183,0.0453648980259895));
#6930=CARTESIAN_POINT('',(0.0298165787842461,0.0493583338280183,0.0453648980259895));
#6931=CARTESIAN_POINT('',(0.0296003915621743,0.0491686726454645,0.0453648980259895));
#6932=CARTESIAN_POINT('',(0.0278443677460827,0.047741571719396,0.0453648980259895));
#6933=CARTESIAN_POINT('',(0.0249775016748872,0.0549087316347502,0.0453648980259895));
#6934=CARTESIAN_POINT('',(0.0302047978133511,0.0497224883427695,0.0453648980259895));
#6935=CARTESIAN_POINT('',(0.0302047978131864,0.0497224883428439,0.0453648980259895));
#6936=CARTESIAN_POINT('',(0.0249775016748872,0.0549087316347502,0.0453648980259895));
#6937=CARTESIAN_POINT('',(0.0598508138346838,0.0477482299386841,0.0453648980259895));
#6938=CARTESIAN_POINT('',(0.0301388701643898,0.0476832144324564,0.0453648980259895));
#6939=CARTESIAN_POINT('',(0.0301390372814952,0.0476832147981411,0.0453648982759895));
#6940=CARTESIAN_POINT('',(0.0598508138346838,0.0477482299386841,0.0453648980259895));
#6941=CARTESIAN_POINT('',(0.0301388701643898,0.0433647751989257,0.0453648980259895));
#6942=CARTESIAN_POINT('',(0.0301388701643898,0.0433647751989257,0.0453648980259895));
#6943=CARTESIAN_POINT('',(-9.74442958823207E-8,0.0453993902569637,0.0453648980259895));
#6944=CARTESIAN_POINT('',(-0.0455584888081325,0.0400490202591754,0.0453648980259895));
#6945=CARTESIAN_POINT('',(-0.0455584888081325,0.0400490202591754,0.0473648980259895));
#6946=CARTESIAN_POINT('',(-0.0447733180383996,0.0400490202591754,0.0453648980259895));
#6947=CARTESIAN_POINT('',(-0.0447733180383996,0.0400490202591754,0.0473648980259895));
#6948=CARTESIAN_POINT('',(-0.0441641033308028,0.0402965966280101,0.0453648980259895));
#6949=CARTESIAN_POINT('',(-0.0441641033308028,0.0402965966280101,0.0473648980259895));
#6950=CARTESIAN_POINT('',(-0.0437308446853421,0.0407917493656795,0.0453648980259895));
#6951=CARTESIAN_POINT('',(-0.0437308446853421,0.0407917493656795,0.0473648980259895));
#6952=CARTESIAN_POINT('',(-0.0455584888081325,0.0400490202591754,0.0473648980259895));
#6953=CARTESIAN_POINT('',(-0.0443807326535332,0.0400490202591754,0.0473648980259895));
#6954=CARTESIAN_POINT('',(-0.0437308446853421,0.0407917493656795,0.0473648980259895));
#6955=CARTESIAN_POINT('',(-0.0455584888081325,0.0400490202591754,0.0473648980259895));
#6956=CARTESIAN_POINT('',(-0.0437308446853421,0.0407917493656795,0.0473648980259895));
#6957=CARTESIAN_POINT('',(-0.0455584888081325,0.0400490202591754,0.0453648980259895));
#6958=CARTESIAN_POINT('',(-0.0455584888081325,0.0400490202591754,0.0453648980259895));
#6959=CARTESIAN_POINT('',(-0.0455584888081325,0.0400490202591754,0.0453648980259895));
#6960=CARTESIAN_POINT('',(-0.0443807326535332,0.0400490202591754,0.0453648980259895));
#6961=CARTESIAN_POINT('',(-0.0437308446853421,0.0407917493656795,0.0453648980259895));
#6962=CARTESIAN_POINT('',(-0.0437308446853421,0.0407917493656795,0.0453648980259895));
#6963=CARTESIAN_POINT('',(-0.0437308446853421,0.0407917493656795,0.0453648980259895));
#6964=CARTESIAN_POINT('',(-0.0469471269768999,0.040480068401343,0.0453648980259895));
#6965=CARTESIAN_POINT('',(-0.0469471269768999,0.040480068401343,0.0473648980259895));
#6966=CARTESIAN_POINT('',(-0.0465412785722745,0.0401927029732313,0.0453648980259895));
#6967=CARTESIAN_POINT('',(-0.0465412785722745,0.0401927029732313,0.0473648980259895));
#6968=CARTESIAN_POINT('',(-0.0460783991826854,0.0400490202591754,0.0453648980259895));
#6969=CARTESIAN_POINT('',(-0.0460783991826854,0.0400490202591754,0.0473648980259895));
#6970=CARTESIAN_POINT('',(-0.0455584888081325,0.0400490202591754,0.0453648980259895));
#6971=CARTESIAN_POINT('',(-0.0455584888081325,0.0400490202591754,0.0473648980259895));
#6972=CARTESIAN_POINT('',(-0.0469471269768999,0.040480068401343,0.0473648980259895));
#6973=CARTESIAN_POINT('',(-0.0463383543699618,0.0400490202591754,0.0473648980259895));
#6974=CARTESIAN_POINT('',(-0.0455584888081325,0.0400490202591754,0.0473648980259895));
#6975=CARTESIAN_POINT('',(-0.0469471269768999,0.040480068401343,0.0473648980259895));
#6976=CARTESIAN_POINT('',(-0.0469471269768999,0.040480068401343,0.0453648980259895));
#6977=CARTESIAN_POINT('',(-0.0469471269768999,0.040480068401343,0.0453648980259895));
#6978=CARTESIAN_POINT('',(-0.0469471269768999,0.040480068401343,0.0453648980259895));
#6979=CARTESIAN_POINT('',(-0.0463383543699618,0.0400490202591754,0.0453648980259895));
#6980=CARTESIAN_POINT('',(-0.0455584888081325,0.0400490202591754,0.0453648980259895));
#6981=CARTESIAN_POINT('',(-0.0478874750778131,0.0416485404421109,0.0453648980259895));
#6982=CARTESIAN_POINT('',(-0.0478874750778131,0.0416485404421109,0.0473648980259895));
#6983=CARTESIAN_POINT('',(-0.0476664247484964,0.0411569245097107,0.0453648980259895));
#6984=CARTESIAN_POINT('',(-0.0476664247484964,0.0411569245097107,0.0473648980259895));
#6985=CARTESIAN_POINT('',(-0.0473529753815254,0.0407674338294547,0.0453648980259895));
#6986=CARTESIAN_POINT('',(-0.0473529753815254,0.0407674338294547,0.0473648980259895));
#6987=CARTESIAN_POINT('',(-0.0469471269768999,0.040480068401343,0.0453648980259895));
#6988=CARTESIAN_POINT('',(-0.0469471269768999,0.040480068401343,0.0473648980259895));
#6989=CARTESIAN_POINT('',(-0.0478874750778131,0.0416485404421109,0.0473648980259895));
#6990=CARTESIAN_POINT('',(-0.0475558995838381,0.0409111165435105,0.0473648980259895));
#6991=CARTESIAN_POINT('',(-0.0469471269768999,0.040480068401343,0.0473648980259895));
#6992=CARTESIAN_POINT('',(-0.0478874750778131,0.0416485404421109,0.0473648980259895));
#6993=CARTESIAN_POINT('',(-0.0478874750778131,0.0416485404421109,0.0453648980259895));
#6994=CARTESIAN_POINT('',(-0.0478874750778131,0.0416485404421109,0.0453648980259895));
#6995=CARTESIAN_POINT('',(-0.0478874750778131,0.0416485404421109,0.0453648980259895));
#6996=CARTESIAN_POINT('',(-0.0475558995838381,0.0409111165435105,0.0453648980259895));
#6997=CARTESIAN_POINT('',(-0.0469471269768999,0.040480068401343,0.0453648980259895));
#6998=CARTESIAN_POINT('',(-0.0443838651551774,0.0432047410047783,0.0453648980259895));
#6999=CARTESIAN_POINT('',(-0.0443838651551774,0.0432047410047783,0.0473648980259895));
#7000=CARTESIAN_POINT('',(-0.0482190505717881,0.0432401028131911,0.0473648980259895));
#7001=CARTESIAN_POINT('',(-0.0482190505717881,0.0432401028131911,0.0453648980259895));
#7002=CARTESIAN_POINT('',(-0.0482190505717881,0.0432401028131911,0.0453648980259895));
#7003=CARTESIAN_POINT('',(-0.0443838651551774,0.0432047410047783,0.0453648980259895));
#7004=CARTESIAN_POINT('',(-0.0478503386224879,0.0443595016808508,0.0453648980259895));
#7005=CARTESIAN_POINT('',(-0.0478503386224879,0.0443595016808508,0.0473648980259895));
#7006=CARTESIAN_POINT('',(-0.048096146588688,0.0440005159460405,0.0453648980259895));
#7007=CARTESIAN_POINT('',(-0.048096146588688,0.0440005159460405,0.0473648980259895));
#7008=CARTESIAN_POINT('',(-0.0482190505717881,0.0436273829901539,0.0453648980259895));
#7009=CARTESIAN_POINT('',(-0.0482190505717881,0.0436273829901539,0.0473648980259895));
#7010=CARTESIAN_POINT('',(-0.0482190505717881,0.0432401028131911,0.0453648980259895));
#7011=CARTESIAN_POINT('',(-0.0482190505717881,0.0432401028131911,0.0473648980259895));
#7012=CARTESIAN_POINT('',(-0.0478503386224879,0.0443595016808508,0.0473648980259895));
#7013=CARTESIAN_POINT('',(-0.0482190505717881,0.0438210230786353,0.0473648980259895));
#7014=CARTESIAN_POINT('',(-0.0482190505717881,0.0432401028131911,0.0473648980259895));
#7015=CARTESIAN_POINT('',(-0.0478503386224879,0.0443595016808508,0.0473648980259895));
#7016=CARTESIAN_POINT('',(-0.0478503386224879,0.0443595016808508,0.0453648980259895));
#7017=CARTESIAN_POINT('',(-0.0478503386224879,0.0443595016808508,0.0453648980259895));
#7018=CARTESIAN_POINT('',(-0.0478503386224879,0.0443595016808508,0.0453648980259895));
#7019=CARTESIAN_POINT('',(-0.0482190505717881,0.0438210230786353,0.0453648980259895));
#7020=CARTESIAN_POINT('',(-0.0482190505717881,0.0432401028131911,0.0453648980259895));
#7021=CARTESIAN_POINT('',(-0.0468595910464905,0.045205682341475,0.0453648980259895));
#7022=CARTESIAN_POINT('',(-0.0468595910464905,0.045205682341475,0.0473648980259895));
#7023=CARTESIAN_POINT('',(-0.0472742814642886,0.0450005476358691,0.0453648980259895));
#7024=CARTESIAN_POINT('',(-0.0472742814642886,0.0450005476358691,0.0473648980259895));
#7025=CARTESIAN_POINT('',(-0.0476045306562878,0.0447184874156611,0.0453648980259895));
#7026=CARTESIAN_POINT('',(-0.0476045306562878,0.0447184874156611,0.0473648980259895));
#7027=CARTESIAN_POINT('',(-0.0478503386224879,0.0443595016808508,0.0453648980259895));
#7028=CARTESIAN_POINT('',(-0.0478503386224879,0.0443595016808508,0.0473648980259895));
#7029=CARTESIAN_POINT('',(-0.0468595910464905,0.045205682341475,0.0473648980259895));
#7030=CARTESIAN_POINT('',(-0.0474816266731877,0.0448979802830662,0.0473648980259895));
#7031=CARTESIAN_POINT('',(-0.0478503386224879,0.0443595016808508,0.0473648980259895));
#7032=CARTESIAN_POINT('',(-0.0468595910464905,0.045205682341475,0.0473648980259895));
#7033=CARTESIAN_POINT('',(-0.0468595910464905,0.045205682341475,0.0453648980259895));
#7034=CARTESIAN_POINT('',(-0.0468595910464905,0.045205682341475,0.0453648980259895));
#7035=CARTESIAN_POINT('',(-0.0468595910464905,0.045205682341475,0.0453648980259895));
#7036=CARTESIAN_POINT('',(-0.0474816266731877,0.0448979802830662,0.0453648980259895));
#7037=CARTESIAN_POINT('',(-0.0478503386224879,0.0443595016808508,0.0453648980259895));
#7038=CARTESIAN_POINT('',(-0.0454921737093375,0.0455133843998839,0.0453648980259895));
#7039=CARTESIAN_POINT('',(-0.0454921737093375,0.0455133843998839,0.0473648980259895));
#7040=CARTESIAN_POINT('',(-0.0459890948496414,0.0455133843998839,0.0453648980259895));
#7041=CARTESIAN_POINT('',(-0.0459890948496414,0.0455133843998839,0.0473648980259895));
#7042=CARTESIAN_POINT('',(-0.0464449006286924,0.0454108170470809,0.0453648980259895));
#7043=CARTESIAN_POINT('',(-0.0464449006286924,0.0454108170470809,0.0473648980259895));
#7044=CARTESIAN_POINT('',(-0.0468595910464905,0.045205682341475,0.0453648980259895));
#7045=CARTESIAN_POINT('',(-0.0468595910464905,0.045205682341475,0.0473648980259895));
#7046=CARTESIAN_POINT('',(-0.0454921737093375,0.0455133843998839,0.0473648980259895));
#7047=CARTESIAN_POINT('',(-0.0462375554197934,0.0455133843998839,0.0473648980259895));
#7048=CARTESIAN_POINT('',(-0.0468595910464905,0.045205682341475,0.0473648980259895));
#7049=CARTESIAN_POINT('',(-0.0454921737093375,0.0455133843998839,0.0473648980259895));
#7050=CARTESIAN_POINT('',(-0.0454921737093375,0.0455133843998839,0.0453648980259895));
#7051=CARTESIAN_POINT('',(-0.0454921737093375,0.0455133843998839,0.0453648980259895));
#7052=CARTESIAN_POINT('',(-0.0454921737093375,0.0455133843998839,0.0453648980259895));
#7053=CARTESIAN_POINT('',(-0.0462375554197934,0.0455133843998839,0.0453648980259895));
#7054=CARTESIAN_POINT('',(-0.0468595910464905,0.045205682341475,0.0453648980259895));
#7055=CARTESIAN_POINT('',(-0.0436857504181615,0.0448250336743917,0.0453648980259895));
#7056=CARTESIAN_POINT('',(-0.0436857504181615,0.0448250336743917,0.0473648980259895));
#7057=CARTESIAN_POINT('',(-0.0440889462188352,0.0452839341580532,0.0453648980259895));
#7058=CARTESIAN_POINT('',(-0.0440889462188352,0.0452839341580532,0.0473648980259895));
#7059=CARTESIAN_POINT('',(-0.0446910873158938,0.0455133843998839,0.0453648980259895));
#7060=CARTESIAN_POINT('',(-0.0446910873158938,0.0455133843998839,0.0473648980259895));
#7061=CARTESIAN_POINT('',(-0.0454921737093375,0.0455133843998839,0.0453648980259895));
#7062=CARTESIAN_POINT('',(-0.0454921737093375,0.0455133843998839,0.0473648980259895));
#7063=CARTESIAN_POINT('',(-0.0436857504181615,0.0448250336743917,0.0473648980259895));
#7064=CARTESIAN_POINT('',(-0.044290544119172,0.0455133843998839,0.0473648980259895));
#7065=CARTESIAN_POINT('',(-0.0454921737093375,0.0455133843998839,0.0473648980259895));
#7066=CARTESIAN_POINT('',(-0.0436857504181615,0.0448250336743917,0.0473648980259895));
#7067=CARTESIAN_POINT('',(-0.0436857504181615,0.0448250336743917,0.0453648980259895));
#7068=CARTESIAN_POINT('',(-0.0436857504181615,0.0448250336743917,0.0453648980259895));
#7069=CARTESIAN_POINT('',(-0.0436857504181615,0.0448250336743917,0.0453648980259895));
#7070=CARTESIAN_POINT('',(-0.044290544119172,0.0455133843998839,0.0453648980259895));
#7071=CARTESIAN_POINT('',(-0.0454921737093375,0.0455133843998839,0.0453648980259895));
#7072=CARTESIAN_POINT('',(-0.0430809567171511,0.0429350533587341,0.0453648980259895));
#7073=CARTESIAN_POINT('',(-0.0430809567171511,0.0429350533587341,0.0473648980259895));
#7074=CARTESIAN_POINT('',(-0.0430809567171511,0.0437361397521777,0.0453648980259895));
#7075=CARTESIAN_POINT('',(-0.0430809567171511,0.0437361397521777,0.0473648980259895));
#7076=CARTESIAN_POINT('',(-0.0432825546174879,0.0443661331907303,0.0453648980259895));
#7077=CARTESIAN_POINT('',(-0.0432825546174879,0.0443661331907303,0.0473648980259895));
#7078=CARTESIAN_POINT('',(-0.0436857504181615,0.0448250336743917,0.0453648980259895));
#7079=CARTESIAN_POINT('',(-0.0436857504181615,0.0448250336743917,0.0473648980259895));
#7080=CARTESIAN_POINT('',(-0.0430809567171511,0.0429350533587341,0.0473648980259895));
#7081=CARTESIAN_POINT('',(-0.0430809567171511,0.0441366829488996,0.0473648980259895));
#7082=CARTESIAN_POINT('',(-0.0436857504181615,0.0448250336743917,0.0473648980259895));
#7083=CARTESIAN_POINT('',(-0.0430809567171511,0.0429350533587341,0.0473648980259895));
#7084=CARTESIAN_POINT('',(-0.0430809567171511,0.0429350533587341,0.0453648980259895));
#7085=CARTESIAN_POINT('',(-0.0430809567171511,0.0429350533587341,0.0453648980259895));
#7086=CARTESIAN_POINT('',(-0.0430809567171511,0.0429350533587341,0.0453648980259895));
#7087=CARTESIAN_POINT('',(-0.0430809567171511,0.0441366829488996,0.0453648980259895));
#7088=CARTESIAN_POINT('',(-0.0436857504181615,0.0448250336743917,0.0453648980259895));
#7089=CARTESIAN_POINT('',(-0.049627583270194,0.0442268714832608,0.0453648980259895));
#7090=CARTESIAN_POINT('',(-0.049627583270194,0.0442268714832608,0.0473648980259895));
#7091=CARTESIAN_POINT('',(-0.049627583270194,0.0466089098319773,0.0453648980259895));
#7092=CARTESIAN_POINT('',(-0.049627583270194,0.0466089098319773,0.0473648980259895));
#7093=CARTESIAN_POINT('',(-0.0491647038806049,0.0483896912849525,0.0453648980259895));
#7094=CARTESIAN_POINT('',(-0.0491647038806049,0.0483896912849525,0.0473648980259895));
#7095=CARTESIAN_POINT('',(-0.0482389451014266,0.0495692158421864,0.0453648980259895));
#7096=CARTESIAN_POINT('',(-0.0482389451014266,0.0495692158421864,0.0473648980259895));
#7097=CARTESIAN_POINT('',(-0.049627583270194,0.0442268714832608,0.0453648980259895));
#7098=CARTESIAN_POINT('',(-0.049627583270194,0.0442268714832608,0.0453648980259895));
#7099=CARTESIAN_POINT('',(-0.049627583270194,0.0442268714832608,0.0453648980259895));
#7100=CARTESIAN_POINT('',(-0.049627583270194,0.0477999290063356,0.0453648980259895));
#7101=CARTESIAN_POINT('',(-0.0482389451014266,0.0495692158421864,0.0453648980259895));
#7102=CARTESIAN_POINT('',(-0.0482389451014266,0.0495692158421864,0.0453648980259895));
#7103=CARTESIAN_POINT('',(-0.0482389451014266,0.0495692158421864,0.0453648980259895));
#7104=CARTESIAN_POINT('',(-0.048525426328221,0.0402930598227411,0.0453648980259895));
#7105=CARTESIAN_POINT('',(-0.048525426328221,0.0402930598227411,0.0473648980259895));
#7106=CARTESIAN_POINT('',(-0.0492601976228697,0.0412356184269474,0.0453648980259895));
#7107=CARTESIAN_POINT('',(-0.0492601976228697,0.0412356184269474,0.0473648980259895));
#7108=CARTESIAN_POINT('',(-0.049627583270194,0.042546888980454,0.0453648980259895));
#7109=CARTESIAN_POINT('',(-0.049627583270194,0.042546888980454,0.0473648980259895));
#7110=CARTESIAN_POINT('',(-0.049627583270194,0.0442268714832608,0.0453648980259895));
#7111=CARTESIAN_POINT('',(-0.049627583270194,0.0442268714832608,0.0473648980259895));
#7112=CARTESIAN_POINT('',(-0.048525426328221,0.0402930598227411,0.0453648980259895));
#7113=CARTESIAN_POINT('',(-0.048525426328221,0.0402930598227411,0.0453648980259895));
#7114=CARTESIAN_POINT('',(-0.048525426328221,0.0402930598227411,0.0453648980259895));
#7115=CARTESIAN_POINT('',(-0.049627583270194,0.0417068977290506,0.0453648980259895));
#7116=CARTESIAN_POINT('',(-0.049627583270194,0.0442268714832608,0.0453648980259895));
#7117=CARTESIAN_POINT('',(-0.0455425731844217,0.0388792219164315,0.0453648980259895));
#7118=CARTESIAN_POINT('',(-0.0455425731844217,0.0388792219164315,0.0473648980259895));
#7119=CARTESIAN_POINT('',(-0.0467963706523059,0.0388792219164315,0.0453648980259895));
#7120=CARTESIAN_POINT('',(-0.0467963706523059,0.0388792219164315,0.0473648980259895));
#7121=CARTESIAN_POINT('',(-0.0477906550335723,0.0393505012185347,0.0453648980259895));
#7122=CARTESIAN_POINT('',(-0.0477906550335723,0.0393505012185347,0.0473648980259895));
#7123=CARTESIAN_POINT('',(-0.048525426328221,0.0402930598227411,0.0453648980259895));
#7124=CARTESIAN_POINT('',(-0.048525426328221,0.0402930598227411,0.0473648980259895));
#7125=CARTESIAN_POINT('',(-0.0455425731844217,0.0388792219164315,0.0453648980259895));
#7126=CARTESIAN_POINT('',(-0.0455425731844217,0.0388792219164315,0.0453648980259895));
#7127=CARTESIAN_POINT('',(-0.0455425731844217,0.0388792219164315,0.0453648980259895));
#7128=CARTESIAN_POINT('',(-0.047423269386248,0.0388792219164315,0.0453648980259895));
#7129=CARTESIAN_POINT('',(-0.048525426328221,0.0402930598227411,0.0453648980259895));
#7130=CARTESIAN_POINT('',(-0.0427520338271279,0.0399614843287661,0.0453648980259895));
#7131=CARTESIAN_POINT('',(-0.0427520338271279,0.0399614843287661,0.0473648980259895));
#7132=CARTESIAN_POINT('',(-0.0434399424519614,0.0392399760538764,0.0453648980259895));
#7133=CARTESIAN_POINT('',(-0.0434399424519614,0.0392399760538764,0.0473648980259895));
#7134=CARTESIAN_POINT('',(-0.044370122237726,0.0388792219164315,0.0453648980259895));
#7135=CARTESIAN_POINT('',(-0.044370122237726,0.0388792219164315,0.0473648980259895));
#7136=CARTESIAN_POINT('',(-0.0455425731844217,0.0388792219164315,0.0453648980259895));
#7137=CARTESIAN_POINT('',(-0.0455425731844217,0.0388792219164315,0.0473648980259895));
#7138=CARTESIAN_POINT('',(-0.0427520338271279,0.0399614843287661,0.0453648980259895));
#7139=CARTESIAN_POINT('',(-0.0427520338271279,0.0399614843287661,0.0453648980259895));
#7140=CARTESIAN_POINT('',(-0.0427520338271279,0.0399614843287661,0.0453648980259895));
#7141=CARTESIAN_POINT('',(-0.0437838967643782,0.0388792219164315,0.0453648980259895));
#7142=CARTESIAN_POINT('',(-0.0455425731844217,0.0388792219164315,0.0453648980259895));
#7143=CARTESIAN_POINT('',(-0.0417201708898776,0.0429350533587341,0.0453648980259895));
#7144=CARTESIAN_POINT('',(-0.0417201708898776,0.0429350533587341,0.0473648980259895));
#7145=CARTESIAN_POINT('',(-0.0417201708898776,0.0416741822803117,0.0453648980259895));
#7146=CARTESIAN_POINT('',(-0.0417201708898776,0.0416741822803117,0.0473648980259895));
#7147=CARTESIAN_POINT('',(-0.0420641252022944,0.0406829926036557,0.0453648980259895));
#7148=CARTESIAN_POINT('',(-0.0420641252022944,0.0406829926036557,0.0473648980259895));
#7149=CARTESIAN_POINT('',(-0.0427520338271279,0.0399614843287661,0.0453648980259895));
#7150=CARTESIAN_POINT('',(-0.0427520338271279,0.0399614843287661,0.0473648980259895));
#7151=CARTESIAN_POINT('',(-0.0417201708898776,0.0429350533587341,0.0453648980259895));
#7152=CARTESIAN_POINT('',(-0.0417201708898776,0.0429350533587341,0.0453648980259895));
#7153=CARTESIAN_POINT('',(-0.0417201708898776,0.0429350533587341,0.0453648980259895));
#7154=CARTESIAN_POINT('',(-0.0417201708898776,0.0410437467411005,0.0453648980259895));
#7155=CARTESIAN_POINT('',(-0.0427520338271279,0.0399614843287661,0.0453648980259895));
#7156=CARTESIAN_POINT('',(-0.0426605189907908,0.0456115307461005,0.0453648980259895));
#7157=CARTESIAN_POINT('',(-0.0426605189907908,0.0456115307461005,0.0473648980259895));
#7158=CARTESIAN_POINT('',(-0.0420336202568487,0.044953684966054,0.0453648980259895));
#7159=CARTESIAN_POINT('',(-0.0420336202568487,0.044953684966054,0.0473648980259895));
#7160=CARTESIAN_POINT('',(-0.0417201708898776,0.0440615258369319,0.0453648980259895));
#7161=CARTESIAN_POINT('',(-0.0417201708898776,0.0440615258369319,0.0473648980259895));
#7162=CARTESIAN_POINT('',(-0.0417201708898776,0.0429350533587341,0.0453648980259895));
#7163=CARTESIAN_POINT('',(-0.0417201708898776,0.0429350533587341,0.0473648980259895));
#7164=CARTESIAN_POINT('',(-0.0426605189907908,0.0456115307461005,0.0453648980259895));
#7165=CARTESIAN_POINT('',(-0.0426605189907908,0.0456115307461005,0.0453648980259895));
#7166=CARTESIAN_POINT('',(-0.0426605189907908,0.0456115307461005,0.0453648980259895));
#7167=CARTESIAN_POINT('',(-0.0417201708898776,0.0446247620760308,0.0453648980259895));
#7168=CARTESIAN_POINT('',(-0.0417201708898776,0.0429350533587341,0.0453648980259895));
#7169=CARTESIAN_POINT('',(-0.0452348711260129,0.0465982994161701,0.0453648980259895));
#7170=CARTESIAN_POINT('',(-0.0452348711260129,0.0465982994161701,0.0473648980259895));
#7171=CARTESIAN_POINT('',(-0.0441455351031403,0.0465982994161701,0.0453648980259895));
#7172=CARTESIAN_POINT('',(-0.0441455351031403,0.0465982994161701,0.0473648980259895));
#7173=CARTESIAN_POINT('',(-0.0432874177247329,0.0462693765261469,0.0453648980259895));
#7174=CARTESIAN_POINT('',(-0.0432874177247329,0.0462693765261469,0.0473648980259895));
#7175=CARTESIAN_POINT('',(-0.0426605189907908,0.0456115307461005,0.0453648980259895));
#7176=CARTESIAN_POINT('',(-0.0426605189907908,0.0456115307461005,0.0473648980259895));
#7177=CARTESIAN_POINT('',(-0.0452348711260129,0.0465982994161701,0.0453648980259895));
#7178=CARTESIAN_POINT('',(-0.0452348711260129,0.0465982994161701,0.0453648980259895));
#7179=CARTESIAN_POINT('',(-0.0452348711260129,0.0465982994161701,0.0453648980259895));
#7180=CARTESIAN_POINT('',(-0.043600867091704,0.0465982994161701,0.0453648980259895));
#7181=CARTESIAN_POINT('',(-0.0426605189907908,0.0456115307461005,0.0453648980259895));
#7182=CARTESIAN_POINT('',(-0.0481209042255715,0.0451711984901016,0.0453648980259895));
#7183=CARTESIAN_POINT('',(-0.0481209042255715,0.0451711984901016,0.0473648980259895));
#7184=CARTESIAN_POINT('',(-0.047512573719292,0.0461225991074806,0.0453648980259895));
#7185=CARTESIAN_POINT('',(-0.047512573719292,0.0461225991074806,0.0473648980259895));
#7186=CARTESIAN_POINT('',(-0.0465505626861058,0.0465982994161701,0.0453648980259895));
#7187=CARTESIAN_POINT('',(-0.0465505626861058,0.0465982994161701,0.0473648980259895));
#7188=CARTESIAN_POINT('',(-0.0452348711260129,0.0465982994161701,0.0453648980259895));
#7189=CARTESIAN_POINT('',(-0.0452348711260129,0.0465982994161701,0.0473648980259895));
#7190=CARTESIAN_POINT('',(-0.0481209042255715,0.0451711984901016,0.0453648980259895));
#7191=CARTESIAN_POINT('',(-0.0481209042255715,0.0451711984901016,0.0453648980259895));
#7192=CARTESIAN_POINT('',(-0.0481209042255715,0.0451711984901016,0.0453648980259895));
#7193=CARTESIAN_POINT('',(-0.0472084084661522,0.0465982994161701,0.0453648980259895));
#7194=CARTESIAN_POINT('',(-0.0452348711260129,0.0465982994161701,0.0453648980259895));
#7195=CARTESIAN_POINT('',(-0.0481699773986798,0.0451711984901016,0.0453648980259895));
#7196=CARTESIAN_POINT('',(-0.0482190505717881,0.0451711984901016,0.0453648980259895));
#7197=CARTESIAN_POINT('',(-0.0482190505717881,0.0451711984901016,0.0453648980259895));
#7198=CARTESIAN_POINT('',(-0.0481699773986798,0.0451711984901016,0.0453648980259895));
#7199=CARTESIAN_POINT('',(-0.0470930201942489,0.048989621878718,0.0453648980259895));
#7200=CARTESIAN_POINT('',(-0.0470930201942489,0.048989621878718,0.0473648980259895));
#7201=CARTESIAN_POINT('',(-0.0477782762151306,0.0481805776734189,0.0453648980259895));
#7202=CARTESIAN_POINT('',(-0.0477782762151306,0.0481805776734189,0.0473648980259895));
#7203=CARTESIAN_POINT('',(-0.0481536196743104,0.0469077698772135,0.0453648980259895));
#7204=CARTESIAN_POINT('',(-0.0481536196743104,0.0469077698772135,0.0473648980259895));
#7205=CARTESIAN_POINT('',(-0.0482190505717881,0.0451711984901016,0.0453648980259895));
#7206=CARTESIAN_POINT('',(-0.0482190505717881,0.0451711984901016,0.0473648980259895));
#7207=CARTESIAN_POINT('',(-0.0470930201942489,0.048989621878718,0.0453648980259895));
#7208=CARTESIAN_POINT('',(-0.0470930201942489,0.048989621878718,0.0453648980259895));
#7209=CARTESIAN_POINT('',(-0.0470930201942489,0.048989621878718,0.0453648980259895));
#7210=CARTESIAN_POINT('',(-0.0481209042255715,0.0477760555707694,0.0453648980259895));
#7211=CARTESIAN_POINT('',(-0.0482190505717881,0.0451711984901016,0.0453648980259895));
#7212=CARTESIAN_POINT('',(-0.0441154722583532,0.0502031881866666,0.0453648980259895));
#7213=CARTESIAN_POINT('',(-0.0441154722583532,0.0502031881866666,0.0473648980259895));
#7214=CARTESIAN_POINT('',(-0.0454152481947353,0.0502031881866666,0.0453648980259895));
#7215=CARTESIAN_POINT('',(-0.0454152481947353,0.0502031881866666,0.0473648980259895));
#7216=CARTESIAN_POINT('',(-0.0464077641733672,0.0497986660840171,0.0453648980259895));
#7217=CARTESIAN_POINT('',(-0.0464077641733672,0.0497986660840171,0.0473648980259895));
#7218=CARTESIAN_POINT('',(-0.0470930201942489,0.048989621878718,0.0453648980259895));
#7219=CARTESIAN_POINT('',(-0.0470930201942489,0.048989621878718,0.0473648980259895));
#7220=CARTESIAN_POINT('',(-0.0441154722583532,0.0502031881866666,0.0453648980259895));
#7221=CARTESIAN_POINT('',(-0.0441154722583532,0.0502031881866666,0.0453648980259895));
#7222=CARTESIAN_POINT('',(-0.0441154722583532,0.0502031881866666,0.0453648980259895));
#7223=CARTESIAN_POINT('',(-0.0460651361629264,0.0502031881866666,0.0453648980259895));
#7224=CARTESIAN_POINT('',(-0.0470930201942489,0.048989621878718,0.0453648980259895));
#7225=CARTESIAN_POINT('',(-0.0426565400848631,0.0499962850784262,0.0453648980259895));
#7226=CARTESIAN_POINT('',(-0.0426565400848631,0.0499962850784262,0.0473648980259895));
#7227=CARTESIAN_POINT('',(-0.0430827251197857,0.0501342204839198,0.0453648980259895));
#7228=CARTESIAN_POINT('',(-0.0430827251197857,0.0501342204839198,0.0473648980259895));
#7229=CARTESIAN_POINT('',(-0.0435690358442824,0.0502031881866666,0.0453648980259895));
#7230=CARTESIAN_POINT('',(-0.0435690358442824,0.0502031881866666,0.0473648980259895));
#7231=CARTESIAN_POINT('',(-0.0441154722583532,0.0502031881866666,0.0453648980259895));
#7232=CARTESIAN_POINT('',(-0.0441154722583532,0.0502031881866666,0.0473648980259895));
#7233=CARTESIAN_POINT('',(-0.0426565400848631,0.0499962850784262,0.0453648980259895));
#7234=CARTESIAN_POINT('',(-0.0426565400848631,0.0499962850784262,0.0453648980259895));
#7235=CARTESIAN_POINT('',(-0.0426565400848631,0.0499962850784262,0.0453648980259895));
#7236=CARTESIAN_POINT('',(-0.0432958176372469,0.0502031881866666,0.0453648980259895));
#7237=CARTESIAN_POINT('',(-0.0441154722583532,0.0502031881866666,0.0453648980259895));
#7238=CARTESIAN_POINT('',(-0.0426565400848631,0.0505891420616536,0.0453648980259895));
#7239=CARTESIAN_POINT('',(-0.0426565400848631,0.0511819990448809,0.0453648980259895));
#7240=CARTESIAN_POINT('',(-0.0426565400848631,0.0511819990448809,0.0453648980259895));
#7241=CARTESIAN_POINT('',(-0.0426565400848631,0.0505891420616536,0.0453648980259895));
#7242=CARTESIAN_POINT('',(-0.044131387882064,0.0513385026780371,0.0453648980259895));
#7243=CARTESIAN_POINT('',(-0.044131387882064,0.0513385026780371,0.0473648980259895));
#7244=CARTESIAN_POINT('',(-0.0435071417520737,0.0513385026780371,0.0453648980259895));
#7245=CARTESIAN_POINT('',(-0.0435071417520737,0.0513385026780371,0.0473648980259895));
#7246=CARTESIAN_POINT('',(-0.0430155258196734,0.0512863348003184,0.0453648980259895));
#7247=CARTESIAN_POINT('',(-0.0430155258196734,0.0512863348003184,0.0473648980259895));
#7248=CARTESIAN_POINT('',(-0.0426565400848631,0.0511819990448809,0.0453648980259895));
#7249=CARTESIAN_POINT('',(-0.0426565400848631,0.0511819990448809,0.0473648980259895));
#7250=CARTESIAN_POINT('',(-0.044131387882064,0.0513385026780371,0.0453648980259895));
#7251=CARTESIAN_POINT('',(-0.044131387882064,0.0513385026780371,0.0453648980259895));
#7252=CARTESIAN_POINT('',(-0.044131387882064,0.0513385026780371,0.0453648980259895));
#7253=CARTESIAN_POINT('',(-0.0431950186870786,0.0513385026780371,0.0453648980259895));
#7254=CARTESIAN_POINT('',(-0.0426565400848631,0.0511819990448809,0.0453648980259895));
#7255=CARTESIAN_POINT('',(-0.0482389451014266,0.0495692158421864,0.0453648980259895));
#7256=CARTESIAN_POINT('',(-0.0482389451014266,0.0495692158421864,0.0473648980259895));
#7257=CARTESIAN_POINT('',(-0.0473131863222483,0.0507487403994202,0.0453648980259895));
#7258=CARTESIAN_POINT('',(-0.0473131863222483,0.0507487403994202,0.0473648980259895));
#7259=CARTESIAN_POINT('',(-0.0459440005824608,0.0513385026780371,0.0453648980259895));
#7260=CARTESIAN_POINT('',(-0.0459440005824608,0.0513385026780371,0.0473648980259895));
#7261=CARTESIAN_POINT('',(-0.044131387882064,0.0513385026780371,0.0453648980259895));
#7262=CARTESIAN_POINT('',(-0.044131387882064,0.0513385026780371,0.0473648980259895));
#7263=CARTESIAN_POINT('',(-0.0482389451014266,0.0495692158421864,0.0453648980259895));
#7264=CARTESIAN_POINT('',(-0.0468503069326592,0.0513385026780371,0.0453648980259895));
#7265=CARTESIAN_POINT('',(-0.044131387882064,0.0513385026780371,0.0453648980259895));
#7266=CARTESIAN_POINT('',(-0.0437308446853421,0.0407917493656795,0.0453648980259895));
#7267=CARTESIAN_POINT('',(-0.0437308446853421,0.0407917493656795,0.0473648980259895));
#7268=CARTESIAN_POINT('',(-0.0432975860398815,0.0412869021033489,0.0453648980259895));
#7269=CARTESIAN_POINT('',(-0.0432975860398815,0.0412869021033489,0.0473648980259895));
#7270=CARTESIAN_POINT('',(-0.0430809567171511,0.0420013367677004,0.0453648980259895));
#7271=CARTESIAN_POINT('',(-0.0430809567171511,0.0420013367677004,0.0473648980259895));
#7272=CARTESIAN_POINT('',(-0.0430809567171511,0.0429350533587341,0.0453648980259895));
#7273=CARTESIAN_POINT('',(-0.0430809567171511,0.0429350533587341,0.0473648980259895));
#7274=CARTESIAN_POINT('',(-0.0437308446853421,0.0407917493656795,0.0473648980259895));
#7275=CARTESIAN_POINT('',(-0.0430809567171511,0.0415344784721835,0.0473648980259895));
#7276=CARTESIAN_POINT('',(-0.0430809567171511,0.0429350533587341,0.0473648980259895));
#7277=CARTESIAN_POINT('',(-0.0437308446853421,0.0407917493656795,0.0453648980259895));
#7278=CARTESIAN_POINT('',(-0.0430809567171511,0.0415344784721835,0.0453648980259895));
#7279=CARTESIAN_POINT('',(-0.0430809567171511,0.0429350533587341,0.0453648980259895));
#7280=CARTESIAN_POINT('',(-9.74442958823207E-8,0.0453993902569637,0.0453648980259895));
#7281=CARTESIAN_POINT('',(-0.0289478828619597,0.0451234516189692,0.0453648980259895));
#7282=CARTESIAN_POINT('',(-0.0289478828619597,0.0451234516189692,0.0473648980259895));
#7283=CARTESIAN_POINT('',(-0.0289478828619597,0.0433603541923394,0.0453648980259895));
#7284=CARTESIAN_POINT('',(-0.0289478828619597,0.0433603541923394,0.0473648980259895));
#7285=CARTESIAN_POINT('',(-0.0287405376530606,0.0420764938796681,0.0453648980259895));
#7286=CARTESIAN_POINT('',(-0.0287405376530606,0.0420764938796681,0.0473648980259895));
#7287=CARTESIAN_POINT('',(-0.0283258472352625,0.0412718706809553,0.0453648980259895));
#7288=CARTESIAN_POINT('',(-0.0283258472352625,0.0412718706809553,0.0473648980259895));
#7289=CARTESIAN_POINT('',(-0.0289478828619597,0.0451234516189692,0.0473648980259895));
#7290=CARTESIAN_POINT('',(-0.0289478828619597,0.0424788054790244,0.0473648980259895));
#7291=CARTESIAN_POINT('',(-0.0283258472352625,0.0412718706809553,0.0473648980259895));
#7292=CARTESIAN_POINT('',(-0.0289478828619597,0.0451234516189692,0.0473648980259895));
#7293=CARTESIAN_POINT('',(-0.0283258472352625,0.0412718706809553,0.0473648980259895));
#7294=CARTESIAN_POINT('',(-0.0289478828619597,0.0451234516189692,0.0453648980259895));
#7295=CARTESIAN_POINT('',(-0.0289478828619597,0.0451234516189692,0.0453648980259895));
#7296=CARTESIAN_POINT('',(-0.0289478828619597,0.0451234516189692,0.0453648980259895));
#7297=CARTESIAN_POINT('',(-0.0289478828619597,0.0424788054790244,0.0453648980259895));
#7298=CARTESIAN_POINT('',(-0.0283258472352625,0.0412718706809553,0.0453648980259895));
#7299=CARTESIAN_POINT('',(-0.0283258472352625,0.0412718706809553,0.0453648980259895));
#7300=CARTESIAN_POINT('',(-0.0283258472352625,0.0412718706809553,0.0453648980259895));
#7301=CARTESIAN_POINT('',(-0.0283258472352625,0.0489657484431518,0.0453648980259895));
#7302=CARTESIAN_POINT('',(-0.0283258472352625,0.0489657484431518,0.0473648980259895));
#7303=CARTESIAN_POINT('',(-0.0287405376530606,0.0481673146536599,0.0453648980259895));
#7304=CARTESIAN_POINT('',(-0.0287405376530606,0.0481673146536599,0.0473648980259895));
#7305=CARTESIAN_POINT('',(-0.0289478828619597,0.0468865490455991,0.0453648980259895));
#7306=CARTESIAN_POINT('',(-0.0289478828619597,0.0468865490455991,0.0473648980259895));
#7307=CARTESIAN_POINT('',(-0.0289478828619597,0.0451234516189692,0.0453648980259895));
#7308=CARTESIAN_POINT('',(-0.0289478828619597,0.0451234516189692,0.0473648980259895));
#7309=CARTESIAN_POINT('',(-0.0283258472352625,0.0489657484431518,0.0473648980259895));
#7310=CARTESIAN_POINT('',(-0.0289478828619597,0.047768097758914,0.0473648980259895));
#7311=CARTESIAN_POINT('',(-0.0289478828619597,0.0451234516189692,0.0473648980259895));
#7312=CARTESIAN_POINT('',(-0.0283258472352625,0.0489657484431518,0.0473648980259895));
#7313=CARTESIAN_POINT('',(-0.0283258472352625,0.0489657484431518,0.0453648980259895));
#7314=CARTESIAN_POINT('',(-0.0283258472352625,0.0489657484431518,0.0453648980259895));
#7315=CARTESIAN_POINT('',(-0.0283258472352625,0.0489657484431518,0.0453648980259895));
#7316=CARTESIAN_POINT('',(-0.0289478828619597,0.047768097758914,0.0453648980259895));
#7317=CARTESIAN_POINT('',(-0.0289478828619597,0.0451234516189692,0.0453648980259895));
#7318=CARTESIAN_POINT('',(-0.0263456783852437,0.0501633991273896,0.0453648980259895));
#7319=CARTESIAN_POINT('',(-0.0263456783852437,0.0501633991273896,0.0473648980259895));
#7320=CARTESIAN_POINT('',(-0.0272511005341248,0.0501633991273896,0.0453648980259895));
#7321=CARTESIAN_POINT('',(-0.0272511005341248,0.0501633991273896,0.0473648980259895));
#7322=CARTESIAN_POINT('',(-0.0279111568174644,0.0497641822326437,0.0453648980259895));
#7323=CARTESIAN_POINT('',(-0.0279111568174644,0.0497641822326437,0.0473648980259895));
#7324=CARTESIAN_POINT('',(-0.0283258472352625,0.0489657484431518,0.0453648980259895));
#7325=CARTESIAN_POINT('',(-0.0283258472352625,0.0489657484431518,0.0473648980259895));
#7326=CARTESIAN_POINT('',(-0.0263456783852437,0.0501633991273896,0.0473648980259895));
#7327=CARTESIAN_POINT('',(-0.0277038116085653,0.0501633991273896,0.0473648980259895));
#7328=CARTESIAN_POINT('',(-0.0283258472352625,0.0489657484431518,0.0473648980259895));
#7329=CARTESIAN_POINT('',(-0.0263456783852437,0.0501633991273896,0.0473648980259895));
#7330=CARTESIAN_POINT('',(-0.0263456783852437,0.0501633991273896,0.0453648980259895));
#7331=CARTESIAN_POINT('',(-0.0263456783852437,0.0501633991273896,0.0453648980259895));
#7332=CARTESIAN_POINT('',(-0.0263456783852437,0.0501633991273896,0.0453648980259895));
#7333=CARTESIAN_POINT('',(-0.0277038116085653,0.0501633991273896,0.0453648980259895));
#7334=CARTESIAN_POINT('',(-0.0283258472352625,0.0489657484431518,0.0453648980259895));
#7335=CARTESIAN_POINT('',(-0.0243522465154658,0.0489485065174651,0.0453648980259895));
#7336=CARTESIAN_POINT('',(-0.0243522465154658,0.0489485065174651,0.0473648980259895));
#7337=CARTESIAN_POINT('',(-0.0247634001279948,0.0497584349240814,0.0453648980259895));
#7338=CARTESIAN_POINT('',(-0.0247634001279948,0.0497584349240814,0.0473648980259895));
#7339=CARTESIAN_POINT('',(-0.0254278774179208,0.0501633991273896,0.0453648980259895));
#7340=CARTESIAN_POINT('',(-0.0254278774179208,0.0501633991273896,0.0473648980259895));
#7341=CARTESIAN_POINT('',(-0.0263456783852437,0.0501633991273896,0.0453648980259895));
#7342=CARTESIAN_POINT('',(-0.0263456783852437,0.0501633991273896,0.0473648980259895));
#7343=CARTESIAN_POINT('',(-0.0243522465154658,0.0489485065174651,0.0473648980259895));
#7344=CARTESIAN_POINT('',(-0.0249689769342593,0.0501633991273896,0.0473648980259895));
#7345=CARTESIAN_POINT('',(-0.0263456783852437,0.0501633991273896,0.0473648980259895));
#7346=CARTESIAN_POINT('',(-0.0243522465154658,0.0489485065174651,0.0473648980259895));
#7347=CARTESIAN_POINT('',(-0.0243522465154658,0.0489485065174651,0.0453648980259895));
#7348=CARTESIAN_POINT('',(-0.0243522465154658,0.0489485065174651,0.0453648980259895));
#7349=CARTESIAN_POINT('',(-0.0243522465154658,0.0489485065174651,0.0453648980259895));
#7350=CARTESIAN_POINT('',(-0.0249689769342593,0.0501633991273896,0.0453648980259895));
#7351=CARTESIAN_POINT('',(-0.0263456783852437,0.0501633991273896,0.0453648980259895));
#7352=CARTESIAN_POINT('',(-0.0237355160966723,0.0451234516189692,0.0453648980259895));
#7353=CARTESIAN_POINT('',(-0.0237355160966723,0.0451234516189692,0.0473648980259895));
#7354=CARTESIAN_POINT('',(-0.0237355160966723,0.0468635598113501,0.0453648980259895));
#7355=CARTESIAN_POINT('',(-0.0237355160966723,0.0468635598113501,0.0473648980259895));
#7356=CARTESIAN_POINT('',(-0.0239410929029368,0.0481385781108488,0.0453648980259895));
#7357=CARTESIAN_POINT('',(-0.0239410929029368,0.0481385781108488,0.0473648980259895));
#7358=CARTESIAN_POINT('',(-0.0243522465154658,0.0489485065174651,0.0453648980259895));
#7359=CARTESIAN_POINT('',(-0.0243522465154658,0.0489485065174651,0.0473648980259895));
#7360=CARTESIAN_POINT('',(-0.0237355160966723,0.0451234516189692,0.0473648980259895));
#7361=CARTESIAN_POINT('',(-0.0237355160966723,0.0477336139075406,0.0473648980259895));
#7362=CARTESIAN_POINT('',(-0.0243522465154658,0.0489485065174651,0.0473648980259895));
#7363=CARTESIAN_POINT('',(-0.0237355160966723,0.0451234516189692,0.0473648980259895));
#7364=CARTESIAN_POINT('',(-0.0237355160966723,0.0451234516189692,0.0453648980259895));
#7365=CARTESIAN_POINT('',(-0.0237355160966723,0.0451234516189692,0.0453648980259895));
#7366=CARTESIAN_POINT('',(-0.0237355160966723,0.0451234516189692,0.0453648980259895));
#7367=CARTESIAN_POINT('',(-0.0237355160966723,0.0477336139075406,0.0453648980259895));
#7368=CARTESIAN_POINT('',(-0.0243522465154658,0.0489485065174651,0.0453648980259895));
#7369=CARTESIAN_POINT('',(-0.0243522465154658,0.0412877863046661,0.0453648980259895));
#7370=CARTESIAN_POINT('',(-0.0243522465154658,0.0412877863046661,0.0473648980259895));
#7371=CARTESIAN_POINT('',(-0.0239410929029368,0.0421030199191861,0.0453648980259895));
#7372=CARTESIAN_POINT('',(-0.0239410929029368,0.0421030199191861,0.0473648980259895));
#7373=CARTESIAN_POINT('',(-0.0237355160966723,0.0433815750239538,0.0453648980259895));
#7374=CARTESIAN_POINT('',(-0.0237355160966723,0.0433815750239538,0.0473648980259895));
#7375=CARTESIAN_POINT('',(-0.0237355160966723,0.0451234516189692,0.0453648980259895));
#7376=CARTESIAN_POINT('',(-0.0237355160966723,0.0451234516189692,0.0473648980259895));
#7377=CARTESIAN_POINT('',(-0.0243522465154658,0.0412877863046661,0.0473648980259895));
#7378=CARTESIAN_POINT('',(-0.0237355160966723,0.042510636726446,0.0473648980259895));
#7379=CARTESIAN_POINT('',(-0.0237355160966723,0.0451234516189692,0.0473648980259895));
#7380=CARTESIAN_POINT('',(-0.0243522465154658,0.0412877863046661,0.0473648980259895));
#7381=CARTESIAN_POINT('',(-0.0243522465154658,0.0412877863046661,0.0453648980259895));
#7382=CARTESIAN_POINT('',(-0.0243522465154658,0.0412877863046661,0.0453648980259895));
#7383=CARTESIAN_POINT('',(-0.0243522465154658,0.0412877863046661,0.0453648980259895));
#7384=CARTESIAN_POINT('',(-0.0237355160966723,0.042510636726446,0.0453648980259895));
#7385=CARTESIAN_POINT('',(-0.0237355160966723,0.0451234516189692,0.0453648980259895));
#7386=CARTESIAN_POINT('',(-0.0263456783852437,0.0400649358828863,0.0453648980259895));
#7387=CARTESIAN_POINT('',(-0.0263456783852437,0.0400649358828863,0.0473648980259895));
#7388=CARTESIAN_POINT('',(-0.0254278774179208,0.0400649358828863,0.0453648980259895));
#7389=CARTESIAN_POINT('',(-0.0254278774179208,0.0400649358828863,0.0473648980259895));
#7390=CARTESIAN_POINT('',(-0.0247634001279948,0.0404725526901462,0.0453648980259895));
#7391=CARTESIAN_POINT('',(-0.0247634001279948,0.0404725526901462,0.0473648980259895));
#7392=CARTESIAN_POINT('',(-0.0243522465154658,0.0412877863046661,0.0453648980259895));
#7393=CARTESIAN_POINT('',(-0.0243522465154658,0.0412877863046661,0.0473648980259895));
#7394=CARTESIAN_POINT('',(-0.0263456783852437,0.0400649358828863,0.0473648980259895));
#7395=CARTESIAN_POINT('',(-0.0249689769342593,0.0400649358828863,0.0473648980259895));
#7396=CARTESIAN_POINT('',(-0.0243522465154658,0.0412877863046661,0.0473648980259895));
#7397=CARTESIAN_POINT('',(-0.0263456783852437,0.0400649358828863,0.0473648980259895));
#7398=CARTESIAN_POINT('',(-0.0263456783852437,0.0400649358828863,0.0453648980259895));
#7399=CARTESIAN_POINT('',(-0.0263456783852437,0.0400649358828863,0.0453648980259895));
#7400=CARTESIAN_POINT('',(-0.0263456783852437,0.0400649358828863,0.0453648980259895));
#7401=CARTESIAN_POINT('',(-0.0249689769342593,0.0400649358828863,0.0453648980259895));
#7402=CARTESIAN_POINT('',(-0.0243522465154658,0.0412877863046661,0.0453648980259895));
#7403=CARTESIAN_POINT('',(-0.0223243307943145,0.0451234516189692,0.0453648980259895));
#7404=CARTESIAN_POINT('',(-0.0223243307943145,0.0451234516189692,0.0473648980259895));
#7405=CARTESIAN_POINT('',(-0.0223243307943145,0.0430278944970471,0.0453648980259895));
#7406=CARTESIAN_POINT('',(-0.0223243307943145,0.0430278944970471,0.0473648980259895));
#7407=CARTESIAN_POINT('',(-0.0226545799863137,0.0414633002661436,0.0453648980259895));
#7408=CARTESIAN_POINT('',(-0.0226545799863137,0.0414633002661436,0.0473648980259895));
#7409=CARTESIAN_POINT('',(-0.023315078370312,0.0404296689262588,0.0453648980259895));
#7410=CARTESIAN_POINT('',(-0.023315078370312,0.0404296689262588,0.0473648980259895));
#7411=CARTESIAN_POINT('',(-0.0223243307943145,0.0451234516189692,0.0453648980259895));
#7412=CARTESIAN_POINT('',(-0.0223243307943145,0.0451234516189692,0.0453648980259895));
#7413=CARTESIAN_POINT('',(-0.0223243307943145,0.0451234516189692,0.0453648980259895));
#7414=CARTESIAN_POINT('',(-0.0223243307943145,0.041980115936086,0.0453648980259895));
#7415=CARTESIAN_POINT('',(-0.023315078370312,0.0404296689262588,0.0453648980259895));
#7416=CARTESIAN_POINT('',(-0.023315078370312,0.0404296689262588,0.0453648980259895));
#7417=CARTESIAN_POINT('',(-0.023315078370312,0.0404296689262588,0.0453648980259895));
#7418=CARTESIAN_POINT('',(-0.0233482359197094,0.0497562244207883,0.0453648980259895));
#7419=CARTESIAN_POINT('',(-0.0233482359197094,0.0497562244207883,0.0473648980259895));
#7420=CARTESIAN_POINT('',(-0.0226656325027795,0.0486889934308474,0.0453648980259895));
#7421=CARTESIAN_POINT('',(-0.0226656325027795,0.0486889934308474,0.0473648980259895));
#7422=CARTESIAN_POINT('',(-0.0223243307943145,0.047144735830241,0.0453648980259895));
#7423=CARTESIAN_POINT('',(-0.0223243307943145,0.047144735830241,0.0473648980259895));
#7424=CARTESIAN_POINT('',(-0.0223243307943145,0.0451234516189692,0.0453648980259895));
#7425=CARTESIAN_POINT('',(-0.0223243307943145,0.0451234516189692,0.0473648980259895));
#7426=CARTESIAN_POINT('',(-0.0233482359197094,0.0497562244207883,0.0453648980259895));
#7427=CARTESIAN_POINT('',(-0.0233482359197094,0.0497562244207883,0.0453648980259895));
#7428=CARTESIAN_POINT('',(-0.0233482359197094,0.0497562244207883,0.0453648980259895));
#7429=CARTESIAN_POINT('',(-0.0223243307943145,0.0481553779358769,0.0453648980259895));
#7430=CARTESIAN_POINT('',(-0.0223243307943145,0.0451234516189692,0.0453648980259895));
#7431=CARTESIAN_POINT('',(-0.0263456783852437,0.0513570709056997,0.0453648980259895));
#7432=CARTESIAN_POINT('',(-0.0263456783852437,0.0513570709056997,0.0473648980259895));
#7433=CARTESIAN_POINT('',(-0.0250299868251507,0.0513570709056997,0.0453648980259895));
#7434=CARTESIAN_POINT('',(-0.0250299868251507,0.0513570709056997,0.0473648980259895));
#7435=CARTESIAN_POINT('',(-0.0240308393366394,0.0508234554107292,0.0453648980259895));
#7436=CARTESIAN_POINT('',(-0.0240308393366394,0.0508234554107292,0.0473648980259895));
#7437=CARTESIAN_POINT('',(-0.0233482359197094,0.0497562244207883,0.0453648980259895));
#7438=CARTESIAN_POINT('',(-0.0233482359197094,0.0497562244207883,0.0473648980259895));
#7439=CARTESIAN_POINT('',(-0.0263456783852437,0.0513570709056997,0.0453648980259895));
#7440=CARTESIAN_POINT('',(-0.0263456783852437,0.0513570709056997,0.0453648980259895));
#7441=CARTESIAN_POINT('',(-0.0263456783852437,0.0513570709056997,0.0453648980259895));
#7442=CARTESIAN_POINT('',(-0.0243721410451043,0.0513570709056997,0.0453648980259895));
#7443=CARTESIAN_POINT('',(-0.0233482359197094,0.0497562244207883,0.0453648980259895));
#7444=CARTESIAN_POINT('',(-0.0293537312665851,0.0498225395195833,0.0453648980259895));
#7445=CARTESIAN_POINT('',(-0.0293537312665851,0.0498225395195833,0.0473648980259895));
#7446=CARTESIAN_POINT('',(-0.0286958854865386,0.0508455604436609,0.0453648980259895));
#7447=CARTESIAN_POINT('',(-0.0286958854865386,0.0508455604436609,0.0473648980259895));
#7448=CARTESIAN_POINT('',(-0.0276932011927581,0.0513570709056997,0.0453648980259895));
#7449=CARTESIAN_POINT('',(-0.0276932011927581,0.0513570709056997,0.0473648980259895));
#7450=CARTESIAN_POINT('',(-0.0263456783852437,0.0513570709056997,0.0453648980259895));
#7451=CARTESIAN_POINT('',(-0.0263456783852437,0.0513570709056997,0.0473648980259895));
#7452=CARTESIAN_POINT('',(-0.0293537312665851,0.0498225395195833,0.0453648980259895));
#7453=CARTESIAN_POINT('',(-0.0293537312665851,0.0498225395195833,0.0453648980259895));
#7454=CARTESIAN_POINT('',(-0.0293537312665851,0.0498225395195833,0.0453648980259895));
#7455=CARTESIAN_POINT('',(-0.0283669625965154,0.0513570709056997,0.0453648980259895));
#7456=CARTESIAN_POINT('',(-0.0263456783852437,0.0513570709056997,0.0453648980259895));
#7457=CARTESIAN_POINT('',(-0.0303404999366548,0.0451234516189692,0.0453648980259895));
#7458=CARTESIAN_POINT('',(-0.0303404999366548,0.0451234516189692,0.0473648980259895));
#7459=CARTESIAN_POINT('',(-0.0303404999366548,0.0472331559619677,0.0453648980259895));
#7460=CARTESIAN_POINT('',(-0.0303404999366548,0.0472331559619677,0.0473648980259895));
#7461=CARTESIAN_POINT('',(-0.0300115770466315,0.0487995185955057,0.0453648980259895));
#7462=CARTESIAN_POINT('',(-0.0300115770466315,0.0487995185955057,0.0473648980259895));
#7463=CARTESIAN_POINT('',(-0.0293537312665851,0.0498225395195833,0.0453648980259895));
#7464=CARTESIAN_POINT('',(-0.0293537312665851,0.0498225395195833,0.0473648980259895));
#7465=CARTESIAN_POINT('',(-0.0303404999366548,0.0451234516189692,0.0453648980259895));
#7466=CARTESIAN_POINT('',(-0.0303404999366548,0.0451234516189692,0.0453648980259895));
#7467=CARTESIAN_POINT('',(-0.0303404999366548,0.0451234516189692,0.0453648980259895));
#7468=CARTESIAN_POINT('',(-0.0303404999366548,0.0482880081334669,0.0453648980259895));
#7469=CARTESIAN_POINT('',(-0.0293537312665851,0.0498225395195833,0.0453648980259895));
#7470=CARTESIAN_POINT('',(-0.0293205737171876,0.040466805381584,0.0453648980259895));
#7471=CARTESIAN_POINT('',(-0.0293205737171876,0.040466805381584,0.0473648980259895));
#7472=CARTESIAN_POINT('',(-0.0300005245301657,0.0415251943583523,0.0453648980259895));
#7473=CARTESIAN_POINT('',(-0.0300005245301657,0.0415251943583523,0.0473648980259895));
#7474=CARTESIAN_POINT('',(-0.0303404999366548,0.043077409770814,0.0453648980259895));
#7475=CARTESIAN_POINT('',(-0.0303404999366548,0.043077409770814,0.0473648980259895));
#7476=CARTESIAN_POINT('',(-0.0303404999366548,0.0451234516189692,0.0453648980259895));
#7477=CARTESIAN_POINT('',(-0.0303404999366548,0.0451234516189692,0.0473648980259895));
#7478=CARTESIAN_POINT('',(-0.0293205737171876,0.040466805381584,0.0453648980259895));
#7479=CARTESIAN_POINT('',(-0.0293205737171876,0.040466805381584,0.0453648980259895));
#7480=CARTESIAN_POINT('',(-0.0293205737171876,0.040466805381584,0.0453648980259895));
#7481=CARTESIAN_POINT('',(-0.0303404999366548,0.0420543888467364,0.0453648980259895));
#7482=CARTESIAN_POINT('',(-0.0303404999366548,0.0451234516189692,0.0453648980259895));
#7483=CARTESIAN_POINT('',(-0.0263456783852437,0.0388792219164315,0.0453648980259895));
#7484=CARTESIAN_POINT('',(-0.0263456783852437,0.0388792219164315,0.0473648980259895));
#7485=CARTESIAN_POINT('',(-0.0276489911268948,0.0388792219164315,0.0453648980259895));
#7486=CARTESIAN_POINT('',(-0.0276489911268948,0.0388792219164315,0.0473648980259895));
#7487=CARTESIAN_POINT('',(-0.0286406229042095,0.0394084164048157,0.0453648980259895));
#7488=CARTESIAN_POINT('',(-0.0286406229042095,0.0394084164048157,0.0473648980259895));
#7489=CARTESIAN_POINT('',(-0.0293205737171876,0.040466805381584,0.0453648980259895));
#7490=CARTESIAN_POINT('',(-0.0293205737171876,0.040466805381584,0.0473648980259895));
#7491=CARTESIAN_POINT('',(-0.0263456783852437,0.0388792219164315,0.0453648980259895));
#7492=CARTESIAN_POINT('',(-0.0263456783852437,0.0388792219164315,0.0453648980259895));
#7493=CARTESIAN_POINT('',(-0.0263456783852437,0.0388792219164315,0.0453648980259895));
#7494=CARTESIAN_POINT('',(-0.0283006474977204,0.0388792219164315,0.0453648980259895));
#7495=CARTESIAN_POINT('',(-0.0293205737171876,0.040466805381584,0.0453648980259895));
#7496=CARTESIAN_POINT('',(-0.023315078370312,0.0404296689262588,0.0453648980259895));
#7497=CARTESIAN_POINT('',(-0.023315078370312,0.0404296689262588,0.0473648980259895));
#7498=CARTESIAN_POINT('',(-0.0239755767543102,0.039396037586374,0.0453648980259895));
#7499=CARTESIAN_POINT('',(-0.0239755767543102,0.039396037586374,0.0473648980259895));
#7500=CARTESIAN_POINT('',(-0.0249857767592874,0.0388792219164315,0.0453648980259895));
#7501=CARTESIAN_POINT('',(-0.0249857767592874,0.0388792219164315,0.0473648980259895));
#7502=CARTESIAN_POINT('',(-0.0263456783852437,0.0388792219164315,0.0453648980259895));
#7503=CARTESIAN_POINT('',(-0.0263456783852437,0.0388792219164315,0.0473648980259895));
#7504=CARTESIAN_POINT('',(-0.023315078370312,0.0404296689262588,0.0453648980259895));
#7505=CARTESIAN_POINT('',(-0.0243058259463093,0.0388792219164315,0.0453648980259895));
#7506=CARTESIAN_POINT('',(-0.0263456783852437,0.0388792219164315,0.0453648980259895));
#7507=CARTESIAN_POINT('',(-0.0283258472352625,0.0412718706809553,0.0453648980259895));
#7508=CARTESIAN_POINT('',(-0.0283258472352625,0.0412718706809553,0.0473648980259895));
#7509=CARTESIAN_POINT('',(-0.0279111568174644,0.0404672474822426,0.0453648980259895));
#7510=CARTESIAN_POINT('',(-0.0279111568174644,0.0404672474822426,0.0473648980259895));
#7511=CARTESIAN_POINT('',(-0.0272511005341248,0.0400649358828863,0.0453648980259895));
#7512=CARTESIAN_POINT('',(-0.0272511005341248,0.0400649358828863,0.0473648980259895));
#7513=CARTESIAN_POINT('',(-0.0263456783852437,0.0400649358828863,0.0453648980259895));
#7514=CARTESIAN_POINT('',(-0.0263456783852437,0.0400649358828863,0.0473648980259895));
#7515=CARTESIAN_POINT('',(-0.0283258472352625,0.0412718706809553,0.0473648980259895));
#7516=CARTESIAN_POINT('',(-0.0277038116085653,0.0400649358828863,0.0473648980259895));
#7517=CARTESIAN_POINT('',(-0.0263456783852437,0.0400649358828863,0.0473648980259895));
#7518=CARTESIAN_POINT('',(-0.0283258472352625,0.0412718706809553,0.0453648980259895));
#7519=CARTESIAN_POINT('',(-0.0277038116085653,0.0400649358828863,0.0453648980259895));
#7520=CARTESIAN_POINT('',(-0.0263456783852437,0.0400649358828863,0.0453648980259895));
#7521=CARTESIAN_POINT('',(-9.74442958823207E-8,0.0453993902569637,0.0453648980259895));
#7522=CARTESIAN_POINT('',(0.00634236011279021,0.0501633991273896,0.0453648980259895));
#7523=CARTESIAN_POINT('',(0.00634236011279021,0.0501633991273896,0.0473648980259895));
#7524=CARTESIAN_POINT('',(0.00555188413515376,0.0501633991273896,0.0453648980259895));
#7525=CARTESIAN_POINT('',(0.00555188413515376,0.0501633991273896,0.0473648980259895));
#7526=CARTESIAN_POINT('',(0.00494134312558108,0.0499091912486754,0.0453648980259895));
#7527=CARTESIAN_POINT('',(0.00494134312558108,0.0499091912486754,0.0473648980259895));
#7528=CARTESIAN_POINT('',(0.00451073708407218,0.0494007754912471,0.0453648980259895));
#7529=CARTESIAN_POINT('',(0.00451073708407218,0.0494007754912471,0.0473648980259895));
#7530=CARTESIAN_POINT('',(0.00634236011279021,0.0501633991273896,0.0473648980259895));
#7531=CARTESIAN_POINT('',(0.00515664614633553,0.0501633991273896,0.0473648980259895));
#7532=CARTESIAN_POINT('',(0.00451073708407218,0.0494007754912471,0.0473648980259895));
#7533=CARTESIAN_POINT('',(0.00634236011279021,0.0501633991273896,0.0473648980259895));
#7534=CARTESIAN_POINT('',(0.00451073708407218,0.0494007754912471,0.0473648980259895));
#7535=CARTESIAN_POINT('',(0.00634236011279021,0.0501633991273896,0.0453648980259895));
#7536=CARTESIAN_POINT('',(0.00634236011279021,0.0501633991273896,0.0453648980259895));
#7537=CARTESIAN_POINT('',(0.00634236011279021,0.0501633991273896,0.0453648980259895));
#7538=CARTESIAN_POINT('',(0.00515664614633553,0.0501633991273896,0.0453648980259895));
#7539=CARTESIAN_POINT('',(0.00451073708407218,0.0494007754912471,0.0453648980259895));
#7540=CARTESIAN_POINT('',(0.00451073708407218,0.0494007754912471,0.0453648980259895));
#7541=CARTESIAN_POINT('',(0.00451073708407218,0.0494007754912471,0.0453648980259895));
#7542=CARTESIAN_POINT('',(0.00773895609341302,0.0497403087970775,0.0453648980259895));
#7543=CARTESIAN_POINT('',(0.00773895609341302,0.0497403087970775,0.0473648980259895));
#7544=CARTESIAN_POINT('',(0.00733310768878759,0.0500223690172856,0.0453648980259895));
#7545=CARTESIAN_POINT('',(0.00733310768878759,0.0500223690172856,0.0473648980259895));
#7546=CARTESIAN_POINT('',(0.00686757569524665,0.0501633991273896,0.0453648980259895));
#7547=CARTESIAN_POINT('',(0.00686757569524665,0.0501633991273896,0.0473648980259895));
#7548=CARTESIAN_POINT('',(0.00634236011279021,0.0501633991273896,0.0453648980259895));
#7549=CARTESIAN_POINT('',(0.00634236011279021,0.0501633991273896,0.0473648980259895));
#7550=CARTESIAN_POINT('',(0.00773895609341302,0.0497403087970775,0.0473648980259895));
#7551=CARTESIAN_POINT('',(0.00713018348647487,0.0501633991273896,0.0473648980259895));
#7552=CARTESIAN_POINT('',(0.00634236011279021,0.0501633991273896,0.0473648980259895));
#7553=CARTESIAN_POINT('',(0.00773895609341302,0.0497403087970775,0.0473648980259895));
#7554=CARTESIAN_POINT('',(0.00773895609341302,0.0497403087970775,0.0453648980259895));
#7555=CARTESIAN_POINT('',(0.00773895609341302,0.0497403087970775,0.0453648980259895));
#7556=CARTESIAN_POINT('',(0.00773895609341302,0.0497403087970775,0.0453648980259895));
#7557=CARTESIAN_POINT('',(0.00713018348647487,0.0501633991273896,0.0453648980259895));
#7558=CARTESIAN_POINT('',(0.00634236011279021,0.0501633991273896,0.0453648980259895));
#7559=CARTESIAN_POINT('',(0.0086885883081575,0.0485797945681649,0.0453648980259895));
#7560=CARTESIAN_POINT('',(0.0086885883081575,0.0485797945681649,0.0473648980259895));
#7561=CARTESIAN_POINT('',(0.00846134856961995,0.0490714105005652,0.0453648980259895));
#7562=CARTESIAN_POINT('',(0.00846134856961995,0.0490714105005652,0.0473648980259895));
#7563=CARTESIAN_POINT('',(0.00814480449803845,0.0494582485768694,0.0453648980259895));
#7564=CARTESIAN_POINT('',(0.00814480449803845,0.0494582485768694,0.0473648980259895));
#7565=CARTESIAN_POINT('',(0.00773895609341302,0.0497403087970775,0.0453648980259895));
#7566=CARTESIAN_POINT('',(0.00773895609341302,0.0497403087970775,0.0473648980259895));
#7567=CARTESIAN_POINT('',(0.0086885883081575,0.0485797945681649,0.0473648980259895));
#7568=CARTESIAN_POINT('',(0.00834772870035117,0.0493172184667654,0.0473648980259895));
#7569=CARTESIAN_POINT('',(0.00773895609341302,0.0497403087970775,0.0473648980259895));
#7570=CARTESIAN_POINT('',(0.0086885883081575,0.0485797945681649,0.0473648980259895));
#7571=CARTESIAN_POINT('',(0.0086885883081575,0.0485797945681649,0.0453648980259895));
#7572=CARTESIAN_POINT('',(0.0086885883081575,0.0485797945681649,0.0453648980259895));
#7573=CARTESIAN_POINT('',(0.0086885883081575,0.0485797945681649,0.0453648980259895));
#7574=CARTESIAN_POINT('',(0.00834772870035117,0.0493172184667654,0.0453648980259895));
#7575=CARTESIAN_POINT('',(0.00773895609341302,0.0497403087970775,0.0453648980259895));
#7576=CARTESIAN_POINT('',(0.00902944791596381,0.046972316573374,0.0453648980259895));
#7577=CARTESIAN_POINT('',(0.00902944791596381,0.046972316573374,0.0473648980259895));
#7578=CARTESIAN_POINT('',(0.00902944791596381,0.0475523526375009,0.0453648980259895));
#7579=CARTESIAN_POINT('',(0.00902944791596381,0.0475523526375009,0.0473648980259895));
#7580=CARTESIAN_POINT('',(0.00891582804669504,0.0480881786357646,0.0453648980259895));
#7581=CARTESIAN_POINT('',(0.00891582804669504,0.0480881786357646,0.0473648980259895));
#7582=CARTESIAN_POINT('',(0.0086885883081575,0.0485797945681649,0.0453648980259895));
#7583=CARTESIAN_POINT('',(0.0086885883081575,0.0485797945681649,0.0473648980259895));
#7584=CARTESIAN_POINT('',(0.00902944791596381,0.046972316573374,0.0473648980259895));
#7585=CARTESIAN_POINT('',(0.00902944791596381,0.0478423706695644,0.0473648980259895));
#7586=CARTESIAN_POINT('',(0.0086885883081575,0.0485797945681649,0.0473648980259895));
#7587=CARTESIAN_POINT('',(0.00902944791596381,0.046972316573374,0.0473648980259895));
#7588=CARTESIAN_POINT('',(0.00902944791596381,0.046972316573374,0.0453648980259895));
#7589=CARTESIAN_POINT('',(0.00902944791596381,0.046972316573374,0.0453648980259895));
#7590=CARTESIAN_POINT('',(0.00902944791596381,0.046972316573374,0.0453648980259895));
#7591=CARTESIAN_POINT('',(0.00902944791596381,0.0478423706695644,0.0453648980259895));
#7592=CARTESIAN_POINT('',(0.0086885883081575,0.0485797945681649,0.0453648980259895));
#7593=CARTESIAN_POINT('',(0.0086647148725913,0.0458608755175697,0.0453648980259895));
#7594=CARTESIAN_POINT('',(0.0086647148725913,0.0458608755175697,0.0473648980259895));
#7595=CARTESIAN_POINT('',(0.00890787023483964,0.0462145560444764,0.0453648980259895));
#7596=CARTESIAN_POINT('',(0.00890787023483964,0.0462145560444764,0.0473648980259895));
#7597=CARTESIAN_POINT('',(0.00902944791596381,0.0465850363964111,0.0453648980259895));
#7598=CARTESIAN_POINT('',(0.00902944791596381,0.0465850363964111,0.0473648980259895));
#7599=CARTESIAN_POINT('',(0.00902944791596381,0.046972316573374,0.0453648980259895));
#7600=CARTESIAN_POINT('',(0.00902944791596381,0.046972316573374,0.0473648980259895));
#7601=CARTESIAN_POINT('',(0.0086647148725913,0.0458608755175697,0.0473648980259895));
#7602=CARTESIAN_POINT('',(0.00902944791596381,0.0463913963079297,0.0473648980259895));
#7603=CARTESIAN_POINT('',(0.00902944791596381,0.046972316573374,0.0473648980259895));
#7604=CARTESIAN_POINT('',(0.0086647148725913,0.0458608755175697,0.0473648980259895));
#7605=CARTESIAN_POINT('',(0.0086647148725913,0.0458608755175697,0.0453648980259895));
#7606=CARTESIAN_POINT('',(0.0086647148725913,0.0458608755175697,0.0453648980259895));
#7607=CARTESIAN_POINT('',(0.0086647148725913,0.0458608755175697,0.0453648980259895));
#7608=CARTESIAN_POINT('',(0.00902944791596381,0.0463913963079297,0.0453648980259895));
#7609=CARTESIAN_POINT('',(0.00902944791596381,0.046972316573374,0.0453648980259895));
#7610=CARTESIAN_POINT('',(0.00766600948473852,0.0450239789707767,0.0453648980259895));
#7611=CARTESIAN_POINT('',(0.00766600948473852,0.0450239789707767,0.0473648980259895));
#7612=CARTESIAN_POINT('',(0.00808865771439201,0.0452282294750654,0.0453648980259895));
#7613=CARTESIAN_POINT('',(0.00808865771439201,0.0452282294750654,0.0473648980259895));
#7614=CARTESIAN_POINT('',(0.00842155951034294,0.045507194990663,0.0453648980259895));
#7615=CARTESIAN_POINT('',(0.00842155951034294,0.045507194990663,0.0473648980259895));
#7616=CARTESIAN_POINT('',(0.0086647148725913,0.0458608755175697,0.0453648980259895));
#7617=CARTESIAN_POINT('',(0.0086647148725913,0.0458608755175697,0.0473648980259895));
#7618=CARTESIAN_POINT('',(0.00766600948473852,0.0450239789707767,0.0473648980259895));
#7619=CARTESIAN_POINT('',(0.00829998182921876,0.0453303547272097,0.0473648980259895));
#7620=CARTESIAN_POINT('',(0.0086647148725913,0.0458608755175697,0.0473648980259895));
#7621=CARTESIAN_POINT('',(0.00766600948473852,0.0450239789707767,0.0473648980259895));
#7622=CARTESIAN_POINT('',(0.00766600948473852,0.0450239789707767,0.0453648980259895));
#7623=CARTESIAN_POINT('',(0.00766600948473852,0.0450239789707767,0.0453648980259895));
#7624=CARTESIAN_POINT('',(0.00766600948473852,0.0450239789707767,0.0453648980259895));
#7625=CARTESIAN_POINT('',(0.00829998182921876,0.0453303547272097,0.0453648980259895));
#7626=CARTESIAN_POINT('',(0.0086647148725913,0.0458608755175697,0.0453648980259895));
#7627=CARTESIAN_POINT('',(0.00627604501399522,0.0447176032143438,0.0453648980259895));
#7628=CARTESIAN_POINT('',(0.00627604501399522,0.0447176032143438,0.0473648980259895));
#7629=CARTESIAN_POINT('',(0.00678003976483725,0.0447176032143438,0.0453648980259895));
#7630=CARTESIAN_POINT('',(0.00678003976483725,0.0447176032143438,0.0473648980259895));
#7631=CARTESIAN_POINT('',(0.00724336125508502,0.0448197284664881,0.0453648980259895));
#7632=CARTESIAN_POINT('',(0.00724336125508502,0.0448197284664881,0.0473648980259895));
#7633=CARTESIAN_POINT('',(0.00766600948473852,0.0450239789707767,0.0453648980259895));
#7634=CARTESIAN_POINT('',(0.00766600948473852,0.0450239789707767,0.0473648980259895));
#7635=CARTESIAN_POINT('',(0.00627604501399522,0.0447176032143438,0.0473648980259895));
#7636=CARTESIAN_POINT('',(0.00703203714025827,0.0447176032143438,0.0473648980259895));
#7637=CARTESIAN_POINT('',(0.00766600948473852,0.0450239789707767,0.0473648980259895));
#7638=CARTESIAN_POINT('',(0.00627604501399522,0.0447176032143438,0.0473648980259895));
#7639=CARTESIAN_POINT('',(0.00627604501399522,0.0447176032143438,0.0453648980259895));
#7640=CARTESIAN_POINT('',(0.00627604501399522,0.0447176032143438,0.0453648980259895));
#7641=CARTESIAN_POINT('',(0.00627604501399522,0.0447176032143438,0.0453648980259895));
#7642=CARTESIAN_POINT('',(0.00703203714025827,0.0447176032143438,0.0453648980259895));
#7643=CARTESIAN_POINT('',(0.00766600948473852,0.0450239789707767,0.0453648980259895));
#7644=CARTESIAN_POINT('',(0.00446166391096388,0.0454006487319324,0.0453648980259895));
#7645=CARTESIAN_POINT('',(0.00446166391096388,0.0454006487319324,0.0473648980259895));
#7646=CARTESIAN_POINT('',(0.00485955450373391,0.04494528505354,0.0453648980259895));
#7647=CARTESIAN_POINT('',(0.00485955450373391,0.04494528505354,0.0473648980259895));
#7648=CARTESIAN_POINT('',(0.00546434820474435,0.0447176032143438,0.0453648980259895));
#7649=CARTESIAN_POINT('',(0.00546434820474435,0.0447176032143438,0.0473648980259895));
#7650=CARTESIAN_POINT('',(0.00627604501399522,0.0447176032143438,0.0453648980259895));
#7651=CARTESIAN_POINT('',(0.00627604501399522,0.0447176032143438,0.0473648980259895));
#7652=CARTESIAN_POINT('',(0.00446166391096388,0.0454006487319324,0.0473648980259895));
#7653=CARTESIAN_POINT('',(0.00505849980011892,0.0447176032143438,0.0473648980259895));
#7654=CARTESIAN_POINT('',(0.00627604501399522,0.0447176032143438,0.0473648980259895));
#7655=CARTESIAN_POINT('',(0.00446166391096388,0.0454006487319324,0.0473648980259895));
#7656=CARTESIAN_POINT('',(0.00446166391096388,0.0454006487319324,0.0453648980259895));
#7657=CARTESIAN_POINT('',(0.00446166391096388,0.0454006487319324,0.0453648980259895));
#7658=CARTESIAN_POINT('',(0.00446166391096388,0.0454006487319324,0.0453648980259895));
#7659=CARTESIAN_POINT('',(0.00505849980011892,0.0447176032143438,0.0453648980259895));
#7660=CARTESIAN_POINT('',(0.00627604501399522,0.0447176032143438,0.0453648980259895));
#7661=CARTESIAN_POINT('',(0.00386482802180884,0.047277366027831,0.0453648980259895));
#7662=CARTESIAN_POINT('',(0.00386482802180884,0.047277366027831,0.0473648980259895));
#7663=CARTESIAN_POINT('',(0.00386482802180884,0.0464815848422909,0.0453648980259895));
#7664=CARTESIAN_POINT('',(0.00386482802180884,0.0464815848422909,0.0473648980259895));
#7665=CARTESIAN_POINT('',(0.00406377331819385,0.0458560124103247,0.0453648980259895));
#7666=CARTESIAN_POINT('',(0.00406377331819385,0.0458560124103247,0.0473648980259895));
#7667=CARTESIAN_POINT('',(0.00446166391096388,0.0454006487319324,0.0453648980259895));
#7668=CARTESIAN_POINT('',(0.00446166391096388,0.0454006487319324,0.0473648980259895));
#7669=CARTESIAN_POINT('',(0.00386482802180884,0.047277366027831,0.0473648980259895));
#7670=CARTESIAN_POINT('',(0.00386482802180884,0.0460836942495209,0.0473648980259895));
#7671=CARTESIAN_POINT('',(0.00446166391096388,0.0454006487319324,0.0473648980259895));
#7672=CARTESIAN_POINT('',(0.00386482802180884,0.047277366027831,0.0473648980259895));
#7673=CARTESIAN_POINT('',(0.00386482802180884,0.047277366027831,0.0453648980259895));
#7674=CARTESIAN_POINT('',(0.00386482802180884,0.047277366027831,0.0453648980259895));
#7675=CARTESIAN_POINT('',(0.00386482802180884,0.047277366027831,0.0453648980259895));
#7676=CARTESIAN_POINT('',(0.00386482802180884,0.0460836942495209,0.0453648980259895));
#7677=CARTESIAN_POINT('',(0.00446166391096388,0.0454006487319324,0.0453648980259895));
#7678=CARTESIAN_POINT('',(0.0104220649906589,0.0459935057151597,0.0453648980259895));
#7679=CARTESIAN_POINT('',(0.0104220649906589,0.0459935057151597,0.0473648980259895));
#7680=CARTESIAN_POINT('',(0.0104220649906589,0.0412506498493409,0.0453648980259895));
#7681=CARTESIAN_POINT('',(0.0104220649906589,0.0412506498493409,0.0473648980259895));
#7682=CARTESIAN_POINT('',(0.00858734725733045,0.0388792219164315,0.0453648980259895));
#7683=CARTESIAN_POINT('',(0.00858734725733045,0.0388792219164315,0.0473648980259895));
#7684=CARTESIAN_POINT('',(0.00491791179067351,0.0388792219164315,0.0453648980259895));
#7685=CARTESIAN_POINT('',(0.00491791179067351,0.0388792219164315,0.0473648980259895));
#7686=CARTESIAN_POINT('',(0.0104220649906589,0.0459935057151597,0.0453648980259895));
#7687=CARTESIAN_POINT('',(0.0104220649906589,0.0459935057151597,0.0453648980259895));
#7688=CARTESIAN_POINT('',(0.0104220649906589,0.0459935057151597,0.0453648980259895));
#7689=CARTESIAN_POINT('',(0.0104220649906589,0.0388792219164315,0.0453648980259895));
#7690=CARTESIAN_POINT('',(0.00491791179067351,0.0388792219164315,0.0453648980259895));
#7691=CARTESIAN_POINT('',(0.00491791179067351,0.0388792219164315,0.0453648980259895));
#7692=CARTESIAN_POINT('',(0.00491791179067351,0.0388792219164315,0.0453648980259895));
#7693=CARTESIAN_POINT('',(0.00992470174969638,0.048856991681128,0.0453648980259895));
#7694=CARTESIAN_POINT('',(0.00992470174969638,0.048856991681128,0.0473648980259895));
#7695=CARTESIAN_POINT('',(0.0102562772436714,0.0480479474758289,0.0453648980259895));
#7696=CARTESIAN_POINT('',(0.0102562772436714,0.0480479474758289,0.0473648980259895));
#7697=CARTESIAN_POINT('',(0.0104220649906589,0.0470934521538395,0.0453648980259895));
#7698=CARTESIAN_POINT('',(0.0104220649906589,0.0470934521538395,0.0473648980259895));
#7699=CARTESIAN_POINT('',(0.0104220649906589,0.0459935057151597,0.0453648980259895));
#7700=CARTESIAN_POINT('',(0.0104220649906589,0.0459935057151597,0.0473648980259895));
#7701=CARTESIAN_POINT('',(0.00992470174969638,0.048856991681128,0.0453648980259895));
#7702=CARTESIAN_POINT('',(0.00992470174969638,0.048856991681128,0.0453648980259895));
#7703=CARTESIAN_POINT('',(0.00992470174969638,0.048856991681128,0.0453648980259895));
#7704=CARTESIAN_POINT('',(0.0104220649906589,0.0476434253731794,0.0453648980259895));
#7705=CARTESIAN_POINT('',(0.0104220649906589,0.0459935057151597,0.0453648980259895));
#7706=CARTESIAN_POINT('',(0.00850290603153148,0.0507045303335569,0.0453648980259895));
#7707=CARTESIAN_POINT('',(0.00850290603153148,0.0507045303335569,0.0473648980259895));
#7708=CARTESIAN_POINT('',(0.00911919434966639,0.0502818821039034,0.0453648980259895));
#7709=CARTESIAN_POINT('',(0.00911919434966639,0.0502818821039034,0.0473648980259895));
#7710=CARTESIAN_POINT('',(0.00959312625572136,0.0496660358864271,0.0453648980259895));
#7711=CARTESIAN_POINT('',(0.00959312625572136,0.0496660358864271,0.0473648980259895));
#7712=CARTESIAN_POINT('',(0.00992470174969638,0.048856991681128,0.0453648980259895));
#7713=CARTESIAN_POINT('',(0.00992470174969638,0.048856991681128,0.0473648980259895));
#7714=CARTESIAN_POINT('',(0.00850290603153148,0.0507045303335569,0.0453648980259895));
#7715=CARTESIAN_POINT('',(0.00850290603153148,0.0507045303335569,0.0453648980259895));
#7716=CARTESIAN_POINT('',(0.00850290603153148,0.0507045303335569,0.0453648980259895));
#7717=CARTESIAN_POINT('',(0.00942733850873385,0.0500705579890766,0.0453648980259895));
#7718=CARTESIAN_POINT('',(0.00992470174969638,0.048856991681128,0.0453648980259895));
#7719=CARTESIAN_POINT('',(0.00634236011279021,0.0513385026780371,0.0453648980259895));
#7720=CARTESIAN_POINT('',(0.00634236011279021,0.0513385026780371,0.0473648980259895));
#7721=CARTESIAN_POINT('',(0.00716643574048281,0.0513385026780371,0.0453648980259895));
#7722=CARTESIAN_POINT('',(0.00716643574048281,0.0513385026780371,0.0473648980259895));
#7723=CARTESIAN_POINT('',(0.00788661771339657,0.0511271785632104,0.0453648980259895));
#7724=CARTESIAN_POINT('',(0.00788661771339657,0.0511271785632104,0.0473648980259895));
#7725=CARTESIAN_POINT('',(0.00850290603153148,0.0507045303335569,0.0453648980259895));
#7726=CARTESIAN_POINT('',(0.00850290603153148,0.0507045303335569,0.0473648980259895));
#7727=CARTESIAN_POINT('',(0.00634236011279021,0.0513385026780371,0.0453648980259895));
#7728=CARTESIAN_POINT('',(0.00634236011279021,0.0513385026780371,0.0453648980259895));
#7729=CARTESIAN_POINT('',(0.00634236011279021,0.0513385026780371,0.0453648980259895));
#7730=CARTESIAN_POINT('',(0.00757847355432911,0.0513385026780371,0.0453648980259895));
#7731=CARTESIAN_POINT('',(0.00850290603153148,0.0507045303335569,0.0453648980259895));
#7732=CARTESIAN_POINT('',(0.0035611048693277,0.0502443035479195,0.0453648980259895));
#7733=CARTESIAN_POINT('',(0.0035611048693277,0.0502443035479195,0.0473648980259895));
#7734=CARTESIAN_POINT('',(0.00426581331918929,0.0509737696346646,0.0453648980259895));
#7735=CARTESIAN_POINT('',(0.00426581331918929,0.0509737696346646,0.0473648980259895));
#7736=CARTESIAN_POINT('',(0.00519289840034346,0.0513385026780371,0.0453648980259895));
#7737=CARTESIAN_POINT('',(0.00519289840034346,0.0513385026780371,0.0473648980259895));
#7738=CARTESIAN_POINT('',(0.00634236011279021,0.0513385026780371,0.0453648980259895));
#7739=CARTESIAN_POINT('',(0.00634236011279021,0.0513385026780371,0.0473648980259895));
#7740=CARTESIAN_POINT('',(0.0035611048693277,0.0502443035479195,0.0453648980259895));
#7741=CARTESIAN_POINT('',(0.0035611048693277,0.0502443035479195,0.0453648980259895));
#7742=CARTESIAN_POINT('',(0.0035611048693277,0.0502443035479195,0.0453648980259895));
#7743=CARTESIAN_POINT('',(0.00461816754412009,0.0513385026780371,0.0453648980259895));
#7744=CARTESIAN_POINT('',(0.00634236011279021,0.0513385026780371,0.0453648980259895));
#7745=CARTESIAN_POINT('',(0.00250404219453533,0.0472614504041202,0.0453648980259895));
#7746=CARTESIAN_POINT('',(0.00250404219453533,0.0472614504041202,0.0473648980259895));
#7747=CARTESIAN_POINT('',(0.00250404219453533,0.048520553079908,0.0453648980259895));
#7748=CARTESIAN_POINT('',(0.00250404219453533,0.048520553079908,0.0473648980259895));
#7749=CARTESIAN_POINT('',(0.00285639641946612,0.0495148374611744,0.0453648980259895));
#7750=CARTESIAN_POINT('',(0.00285639641946612,0.0495148374611744,0.0473648980259895));
#7751=CARTESIAN_POINT('',(0.0035611048693277,0.0502443035479195,0.0453648980259895));
#7752=CARTESIAN_POINT('',(0.0035611048693277,0.0502443035479195,0.0473648980259895));
#7753=CARTESIAN_POINT('',(0.00250404219453533,0.0472614504041202,0.0453648980259895));
#7754=CARTESIAN_POINT('',(0.00250404219453533,0.0472614504041202,0.0453648980259895));
#7755=CARTESIAN_POINT('',(0.00250404219453533,0.0472614504041202,0.0453648980259895));
#7756=CARTESIAN_POINT('',(0.00250404219453533,0.0491501044178019,0.0453648980259895));
#7757=CARTESIAN_POINT('',(0.0035611048693277,0.0502443035479195,0.0453648980259895));
#7758=CARTESIAN_POINT('',(0.0034496955033521,0.0445756889029225,0.0453648980259895));
#7759=CARTESIAN_POINT('',(0.0034496955033521,0.0445756889029225,0.0473648980259895));
#7760=CARTESIAN_POINT('',(0.00281925996414092,0.0452167348579409,0.0453648980259895));
#7761=CARTESIAN_POINT('',(0.00281925996414092,0.0452167348579409,0.0473648980259895));
#7762=CARTESIAN_POINT('',(0.00250404219453533,0.0461119886916735,0.0453648980259895));
#7763=CARTESIAN_POINT('',(0.00250404219453533,0.0461119886916735,0.0473648980259895));
#7764=CARTESIAN_POINT('',(0.00250404219453533,0.0472614504041202,0.0453648980259895));
#7765=CARTESIAN_POINT('',(0.00250404219453533,0.0472614504041202,0.0473648980259895));
#7766=CARTESIAN_POINT('',(0.0034496955033521,0.0445756889029225,0.0453648980259895));
#7767=CARTESIAN_POINT('',(0.0034496955033521,0.0445756889029225,0.0453648980259895));
#7768=CARTESIAN_POINT('',(0.0034496955033521,0.0445756889029225,0.0453648980259895));
#7769=CARTESIAN_POINT('',(0.00250404219453533,0.0455372578354501,0.0453648980259895));
#7770=CARTESIAN_POINT('',(0.00250404219453533,0.0472614504041202,0.0453648980259895));
#7771=CARTESIAN_POINT('',(0.00600282680695979,0.0436141199703949,0.0453648980259895));
#7772=CARTESIAN_POINT('',(0.00600282680695979,0.0436141199703949,0.0473648980259895));
#7773=CARTESIAN_POINT('',(0.00493117481043251,0.0436141199703949,0.0453648980259895));
#7774=CARTESIAN_POINT('',(0.00493117481043251,0.0436141199703949,0.0473648980259895));
#7775=CARTESIAN_POINT('',(0.00408013104256328,0.0439346429479041,0.0453648980259895));
#7776=CARTESIAN_POINT('',(0.00408013104256328,0.0439346429479041,0.0473648980259895));
#7777=CARTESIAN_POINT('',(0.0034496955033521,0.0445756889029225,0.0453648980259895));
#7778=CARTESIAN_POINT('',(0.0034496955033521,0.0445756889029225,0.0473648980259895));
#7779=CARTESIAN_POINT('',(0.00600282680695979,0.0436141199703949,0.0453648980259895));
#7780=CARTESIAN_POINT('',(0.00600282680695979,0.0436141199703949,0.0453648980259895));
#7781=CARTESIAN_POINT('',(0.00600282680695979,0.0436141199703949,0.0453648980259895));
#7782=CARTESIAN_POINT('',(0.00439534881216886,0.0436141199703949,0.0453648980259895));
#7783=CARTESIAN_POINT('',(0.0034496955033521,0.0445756889029225,0.0453648980259895));
#7784=CARTESIAN_POINT('',(0.00770181963808782,0.0439748741078397,0.0453648980259895));
#7785=CARTESIAN_POINT('',(0.00770181963808782,0.0439748741078397,0.0473648980259895));
#7786=CARTESIAN_POINT('',(0.00719870908856305,0.0437343713495432,0.0453648980259895));
#7787=CARTESIAN_POINT('',(0.00719870908856305,0.0437343713495432,0.0473648980259895));
#7788=CARTESIAN_POINT('',(0.0066323781448537,0.0436141199703949,0.0453648980259895));
#7789=CARTESIAN_POINT('',(0.0066323781448537,0.0436141199703949,0.0473648980259895));
#7790=CARTESIAN_POINT('',(0.00600282680695979,0.0436141199703949,0.0453648980259895));
#7791=CARTESIAN_POINT('',(0.00600282680695979,0.0436141199703949,0.0473648980259895));
#7792=CARTESIAN_POINT('',(0.00770181963808782,0.0439748741078397,0.0453648980259895));
#7793=CARTESIAN_POINT('',(0.00770181963808782,0.0439748741078397,0.0453648980259895));
#7794=CARTESIAN_POINT('',(0.00770181963808782,0.0439748741078397,0.0453648980259895));
#7795=CARTESIAN_POINT('',(0.00694715381380066,0.0436141199703949,0.0453648980259895));
#7796=CARTESIAN_POINT('',(0.00600282680695979,0.0436141199703949,0.0453648980259895));
#7797=CARTESIAN_POINT('',(0.00644832687406359,0.0466487221271428,0.0453648980259895));
#7798=CARTESIAN_POINT('',(0.00891266766954506,0.0450226526688008,0.0453648980259895));
#7799=CARTESIAN_POINT('',(0.00891266766954506,0.0450226526688008,0.0453648980259895));
#7800=CARTESIAN_POINT('',(0.00644832687406359,0.0466487221271428,0.0453648980259895));
#7801=CARTESIAN_POINT('',(0.00896180651519291,0.0450226526688008,0.0453648980259895));
#7802=CARTESIAN_POINT('',(0.00901087968830122,0.0450226526688008,0.0453648980259895));
#7803=CARTESIAN_POINT('',(0.00901087968830122,0.0450226526688008,0.0453648980259895));
#7804=CARTESIAN_POINT('',(0.00896180651519291,0.0450226526688008,0.0453648980259895));
#7805=CARTESIAN_POINT('',(0.00790474384040053,0.0412479972453891,0.0453648980259895));
#7806=CARTESIAN_POINT('',(0.00790474384040053,0.0412479972453891,0.0473648980259895));
#7807=CARTESIAN_POINT('',(0.00858204204942685,0.0420685360678127,0.0453648980259895));
#7808=CARTESIAN_POINT('',(0.00858204204942685,0.0420685360678127,0.0473648980259895));
#7809=CARTESIAN_POINT('',(0.00895075399872708,0.0433267545422832,0.0453648980259895));
#7810=CARTESIAN_POINT('',(0.00895075399872708,0.0433267545422832,0.0473648980259895));
#7811=CARTESIAN_POINT('',(0.00901087968830122,0.0450226526688008,0.0453648980259895));
#7812=CARTESIAN_POINT('',(0.00901087968830122,0.0450226526688008,0.0473648980259895));
#7813=CARTESIAN_POINT('',(0.00790474384040053,0.0412479972453891,0.0453648980259895));
#7814=CARTESIAN_POINT('',(0.00790474384040053,0.0412479972453891,0.0453648980259895));
#7815=CARTESIAN_POINT('',(0.00790474384040053,0.0412479972453891,0.0453648980259895));
#7816=CARTESIAN_POINT('',(0.00892069115394001,0.0424788054790244,0.0453648980259895));
#7817=CARTESIAN_POINT('',(0.00901087968830122,0.0450226526688008,0.0453648980259895));
#7818=CARTESIAN_POINT('',(0.0048993435630109,0.0400171890117538,0.0453648980259895));
#7819=CARTESIAN_POINT('',(0.0048993435630109,0.0400171890117538,0.0473648980259895));
#7820=CARTESIAN_POINT('',(0.00622564553891101,0.0400171890117538,0.0453648980259895));
#7821=CARTESIAN_POINT('',(0.00622564553891101,0.0400171890117538,0.0473648980259895));
#7822=CARTESIAN_POINT('',(0.00722744563137422,0.0404274584229656,0.0453648980259895));
#7823=CARTESIAN_POINT('',(0.00722744563137422,0.0404274584229656,0.0473648980259895));
#7824=CARTESIAN_POINT('',(0.00790474384040053,0.0412479972453891,0.0453648980259895));
#7825=CARTESIAN_POINT('',(0.00790474384040053,0.0412479972453891,0.0473648980259895));
#7826=CARTESIAN_POINT('',(0.0048993435630109,0.0400171890117538,0.0453648980259895));
#7827=CARTESIAN_POINT('',(0.0048993435630109,0.0400171890117538,0.0453648980259895));
#7828=CARTESIAN_POINT('',(0.0048993435630109,0.0400171890117538,0.0453648980259895));
#7829=CARTESIAN_POINT('',(0.00688879652686106,0.0400171890117538,0.0453648980259895));
#7830=CARTESIAN_POINT('',(0.00790474384040053,0.0412479972453891,0.0453648980259895));
#7831=CARTESIAN_POINT('',(0.00339266451838839,0.0402320499318496,0.0453648980259895));
#7832=CARTESIAN_POINT('',(0.00339266451838839,0.0402320499318496,0.0473648980259895));
#7833=CARTESIAN_POINT('',(0.00383476517702176,0.0400888093184524,0.0453648980259895));
#7834=CARTESIAN_POINT('',(0.00383476517702176,0.0400888093184524,0.0473648980259895));
#7835=CARTESIAN_POINT('',(0.00433699152522927,0.0400171890117538,0.0453648980259895));
#7836=CARTESIAN_POINT('',(0.00433699152522927,0.0400171890117538,0.0473648980259895));
#7837=CARTESIAN_POINT('',(0.0048993435630109,0.0400171890117538,0.0453648980259895));
#7838=CARTESIAN_POINT('',(0.0048993435630109,0.0400171890117538,0.0473648980259895));
#7839=CARTESIAN_POINT('',(0.00339266451838839,0.0402320499318496,0.0453648980259895));
#7840=CARTESIAN_POINT('',(0.00339266451838839,0.0402320499318496,0.0453648980259895));
#7841=CARTESIAN_POINT('',(0.00339266451838839,0.0402320499318496,0.0453648980259895));
#7842=CARTESIAN_POINT('',(0.00405581550633845,0.0400171890117538,0.0453648980259895));
#7843=CARTESIAN_POINT('',(0.0048993435630109,0.0400171890117538,0.0453648980259895));
#7844=CARTESIAN_POINT('',(0.00339266451838839,0.0396391929486223,0.0453648980259895));
#7845=CARTESIAN_POINT('',(0.00339266451838839,0.039046335965395,0.0453648980259895));
#7846=CARTESIAN_POINT('',(0.00339266451838839,0.039046335965395,0.0453648980259895));
#7847=CARTESIAN_POINT('',(0.00339266451838839,0.0396391929486223,0.0453648980259895));
#7848=CARTESIAN_POINT('',(0.00491791179067351,0.0388792219164315,0.0453648980259895));
#7849=CARTESIAN_POINT('',(0.00491791179067351,0.0388792219164315,0.0473648980259895));
#7850=CARTESIAN_POINT('',(0.00427598163433786,0.0388792219164315,0.0453648980259895));
#7851=CARTESIAN_POINT('',(0.00427598163433786,0.0388792219164315,0.0473648980259895));
#7852=CARTESIAN_POINT('',(0.00376756587690949,0.0389349265994194,0.0453648980259895));
#7853=CARTESIAN_POINT('',(0.00376756587690949,0.0389349265994194,0.0473648980259895));
#7854=CARTESIAN_POINT('',(0.00339266451838839,0.039046335965395,0.0453648980259895));
#7855=CARTESIAN_POINT('',(0.00339266451838839,0.039046335965395,0.0473648980259895));
#7856=CARTESIAN_POINT('',(0.00491791179067351,0.0388792219164315,0.0453648980259895));
#7857=CARTESIAN_POINT('',(0.00395501655617003,0.0388792219164315,0.0453648980259895));
#7858=CARTESIAN_POINT('',(0.00339266451838839,0.039046335965395,0.0453648980259895));
#7859=CARTESIAN_POINT('',(0.00451073708407218,0.0494007754912471,0.0453648980259895));
#7860=CARTESIAN_POINT('',(0.00451073708407218,0.0494007754912471,0.0473648980259895));
#7861=CARTESIAN_POINT('',(0.00408013104256328,0.0488923597338187,0.0453648980259895));
#7862=CARTESIAN_POINT('',(0.00408013104256328,0.0488923597338187,0.0473648980259895));
#7863=CARTESIAN_POINT('',(0.00386482802180884,0.0481845565793467,0.0453648980259895));
#7864=CARTESIAN_POINT('',(0.00386482802180884,0.0481845565793467,0.0473648980259895));
#7865=CARTESIAN_POINT('',(0.00386482802180884,0.047277366027831,0.0453648980259895));
#7866=CARTESIAN_POINT('',(0.00386482802180884,0.047277366027831,0.0473648980259895));
#7867=CARTESIAN_POINT('',(0.00451073708407218,0.0494007754912471,0.0473648980259895));
#7868=CARTESIAN_POINT('',(0.00386482802180884,0.0486381518551045,0.0473648980259895));
#7869=CARTESIAN_POINT('',(0.00386482802180884,0.047277366027831,0.0473648980259895));
#7870=CARTESIAN_POINT('',(0.00451073708407218,0.0494007754912471,0.0453648980259895));
#7871=CARTESIAN_POINT('',(0.00386482802180884,0.0486381518551045,0.0453648980259895));
#7872=CARTESIAN_POINT('',(0.00386482802180884,0.047277366027831,0.0453648980259895));
#7873=CARTESIAN_POINT('',(-9.74442958823207E-8,0.0453993902569637,0.0453648980259895));
#7874=CARTESIAN_POINT('',(0.0222977728828685,0.0399243478734409,0.0453648980259895));
#7875=CARTESIAN_POINT('',(0.0222977728828685,0.0399243478734409,0.0473648980259895));
#7876=CARTESIAN_POINT('',(0.0222977728828685,0.0402957124266929,0.0453648980259895));
#7877=CARTESIAN_POINT('',(0.0222977728828685,0.0402957124266929,0.0473648980259895));
#7878=CARTESIAN_POINT('',(0.0223822141086674,0.0405764463449251,0.0453648980259895));
#7879=CARTESIAN_POINT('',(0.0223822141086674,0.0405764463449251,0.0473648980259895));
#7880=CARTESIAN_POINT('',(0.0225510965602653,0.0407665496281374,0.0453648980259895));
#7881=CARTESIAN_POINT('',(0.0225510965602653,0.0407665496281374,0.0473648980259895));
#7882=CARTESIAN_POINT('',(0.0222977728828685,0.0399243478734409,0.0453648980259895));
#7883=CARTESIAN_POINT('',(0.0222977728828685,0.0399243478734409,0.0453648980259895));
#7884=CARTESIAN_POINT('',(0.0222977728828685,0.0399243478734409,0.0453648980259895));
#7885=CARTESIAN_POINT('',(0.0222977728828685,0.0404813947033189,0.0453648980259895));
#7886=CARTESIAN_POINT('',(0.0225510965602653,0.0407665496281374,0.0453648980259895));
#7887=CARTESIAN_POINT('',(0.0225510965602653,0.0407665496281374,0.0453648980259895));
#7888=CARTESIAN_POINT('',(0.0225510965602653,0.0407665496281374,0.0453648980259895));
#7889=CARTESIAN_POINT('',(0.0225749699958315,0.0390662304950335,0.0453648980259895));
#7890=CARTESIAN_POINT('',(0.0225749699958315,0.0390662304950335,0.0473648980259895));
#7891=CARTESIAN_POINT('',(0.0223901719205228,0.039240418154535,0.0453648980259895));
#7892=CARTESIAN_POINT('',(0.0223901719205228,0.039240418154535,0.0473648980259895));
#7893=CARTESIAN_POINT('',(0.0222977728828685,0.0395264572806708,0.0453648980259895));
#7894=CARTESIAN_POINT('',(0.0222977728828685,0.0395264572806708,0.0473648980259895));
#7895=CARTESIAN_POINT('',(0.0222977728828685,0.0399243478734409,0.0453648980259895));
#7896=CARTESIAN_POINT('',(0.0222977728828685,0.0399243478734409,0.0473648980259895));
#7897=CARTESIAN_POINT('',(0.0225749699958315,0.0390662304950335,0.0453648980259895));
#7898=CARTESIAN_POINT('',(0.0225749699958315,0.0390662304950335,0.0453648980259895));
#7899=CARTESIAN_POINT('',(0.0225749699958315,0.0390662304950335,0.0453648980259895));
#7900=CARTESIAN_POINT('',(0.0222977728828685,0.0393275119842858,0.0453648980259895));
#7901=CARTESIAN_POINT('',(0.0222977728828685,0.0399243478734409,0.0453648980259895));
#7902=CARTESIAN_POINT('',(0.0232765837410827,0.0388049490057812,0.0453648980259895));
#7903=CARTESIAN_POINT('',(0.0232765837410827,0.0388049490057812,0.0473648980259895));
#7904=CARTESIAN_POINT('',(0.0229936393195573,0.0388049490057812,0.0453648980259895));
#7905=CARTESIAN_POINT('',(0.0229936393195573,0.0388049490057812,0.0473648980259895));
#7906=CARTESIAN_POINT('',(0.0227597680711403,0.0388920428355319,0.0453648980259895));
#7907=CARTESIAN_POINT('',(0.0227597680711403,0.0388920428355319,0.0473648980259895));
#7908=CARTESIAN_POINT('',(0.0225749699958315,0.0390662304950335,0.0453648980259895));
#7909=CARTESIAN_POINT('',(0.0225749699958315,0.0390662304950335,0.0473648980259895));
#7910=CARTESIAN_POINT('',(0.0232765837410827,0.0388049490057812,0.0453648980259895));
#7911=CARTESIAN_POINT('',(0.0232765837410827,0.0388049490057812,0.0453648980259895));
#7912=CARTESIAN_POINT('',(0.0232765837410827,0.0388049490057812,0.0453648980259895));
#7913=CARTESIAN_POINT('',(0.0228521671087946,0.0388049490057812,0.0453648980259895));
#7914=CARTESIAN_POINT('',(0.0225749699958315,0.0390662304950335,0.0453648980259895));
#7915=CARTESIAN_POINT('',(0.0240219654515386,0.0390954091385033,0.0453648980259895));
#7916=CARTESIAN_POINT('',(0.0240219654515386,0.0390954091385033,0.0473648980259895));
#7917=CARTESIAN_POINT('',(0.0238398199801816,0.0389017690500219,0.0453648980259895));
#7918=CARTESIAN_POINT('',(0.0238398199801816,0.0389017690500219,0.0473648980259895));
#7919=CARTESIAN_POINT('',(0.0235913594100297,0.0388049490057812,0.0453648980259895));
#7920=CARTESIAN_POINT('',(0.0235913594100297,0.0388049490057812,0.0473648980259895));
#7921=CARTESIAN_POINT('',(0.0232765837410827,0.0388049490057812,0.0453648980259895));
#7922=CARTESIAN_POINT('',(0.0232765837410827,0.0388049490057812,0.0473648980259895));
#7923=CARTESIAN_POINT('',(0.0240219654515386,0.0390954091385033,0.0453648980259895));
#7924=CARTESIAN_POINT('',(0.0240219654515386,0.0390954091385033,0.0453648980259895));
#7925=CARTESIAN_POINT('',(0.0240219654515386,0.0390954091385033,0.0453648980259895));
#7926=CARTESIAN_POINT('',(0.0237487472445032,0.0388049490057812,0.0453648980259895));
#7927=CARTESIAN_POINT('',(0.0232765837410827,0.0388049490057812,0.0453648980259895));
#7928=CARTESIAN_POINT('',(0.024295183658574,0.0399243478734409,0.0453648980259895));
#7929=CARTESIAN_POINT('',(0.024295183658574,0.0399243478734409,0.0473648980259895));
#7930=CARTESIAN_POINT('',(0.024295183658574,0.0395653621386306,0.0453648980259895));
#7931=CARTESIAN_POINT('',(0.024295183658574,0.0395653621386306,0.0473648980259895));
#7932=CARTESIAN_POINT('',(0.0242041109228955,0.0392890492269847,0.0453648980259895));
#7933=CARTESIAN_POINT('',(0.0242041109228955,0.0392890492269847,0.0473648980259895));
#7934=CARTESIAN_POINT('',(0.0240219654515386,0.0390954091385033,0.0453648980259895));
#7935=CARTESIAN_POINT('',(0.0240219654515386,0.0390954091385033,0.0473648980259895));
#7936=CARTESIAN_POINT('',(0.024295183658574,0.0399243478734409,0.0453648980259895));
#7937=CARTESIAN_POINT('',(0.024295183658574,0.0399243478734409,0.0453648980259895));
#7938=CARTESIAN_POINT('',(0.024295183658574,0.0399243478734409,0.0453648980259895));
#7939=CARTESIAN_POINT('',(0.024295183658574,0.0393858692712254,0.0453648980259895));
#7940=CARTESIAN_POINT('',(0.0240219654515386,0.0390954091385033,0.0453648980259895));
#7941=CARTESIAN_POINT('',(0.0240259443574663,0.0407665496281374,0.0453648980259895));
#7942=CARTESIAN_POINT('',(0.0240259443574663,0.0407665496281374,0.0473648980259895));
#7943=CARTESIAN_POINT('',(0.0242054372248714,0.0405764463449251,0.0453648980259895));
#7944=CARTESIAN_POINT('',(0.0242054372248714,0.0405764463449251,0.0473648980259895));
#7945=CARTESIAN_POINT('',(0.024295183658574,0.0402957124266929,0.0453648980259895));
#7946=CARTESIAN_POINT('',(0.024295183658574,0.0402957124266929,0.0473648980259895));
#7947=CARTESIAN_POINT('',(0.024295183658574,0.0399243478734409,0.0453648980259895));
#7948=CARTESIAN_POINT('',(0.024295183658574,0.0399243478734409,0.0473648980259895));
#7949=CARTESIAN_POINT('',(0.0240259443574663,0.0407665496281374,0.0453648980259895));
#7950=CARTESIAN_POINT('',(0.0240259443574663,0.0407665496281374,0.0453648980259895));
#7951=CARTESIAN_POINT('',(0.0240259443574663,0.0407665496281374,0.0453648980259895));
#7952=CARTESIAN_POINT('',(0.024295183658574,0.0404813947033189,0.0453648980259895));
#7953=CARTESIAN_POINT('',(0.024295183658574,0.0399243478734409,0.0453648980259895));
#7954=CARTESIAN_POINT('',(0.0232765837410827,0.041051704552956,0.0453648980259895));
#7955=CARTESIAN_POINT('',(0.0232765837410827,0.041051704552956,0.0473648980259895));
#7956=CARTESIAN_POINT('',(0.0235966646179333,0.041051704552956,0.0453648980259895));
#7957=CARTESIAN_POINT('',(0.0235966646179333,0.041051704552956,0.0473648980259895));
#7958=CARTESIAN_POINT('',(0.0238464514900611,0.0409566529113498,0.0453648980259895));
#7959=CARTESIAN_POINT('',(0.0238464514900611,0.0409566529113498,0.0473648980259895));
#7960=CARTESIAN_POINT('',(0.0240259443574663,0.0407665496281374,0.0453648980259895));
#7961=CARTESIAN_POINT('',(0.0240259443574663,0.0407665496281374,0.0473648980259895));
#7962=CARTESIAN_POINT('',(0.0232765837410827,0.041051704552956,0.0453648980259895));
#7963=CARTESIAN_POINT('',(0.0232765837410827,0.041051704552956,0.0453648980259895));
#7964=CARTESIAN_POINT('',(0.0232765837410827,0.041051704552956,0.0453648980259895));
#7965=CARTESIAN_POINT('',(0.0237567050563585,0.041051704552956,0.0453648980259895));
#7966=CARTESIAN_POINT('',(0.0240259443574663,0.0407665496281374,0.0453648980259895));
#7967=CARTESIAN_POINT('',(0.0225510965602653,0.0407665496281374,0.0453648980259895));
#7968=CARTESIAN_POINT('',(0.0225510965602653,0.0407665496281374,0.0473648980259895));
#7969=CARTESIAN_POINT('',(0.0227199790118633,0.0409566529113498,0.0453648980259895));
#7970=CARTESIAN_POINT('',(0.0227199790118633,0.0409566529113498,0.0473648980259895));
#7971=CARTESIAN_POINT('',(0.0229618080721357,0.041051704552956,0.0453648980259895));
#7972=CARTESIAN_POINT('',(0.0229618080721357,0.041051704552956,0.0473648980259895));
#7973=CARTESIAN_POINT('',(0.0232765837410827,0.041051704552956,0.0453648980259895));
#7974=CARTESIAN_POINT('',(0.0232765837410827,0.041051704552956,0.0473648980259895));
#7975=CARTESIAN_POINT('',(0.0225510965602653,0.0407665496281374,0.0453648980259895));
#7976=CARTESIAN_POINT('',(0.0228044202376622,0.041051704552956,0.0453648980259895));
#7977=CARTESIAN_POINT('',(0.0232765837410827,0.041051704552956,0.0453648980259895));
#7978=CARTESIAN_POINT('',(-9.74442958823207E-8,0.0453993902569637,0.0453648980259895));
#7979=CARTESIAN_POINT('',(-0.0031380464109437,0.0435968780447082,0.0453648980259895));
#7980=CARTESIAN_POINT('',(-0.0031380464109437,0.0429668846061557,0.0453648980259895));
#7981=CARTESIAN_POINT('',(-0.0031380464109437,0.0429668846061557,0.0453648980259895));
#7982=CARTESIAN_POINT('',(-0.0031380464109437,0.0435968780447082,0.0453648980259895));
#7983=CARTESIAN_POINT('',(-0.0031380464109437,0.0442268714832608,0.0453648980259895));
#7984=CARTESIAN_POINT('',(-0.0031380464109437,0.0442268714832608,0.0453648980259895));
#7985=CARTESIAN_POINT('',(-0.00110349917991295,0.0429668846061557,0.0453648980259895));
#7986=CARTESIAN_POINT('',(0.000931048051117808,0.0429668846061557,0.0453648980259895));
#7987=CARTESIAN_POINT('',(0.000931048051117808,0.0429668846061557,0.0453648980259895));
#7988=CARTESIAN_POINT('',(-0.00110349917991295,0.0429668846061557,0.0453648980259895));
#7989=CARTESIAN_POINT('',(0.000931048051117808,0.0435968780447082,0.0453648980259895));
#7990=CARTESIAN_POINT('',(0.000931048051117808,0.0442268714832608,0.0453648980259895));
#7991=CARTESIAN_POINT('',(0.000931048051117808,0.0442268714832608,0.0453648980259895));
#7992=CARTESIAN_POINT('',(0.000931048051117808,0.0435968780447082,0.0453648980259895));
#7993=CARTESIAN_POINT('',(-0.00110349917991295,0.0442268714832608,0.0453648980259895));
#7994=CARTESIAN_POINT('',(-0.00110349917991295,0.0442268714832608,0.0453648980259895));
#7995=CARTESIAN_POINT('',(-9.74442958823207E-8,0.0453993902569637,0.0453648980259895));
#7996=CARTESIAN_POINT('',(-0.0360183986954831,0.0444722373488023,0.0453648980259895));
#7997=CARTESIAN_POINT('',(-0.038529088335862,0.039046335965395,0.0453648980259895));
#7998=CARTESIAN_POINT('',(-0.038529088335862,0.039046335965395,0.0453648980259895));
#7999=CARTESIAN_POINT('',(-0.0360183986954831,0.0444722373488023,0.0453648980259895));
#8000=CARTESIAN_POINT('',(-0.0335077090551042,0.0498981387322096,0.0453648980259895));
#8001=CARTESIAN_POINT('',(-0.0335077090551042,0.0498981387322096,0.0453648980259895));
#8002=CARTESIAN_POINT('',(-0.0377664646997194,0.039046335965395,0.0453648980259895));
#8003=CARTESIAN_POINT('',(-0.0370038410635769,0.039046335965395,0.0453648980259895));
#8004=CARTESIAN_POINT('',(-0.0370038410635769,0.039046335965395,0.0453648980259895));
#8005=CARTESIAN_POINT('',(-0.0377664646997194,0.039046335965395,0.0453648980259895));
#8006=CARTESIAN_POINT('',(-0.0345263089725954,0.0445544680713081,0.0453648980259895));
#8007=CARTESIAN_POINT('',(-0.0320487768816141,0.0500626001772212,0.0453648980259895));
#8008=CARTESIAN_POINT('',(-0.0320487768816141,0.0500626001772212,0.0453648980259895));
#8009=CARTESIAN_POINT('',(-0.0345263089725954,0.0445544680713081,0.0453648980259895));
#8010=CARTESIAN_POINT('',(-0.0320487768816141,0.0506143417991957,0.0453648980259895));
#8011=CARTESIAN_POINT('',(-0.0320487768816141,0.0511660834211701,0.0453648980259895));
#8012=CARTESIAN_POINT('',(-0.0320487768816141,0.0511660834211701,0.0453648980259895));
#8013=CARTESIAN_POINT('',(-0.0320487768816141,0.0506143417991957,0.0453648980259895));
#8014=CARTESIAN_POINT('',(-0.0360807348883504,0.0511660834211701,0.0453648980259895));
#8015=CARTESIAN_POINT('',(-0.0401126928950867,0.0511660834211701,0.0453648980259895));
#8016=CARTESIAN_POINT('',(-0.0401126928950867,0.0511660834211701,0.0453648980259895));
#8017=CARTESIAN_POINT('',(-0.0360807348883504,0.0511660834211701,0.0453648980259895));
#8018=CARTESIAN_POINT('',(-0.0401126928950867,0.0505321110766898,0.0453648980259895));
#8019=CARTESIAN_POINT('',(-0.0401126928950867,0.0498981387322096,0.0453648980259895));
#8020=CARTESIAN_POINT('',(-0.0401126928950867,0.0498981387322096,0.0453648980259895));
#8021=CARTESIAN_POINT('',(-0.0401126928950867,0.0505321110766898,0.0453648980259895));
#8022=CARTESIAN_POINT('',(-0.0368102009750955,0.0498981387322096,0.0453648980259895));
#8023=CARTESIAN_POINT('',(-0.0368102009750955,0.0498981387322096,0.0453648980259895));
#8024=CARTESIAN_POINT('',(-9.74442958823207E-8,0.0453993902569637,0.0453648980259895));
#8025=CARTESIAN_POINT('',(-0.0538558339693635,0.0399243478734409,0.0453648980259895));
#8026=CARTESIAN_POINT('',(-0.0538558339693635,0.0399243478734409,0.0473648980259895));
#8027=CARTESIAN_POINT('',(-0.0538558339693635,0.0402957124266929,0.0453648980259895));
#8028=CARTESIAN_POINT('',(-0.0538558339693635,0.0402957124266929,0.0473648980259895));
#8029=CARTESIAN_POINT('',(-0.0537713927435645,0.0405764463449251,0.0453648980259895));
#8030=CARTESIAN_POINT('',(-0.0537713927435645,0.0405764463449251,0.0473648980259895));
#8031=CARTESIAN_POINT('',(-0.0536025102919666,0.0407665496281374,0.0453648980259895));
#8032=CARTESIAN_POINT('',(-0.0536025102919666,0.0407665496281374,0.0473648980259895));
#8033=CARTESIAN_POINT('',(-0.0538558339693635,0.0399243478734409,0.0453648980259895));
#8034=CARTESIAN_POINT('',(-0.0538558339693635,0.0399243478734409,0.0453648980259895));
#8035=CARTESIAN_POINT('',(-0.0538558339693635,0.0399243478734409,0.0453648980259895));
#8036=CARTESIAN_POINT('',(-0.0538558339693635,0.0404813947033189,0.0453648980259895));
#8037=CARTESIAN_POINT('',(-0.0536025102919666,0.0407665496281374,0.0453648980259895));
#8038=CARTESIAN_POINT('',(-0.0536025102919666,0.0407665496281374,0.0453648980259895));
#8039=CARTESIAN_POINT('',(-0.0536025102919666,0.0407665496281374,0.0453648980259895));
#8040=CARTESIAN_POINT('',(-0.0535786368564004,0.0390662304950335,0.0453648980259895));
#8041=CARTESIAN_POINT('',(-0.0535786368564004,0.0390662304950335,0.0473648980259895));
#8042=CARTESIAN_POINT('',(-0.0537634349317091,0.039240418154535,0.0453648980259895));
#8043=CARTESIAN_POINT('',(-0.0537634349317091,0.039240418154535,0.0473648980259895));
#8044=CARTESIAN_POINT('',(-0.0538558339693635,0.0395264572806708,0.0453648980259895));
#8045=CARTESIAN_POINT('',(-0.0538558339693635,0.0395264572806708,0.0473648980259895));
#8046=CARTESIAN_POINT('',(-0.0538558339693635,0.0399243478734409,0.0453648980259895));
#8047=CARTESIAN_POINT('',(-0.0538558339693635,0.0399243478734409,0.0473648980259895));
#8048=CARTESIAN_POINT('',(-0.0535786368564004,0.0390662304950335,0.0453648980259895));
#8049=CARTESIAN_POINT('',(-0.0535786368564004,0.0390662304950335,0.0453648980259895));
#8050=CARTESIAN_POINT('',(-0.0535786368564004,0.0390662304950335,0.0453648980259895));
#8051=CARTESIAN_POINT('',(-0.0538558339693635,0.0393275119842858,0.0453648980259895));
#8052=CARTESIAN_POINT('',(-0.0538558339693635,0.0399243478734409,0.0453648980259895));
#8053=CARTESIAN_POINT('',(-0.0528770231111493,0.0388049490057812,0.0453648980259895));
#8054=CARTESIAN_POINT('',(-0.0528770231111493,0.0388049490057812,0.0473648980259895));
#8055=CARTESIAN_POINT('',(-0.0531599675326746,0.0388049490057812,0.0453648980259895));
#8056=CARTESIAN_POINT('',(-0.0531599675326746,0.0388049490057812,0.0473648980259895));
#8057=CARTESIAN_POINT('',(-0.0533938387810917,0.0388920428355319,0.0453648980259895));
#8058=CARTESIAN_POINT('',(-0.0533938387810917,0.0388920428355319,0.0473648980259895));
#8059=CARTESIAN_POINT('',(-0.0535786368564004,0.0390662304950335,0.0453648980259895));
#8060=CARTESIAN_POINT('',(-0.0535786368564004,0.0390662304950335,0.0473648980259895));
#8061=CARTESIAN_POINT('',(-0.0528770231111493,0.0388049490057812,0.0453648980259895));
#8062=CARTESIAN_POINT('',(-0.0528770231111493,0.0388049490057812,0.0453648980259895));
#8063=CARTESIAN_POINT('',(-0.0528770231111493,0.0388049490057812,0.0453648980259895));
#8064=CARTESIAN_POINT('',(-0.0533014397434373,0.0388049490057812,0.0453648980259895));
#8065=CARTESIAN_POINT('',(-0.0535786368564004,0.0390662304950335,0.0453648980259895));
#8066=CARTESIAN_POINT('',(-0.0521316414006934,0.0390954091385033,0.0453648980259895));
#8067=CARTESIAN_POINT('',(-0.0521316414006934,0.0390954091385033,0.0473648980259895));
#8068=CARTESIAN_POINT('',(-0.0523137868720503,0.0389017690500219,0.0453648980259895));
#8069=CARTESIAN_POINT('',(-0.0523137868720503,0.0389017690500219,0.0473648980259895));
#8070=CARTESIAN_POINT('',(-0.0525622474422023,0.0388049490057812,0.0453648980259895));
#8071=CARTESIAN_POINT('',(-0.0525622474422023,0.0388049490057812,0.0473648980259895));
#8072=CARTESIAN_POINT('',(-0.0528770231111493,0.0388049490057812,0.0453648980259895));
#8073=CARTESIAN_POINT('',(-0.0528770231111493,0.0388049490057812,0.0473648980259895));
#8074=CARTESIAN_POINT('',(-0.0521316414006934,0.0390954091385033,0.0453648980259895));
#8075=CARTESIAN_POINT('',(-0.0521316414006934,0.0390954091385033,0.0453648980259895));
#8076=CARTESIAN_POINT('',(-0.0521316414006934,0.0390954091385033,0.0453648980259895));
#8077=CARTESIAN_POINT('',(-0.0524048596077288,0.0388049490057812,0.0453648980259895));
#8078=CARTESIAN_POINT('',(-0.0528770231111493,0.0388049490057812,0.0453648980259895));
#8079=CARTESIAN_POINT('',(-0.051858423193658,0.0399243478734409,0.0453648980259895));
#8080=CARTESIAN_POINT('',(-0.051858423193658,0.0399243478734409,0.0473648980259895));
#8081=CARTESIAN_POINT('',(-0.051858423193658,0.0395653621386306,0.0453648980259895));
#8082=CARTESIAN_POINT('',(-0.051858423193658,0.0395653621386306,0.0473648980259895));
#8083=CARTESIAN_POINT('',(-0.0519494959293365,0.0392890492269847,0.0453648980259895));
#8084=CARTESIAN_POINT('',(-0.0519494959293365,0.0392890492269847,0.0473648980259895));
#8085=CARTESIAN_POINT('',(-0.0521316414006934,0.0390954091385033,0.0453648980259895));
#8086=CARTESIAN_POINT('',(-0.0521316414006934,0.0390954091385033,0.0473648980259895));
#8087=CARTESIAN_POINT('',(-0.051858423193658,0.0399243478734409,0.0453648980259895));
#8088=CARTESIAN_POINT('',(-0.051858423193658,0.0399243478734409,0.0453648980259895));
#8089=CARTESIAN_POINT('',(-0.051858423193658,0.0399243478734409,0.0453648980259895));
#8090=CARTESIAN_POINT('',(-0.051858423193658,0.0393858692712254,0.0453648980259895));
#8091=CARTESIAN_POINT('',(-0.0521316414006934,0.0390954091385033,0.0453648980259895));
#8092=CARTESIAN_POINT('',(-0.0521276624947657,0.0407665496281374,0.0453648980259895));
#8093=CARTESIAN_POINT('',(-0.0521276624947657,0.0407665496281374,0.0473648980259895));
#8094=CARTESIAN_POINT('',(-0.0519481696273606,0.0405764463449251,0.0453648980259895));
#8095=CARTESIAN_POINT('',(-0.0519481696273606,0.0405764463449251,0.0473648980259895));
#8096=CARTESIAN_POINT('',(-0.051858423193658,0.0402957124266929,0.0453648980259895));
#8097=CARTESIAN_POINT('',(-0.051858423193658,0.0402957124266929,0.0473648980259895));
#8098=CARTESIAN_POINT('',(-0.051858423193658,0.0399243478734409,0.0453648980259895));
#8099=CARTESIAN_POINT('',(-0.051858423193658,0.0399243478734409,0.0473648980259895));
#8100=CARTESIAN_POINT('',(-0.0521276624947657,0.0407665496281374,0.0453648980259895));
#8101=CARTESIAN_POINT('',(-0.0521276624947657,0.0407665496281374,0.0453648980259895));
#8102=CARTESIAN_POINT('',(-0.0521276624947657,0.0407665496281374,0.0453648980259895));
#8103=CARTESIAN_POINT('',(-0.051858423193658,0.0404813947033189,0.0453648980259895));
#8104=CARTESIAN_POINT('',(-0.051858423193658,0.0399243478734409,0.0453648980259895));
#8105=CARTESIAN_POINT('',(-0.0528770231111493,0.041051704552956,0.0453648980259895));
#8106=CARTESIAN_POINT('',(-0.0528770231111493,0.041051704552956,0.0473648980259895));
#8107=CARTESIAN_POINT('',(-0.0525569422342987,0.041051704552956,0.0453648980259895));
#8108=CARTESIAN_POINT('',(-0.0525569422342987,0.041051704552956,0.0473648980259895));
#8109=CARTESIAN_POINT('',(-0.0523071553621708,0.0409566529113498,0.0453648980259895));
#8110=CARTESIAN_POINT('',(-0.0523071553621708,0.0409566529113498,0.0473648980259895));
#8111=CARTESIAN_POINT('',(-0.0521276624947657,0.0407665496281374,0.0453648980259895));
#8112=CARTESIAN_POINT('',(-0.0521276624947657,0.0407665496281374,0.0473648980259895));
#8113=CARTESIAN_POINT('',(-0.0528770231111493,0.041051704552956,0.0453648980259895));
#8114=CARTESIAN_POINT('',(-0.0528770231111493,0.041051704552956,0.0453648980259895));
#8115=CARTESIAN_POINT('',(-0.0528770231111493,0.041051704552956,0.0453648980259895));
#8116=CARTESIAN_POINT('',(-0.0523969017958734,0.041051704552956,0.0453648980259895));
#8117=CARTESIAN_POINT('',(-0.0521276624947657,0.0407665496281374,0.0453648980259895));
#8118=CARTESIAN_POINT('',(-0.0536025102919666,0.0407665496281374,0.0453648980259895));
#8119=CARTESIAN_POINT('',(-0.0536025102919666,0.0407665496281374,0.0473648980259895));
#8120=CARTESIAN_POINT('',(-0.0534336278403687,0.0409566529113498,0.0453648980259895));
#8121=CARTESIAN_POINT('',(-0.0534336278403687,0.0409566529113498,0.0473648980259895));
#8122=CARTESIAN_POINT('',(-0.0531917987800962,0.041051704552956,0.0453648980259895));
#8123=CARTESIAN_POINT('',(-0.0531917987800962,0.041051704552956,0.0473648980259895));
#8124=CARTESIAN_POINT('',(-0.0528770231111493,0.041051704552956,0.0453648980259895));
#8125=CARTESIAN_POINT('',(-0.0528770231111493,0.041051704552956,0.0473648980259895));
#8126=CARTESIAN_POINT('',(-0.0536025102919666,0.0407665496281374,0.0453648980259895));
#8127=CARTESIAN_POINT('',(-0.0533491866145697,0.041051704552956,0.0453648980259895));
#8128=CARTESIAN_POINT('',(-0.0528770231111493,0.041051704552956,0.0453648980259895));
#8129=CARTESIAN_POINT('',(-9.74442958823207E-8,0.0453993902569637,0.0453648980259895));
#8130=CARTESIAN_POINT('',(0.0135707058814458,0.0451234516189692,0.0453648980259895));
#8131=CARTESIAN_POINT('',(0.0135707058814458,0.0451234516189692,0.0473648980259895));
#8132=CARTESIAN_POINT('',(0.0135707058814458,0.0433603541923394,0.0453648980259895));
#8133=CARTESIAN_POINT('',(0.0135707058814458,0.0433603541923394,0.0473648980259895));
#8134=CARTESIAN_POINT('',(0.0137780510903448,0.0420764938796681,0.0453648980259895));
#8135=CARTESIAN_POINT('',(0.0137780510903448,0.0420764938796681,0.0473648980259895));
#8136=CARTESIAN_POINT('',(0.0141927415081429,0.0412718706809553,0.0453648980259895));
#8137=CARTESIAN_POINT('',(0.0141927415081429,0.0412718706809553,0.0473648980259895));
#8138=CARTESIAN_POINT('',(0.0135707058814458,0.0451234516189692,0.0473648980259895));
#8139=CARTESIAN_POINT('',(0.0135707058814458,0.0424788054790244,0.0473648980259895));
#8140=CARTESIAN_POINT('',(0.0141927415081429,0.0412718706809553,0.0473648980259895));
#8141=CARTESIAN_POINT('',(0.0135707058814458,0.0451234516189692,0.0473648980259895));
#8142=CARTESIAN_POINT('',(0.0141927415081429,0.0412718706809553,0.0473648980259895));
#8143=CARTESIAN_POINT('',(0.0135707058814458,0.0451234516189692,0.0453648980259895));
#8144=CARTESIAN_POINT('',(0.0135707058814458,0.0451234516189692,0.0453648980259895));
#8145=CARTESIAN_POINT('',(0.0135707058814458,0.0451234516189692,0.0453648980259895));
#8146=CARTESIAN_POINT('',(0.0135707058814458,0.0424788054790244,0.0453648980259895));
#8147=CARTESIAN_POINT('',(0.0141927415081429,0.0412718706809553,0.0453648980259895));
#8148=CARTESIAN_POINT('',(0.0141927415081429,0.0412718706809553,0.0453648980259895));
#8149=CARTESIAN_POINT('',(0.0141927415081429,0.0412718706809553,0.0453648980259895));
#8150=CARTESIAN_POINT('',(0.0141927415081429,0.0489657484431518,0.0453648980259895));
#8151=CARTESIAN_POINT('',(0.0141927415081429,0.0489657484431518,0.0473648980259895));
#8152=CARTESIAN_POINT('',(0.0137780510903448,0.0481673146536599,0.0453648980259895));
#8153=CARTESIAN_POINT('',(0.0137780510903448,0.0481673146536599,0.0473648980259895));
#8154=CARTESIAN_POINT('',(0.0135707058814458,0.0468865490455991,0.0453648980259895));
#8155=CARTESIAN_POINT('',(0.0135707058814458,0.0468865490455991,0.0473648980259895));
#8156=CARTESIAN_POINT('',(0.0135707058814458,0.0451234516189692,0.0453648980259895));
#8157=CARTESIAN_POINT('',(0.0135707058814458,0.0451234516189692,0.0473648980259895));
#8158=CARTESIAN_POINT('',(0.0141927415081429,0.0489657484431518,0.0473648980259895));
#8159=CARTESIAN_POINT('',(0.0135707058814458,0.047768097758914,0.0473648980259895));
#8160=CARTESIAN_POINT('',(0.0135707058814458,0.0451234516189692,0.0473648980259895));
#8161=CARTESIAN_POINT('',(0.0141927415081429,0.0489657484431518,0.0473648980259895));
#8162=CARTESIAN_POINT('',(0.0141927415081429,0.0489657484431518,0.0453648980259895));
#8163=CARTESIAN_POINT('',(0.0141927415081429,0.0489657484431518,0.0453648980259895));
#8164=CARTESIAN_POINT('',(0.0141927415081429,0.0489657484431518,0.0453648980259895));
#8165=CARTESIAN_POINT('',(0.0135707058814458,0.047768097758914,0.0453648980259895));
#8166=CARTESIAN_POINT('',(0.0135707058814458,0.0451234516189692,0.0453648980259895));
#8167=CARTESIAN_POINT('',(0.0161729103581617,0.0501633991273896,0.0453648980259895));
#8168=CARTESIAN_POINT('',(0.0161729103581617,0.0501633991273896,0.0473648980259895));
#8169=CARTESIAN_POINT('',(0.0152674882092806,0.0501633991273896,0.0453648980259895));
#8170=CARTESIAN_POINT('',(0.0152674882092806,0.0501633991273896,0.0473648980259895));
#8171=CARTESIAN_POINT('',(0.014607431925941,0.0497641822326437,0.0453648980259895));
#8172=CARTESIAN_POINT('',(0.014607431925941,0.0497641822326437,0.0473648980259895));
#8173=CARTESIAN_POINT('',(0.0141927415081429,0.0489657484431518,0.0453648980259895));
#8174=CARTESIAN_POINT('',(0.0141927415081429,0.0489657484431518,0.0473648980259895));
#8175=CARTESIAN_POINT('',(0.0161729103581617,0.0501633991273896,0.0473648980259895));
#8176=CARTESIAN_POINT('',(0.0148147771348401,0.0501633991273896,0.0473648980259895));
#8177=CARTESIAN_POINT('',(0.0141927415081429,0.0489657484431518,0.0473648980259895));
#8178=CARTESIAN_POINT('',(0.0161729103581617,0.0501633991273896,0.0473648980259895));
#8179=CARTESIAN_POINT('',(0.0161729103581617,0.0501633991273896,0.0453648980259895));
#8180=CARTESIAN_POINT('',(0.0161729103581617,0.0501633991273896,0.0453648980259895));
#8181=CARTESIAN_POINT('',(0.0161729103581617,0.0501633991273896,0.0453648980259895));
#8182=CARTESIAN_POINT('',(0.0148147771348401,0.0501633991273896,0.0453648980259895));
#8183=CARTESIAN_POINT('',(0.0141927415081429,0.0489657484431518,0.0453648980259895));
#8184=CARTESIAN_POINT('',(0.0181663422279396,0.0489485065174651,0.0453648980259895));
#8185=CARTESIAN_POINT('',(0.0181663422279396,0.0489485065174651,0.0473648980259895));
#8186=CARTESIAN_POINT('',(0.0177551886154106,0.0497584349240814,0.0453648980259895));
#8187=CARTESIAN_POINT('',(0.0177551886154106,0.0497584349240814,0.0473648980259895));
#8188=CARTESIAN_POINT('',(0.0170907113254846,0.0501633991273896,0.0453648980259895));
#8189=CARTESIAN_POINT('',(0.0170907113254846,0.0501633991273896,0.0473648980259895));
#8190=CARTESIAN_POINT('',(0.0161729103581617,0.0501633991273896,0.0453648980259895));
#8191=CARTESIAN_POINT('',(0.0161729103581617,0.0501633991273896,0.0473648980259895));
#8192=CARTESIAN_POINT('',(0.0181663422279396,0.0489485065174651,0.0473648980259895));
#8193=CARTESIAN_POINT('',(0.017549611809146,0.0501633991273896,0.0473648980259895));
#8194=CARTESIAN_POINT('',(0.0161729103581617,0.0501633991273896,0.0473648980259895));
#8195=CARTESIAN_POINT('',(0.0181663422279396,0.0489485065174651,0.0473648980259895));
#8196=CARTESIAN_POINT('',(0.0181663422279396,0.0489485065174651,0.0453648980259895));
#8197=CARTESIAN_POINT('',(0.0181663422279396,0.0489485065174651,0.0453648980259895));
#8198=CARTESIAN_POINT('',(0.0181663422279396,0.0489485065174651,0.0453648980259895));
#8199=CARTESIAN_POINT('',(0.017549611809146,0.0501633991273896,0.0453648980259895));
#8200=CARTESIAN_POINT('',(0.0161729103581617,0.0501633991273896,0.0453648980259895));
#8201=CARTESIAN_POINT('',(0.0187830726467331,0.0451234516189692,0.0453648980259895));
#8202=CARTESIAN_POINT('',(0.0187830726467331,0.0451234516189692,0.0473648980259895));
#8203=CARTESIAN_POINT('',(0.0187830726467331,0.0468635598113501,0.0453648980259895));
#8204=CARTESIAN_POINT('',(0.0187830726467331,0.0468635598113501,0.0473648980259895));
#8205=CARTESIAN_POINT('',(0.0185774958404686,0.0481385781108488,0.0453648980259895));
#8206=CARTESIAN_POINT('',(0.0185774958404686,0.0481385781108488,0.0473648980259895));
#8207=CARTESIAN_POINT('',(0.0181663422279396,0.0489485065174651,0.0453648980259895));
#8208=CARTESIAN_POINT('',(0.0181663422279396,0.0489485065174651,0.0473648980259895));
#8209=CARTESIAN_POINT('',(0.0187830726467331,0.0451234516189692,0.0473648980259895));
#8210=CARTESIAN_POINT('',(0.0187830726467331,0.0477336139075406,0.0473648980259895));
#8211=CARTESIAN_POINT('',(0.0181663422279396,0.0489485065174651,0.0473648980259895));
#8212=CARTESIAN_POINT('',(0.0187830726467331,0.0451234516189692,0.0473648980259895));
#8213=CARTESIAN_POINT('',(0.0187830726467331,0.0451234516189692,0.0453648980259895));
#8214=CARTESIAN_POINT('',(0.0187830726467331,0.0451234516189692,0.0453648980259895));
#8215=CARTESIAN_POINT('',(0.0187830726467331,0.0451234516189692,0.0453648980259895));
#8216=CARTESIAN_POINT('',(0.0187830726467331,0.0477336139075406,0.0453648980259895));
#8217=CARTESIAN_POINT('',(0.0181663422279396,0.0489485065174651,0.0453648980259895));
#8218=CARTESIAN_POINT('',(0.0181663422279396,0.0412877863046661,0.0453648980259895));
#8219=CARTESIAN_POINT('',(0.0181663422279396,0.0412877863046661,0.0473648980259895));
#8220=CARTESIAN_POINT('',(0.0185774958404686,0.0421030199191861,0.0453648980259895));
#8221=CARTESIAN_POINT('',(0.0185774958404686,0.0421030199191861,0.0473648980259895));
#8222=CARTESIAN_POINT('',(0.0187830726467331,0.0433815750239538,0.0453648980259895));
#8223=CARTESIAN_POINT('',(0.0187830726467331,0.0433815750239538,0.0473648980259895));
#8224=CARTESIAN_POINT('',(0.0187830726467331,0.0451234516189692,0.0453648980259895));
#8225=CARTESIAN_POINT('',(0.0187830726467331,0.0451234516189692,0.0473648980259895));
#8226=CARTESIAN_POINT('',(0.0181663422279396,0.0412877863046661,0.0473648980259895));
#8227=CARTESIAN_POINT('',(0.0187830726467331,0.042510636726446,0.0473648980259895));
#8228=CARTESIAN_POINT('',(0.0187830726467331,0.0451234516189692,0.0473648980259895));
#8229=CARTESIAN_POINT('',(0.0181663422279396,0.0412877863046661,0.0473648980259895));
#8230=CARTESIAN_POINT('',(0.0181663422279396,0.0412877863046661,0.0453648980259895));
#8231=CARTESIAN_POINT('',(0.0181663422279396,0.0412877863046661,0.0453648980259895));
#8232=CARTESIAN_POINT('',(0.0181663422279396,0.0412877863046661,0.0453648980259895));
#8233=CARTESIAN_POINT('',(0.0187830726467331,0.042510636726446,0.0453648980259895));
#8234=CARTESIAN_POINT('',(0.0187830726467331,0.0451234516189692,0.0453648980259895));
#8235=CARTESIAN_POINT('',(0.0161729103581617,0.0400649358828863,0.0453648980259895));
#8236=CARTESIAN_POINT('',(0.0161729103581617,0.0400649358828863,0.0473648980259895));
#8237=CARTESIAN_POINT('',(0.0170907113254846,0.0400649358828863,0.0453648980259895));
#8238=CARTESIAN_POINT('',(0.0170907113254846,0.0400649358828863,0.0473648980259895));
#8239=CARTESIAN_POINT('',(0.0177551886154106,0.0404725526901462,0.0453648980259895));
#8240=CARTESIAN_POINT('',(0.0177551886154106,0.0404725526901462,0.0473648980259895));
#8241=CARTESIAN_POINT('',(0.0181663422279396,0.0412877863046661,0.0453648980259895));
#8242=CARTESIAN_POINT('',(0.0181663422279396,0.0412877863046661,0.0473648980259895));
#8243=CARTESIAN_POINT('',(0.0161729103581617,0.0400649358828863,0.0473648980259895));
#8244=CARTESIAN_POINT('',(0.017549611809146,0.0400649358828863,0.0473648980259895));
#8245=CARTESIAN_POINT('',(0.0181663422279396,0.0412877863046661,0.0473648980259895));
#8246=CARTESIAN_POINT('',(0.0161729103581617,0.0400649358828863,0.0473648980259895));
#8247=CARTESIAN_POINT('',(0.0161729103581617,0.0400649358828863,0.0453648980259895));
#8248=CARTESIAN_POINT('',(0.0161729103581617,0.0400649358828863,0.0453648980259895));
#8249=CARTESIAN_POINT('',(0.0161729103581617,0.0400649358828863,0.0453648980259895));
#8250=CARTESIAN_POINT('',(0.017549611809146,0.0400649358828863,0.0453648980259895));
#8251=CARTESIAN_POINT('',(0.0181663422279396,0.0412877863046661,0.0453648980259895));
#8252=CARTESIAN_POINT('',(0.0201942579490909,0.0451234516189692,0.0453648980259895));
#8253=CARTESIAN_POINT('',(0.0201942579490909,0.0451234516189692,0.0473648980259895));
#8254=CARTESIAN_POINT('',(0.0201942579490909,0.0430278944970471,0.0453648980259895));
#8255=CARTESIAN_POINT('',(0.0201942579490909,0.0430278944970471,0.0473648980259895));
#8256=CARTESIAN_POINT('',(0.0198640087570917,0.0414633002661436,0.0453648980259895));
#8257=CARTESIAN_POINT('',(0.0198640087570917,0.0414633002661436,0.0473648980259895));
#8258=CARTESIAN_POINT('',(0.0192035103730935,0.0404296689262588,0.0453648980259895));
#8259=CARTESIAN_POINT('',(0.0192035103730935,0.0404296689262588,0.0473648980259895));
#8260=CARTESIAN_POINT('',(0.0201942579490909,0.0451234516189692,0.0453648980259895));
#8261=CARTESIAN_POINT('',(0.0201942579490909,0.0451234516189692,0.0453648980259895));
#8262=CARTESIAN_POINT('',(0.0201942579490909,0.0451234516189692,0.0453648980259895));
#8263=CARTESIAN_POINT('',(0.0201942579490909,0.041980115936086,0.0453648980259895));
#8264=CARTESIAN_POINT('',(0.0192035103730935,0.0404296689262588,0.0453648980259895));
#8265=CARTESIAN_POINT('',(0.0192035103730935,0.0404296689262588,0.0453648980259895));
#8266=CARTESIAN_POINT('',(0.0192035103730935,0.0404296689262588,0.0453648980259895));
#8267=CARTESIAN_POINT('',(0.019170352823696,0.0497562244207883,0.0453648980259895));
#8268=CARTESIAN_POINT('',(0.019170352823696,0.0497562244207883,0.0473648980259895));
#8269=CARTESIAN_POINT('',(0.0198529562406259,0.0486889934308474,0.0453648980259895));
#8270=CARTESIAN_POINT('',(0.0198529562406259,0.0486889934308474,0.0473648980259895));
#8271=CARTESIAN_POINT('',(0.0201942579490909,0.047144735830241,0.0453648980259895));
#8272=CARTESIAN_POINT('',(0.0201942579490909,0.047144735830241,0.0473648980259895));
#8273=CARTESIAN_POINT('',(0.0201942579490909,0.0451234516189692,0.0453648980259895));
#8274=CARTESIAN_POINT('',(0.0201942579490909,0.0451234516189692,0.0473648980259895));
#8275=CARTESIAN_POINT('',(0.019170352823696,0.0497562244207883,0.0453648980259895));
#8276=CARTESIAN_POINT('',(0.019170352823696,0.0497562244207883,0.0453648980259895));
#8277=CARTESIAN_POINT('',(0.019170352823696,0.0497562244207883,0.0453648980259895));
#8278=CARTESIAN_POINT('',(0.0201942579490909,0.0481553779358769,0.0453648980259895));
#8279=CARTESIAN_POINT('',(0.0201942579490909,0.0451234516189692,0.0453648980259895));
#8280=CARTESIAN_POINT('',(0.0161729103581617,0.0513570709056997,0.0453648980259895));
#8281=CARTESIAN_POINT('',(0.0161729103581617,0.0513570709056997,0.0473648980259895));
#8282=CARTESIAN_POINT('',(0.0174886019182546,0.0513570709056997,0.0453648980259895));
#8283=CARTESIAN_POINT('',(0.0174886019182546,0.0513570709056997,0.0473648980259895));
#8284=CARTESIAN_POINT('',(0.0184877494067661,0.0508234554107292,0.0453648980259895));
#8285=CARTESIAN_POINT('',(0.0184877494067661,0.0508234554107292,0.0473648980259895));
#8286=CARTESIAN_POINT('',(0.019170352823696,0.0497562244207883,0.0453648980259895));
#8287=CARTESIAN_POINT('',(0.019170352823696,0.0497562244207883,0.0473648980259895));
#8288=CARTESIAN_POINT('',(0.0161729103581617,0.0513570709056997,0.0453648980259895));
#8289=CARTESIAN_POINT('',(0.0161729103581617,0.0513570709056997,0.0453648980259895));
#8290=CARTESIAN_POINT('',(0.0161729103581617,0.0513570709056997,0.0453648980259895));
#8291=CARTESIAN_POINT('',(0.0181464476983011,0.0513570709056997,0.0453648980259895));
#8292=CARTESIAN_POINT('',(0.019170352823696,0.0497562244207883,0.0453648980259895));
#8293=CARTESIAN_POINT('',(0.0131648574768203,0.0498225395195833,0.0453648980259895));
#8294=CARTESIAN_POINT('',(0.0131648574768203,0.0498225395195833,0.0473648980259895));
#8295=CARTESIAN_POINT('',(0.0138227032568668,0.0508455604436609,0.0453648980259895));
#8296=CARTESIAN_POINT('',(0.0138227032568668,0.0508455604436609,0.0473648980259895));
#8297=CARTESIAN_POINT('',(0.0148253875506473,0.0513570709056997,0.0453648980259895));
#8298=CARTESIAN_POINT('',(0.0148253875506473,0.0513570709056997,0.0473648980259895));
#8299=CARTESIAN_POINT('',(0.0161729103581617,0.0513570709056997,0.0453648980259895));
#8300=CARTESIAN_POINT('',(0.0161729103581617,0.0513570709056997,0.0473648980259895));
#8301=CARTESIAN_POINT('',(0.0131648574768203,0.0498225395195833,0.0453648980259895));
#8302=CARTESIAN_POINT('',(0.0131648574768203,0.0498225395195833,0.0453648980259895));
#8303=CARTESIAN_POINT('',(0.0131648574768203,0.0498225395195833,0.0453648980259895));
#8304=CARTESIAN_POINT('',(0.01415162614689,0.0513570709056997,0.0453648980259895));
#8305=CARTESIAN_POINT('',(0.0161729103581617,0.0513570709056997,0.0453648980259895));
#8306=CARTESIAN_POINT('',(0.0121780888067507,0.0451234516189692,0.0453648980259895));
#8307=CARTESIAN_POINT('',(0.0121780888067507,0.0451234516189692,0.0473648980259895));
#8308=CARTESIAN_POINT('',(0.0121780888067507,0.0472331559619677,0.0453648980259895));
#8309=CARTESIAN_POINT('',(0.0121780888067507,0.0472331559619677,0.0473648980259895));
#8310=CARTESIAN_POINT('',(0.0125070116967739,0.0487995185955057,0.0453648980259895));
#8311=CARTESIAN_POINT('',(0.0125070116967739,0.0487995185955057,0.0473648980259895));
#8312=CARTESIAN_POINT('',(0.0131648574768203,0.0498225395195833,0.0453648980259895));
#8313=CARTESIAN_POINT('',(0.0131648574768203,0.0498225395195833,0.0473648980259895));
#8314=CARTESIAN_POINT('',(0.0121780888067507,0.0451234516189692,0.0453648980259895));
#8315=CARTESIAN_POINT('',(0.0121780888067507,0.0451234516189692,0.0453648980259895));
#8316=CARTESIAN_POINT('',(0.0121780888067507,0.0451234516189692,0.0453648980259895));
#8317=CARTESIAN_POINT('',(0.0121780888067507,0.0482880081334669,0.0453648980259895));
#8318=CARTESIAN_POINT('',(0.0131648574768203,0.0498225395195833,0.0453648980259895));
#8319=CARTESIAN_POINT('',(0.0131980150262178,0.040466805381584,0.0453648980259895));
#8320=CARTESIAN_POINT('',(0.0131980150262178,0.040466805381584,0.0473648980259895));
#8321=CARTESIAN_POINT('',(0.0125180642132397,0.0415251943583523,0.0453648980259895));
#8322=CARTESIAN_POINT('',(0.0125180642132397,0.0415251943583523,0.0473648980259895));
#8323=CARTESIAN_POINT('',(0.0121780888067507,0.043077409770814,0.0453648980259895));
#8324=CARTESIAN_POINT('',(0.0121780888067507,0.043077409770814,0.0473648980259895));
#8325=CARTESIAN_POINT('',(0.0121780888067507,0.0451234516189692,0.0453648980259895));
#8326=CARTESIAN_POINT('',(0.0121780888067507,0.0451234516189692,0.0473648980259895));
#8327=CARTESIAN_POINT('',(0.0131980150262178,0.040466805381584,0.0453648980259895));
#8328=CARTESIAN_POINT('',(0.0131980150262178,0.040466805381584,0.0453648980259895));
#8329=CARTESIAN_POINT('',(0.0131980150262178,0.040466805381584,0.0453648980259895));
#8330=CARTESIAN_POINT('',(0.0121780888067507,0.0420543888467364,0.0453648980259895));
#8331=CARTESIAN_POINT('',(0.0121780888067507,0.0451234516189692,0.0453648980259895));
#8332=CARTESIAN_POINT('',(0.0161729103581617,0.0388792219164315,0.0453648980259895));
#8333=CARTESIAN_POINT('',(0.0161729103581617,0.0388792219164315,0.0473648980259895));
#8334=CARTESIAN_POINT('',(0.0148695976165106,0.0388792219164315,0.0453648980259895));
#8335=CARTESIAN_POINT('',(0.0148695976165106,0.0388792219164315,0.0473648980259895));
#8336=CARTESIAN_POINT('',(0.0138779658391959,0.0394084164048157,0.0453648980259895));
#8337=CARTESIAN_POINT('',(0.0138779658391959,0.0394084164048157,0.0473648980259895));
#8338=CARTESIAN_POINT('',(0.0131980150262178,0.040466805381584,0.0453648980259895));
#8339=CARTESIAN_POINT('',(0.0131980150262178,0.040466805381584,0.0473648980259895));
#8340=CARTESIAN_POINT('',(0.0161729103581617,0.0388792219164315,0.0453648980259895));
#8341=CARTESIAN_POINT('',(0.0161729103581617,0.0388792219164315,0.0453648980259895));
#8342=CARTESIAN_POINT('',(0.0161729103581617,0.0388792219164315,0.0453648980259895));
#8343=CARTESIAN_POINT('',(0.014217941245685,0.0388792219164315,0.0453648980259895));
#8344=CARTESIAN_POINT('',(0.0131980150262178,0.040466805381584,0.0453648980259895));
#8345=CARTESIAN_POINT('',(0.0192035103730935,0.0404296689262588,0.0453648980259895));
#8346=CARTESIAN_POINT('',(0.0192035103730935,0.0404296689262588,0.0473648980259895));
#8347=CARTESIAN_POINT('',(0.0185430119890952,0.039396037586374,0.0453648980259895));
#8348=CARTESIAN_POINT('',(0.0185430119890952,0.039396037586374,0.0473648980259895));
#8349=CARTESIAN_POINT('',(0.017532811984118,0.0388792219164315,0.0453648980259895));
#8350=CARTESIAN_POINT('',(0.017532811984118,0.0388792219164315,0.0473648980259895));
#8351=CARTESIAN_POINT('',(0.0161729103581617,0.0388792219164315,0.0453648980259895));
#8352=CARTESIAN_POINT('',(0.0161729103581617,0.0388792219164315,0.0473648980259895));
#8353=CARTESIAN_POINT('',(0.0192035103730935,0.0404296689262588,0.0453648980259895));
#8354=CARTESIAN_POINT('',(0.0182127627970961,0.0388792219164315,0.0453648980259895));
#8355=CARTESIAN_POINT('',(0.0161729103581617,0.0388792219164315,0.0453648980259895));
#8356=CARTESIAN_POINT('',(0.0141927415081429,0.0412718706809553,0.0453648980259895));
#8357=CARTESIAN_POINT('',(0.0141927415081429,0.0412718706809553,0.0473648980259895));
#8358=CARTESIAN_POINT('',(0.014607431925941,0.0404672474822426,0.0453648980259895));
#8359=CARTESIAN_POINT('',(0.014607431925941,0.0404672474822426,0.0473648980259895));
#8360=CARTESIAN_POINT('',(0.0152674882092806,0.0400649358828863,0.0453648980259895));
#8361=CARTESIAN_POINT('',(0.0152674882092806,0.0400649358828863,0.0473648980259895));
#8362=CARTESIAN_POINT('',(0.0161729103581617,0.0400649358828863,0.0453648980259895));
#8363=CARTESIAN_POINT('',(0.0161729103581617,0.0400649358828863,0.0473648980259895));
#8364=CARTESIAN_POINT('',(0.0141927415081429,0.0412718706809553,0.0473648980259895));
#8365=CARTESIAN_POINT('',(0.0148147771348401,0.0400649358828863,0.0473648980259895));
#8366=CARTESIAN_POINT('',(0.0161729103581617,0.0400649358828863,0.0473648980259895));
#8367=CARTESIAN_POINT('',(0.0141927415081429,0.0412718706809553,0.0453648980259895));
#8368=CARTESIAN_POINT('',(0.0148147771348401,0.0400649358828863,0.0453648980259895));
#8369=CARTESIAN_POINT('',(0.0161729103581617,0.0400649358828863,0.0453648980259895));
#8370=CARTESIAN_POINT('',(-9.74442958823207E-8,0.0453993902569637,0.0453648980259895));
#8371=CARTESIAN_POINT('',(0.0399773782216167,0.0501633991273896,0.0453648980259895));
#8372=CARTESIAN_POINT('',(0.0399773782216167,0.0501633991273896,0.0473648980259895));
#8373=CARTESIAN_POINT('',(0.0391869022439803,0.0501633991273896,0.0453648980259895));
#8374=CARTESIAN_POINT('',(0.0391869022439803,0.0501633991273896,0.0473648980259895));
#8375=CARTESIAN_POINT('',(0.0385763612344076,0.0499091912486754,0.0453648980259895));
#8376=CARTESIAN_POINT('',(0.0385763612344076,0.0499091912486754,0.0473648980259895));
#8377=CARTESIAN_POINT('',(0.0381457551928987,0.0494007754912471,0.0453648980259895));
#8378=CARTESIAN_POINT('',(0.0381457551928987,0.0494007754912471,0.0473648980259895));
#8379=CARTESIAN_POINT('',(0.0399773782216167,0.0501633991273896,0.0473648980259895));
#8380=CARTESIAN_POINT('',(0.038791664255162,0.0501633991273896,0.0473648980259895));
#8381=CARTESIAN_POINT('',(0.0381457551928987,0.0494007754912471,0.0473648980259895));
#8382=CARTESIAN_POINT('',(0.0399773782216167,0.0501633991273896,0.0473648980259895));
#8383=CARTESIAN_POINT('',(0.0381457551928987,0.0494007754912471,0.0473648980259895));
#8384=CARTESIAN_POINT('',(0.0399773782216167,0.0501633991273896,0.0453648980259895));
#8385=CARTESIAN_POINT('',(0.0399773782216167,0.0501633991273896,0.0453648980259895));
#8386=CARTESIAN_POINT('',(0.0399773782216167,0.0501633991273896,0.0453648980259895));
#8387=CARTESIAN_POINT('',(0.038791664255162,0.0501633991273896,0.0453648980259895));
#8388=CARTESIAN_POINT('',(0.0381457551928987,0.0494007754912471,0.0453648980259895));
#8389=CARTESIAN_POINT('',(0.0381457551928987,0.0494007754912471,0.0453648980259895));
#8390=CARTESIAN_POINT('',(0.0381457551928987,0.0494007754912471,0.0453648980259895));
#8391=CARTESIAN_POINT('',(0.0413739742022395,0.0497403087970775,0.0453648980259895));
#8392=CARTESIAN_POINT('',(0.0413739742022395,0.0497403087970775,0.0473648980259895));
#8393=CARTESIAN_POINT('',(0.0409681257976141,0.0500223690172856,0.0453648980259895));
#8394=CARTESIAN_POINT('',(0.0409681257976141,0.0500223690172856,0.0473648980259895));
#8395=CARTESIAN_POINT('',(0.0405025938040732,0.0501633991273896,0.0453648980259895));
#8396=CARTESIAN_POINT('',(0.0405025938040732,0.0501633991273896,0.0473648980259895));
#8397=CARTESIAN_POINT('',(0.0399773782216167,0.0501633991273896,0.0453648980259895));
#8398=CARTESIAN_POINT('',(0.0399773782216167,0.0501633991273896,0.0473648980259895));
#8399=CARTESIAN_POINT('',(0.0413739742022395,0.0497403087970775,0.0473648980259895));
#8400=CARTESIAN_POINT('',(0.0407652015953014,0.0501633991273896,0.0473648980259895));
#8401=CARTESIAN_POINT('',(0.0399773782216167,0.0501633991273896,0.0473648980259895));
#8402=CARTESIAN_POINT('',(0.0413739742022395,0.0497403087970775,0.0473648980259895));
#8403=CARTESIAN_POINT('',(0.0413739742022395,0.0497403087970775,0.0453648980259895));
#8404=CARTESIAN_POINT('',(0.0413739742022395,0.0497403087970775,0.0453648980259895));
#8405=CARTESIAN_POINT('',(0.0413739742022395,0.0497403087970775,0.0453648980259895));
#8406=CARTESIAN_POINT('',(0.0407652015953014,0.0501633991273896,0.0453648980259895));
#8407=CARTESIAN_POINT('',(0.0399773782216167,0.0501633991273896,0.0453648980259895));
#8408=CARTESIAN_POINT('',(0.0423236064169841,0.0485797945681649,0.0453648980259895));
#8409=CARTESIAN_POINT('',(0.0423236064169841,0.0485797945681649,0.0473648980259895));
#8410=CARTESIAN_POINT('',(0.0420963666784465,0.0490714105005652,0.0453648980259895));
#8411=CARTESIAN_POINT('',(0.0420963666784465,0.0490714105005652,0.0473648980259895));
#8412=CARTESIAN_POINT('',(0.041779822606865,0.0494582485768694,0.0453648980259895));
#8413=CARTESIAN_POINT('',(0.041779822606865,0.0494582485768694,0.0473648980259895));
#8414=CARTESIAN_POINT('',(0.0413739742022395,0.0497403087970775,0.0453648980259895));
#8415=CARTESIAN_POINT('',(0.0413739742022395,0.0497403087970775,0.0473648980259895));
#8416=CARTESIAN_POINT('',(0.0423236064169841,0.0485797945681649,0.0473648980259895));
#8417=CARTESIAN_POINT('',(0.0419827468091777,0.0493172184667654,0.0473648980259895));
#8418=CARTESIAN_POINT('',(0.0413739742022395,0.0497403087970775,0.0473648980259895));
#8419=CARTESIAN_POINT('',(0.0423236064169841,0.0485797945681649,0.0473648980259895));
#8420=CARTESIAN_POINT('',(0.0423236064169841,0.0485797945681649,0.0453648980259895));
#8421=CARTESIAN_POINT('',(0.0423236064169841,0.0485797945681649,0.0453648980259895));
#8422=CARTESIAN_POINT('',(0.0423236064169841,0.0485797945681649,0.0453648980259895));
#8423=CARTESIAN_POINT('',(0.0419827468091777,0.0493172184667654,0.0453648980259895));
#8424=CARTESIAN_POINT('',(0.0413739742022395,0.0497403087970775,0.0453648980259895));
#8425=CARTESIAN_POINT('',(0.0426644660247903,0.046972316573374,0.0453648980259895));
#8426=CARTESIAN_POINT('',(0.0426644660247903,0.046972316573374,0.0473648980259895));
#8427=CARTESIAN_POINT('',(0.0426644660247903,0.0475523526375009,0.0453648980259895));
#8428=CARTESIAN_POINT('',(0.0426644660247903,0.0475523526375009,0.0473648980259895));
#8429=CARTESIAN_POINT('',(0.0425508461555216,0.0480881786357646,0.0453648980259895));
#8430=CARTESIAN_POINT('',(0.0425508461555216,0.0480881786357646,0.0473648980259895));
#8431=CARTESIAN_POINT('',(0.0423236064169841,0.0485797945681649,0.0453648980259895));
#8432=CARTESIAN_POINT('',(0.0423236064169841,0.0485797945681649,0.0473648980259895));
#8433=CARTESIAN_POINT('',(0.0426644660247903,0.046972316573374,0.0473648980259895));
#8434=CARTESIAN_POINT('',(0.0426644660247903,0.0478423706695644,0.0473648980259895));
#8435=CARTESIAN_POINT('',(0.0423236064169841,0.0485797945681649,0.0473648980259895));
#8436=CARTESIAN_POINT('',(0.0426644660247903,0.046972316573374,0.0473648980259895));
#8437=CARTESIAN_POINT('',(0.0426644660247903,0.046972316573374,0.0453648980259895));
#8438=CARTESIAN_POINT('',(0.0426644660247903,0.046972316573374,0.0453648980259895));
#8439=CARTESIAN_POINT('',(0.0426644660247903,0.046972316573374,0.0453648980259895));
#8440=CARTESIAN_POINT('',(0.0426644660247903,0.0478423706695644,0.0453648980259895));
#8441=CARTESIAN_POINT('',(0.0423236064169841,0.0485797945681649,0.0453648980259895));
#8442=CARTESIAN_POINT('',(0.0422997329814178,0.0458608755175697,0.0453648980259895));
#8443=CARTESIAN_POINT('',(0.0422997329814178,0.0458608755175697,0.0473648980259895));
#8444=CARTESIAN_POINT('',(0.0425428883436662,0.0462145560444764,0.0453648980259895));
#8445=CARTESIAN_POINT('',(0.0425428883436662,0.0462145560444764,0.0473648980259895));
#8446=CARTESIAN_POINT('',(0.0426644660247903,0.0465850363964111,0.0453648980259895));
#8447=CARTESIAN_POINT('',(0.0426644660247903,0.0465850363964111,0.0473648980259895));
#8448=CARTESIAN_POINT('',(0.0426644660247903,0.046972316573374,0.0453648980259895));
#8449=CARTESIAN_POINT('',(0.0426644660247903,0.046972316573374,0.0473648980259895));
#8450=CARTESIAN_POINT('',(0.0422997329814178,0.0458608755175697,0.0473648980259895));
#8451=CARTESIAN_POINT('',(0.0426644660247903,0.0463913963079297,0.0473648980259895));
#8452=CARTESIAN_POINT('',(0.0426644660247903,0.046972316573374,0.0473648980259895));
#8453=CARTESIAN_POINT('',(0.0422997329814178,0.0458608755175697,0.0473648980259895));
#8454=CARTESIAN_POINT('',(0.0422997329814178,0.0458608755175697,0.0453648980259895));
#8455=CARTESIAN_POINT('',(0.0422997329814178,0.0458608755175697,0.0453648980259895));
#8456=CARTESIAN_POINT('',(0.0422997329814178,0.0458608755175697,0.0453648980259895));
#8457=CARTESIAN_POINT('',(0.0426644660247903,0.0463913963079297,0.0453648980259895));
#8458=CARTESIAN_POINT('',(0.0426644660247903,0.046972316573374,0.0453648980259895));
#8459=CARTESIAN_POINT('',(0.041301027593565,0.0450239789707767,0.0453648980259895));
#8460=CARTESIAN_POINT('',(0.041301027593565,0.0450239789707767,0.0473648980259895));
#8461=CARTESIAN_POINT('',(0.0417236758232185,0.0452282294750654,0.0453648980259895));
#8462=CARTESIAN_POINT('',(0.0417236758232185,0.0452282294750654,0.0473648980259895));
#8463=CARTESIAN_POINT('',(0.0420565776191695,0.045507194990663,0.0453648980259895));
#8464=CARTESIAN_POINT('',(0.0420565776191695,0.045507194990663,0.0473648980259895));
#8465=CARTESIAN_POINT('',(0.0422997329814178,0.0458608755175697,0.0453648980259895));
#8466=CARTESIAN_POINT('',(0.0422997329814178,0.0458608755175697,0.0473648980259895));
#8467=CARTESIAN_POINT('',(0.041301027593565,0.0450239789707767,0.0473648980259895));
#8468=CARTESIAN_POINT('',(0.0419349999380453,0.0453303547272097,0.0473648980259895));
#8469=CARTESIAN_POINT('',(0.0422997329814178,0.0458608755175697,0.0473648980259895));
#8470=CARTESIAN_POINT('',(0.041301027593565,0.0450239789707767,0.0473648980259895));
#8471=CARTESIAN_POINT('',(0.041301027593565,0.0450239789707767,0.0453648980259895));
#8472=CARTESIAN_POINT('',(0.041301027593565,0.0450239789707767,0.0453648980259895));
#8473=CARTESIAN_POINT('',(0.041301027593565,0.0450239789707767,0.0453648980259895));
#8474=CARTESIAN_POINT('',(0.0419349999380453,0.0453303547272097,0.0453648980259895));
#8475=CARTESIAN_POINT('',(0.0422997329814178,0.0458608755175697,0.0453648980259895));
#8476=CARTESIAN_POINT('',(0.0399110631228217,0.0447176032143438,0.0453648980259895));
#8477=CARTESIAN_POINT('',(0.0399110631228217,0.0447176032143438,0.0473648980259895));
#8478=CARTESIAN_POINT('',(0.0404150578736638,0.0447176032143438,0.0453648980259895));
#8479=CARTESIAN_POINT('',(0.0404150578736638,0.0447176032143438,0.0473648980259895));
#8480=CARTESIAN_POINT('',(0.0408783793639116,0.0448197284664881,0.0453648980259895));
#8481=CARTESIAN_POINT('',(0.0408783793639116,0.0448197284664881,0.0473648980259895));
#8482=CARTESIAN_POINT('',(0.041301027593565,0.0450239789707767,0.0453648980259895));
#8483=CARTESIAN_POINT('',(0.041301027593565,0.0450239789707767,0.0473648980259895));
#8484=CARTESIAN_POINT('',(0.0399110631228217,0.0447176032143438,0.0473648980259895));
#8485=CARTESIAN_POINT('',(0.0406670552490848,0.0447176032143438,0.0473648980259895));
#8486=CARTESIAN_POINT('',(0.041301027593565,0.0450239789707767,0.0473648980259895));
#8487=CARTESIAN_POINT('',(0.0399110631228217,0.0447176032143438,0.0473648980259895));
#8488=CARTESIAN_POINT('',(0.0399110631228217,0.0447176032143438,0.0453648980259895));
#8489=CARTESIAN_POINT('',(0.0399110631228217,0.0447176032143438,0.0453648980259895));
#8490=CARTESIAN_POINT('',(0.0399110631228217,0.0447176032143438,0.0453648980259895));
#8491=CARTESIAN_POINT('',(0.0406670552490848,0.0447176032143438,0.0453648980259895));
#8492=CARTESIAN_POINT('',(0.041301027593565,0.0450239789707767,0.0453648980259895));
#8493=CARTESIAN_POINT('',(0.0380966820197904,0.0454006487319324,0.0453648980259895));
#8494=CARTESIAN_POINT('',(0.0380966820197904,0.0454006487319324,0.0473648980259895));
#8495=CARTESIAN_POINT('',(0.0384945726125604,0.04494528505354,0.0453648980259895));
#8496=CARTESIAN_POINT('',(0.0384945726125604,0.04494528505354,0.0473648980259895));
#8497=CARTESIAN_POINT('',(0.0390993663135709,0.0447176032143438,0.0453648980259895));
#8498=CARTESIAN_POINT('',(0.0390993663135709,0.0447176032143438,0.0473648980259895));
#8499=CARTESIAN_POINT('',(0.0399110631228217,0.0447176032143438,0.0453648980259895));
#8500=CARTESIAN_POINT('',(0.0399110631228217,0.0447176032143438,0.0473648980259895));
#8501=CARTESIAN_POINT('',(0.0380966820197904,0.0454006487319324,0.0473648980259895));
#8502=CARTESIAN_POINT('',(0.0386935179089455,0.0447176032143438,0.0473648980259895));
#8503=CARTESIAN_POINT('',(0.0399110631228217,0.0447176032143438,0.0473648980259895));
#8504=CARTESIAN_POINT('',(0.0380966820197904,0.0454006487319324,0.0473648980259895));
#8505=CARTESIAN_POINT('',(0.0380966820197904,0.0454006487319324,0.0453648980259895));
#8506=CARTESIAN_POINT('',(0.0380966820197904,0.0454006487319324,0.0453648980259895));
#8507=CARTESIAN_POINT('',(0.0380966820197904,0.0454006487319324,0.0453648980259895));
#8508=CARTESIAN_POINT('',(0.0386935179089455,0.0447176032143438,0.0453648980259895));
#8509=CARTESIAN_POINT('',(0.0399110631228217,0.0447176032143438,0.0453648980259895));
#8510=CARTESIAN_POINT('',(0.0374998461306353,0.047277366027831,0.0453648980259895));
#8511=CARTESIAN_POINT('',(0.0374998461306353,0.047277366027831,0.0473648980259895));
#8512=CARTESIAN_POINT('',(0.0374998461306353,0.0464815848422909,0.0453648980259895));
#8513=CARTESIAN_POINT('',(0.0374998461306353,0.0464815848422909,0.0473648980259895));
#8514=CARTESIAN_POINT('',(0.0376987914270204,0.0458560124103247,0.0453648980259895));
#8515=CARTESIAN_POINT('',(0.0376987914270204,0.0458560124103247,0.0473648980259895));
#8516=CARTESIAN_POINT('',(0.0380966820197904,0.0454006487319324,0.0453648980259895));
#8517=CARTESIAN_POINT('',(0.0380966820197904,0.0454006487319324,0.0473648980259895));
#8518=CARTESIAN_POINT('',(0.0374998461306353,0.047277366027831,0.0473648980259895));
#8519=CARTESIAN_POINT('',(0.0374998461306353,0.0460836942495209,0.0473648980259895));
#8520=CARTESIAN_POINT('',(0.0380966820197904,0.0454006487319324,0.0473648980259895));
#8521=CARTESIAN_POINT('',(0.0374998461306353,0.047277366027831,0.0473648980259895));
#8522=CARTESIAN_POINT('',(0.0374998461306353,0.047277366027831,0.0453648980259895));
#8523=CARTESIAN_POINT('',(0.0374998461306353,0.047277366027831,0.0453648980259895));
#8524=CARTESIAN_POINT('',(0.0374998461306353,0.047277366027831,0.0453648980259895));
#8525=CARTESIAN_POINT('',(0.0374998461306353,0.0460836942495209,0.0453648980259895));
#8526=CARTESIAN_POINT('',(0.0380966820197904,0.0454006487319324,0.0453648980259895));
#8527=CARTESIAN_POINT('',(0.0440570830994854,0.0459935057151597,0.0453648980259895));
#8528=CARTESIAN_POINT('',(0.0440570830994854,0.0459935057151597,0.0473648980259895));
#8529=CARTESIAN_POINT('',(0.0440570830994854,0.0412506498493409,0.0453648980259895));
#8530=CARTESIAN_POINT('',(0.0440570830994854,0.0412506498493409,0.0473648980259895));
#8531=CARTESIAN_POINT('',(0.042222365366157,0.0388792219164315,0.0453648980259895));
#8532=CARTESIAN_POINT('',(0.042222365366157,0.0388792219164315,0.0473648980259895));
#8533=CARTESIAN_POINT('',(0.0385529298995001,0.0388792219164315,0.0453648980259895));
#8534=CARTESIAN_POINT('',(0.0385529298995001,0.0388792219164315,0.0473648980259895));
#8535=CARTESIAN_POINT('',(0.0440570830994854,0.0459935057151597,0.0453648980259895));
#8536=CARTESIAN_POINT('',(0.0440570830994854,0.0459935057151597,0.0453648980259895));
#8537=CARTESIAN_POINT('',(0.0440570830994854,0.0459935057151597,0.0453648980259895));
#8538=CARTESIAN_POINT('',(0.0440570830994854,0.0388792219164315,0.0453648980259895));
#8539=CARTESIAN_POINT('',(0.0385529298995001,0.0388792219164315,0.0453648980259895));
#8540=CARTESIAN_POINT('',(0.0385529298995001,0.0388792219164315,0.0453648980259895));
#8541=CARTESIAN_POINT('',(0.0385529298995001,0.0388792219164315,0.0453648980259895));
#8542=CARTESIAN_POINT('',(0.043559719858523,0.048856991681128,0.0453648980259895));
#8543=CARTESIAN_POINT('',(0.043559719858523,0.048856991681128,0.0473648980259895));
#8544=CARTESIAN_POINT('',(0.043891295352498,0.0480479474758289,0.0453648980259895));
#8545=CARTESIAN_POINT('',(0.043891295352498,0.0480479474758289,0.0473648980259895));
#8546=CARTESIAN_POINT('',(0.0440570830994854,0.0470934521538395,0.0453648980259895));
#8547=CARTESIAN_POINT('',(0.0440570830994854,0.0470934521538395,0.0473648980259895));
#8548=CARTESIAN_POINT('',(0.0440570830994854,0.0459935057151597,0.0453648980259895));
#8549=CARTESIAN_POINT('',(0.0440570830994854,0.0459935057151597,0.0473648980259895));
#8550=CARTESIAN_POINT('',(0.043559719858523,0.048856991681128,0.0453648980259895));
#8551=CARTESIAN_POINT('',(0.043559719858523,0.048856991681128,0.0453648980259895));
#8552=CARTESIAN_POINT('',(0.043559719858523,0.048856991681128,0.0453648980259895));
#8553=CARTESIAN_POINT('',(0.0440570830994854,0.0476434253731794,0.0453648980259895));
#8554=CARTESIAN_POINT('',(0.0440570830994854,0.0459935057151597,0.0453648980259895));
#8555=CARTESIAN_POINT('',(0.0421379241403581,0.0507045303335569,0.0453648980259895));
#8556=CARTESIAN_POINT('',(0.0421379241403581,0.0507045303335569,0.0473648980259895));
#8557=CARTESIAN_POINT('',(0.0427542124584929,0.0502818821039034,0.0453648980259895));
#8558=CARTESIAN_POINT('',(0.0427542124584929,0.0502818821039034,0.0473648980259895));
#8559=CARTESIAN_POINT('',(0.0432281443645479,0.0496660358864271,0.0453648980259895));
#8560=CARTESIAN_POINT('',(0.0432281443645479,0.0496660358864271,0.0473648980259895));
#8561=CARTESIAN_POINT('',(0.043559719858523,0.048856991681128,0.0453648980259895));
#8562=CARTESIAN_POINT('',(0.043559719858523,0.048856991681128,0.0473648980259895));
#8563=CARTESIAN_POINT('',(0.0421379241403581,0.0507045303335569,0.0453648980259895));
#8564=CARTESIAN_POINT('',(0.0421379241403581,0.0507045303335569,0.0453648980259895));
#8565=CARTESIAN_POINT('',(0.0421379241403581,0.0507045303335569,0.0453648980259895));
#8566=CARTESIAN_POINT('',(0.0430623566175604,0.0500705579890766,0.0453648980259895));
#8567=CARTESIAN_POINT('',(0.043559719858523,0.048856991681128,0.0453648980259895));
#8568=CARTESIAN_POINT('',(0.0399773782216167,0.0513385026780371,0.0453648980259895));
#8569=CARTESIAN_POINT('',(0.0399773782216167,0.0513385026780371,0.0473648980259895));
#8570=CARTESIAN_POINT('',(0.0408014538493093,0.0513385026780371,0.0453648980259895));
#8571=CARTESIAN_POINT('',(0.0408014538493093,0.0513385026780371,0.0473648980259895));
#8572=CARTESIAN_POINT('',(0.0415216358222231,0.0511271785632104,0.0453648980259895));
#8573=CARTESIAN_POINT('',(0.0415216358222231,0.0511271785632104,0.0473648980259895));
#8574=CARTESIAN_POINT('',(0.0421379241403581,0.0507045303335569,0.0453648980259895));
#8575=CARTESIAN_POINT('',(0.0421379241403581,0.0507045303335569,0.0473648980259895));
#8576=CARTESIAN_POINT('',(0.0399773782216167,0.0513385026780371,0.0453648980259895));
#8577=CARTESIAN_POINT('',(0.0399773782216167,0.0513385026780371,0.0453648980259895));
#8578=CARTESIAN_POINT('',(0.0399773782216167,0.0513385026780371,0.0453648980259895));
#8579=CARTESIAN_POINT('',(0.0412134916631556,0.0513385026780371,0.0453648980259895));
#8580=CARTESIAN_POINT('',(0.0421379241403581,0.0507045303335569,0.0453648980259895));
#8581=CARTESIAN_POINT('',(0.0371961229781543,0.0502443035479195,0.0453648980259895));
#8582=CARTESIAN_POINT('',(0.0371961229781543,0.0502443035479195,0.0473648980259895));
#8583=CARTESIAN_POINT('',(0.0379008314280158,0.0509737696346646,0.0453648980259895));
#8584=CARTESIAN_POINT('',(0.0379008314280158,0.0509737696346646,0.0473648980259895));
#8585=CARTESIAN_POINT('',(0.03882791650917,0.0513385026780371,0.0453648980259895));
#8586=CARTESIAN_POINT('',(0.03882791650917,0.0513385026780371,0.0473648980259895));
#8587=CARTESIAN_POINT('',(0.0399773782216167,0.0513385026780371,0.0453648980259895));
#8588=CARTESIAN_POINT('',(0.0399773782216167,0.0513385026780371,0.0473648980259895));
#8589=CARTESIAN_POINT('',(0.0371961229781543,0.0502443035479195,0.0453648980259895));
#8590=CARTESIAN_POINT('',(0.0371961229781543,0.0502443035479195,0.0453648980259895));
#8591=CARTESIAN_POINT('',(0.0371961229781543,0.0502443035479195,0.0453648980259895));
#8592=CARTESIAN_POINT('',(0.0382531856529466,0.0513385026780371,0.0453648980259895));
#8593=CARTESIAN_POINT('',(0.0399773782216167,0.0513385026780371,0.0453648980259895));
#8594=CARTESIAN_POINT('',(0.0361390603033619,0.0472614504041202,0.0453648980259895));
#8595=CARTESIAN_POINT('',(0.0361390603033619,0.0472614504041202,0.0473648980259895));
#8596=CARTESIAN_POINT('',(0.0361390603033619,0.048520553079908,0.0453648980259895));
#8597=CARTESIAN_POINT('',(0.0361390603033619,0.048520553079908,0.0473648980259895));
#8598=CARTESIAN_POINT('',(0.0364914145282927,0.0495148374611744,0.0453648980259895));
#8599=CARTESIAN_POINT('',(0.0364914145282927,0.0495148374611744,0.0473648980259895));
#8600=CARTESIAN_POINT('',(0.0371961229781543,0.0502443035479195,0.0453648980259895));
#8601=CARTESIAN_POINT('',(0.0371961229781543,0.0502443035479195,0.0473648980259895));
#8602=CARTESIAN_POINT('',(0.0361390603033619,0.0472614504041202,0.0453648980259895));
#8603=CARTESIAN_POINT('',(0.0361390603033619,0.0472614504041202,0.0453648980259895));
#8604=CARTESIAN_POINT('',(0.0361390603033619,0.0472614504041202,0.0453648980259895));
#8605=CARTESIAN_POINT('',(0.0361390603033619,0.0491501044178019,0.0453648980259895));
#8606=CARTESIAN_POINT('',(0.0371961229781543,0.0502443035479195,0.0453648980259895));
#8607=CARTESIAN_POINT('',(0.0370847136121786,0.0445756889029225,0.0453648980259895));
#8608=CARTESIAN_POINT('',(0.0370847136121786,0.0445756889029225,0.0473648980259895));
#8609=CARTESIAN_POINT('',(0.0364542780729675,0.0452167348579409,0.0453648980259895));
#8610=CARTESIAN_POINT('',(0.0364542780729675,0.0452167348579409,0.0473648980259895));
#8611=CARTESIAN_POINT('',(0.0361390603033619,0.0461119886916735,0.0453648980259895));
#8612=CARTESIAN_POINT('',(0.0361390603033619,0.0461119886916735,0.0473648980259895));
#8613=CARTESIAN_POINT('',(0.0361390603033619,0.0472614504041202,0.0453648980259895));
#8614=CARTESIAN_POINT('',(0.0361390603033619,0.0472614504041202,0.0473648980259895));
#8615=CARTESIAN_POINT('',(0.0370847136121786,0.0445756889029225,0.0453648980259895));
#8616=CARTESIAN_POINT('',(0.0370847136121786,0.0445756889029225,0.0453648980259895));
#8617=CARTESIAN_POINT('',(0.0370847136121786,0.0445756889029225,0.0453648980259895));
#8618=CARTESIAN_POINT('',(0.0361390603033619,0.0455372578354501,0.0453648980259895));
#8619=CARTESIAN_POINT('',(0.0361390603033619,0.0472614504041202,0.0453648980259895));
#8620=CARTESIAN_POINT('',(0.0396378449157863,0.0436141199703949,0.0453648980259895));
#8621=CARTESIAN_POINT('',(0.0396378449157863,0.0436141199703949,0.0473648980259895));
#8622=CARTESIAN_POINT('',(0.038566192919259,0.0436141199703949,0.0453648980259895));
#8623=CARTESIAN_POINT('',(0.038566192919259,0.0436141199703949,0.0473648980259895));
#8624=CARTESIAN_POINT('',(0.0377151491513898,0.0439346429479041,0.0453648980259895));
#8625=CARTESIAN_POINT('',(0.0377151491513898,0.0439346429479041,0.0473648980259895));
#8626=CARTESIAN_POINT('',(0.0370847136121786,0.0445756889029225,0.0453648980259895));
#8627=CARTESIAN_POINT('',(0.0370847136121786,0.0445756889029225,0.0473648980259895));
#8628=CARTESIAN_POINT('',(0.0396378449157863,0.0436141199703949,0.0453648980259895));
#8629=CARTESIAN_POINT('',(0.0396378449157863,0.0436141199703949,0.0453648980259895));
#8630=CARTESIAN_POINT('',(0.0396378449157863,0.0436141199703949,0.0453648980259895));
#8631=CARTESIAN_POINT('',(0.0380303669209954,0.0436141199703949,0.0453648980259895));
#8632=CARTESIAN_POINT('',(0.0370847136121786,0.0445756889029225,0.0453648980259895));
#8633=CARTESIAN_POINT('',(0.0413368377469143,0.0439748741078397,0.0453648980259895));
#8634=CARTESIAN_POINT('',(0.0413368377469143,0.0439748741078397,0.0473648980259895));
#8635=CARTESIAN_POINT('',(0.0408337271973896,0.0437343713495432,0.0453648980259895));
#8636=CARTESIAN_POINT('',(0.0408337271973896,0.0437343713495432,0.0473648980259895));
#8637=CARTESIAN_POINT('',(0.0402673962536802,0.0436141199703949,0.0453648980259895));
#8638=CARTESIAN_POINT('',(0.0402673962536802,0.0436141199703949,0.0473648980259895));
#8639=CARTESIAN_POINT('',(0.0396378449157863,0.0436141199703949,0.0453648980259895));
#8640=CARTESIAN_POINT('',(0.0396378449157863,0.0436141199703949,0.0473648980259895));
#8641=CARTESIAN_POINT('',(0.0413368377469143,0.0439748741078397,0.0453648980259895));
#8642=CARTESIAN_POINT('',(0.0413368377469143,0.0439748741078397,0.0453648980259895));
#8643=CARTESIAN_POINT('',(0.0413368377469143,0.0439748741078397,0.0453648980259895));
#8644=CARTESIAN_POINT('',(0.0405821719226272,0.0436141199703949,0.0453648980259895));
#8645=CARTESIAN_POINT('',(0.0396378449157863,0.0436141199703949,0.0453648980259895));
#8646=CARTESIAN_POINT('',(0.0400833449828887,0.0466487221271446,0.0453648980259895));
#8647=CARTESIAN_POINT('',(0.0425476857783717,0.0450226526688008,0.0453648980259895));
#8648=CARTESIAN_POINT('',(0.0425476857783717,0.0450226526688008,0.0453648980259895));
#8649=CARTESIAN_POINT('',(0.0400833449828887,0.0466487221271446,0.0453648980259895));
#8650=CARTESIAN_POINT('',(0.0425968246240195,0.0450226526688008,0.0453648980259895));
#8651=CARTESIAN_POINT('',(0.0426458977971277,0.0450226526688008,0.0453648980259895));
#8652=CARTESIAN_POINT('',(0.0426458977971277,0.0450226526688008,0.0453648980259895));
#8653=CARTESIAN_POINT('',(0.0425968246240195,0.0450226526688008,0.0453648980259895));
#8654=CARTESIAN_POINT('',(0.0415397619492271,0.0412479972453891,0.0453648980259895));
#8655=CARTESIAN_POINT('',(0.0415397619492271,0.0412479972453891,0.0473648980259895));
#8656=CARTESIAN_POINT('',(0.0422170601582534,0.0420685360678127,0.0453648980259895));
#8657=CARTESIAN_POINT('',(0.0422170601582534,0.0420685360678127,0.0473648980259895));
#8658=CARTESIAN_POINT('',(0.0425857721075536,0.0433267545422832,0.0453648980259895));
#8659=CARTESIAN_POINT('',(0.0425857721075536,0.0433267545422832,0.0473648980259895));
#8660=CARTESIAN_POINT('',(0.0426458977971277,0.0450226526688008,0.0453648980259895));
#8661=CARTESIAN_POINT('',(0.0426458977971277,0.0450226526688008,0.0473648980259895));
#8662=CARTESIAN_POINT('',(0.0415397619492271,0.0412479972453891,0.0453648980259895));
#8663=CARTESIAN_POINT('',(0.0415397619492271,0.0412479972453891,0.0453648980259895));
#8664=CARTESIAN_POINT('',(0.0415397619492271,0.0412479972453891,0.0453648980259895));
#8665=CARTESIAN_POINT('',(0.0425557092627665,0.0424788054790244,0.0453648980259895));
#8666=CARTESIAN_POINT('',(0.0426458977971277,0.0450226526688008,0.0453648980259895));
#8667=CARTESIAN_POINT('',(0.0385343616718374,0.0400171890117538,0.0453648980259895));
#8668=CARTESIAN_POINT('',(0.0385343616718374,0.0400171890117538,0.0473648980259895));
#8669=CARTESIAN_POINT('',(0.0398606636477375,0.0400171890117538,0.0453648980259895));
#8670=CARTESIAN_POINT('',(0.0398606636477375,0.0400171890117538,0.0473648980259895));
#8671=CARTESIAN_POINT('',(0.0408624637402008,0.0404274584229656,0.0453648980259895));
#8672=CARTESIAN_POINT('',(0.0408624637402008,0.0404274584229656,0.0473648980259895));
#8673=CARTESIAN_POINT('',(0.0415397619492271,0.0412479972453891,0.0453648980259895));
#8674=CARTESIAN_POINT('',(0.0415397619492271,0.0412479972453891,0.0473648980259895));
#8675=CARTESIAN_POINT('',(0.0385343616718374,0.0400171890117538,0.0453648980259895));
#8676=CARTESIAN_POINT('',(0.0385343616718374,0.0400171890117538,0.0453648980259895));
#8677=CARTESIAN_POINT('',(0.0385343616718374,0.0400171890117538,0.0453648980259895));
#8678=CARTESIAN_POINT('',(0.0405238146356876,0.0400171890117538,0.0453648980259895));
#8679=CARTESIAN_POINT('',(0.0415397619492271,0.0412479972453891,0.0453648980259895));
#8680=CARTESIAN_POINT('',(0.037027682627215,0.0402320499318496,0.0453648980259895));
#8681=CARTESIAN_POINT('',(0.037027682627215,0.0402320499318496,0.0473648980259895));
#8682=CARTESIAN_POINT('',(0.0374697832858483,0.0400888093184524,0.0453648980259895));
#8683=CARTESIAN_POINT('',(0.0374697832858483,0.0400888093184524,0.0473648980259895));
#8684=CARTESIAN_POINT('',(0.0379720096340558,0.0400171890117538,0.0453648980259895));
#8685=CARTESIAN_POINT('',(0.0379720096340558,0.0400171890117538,0.0473648980259895));
#8686=CARTESIAN_POINT('',(0.0385343616718374,0.0400171890117538,0.0453648980259895));
#8687=CARTESIAN_POINT('',(0.0385343616718374,0.0400171890117538,0.0473648980259895));
#8688=CARTESIAN_POINT('',(0.037027682627215,0.0402320499318496,0.0453648980259895));
#8689=CARTESIAN_POINT('',(0.037027682627215,0.0402320499318496,0.0453648980259895));
#8690=CARTESIAN_POINT('',(0.037027682627215,0.0402320499318496,0.0453648980259895));
#8691=CARTESIAN_POINT('',(0.037690833615165,0.0400171890117538,0.0453648980259895));
#8692=CARTESIAN_POINT('',(0.0385343616718374,0.0400171890117538,0.0453648980259895));
#8693=CARTESIAN_POINT('',(0.037027682627215,0.0396391929486223,0.0453648980259895));
#8694=CARTESIAN_POINT('',(0.037027682627215,0.039046335965395,0.0453648980259895));
#8695=CARTESIAN_POINT('',(0.037027682627215,0.039046335965395,0.0453648980259895));
#8696=CARTESIAN_POINT('',(0.037027682627215,0.0396391929486223,0.0453648980259895));
#8697=CARTESIAN_POINT('',(0.0385529298995001,0.0388792219164315,0.0453648980259895));
#8698=CARTESIAN_POINT('',(0.0385529298995001,0.0388792219164315,0.0473648980259895));
#8699=CARTESIAN_POINT('',(0.0379109997431644,0.0388792219164315,0.0453648980259895));
#8700=CARTESIAN_POINT('',(0.0379109997431644,0.0388792219164315,0.0473648980259895));
#8701=CARTESIAN_POINT('',(0.0374025839857361,0.0389349265994194,0.0453648980259895));
#8702=CARTESIAN_POINT('',(0.0374025839857361,0.0389349265994194,0.0473648980259895));
#8703=CARTESIAN_POINT('',(0.037027682627215,0.039046335965395,0.0453648980259895));
#8704=CARTESIAN_POINT('',(0.037027682627215,0.039046335965395,0.0473648980259895));
#8705=CARTESIAN_POINT('',(0.0385529298995001,0.0388792219164315,0.0453648980259895));
#8706=CARTESIAN_POINT('',(0.0375900346649966,0.0388792219164315,0.0453648980259895));
#8707=CARTESIAN_POINT('',(0.037027682627215,0.039046335965395,0.0453648980259895));
#8708=CARTESIAN_POINT('',(0.0381457551928987,0.0494007754912471,0.0453648980259895));
#8709=CARTESIAN_POINT('',(0.0381457551928987,0.0494007754912471,0.0473648980259895));
#8710=CARTESIAN_POINT('',(0.0377151491513898,0.0488923597338187,0.0453648980259895));
#8711=CARTESIAN_POINT('',(0.0377151491513898,0.0488923597338187,0.0473648980259895));
#8712=CARTESIAN_POINT('',(0.0374998461306353,0.0481845565793467,0.0453648980259895));
#8713=CARTESIAN_POINT('',(0.0374998461306353,0.0481845565793467,0.0473648980259895));
#8714=CARTESIAN_POINT('',(0.0374998461306353,0.047277366027831,0.0453648980259895));
#8715=CARTESIAN_POINT('',(0.0374998461306353,0.047277366027831,0.0473648980259895));
#8716=CARTESIAN_POINT('',(0.0381457551928987,0.0494007754912471,0.0473648980259895));
#8717=CARTESIAN_POINT('',(0.0374998461306353,0.0486381518551045,0.0473648980259895));
#8718=CARTESIAN_POINT('',(0.0374998461306353,0.047277366027831,0.0473648980259895));
#8719=CARTESIAN_POINT('',(0.0381457551928987,0.0494007754912471,0.0453648980259895));
#8720=CARTESIAN_POINT('',(0.0374998461306353,0.0486381518551045,0.0453648980259895));
#8721=CARTESIAN_POINT('',(0.0374998461306353,0.047277366027831,0.0453648980259895));
#8722=CARTESIAN_POINT('',(-9.74442958823207E-8,0.0453993902569637,0.0453648980259895));
#8723=CARTESIAN_POINT('',(0.0496832560812537,0.0501633991273896,0.0453648980259895));
#8724=CARTESIAN_POINT('',(0.0496832560812537,0.0501633991273896,0.0473648980259895));
#8725=CARTESIAN_POINT('',(0.0488927801036172,0.0501633991273896,0.0453648980259895));
#8726=CARTESIAN_POINT('',(0.0488927801036172,0.0501633991273896,0.0473648980259895));
#8727=CARTESIAN_POINT('',(0.0482822390940446,0.0499091912486754,0.0453648980259895));
#8728=CARTESIAN_POINT('',(0.0482822390940446,0.0499091912486754,0.0473648980259895));
#8729=CARTESIAN_POINT('',(0.0478516330525357,0.0494007754912471,0.0453648980259895));
#8730=CARTESIAN_POINT('',(0.0478516330525357,0.0494007754912471,0.0473648980259895));
#8731=CARTESIAN_POINT('',(0.0496832560812537,0.0501633991273896,0.0473648980259895));
#8732=CARTESIAN_POINT('',(0.048497542114799,0.0501633991273896,0.0473648980259895));
#8733=CARTESIAN_POINT('',(0.0478516330525357,0.0494007754912471,0.0473648980259895));
#8734=CARTESIAN_POINT('',(0.0496832560812537,0.0501633991273896,0.0473648980259895));
#8735=CARTESIAN_POINT('',(0.0478516330525357,0.0494007754912471,0.0473648980259895));
#8736=CARTESIAN_POINT('',(0.0496832560812537,0.0501633991273896,0.0453648980259895));
#8737=CARTESIAN_POINT('',(0.0496832560812537,0.0501633991273896,0.0453648980259895));
#8738=CARTESIAN_POINT('',(0.0496832560812537,0.0501633991273896,0.0453648980259895));
#8739=CARTESIAN_POINT('',(0.048497542114799,0.0501633991273896,0.0453648980259895));
#8740=CARTESIAN_POINT('',(0.0478516330525357,0.0494007754912471,0.0453648980259895));
#8741=CARTESIAN_POINT('',(0.0478516330525357,0.0494007754912471,0.0453648980259895));
#8742=CARTESIAN_POINT('',(0.0478516330525357,0.0494007754912471,0.0453648980259895));
#8743=CARTESIAN_POINT('',(0.0510798520618765,0.0497403087970775,0.0453648980259895));
#8744=CARTESIAN_POINT('',(0.0510798520618765,0.0497403087970775,0.0473648980259895));
#8745=CARTESIAN_POINT('',(0.0506740036572511,0.0500223690172856,0.0453648980259895));
#8746=CARTESIAN_POINT('',(0.0506740036572511,0.0500223690172856,0.0473648980259895));
#8747=CARTESIAN_POINT('',(0.0502084716637102,0.0501633991273896,0.0453648980259895));
#8748=CARTESIAN_POINT('',(0.0502084716637102,0.0501633991273896,0.0473648980259895));
#8749=CARTESIAN_POINT('',(0.0496832560812537,0.0501633991273896,0.0453648980259895));
#8750=CARTESIAN_POINT('',(0.0496832560812537,0.0501633991273896,0.0473648980259895));
#8751=CARTESIAN_POINT('',(0.0510798520618765,0.0497403087970775,0.0473648980259895));
#8752=CARTESIAN_POINT('',(0.0504710794549384,0.0501633991273896,0.0473648980259895));
#8753=CARTESIAN_POINT('',(0.0496832560812537,0.0501633991273896,0.0473648980259895));
#8754=CARTESIAN_POINT('',(0.0510798520618765,0.0497403087970775,0.0473648980259895));
#8755=CARTESIAN_POINT('',(0.0510798520618765,0.0497403087970775,0.0453648980259895));
#8756=CARTESIAN_POINT('',(0.0510798520618765,0.0497403087970775,0.0453648980259895));
#8757=CARTESIAN_POINT('',(0.0510798520618765,0.0497403087970775,0.0453648980259895));
#8758=CARTESIAN_POINT('',(0.0504710794549384,0.0501633991273896,0.0453648980259895));
#8759=CARTESIAN_POINT('',(0.0496832560812537,0.0501633991273896,0.0453648980259895));
#8760=CARTESIAN_POINT('',(0.052029484276621,0.0485797945681649,0.0453648980259895));
#8761=CARTESIAN_POINT('',(0.052029484276621,0.0485797945681649,0.0473648980259895));
#8762=CARTESIAN_POINT('',(0.0518022445380834,0.0490714105005652,0.0453648980259895));
#8763=CARTESIAN_POINT('',(0.0518022445380834,0.0490714105005652,0.0473648980259895));
#8764=CARTESIAN_POINT('',(0.0514857004665019,0.0494582485768694,0.0453648980259895));
#8765=CARTESIAN_POINT('',(0.0514857004665019,0.0494582485768694,0.0473648980259895));
#8766=CARTESIAN_POINT('',(0.0510798520618765,0.0497403087970775,0.0453648980259895));
#8767=CARTESIAN_POINT('',(0.0510798520618765,0.0497403087970775,0.0473648980259895));
#8768=CARTESIAN_POINT('',(0.052029484276621,0.0485797945681649,0.0473648980259895));
#8769=CARTESIAN_POINT('',(0.0516886246688146,0.0493172184667654,0.0473648980259895));
#8770=CARTESIAN_POINT('',(0.0510798520618765,0.0497403087970775,0.0473648980259895));
#8771=CARTESIAN_POINT('',(0.052029484276621,0.0485797945681649,0.0473648980259895));
#8772=CARTESIAN_POINT('',(0.052029484276621,0.0485797945681649,0.0453648980259895));
#8773=CARTESIAN_POINT('',(0.052029484276621,0.0485797945681649,0.0453648980259895));
#8774=CARTESIAN_POINT('',(0.052029484276621,0.0485797945681649,0.0453648980259895));
#8775=CARTESIAN_POINT('',(0.0516886246688146,0.0493172184667654,0.0453648980259895));
#8776=CARTESIAN_POINT('',(0.0510798520618765,0.0497403087970775,0.0453648980259895));
#8777=CARTESIAN_POINT('',(0.0523703438844273,0.046972316573374,0.0453648980259895));
#8778=CARTESIAN_POINT('',(0.0523703438844273,0.046972316573374,0.0473648980259895));
#8779=CARTESIAN_POINT('',(0.0523703438844273,0.0475523526375009,0.0453648980259895));
#8780=CARTESIAN_POINT('',(0.0523703438844273,0.0475523526375009,0.0473648980259895));
#8781=CARTESIAN_POINT('',(0.0522567240151585,0.0480881786357646,0.0453648980259895));
#8782=CARTESIAN_POINT('',(0.0522567240151585,0.0480881786357646,0.0473648980259895));
#8783=CARTESIAN_POINT('',(0.052029484276621,0.0485797945681649,0.0453648980259895));
#8784=CARTESIAN_POINT('',(0.052029484276621,0.0485797945681649,0.0473648980259895));
#8785=CARTESIAN_POINT('',(0.0523703438844273,0.046972316573374,0.0473648980259895));
#8786=CARTESIAN_POINT('',(0.0523703438844273,0.0478423706695644,0.0473648980259895));
#8787=CARTESIAN_POINT('',(0.052029484276621,0.0485797945681649,0.0473648980259895));
#8788=CARTESIAN_POINT('',(0.0523703438844273,0.046972316573374,0.0473648980259895));
#8789=CARTESIAN_POINT('',(0.0523703438844273,0.046972316573374,0.0453648980259895));
#8790=CARTESIAN_POINT('',(0.0523703438844273,0.046972316573374,0.0453648980259895));
#8791=CARTESIAN_POINT('',(0.0523703438844273,0.046972316573374,0.0453648980259895));
#8792=CARTESIAN_POINT('',(0.0523703438844273,0.0478423706695644,0.0453648980259895));
#8793=CARTESIAN_POINT('',(0.052029484276621,0.0485797945681649,0.0453648980259895));
#8794=CARTESIAN_POINT('',(0.0520056108410548,0.0458608755175697,0.0453648980259895));
#8795=CARTESIAN_POINT('',(0.0520056108410548,0.0458608755175697,0.0473648980259895));
#8796=CARTESIAN_POINT('',(0.0522487662033031,0.0462145560444764,0.0453648980259895));
#8797=CARTESIAN_POINT('',(0.0522487662033031,0.0462145560444764,0.0473648980259895));
#8798=CARTESIAN_POINT('',(0.0523703438844273,0.0465850363964111,0.0453648980259895));
#8799=CARTESIAN_POINT('',(0.0523703438844273,0.0465850363964111,0.0473648980259895));
#8800=CARTESIAN_POINT('',(0.0523703438844273,0.046972316573374,0.0453648980259895));
#8801=CARTESIAN_POINT('',(0.0523703438844273,0.046972316573374,0.0473648980259895));
#8802=CARTESIAN_POINT('',(0.0520056108410548,0.0458608755175697,0.0473648980259895));
#8803=CARTESIAN_POINT('',(0.0523703438844273,0.0463913963079297,0.0473648980259895));
#8804=CARTESIAN_POINT('',(0.0523703438844273,0.046972316573374,0.0473648980259895));
#8805=CARTESIAN_POINT('',(0.0520056108410548,0.0458608755175697,0.0473648980259895));
#8806=CARTESIAN_POINT('',(0.0520056108410548,0.0458608755175697,0.0453648980259895));
#8807=CARTESIAN_POINT('',(0.0520056108410548,0.0458608755175697,0.0453648980259895));
#8808=CARTESIAN_POINT('',(0.0520056108410548,0.0458608755175697,0.0453648980259895));
#8809=CARTESIAN_POINT('',(0.0523703438844273,0.0463913963079297,0.0453648980259895));
#8810=CARTESIAN_POINT('',(0.0523703438844273,0.046972316573374,0.0453648980259895));
#8811=CARTESIAN_POINT('',(0.051006905453202,0.0450239789707767,0.0453648980259895));
#8812=CARTESIAN_POINT('',(0.051006905453202,0.0450239789707767,0.0473648980259895));
#8813=CARTESIAN_POINT('',(0.0514295536828555,0.0452282294750654,0.0453648980259895));
#8814=CARTESIAN_POINT('',(0.0514295536828555,0.0452282294750654,0.0473648980259895));
#8815=CARTESIAN_POINT('',(0.0517624554788064,0.045507194990663,0.0453648980259895));
#8816=CARTESIAN_POINT('',(0.0517624554788064,0.045507194990663,0.0473648980259895));
#8817=CARTESIAN_POINT('',(0.0520056108410548,0.0458608755175697,0.0453648980259895));
#8818=CARTESIAN_POINT('',(0.0520056108410548,0.0458608755175697,0.0473648980259895));
#8819=CARTESIAN_POINT('',(0.051006905453202,0.0450239789707767,0.0473648980259895));
#8820=CARTESIAN_POINT('',(0.0516408777976822,0.0453303547272097,0.0473648980259895));
#8821=CARTESIAN_POINT('',(0.0520056108410548,0.0458608755175697,0.0473648980259895));
#8822=CARTESIAN_POINT('',(0.051006905453202,0.0450239789707767,0.0473648980259895));
#8823=CARTESIAN_POINT('',(0.051006905453202,0.0450239789707767,0.0453648980259895));
#8824=CARTESIAN_POINT('',(0.051006905453202,0.0450239789707767,0.0453648980259895));
#8825=CARTESIAN_POINT('',(0.051006905453202,0.0450239789707767,0.0453648980259895));
#8826=CARTESIAN_POINT('',(0.0516408777976822,0.0453303547272097,0.0453648980259895));
#8827=CARTESIAN_POINT('',(0.0520056108410548,0.0458608755175697,0.0453648980259895));
#8828=CARTESIAN_POINT('',(0.0496169409824587,0.0447176032143438,0.0453648980259895));
#8829=CARTESIAN_POINT('',(0.0496169409824587,0.0447176032143438,0.0473648980259895));
#8830=CARTESIAN_POINT('',(0.0501209357333007,0.0447176032143438,0.0453648980259895));
#8831=CARTESIAN_POINT('',(0.0501209357333007,0.0447176032143438,0.0473648980259895));
#8832=CARTESIAN_POINT('',(0.0505842572235485,0.0448197284664881,0.0453648980259895));
#8833=CARTESIAN_POINT('',(0.0505842572235485,0.0448197284664881,0.0473648980259895));
#8834=CARTESIAN_POINT('',(0.051006905453202,0.0450239789707767,0.0453648980259895));
#8835=CARTESIAN_POINT('',(0.051006905453202,0.0450239789707767,0.0473648980259895));
#8836=CARTESIAN_POINT('',(0.0496169409824587,0.0447176032143438,0.0473648980259895));
#8837=CARTESIAN_POINT('',(0.0503729331087217,0.0447176032143438,0.0473648980259895));
#8838=CARTESIAN_POINT('',(0.051006905453202,0.0450239789707767,0.0473648980259895));
#8839=CARTESIAN_POINT('',(0.0496169409824587,0.0447176032143438,0.0473648980259895));
#8840=CARTESIAN_POINT('',(0.0496169409824587,0.0447176032143438,0.0453648980259895));
#8841=CARTESIAN_POINT('',(0.0496169409824587,0.0447176032143438,0.0453648980259895));
#8842=CARTESIAN_POINT('',(0.0496169409824587,0.0447176032143438,0.0453648980259895));
#8843=CARTESIAN_POINT('',(0.0503729331087217,0.0447176032143438,0.0453648980259895));
#8844=CARTESIAN_POINT('',(0.051006905453202,0.0450239789707767,0.0453648980259895));
#8845=CARTESIAN_POINT('',(0.0478025598794273,0.0454006487319324,0.0453648980259895));
#8846=CARTESIAN_POINT('',(0.0478025598794273,0.0454006487319324,0.0473648980259895));
#8847=CARTESIAN_POINT('',(0.0482004504721974,0.04494528505354,0.0453648980259895));
#8848=CARTESIAN_POINT('',(0.0482004504721974,0.04494528505354,0.0473648980259895));
#8849=CARTESIAN_POINT('',(0.0488052441732078,0.0447176032143438,0.0453648980259895));
#8850=CARTESIAN_POINT('',(0.0488052441732078,0.0447176032143438,0.0473648980259895));
#8851=CARTESIAN_POINT('',(0.0496169409824587,0.0447176032143438,0.0453648980259895));
#8852=CARTESIAN_POINT('',(0.0496169409824587,0.0447176032143438,0.0473648980259895));
#8853=CARTESIAN_POINT('',(0.0478025598794273,0.0454006487319324,0.0473648980259895));
#8854=CARTESIAN_POINT('',(0.0483993957685824,0.0447176032143438,0.0473648980259895));
#8855=CARTESIAN_POINT('',(0.0496169409824587,0.0447176032143438,0.0473648980259895));
#8856=CARTESIAN_POINT('',(0.0478025598794273,0.0454006487319324,0.0473648980259895));
#8857=CARTESIAN_POINT('',(0.0478025598794273,0.0454006487319324,0.0453648980259895));
#8858=CARTESIAN_POINT('',(0.0478025598794273,0.0454006487319324,0.0453648980259895));
#8859=CARTESIAN_POINT('',(0.0478025598794273,0.0454006487319324,0.0453648980259895));
#8860=CARTESIAN_POINT('',(0.0483993957685824,0.0447176032143438,0.0453648980259895));
#8861=CARTESIAN_POINT('',(0.0496169409824587,0.0447176032143438,0.0453648980259895));
#8862=CARTESIAN_POINT('',(0.0472057239902723,0.047277366027831,0.0453648980259895));
#8863=CARTESIAN_POINT('',(0.0472057239902723,0.047277366027831,0.0473648980259895));
#8864=CARTESIAN_POINT('',(0.0472057239902723,0.0464815848422909,0.0453648980259895));
#8865=CARTESIAN_POINT('',(0.0472057239902723,0.0464815848422909,0.0473648980259895));
#8866=CARTESIAN_POINT('',(0.0474046692866573,0.0458560124103247,0.0453648980259895));
#8867=CARTESIAN_POINT('',(0.0474046692866573,0.0458560124103247,0.0473648980259895));
#8868=CARTESIAN_POINT('',(0.0478025598794273,0.0454006487319324,0.0453648980259895));
#8869=CARTESIAN_POINT('',(0.0478025598794273,0.0454006487319324,0.0473648980259895));
#8870=CARTESIAN_POINT('',(0.0472057239902723,0.047277366027831,0.0473648980259895));
#8871=CARTESIAN_POINT('',(0.0472057239902723,0.0460836942495209,0.0473648980259895));
#8872=CARTESIAN_POINT('',(0.0478025598794273,0.0454006487319324,0.0473648980259895));
#8873=CARTESIAN_POINT('',(0.0472057239902723,0.047277366027831,0.0473648980259895));
#8874=CARTESIAN_POINT('',(0.0472057239902723,0.047277366027831,0.0453648980259895));
#8875=CARTESIAN_POINT('',(0.0472057239902723,0.047277366027831,0.0453648980259895));
#8876=CARTESIAN_POINT('',(0.0472057239902723,0.047277366027831,0.0453648980259895));
#8877=CARTESIAN_POINT('',(0.0472057239902723,0.0460836942495209,0.0453648980259895));
#8878=CARTESIAN_POINT('',(0.0478025598794273,0.0454006487319324,0.0453648980259895));
#8879=CARTESIAN_POINT('',(0.0537629609591224,0.0459935057151597,0.0453648980259895));
#8880=CARTESIAN_POINT('',(0.0537629609591224,0.0459935057151597,0.0473648980259895));
#8881=CARTESIAN_POINT('',(0.0537629609591224,0.0412506498493409,0.0453648980259895));
#8882=CARTESIAN_POINT('',(0.0537629609591224,0.0412506498493409,0.0473648980259895));
#8883=CARTESIAN_POINT('',(0.0519282432257939,0.0388792219164315,0.0453648980259895));
#8884=CARTESIAN_POINT('',(0.0519282432257939,0.0388792219164315,0.0473648980259895));
#8885=CARTESIAN_POINT('',(0.048258807759137,0.0388792219164315,0.0453648980259895));
#8886=CARTESIAN_POINT('',(0.048258807759137,0.0388792219164315,0.0473648980259895));
#8887=CARTESIAN_POINT('',(0.0537629609591224,0.0459935057151597,0.0453648980259895));
#8888=CARTESIAN_POINT('',(0.0537629609591224,0.0459935057151597,0.0453648980259895));
#8889=CARTESIAN_POINT('',(0.0537629609591224,0.0459935057151597,0.0453648980259895));
#8890=CARTESIAN_POINT('',(0.0537629609591224,0.0388792219164315,0.0453648980259895));
#8891=CARTESIAN_POINT('',(0.048258807759137,0.0388792219164315,0.0453648980259895));
#8892=CARTESIAN_POINT('',(0.048258807759137,0.0388792219164315,0.0453648980259895));
#8893=CARTESIAN_POINT('',(0.048258807759137,0.0388792219164315,0.0453648980259895));
#8894=CARTESIAN_POINT('',(0.0532655977181599,0.048856991681128,0.0453648980259895));
#8895=CARTESIAN_POINT('',(0.0532655977181599,0.048856991681128,0.0473648980259895));
#8896=CARTESIAN_POINT('',(0.0535971732121349,0.0480479474758289,0.0453648980259895));
#8897=CARTESIAN_POINT('',(0.0535971732121349,0.0480479474758289,0.0473648980259895));
#8898=CARTESIAN_POINT('',(0.0537629609591224,0.0470934521538395,0.0453648980259895));
#8899=CARTESIAN_POINT('',(0.0537629609591224,0.0470934521538395,0.0473648980259895));
#8900=CARTESIAN_POINT('',(0.0537629609591224,0.0459935057151597,0.0453648980259895));
#8901=CARTESIAN_POINT('',(0.0537629609591224,0.0459935057151597,0.0473648980259895));
#8902=CARTESIAN_POINT('',(0.0532655977181599,0.048856991681128,0.0453648980259895));
#8903=CARTESIAN_POINT('',(0.0532655977181599,0.048856991681128,0.0453648980259895));
#8904=CARTESIAN_POINT('',(0.0532655977181599,0.048856991681128,0.0453648980259895));
#8905=CARTESIAN_POINT('',(0.0537629609591224,0.0476434253731794,0.0453648980259895));
#8906=CARTESIAN_POINT('',(0.0537629609591224,0.0459935057151597,0.0453648980259895));
#8907=CARTESIAN_POINT('',(0.0518438019999949,0.0507045303335569,0.0453648980259895));
#8908=CARTESIAN_POINT('',(0.0518438019999949,0.0507045303335569,0.0473648980259895));
#8909=CARTESIAN_POINT('',(0.0524600903181298,0.0502818821039034,0.0453648980259895));
#8910=CARTESIAN_POINT('',(0.0524600903181298,0.0502818821039034,0.0473648980259895));
#8911=CARTESIAN_POINT('',(0.0529340222241848,0.0496660358864271,0.0453648980259895));
#8912=CARTESIAN_POINT('',(0.0529340222241848,0.0496660358864271,0.0473648980259895));
#8913=CARTESIAN_POINT('',(0.0532655977181599,0.048856991681128,0.0453648980259895));
#8914=CARTESIAN_POINT('',(0.0532655977181599,0.048856991681128,0.0473648980259895));
#8915=CARTESIAN_POINT('',(0.0518438019999949,0.0507045303335569,0.0453648980259895));
#8916=CARTESIAN_POINT('',(0.0518438019999949,0.0507045303335569,0.0453648980259895));
#8917=CARTESIAN_POINT('',(0.0518438019999949,0.0507045303335569,0.0453648980259895));
#8918=CARTESIAN_POINT('',(0.0527682344771973,0.0500705579890766,0.0453648980259895));
#8919=CARTESIAN_POINT('',(0.0532655977181599,0.048856991681128,0.0453648980259895));
#8920=CARTESIAN_POINT('',(0.0496832560812537,0.0513385026780371,0.0453648980259895));
#8921=CARTESIAN_POINT('',(0.0496832560812537,0.0513385026780371,0.0473648980259895));
#8922=CARTESIAN_POINT('',(0.0505073317089463,0.0513385026780371,0.0453648980259895));
#8923=CARTESIAN_POINT('',(0.0505073317089463,0.0513385026780371,0.0473648980259895));
#8924=CARTESIAN_POINT('',(0.05122751368186,0.0511271785632104,0.0453648980259895));
#8925=CARTESIAN_POINT('',(0.05122751368186,0.0511271785632104,0.0473648980259895));
#8926=CARTESIAN_POINT('',(0.0518438019999949,0.0507045303335569,0.0453648980259895));
#8927=CARTESIAN_POINT('',(0.0518438019999949,0.0507045303335569,0.0473648980259895));
#8928=CARTESIAN_POINT('',(0.0496832560812537,0.0513385026780371,0.0453648980259895));
#8929=CARTESIAN_POINT('',(0.0496832560812537,0.0513385026780371,0.0453648980259895));
#8930=CARTESIAN_POINT('',(0.0496832560812537,0.0513385026780371,0.0453648980259895));
#8931=CARTESIAN_POINT('',(0.0509193695227926,0.0513385026780371,0.0453648980259895));
#8932=CARTESIAN_POINT('',(0.0518438019999949,0.0507045303335569,0.0453648980259895));
#8933=CARTESIAN_POINT('',(0.0469020008377912,0.0502443035479195,0.0453648980259895));
#8934=CARTESIAN_POINT('',(0.0469020008377912,0.0502443035479195,0.0473648980259895));
#8935=CARTESIAN_POINT('',(0.0476067092876528,0.0509737696346646,0.0453648980259895));
#8936=CARTESIAN_POINT('',(0.0476067092876528,0.0509737696346646,0.0473648980259895));
#8937=CARTESIAN_POINT('',(0.048533794368807,0.0513385026780371,0.0453648980259895));
#8938=CARTESIAN_POINT('',(0.048533794368807,0.0513385026780371,0.0473648980259895));
#8939=CARTESIAN_POINT('',(0.0496832560812537,0.0513385026780371,0.0453648980259895));
#8940=CARTESIAN_POINT('',(0.0496832560812537,0.0513385026780371,0.0473648980259895));
#8941=CARTESIAN_POINT('',(0.0469020008377912,0.0502443035479195,0.0453648980259895));
#8942=CARTESIAN_POINT('',(0.0469020008377912,0.0502443035479195,0.0453648980259895));
#8943=CARTESIAN_POINT('',(0.0469020008377912,0.0502443035479195,0.0453648980259895));
#8944=CARTESIAN_POINT('',(0.0479590635125836,0.0513385026780371,0.0453648980259895));
#8945=CARTESIAN_POINT('',(0.0496832560812537,0.0513385026780371,0.0453648980259895));
#8946=CARTESIAN_POINT('',(0.0458449381629988,0.0472614504041202,0.0453648980259895));
#8947=CARTESIAN_POINT('',(0.0458449381629988,0.0472614504041202,0.0473648980259895));
#8948=CARTESIAN_POINT('',(0.0458449381629988,0.048520553079908,0.0453648980259895));
#8949=CARTESIAN_POINT('',(0.0458449381629988,0.048520553079908,0.0473648980259895));
#8950=CARTESIAN_POINT('',(0.0461972923879296,0.0495148374611744,0.0453648980259895));
#8951=CARTESIAN_POINT('',(0.0461972923879296,0.0495148374611744,0.0473648980259895));
#8952=CARTESIAN_POINT('',(0.0469020008377912,0.0502443035479195,0.0453648980259895));
#8953=CARTESIAN_POINT('',(0.0469020008377912,0.0502443035479195,0.0473648980259895));
#8954=CARTESIAN_POINT('',(0.0458449381629988,0.0472614504041202,0.0453648980259895));
#8955=CARTESIAN_POINT('',(0.0458449381629988,0.0472614504041202,0.0453648980259895));
#8956=CARTESIAN_POINT('',(0.0458449381629988,0.0472614504041202,0.0453648980259895));
#8957=CARTESIAN_POINT('',(0.0458449381629988,0.0491501044178019,0.0453648980259895));
#8958=CARTESIAN_POINT('',(0.0469020008377912,0.0502443035479195,0.0453648980259895));
#8959=CARTESIAN_POINT('',(0.0467905914718156,0.0445756889029225,0.0453648980259895));
#8960=CARTESIAN_POINT('',(0.0467905914718156,0.0445756889029225,0.0473648980259895));
#8961=CARTESIAN_POINT('',(0.0461601559326044,0.0452167348579409,0.0453648980259895));
#8962=CARTESIAN_POINT('',(0.0461601559326044,0.0452167348579409,0.0473648980259895));
#8963=CARTESIAN_POINT('',(0.0458449381629988,0.0461119886916735,0.0453648980259895));
#8964=CARTESIAN_POINT('',(0.0458449381629988,0.0461119886916735,0.0473648980259895));
#8965=CARTESIAN_POINT('',(0.0458449381629988,0.0472614504041202,0.0453648980259895));
#8966=CARTESIAN_POINT('',(0.0458449381629988,0.0472614504041202,0.0473648980259895));
#8967=CARTESIAN_POINT('',(0.0467905914718156,0.0445756889029225,0.0453648980259895));
#8968=CARTESIAN_POINT('',(0.0467905914718156,0.0445756889029225,0.0453648980259895));
#8969=CARTESIAN_POINT('',(0.0467905914718156,0.0445756889029225,0.0453648980259895));
#8970=CARTESIAN_POINT('',(0.0458449381629988,0.0455372578354501,0.0453648980259895));
#8971=CARTESIAN_POINT('',(0.0458449381629988,0.0472614504041202,0.0453648980259895));
#8972=CARTESIAN_POINT('',(0.0493437227754233,0.0436141199703949,0.0453648980259895));
#8973=CARTESIAN_POINT('',(0.0493437227754233,0.0436141199703949,0.0473648980259895));
#8974=CARTESIAN_POINT('',(0.048272070778896,0.0436141199703949,0.0453648980259895));
#8975=CARTESIAN_POINT('',(0.048272070778896,0.0436141199703949,0.0473648980259895));
#8976=CARTESIAN_POINT('',(0.0474210270110268,0.0439346429479041,0.0453648980259895));
#8977=CARTESIAN_POINT('',(0.0474210270110268,0.0439346429479041,0.0473648980259895));
#8978=CARTESIAN_POINT('',(0.0467905914718156,0.0445756889029225,0.0453648980259895));
#8979=CARTESIAN_POINT('',(0.0467905914718156,0.0445756889029225,0.0473648980259895));
#8980=CARTESIAN_POINT('',(0.0493437227754233,0.0436141199703949,0.0453648980259895));
#8981=CARTESIAN_POINT('',(0.0493437227754233,0.0436141199703949,0.0453648980259895));
#8982=CARTESIAN_POINT('',(0.0493437227754233,0.0436141199703949,0.0453648980259895));
#8983=CARTESIAN_POINT('',(0.0477362447806324,0.0436141199703949,0.0453648980259895));
#8984=CARTESIAN_POINT('',(0.0467905914718156,0.0445756889029225,0.0453648980259895));
#8985=CARTESIAN_POINT('',(0.0510427156065513,0.0439748741078397,0.0453648980259895));
#8986=CARTESIAN_POINT('',(0.0510427156065513,0.0439748741078397,0.0473648980259895));
#8987=CARTESIAN_POINT('',(0.0505396050570265,0.0437343713495432,0.0453648980259895));
#8988=CARTESIAN_POINT('',(0.0505396050570265,0.0437343713495432,0.0473648980259895));
#8989=CARTESIAN_POINT('',(0.0499732741133172,0.0436141199703949,0.0453648980259895));
#8990=CARTESIAN_POINT('',(0.0499732741133172,0.0436141199703949,0.0473648980259895));
#8991=CARTESIAN_POINT('',(0.0493437227754233,0.0436141199703949,0.0453648980259895));
#8992=CARTESIAN_POINT('',(0.0493437227754233,0.0436141199703949,0.0473648980259895));
#8993=CARTESIAN_POINT('',(0.0510427156065513,0.0439748741078397,0.0453648980259895));
#8994=CARTESIAN_POINT('',(0.0510427156065513,0.0439748741078397,0.0453648980259895));
#8995=CARTESIAN_POINT('',(0.0510427156065513,0.0439748741078397,0.0453648980259895));
#8996=CARTESIAN_POINT('',(0.0502880497822641,0.0436141199703949,0.0453648980259895));
#8997=CARTESIAN_POINT('',(0.0493437227754233,0.0436141199703949,0.0453648980259895));
#8998=CARTESIAN_POINT('',(0.0497892228425275,0.0466487221271425,0.0453648980259895));
#8999=CARTESIAN_POINT('',(0.0522535636380086,0.0450226526688008,0.0453648980259895));
#9000=CARTESIAN_POINT('',(0.0522535636380086,0.0450226526688008,0.0453648980259895));
#9001=CARTESIAN_POINT('',(0.0497892228425275,0.0466487221271425,0.0453648980259895));
#9002=CARTESIAN_POINT('',(0.0523027024836564,0.0450226526688008,0.0453648980259895));
#9003=CARTESIAN_POINT('',(0.0523517756567647,0.0450226526688008,0.0453648980259895));
#9004=CARTESIAN_POINT('',(0.0523517756567647,0.0450226526688008,0.0453648980259895));
#9005=CARTESIAN_POINT('',(0.0523027024836564,0.0450226526688008,0.0453648980259895));
#9006=CARTESIAN_POINT('',(0.051245639808864,0.0412479972453891,0.0453648980259895));
#9007=CARTESIAN_POINT('',(0.051245639808864,0.0412479972453891,0.0473648980259895));
#9008=CARTESIAN_POINT('',(0.0519229380178903,0.0420685360678127,0.0453648980259895));
#9009=CARTESIAN_POINT('',(0.0519229380178903,0.0420685360678127,0.0473648980259895));
#9010=CARTESIAN_POINT('',(0.0522916499671906,0.0433267545422832,0.0453648980259895));
#9011=CARTESIAN_POINT('',(0.0522916499671906,0.0433267545422832,0.0473648980259895));
#9012=CARTESIAN_POINT('',(0.0523517756567647,0.0450226526688008,0.0453648980259895));
#9013=CARTESIAN_POINT('',(0.0523517756567647,0.0450226526688008,0.0473648980259895));
#9014=CARTESIAN_POINT('',(0.051245639808864,0.0412479972453891,0.0453648980259895));
#9015=CARTESIAN_POINT('',(0.051245639808864,0.0412479972453891,0.0453648980259895));
#9016=CARTESIAN_POINT('',(0.051245639808864,0.0412479972453891,0.0453648980259895));
#9017=CARTESIAN_POINT('',(0.0522615871224035,0.0424788054790244,0.0453648980259895));
#9018=CARTESIAN_POINT('',(0.0523517756567647,0.0450226526688008,0.0453648980259895));
#9019=CARTESIAN_POINT('',(0.0482402395314744,0.0400171890117538,0.0453648980259895));
#9020=CARTESIAN_POINT('',(0.0482402395314744,0.0400171890117538,0.0473648980259895));
#9021=CARTESIAN_POINT('',(0.0495665415073745,0.0400171890117538,0.0453648980259895));
#9022=CARTESIAN_POINT('',(0.0495665415073745,0.0400171890117538,0.0473648980259895));
#9023=CARTESIAN_POINT('',(0.0505683415998377,0.0404274584229656,0.0453648980259895));
#9024=CARTESIAN_POINT('',(0.0505683415998377,0.0404274584229656,0.0473648980259895));
#9025=CARTESIAN_POINT('',(0.051245639808864,0.0412479972453891,0.0453648980259895));
#9026=CARTESIAN_POINT('',(0.051245639808864,0.0412479972453891,0.0473648980259895));
#9027=CARTESIAN_POINT('',(0.0482402395314744,0.0400171890117538,0.0453648980259895));
#9028=CARTESIAN_POINT('',(0.0482402395314744,0.0400171890117538,0.0453648980259895));
#9029=CARTESIAN_POINT('',(0.0482402395314744,0.0400171890117538,0.0453648980259895));
#9030=CARTESIAN_POINT('',(0.0502296924953245,0.0400171890117538,0.0453648980259895));
#9031=CARTESIAN_POINT('',(0.051245639808864,0.0412479972453891,0.0453648980259895));
#9032=CARTESIAN_POINT('',(0.0467335604868519,0.0402320499318496,0.0453648980259895));
#9033=CARTESIAN_POINT('',(0.0467335604868519,0.0402320499318496,0.0473648980259895));
#9034=CARTESIAN_POINT('',(0.0471756611454852,0.0400888093184524,0.0453648980259895));
#9035=CARTESIAN_POINT('',(0.0471756611454852,0.0400888093184524,0.0473648980259895));
#9036=CARTESIAN_POINT('',(0.0476778874936927,0.0400171890117538,0.0453648980259895));
#9037=CARTESIAN_POINT('',(0.0476778874936927,0.0400171890117538,0.0473648980259895));
#9038=CARTESIAN_POINT('',(0.0482402395314744,0.0400171890117538,0.0453648980259895));
#9039=CARTESIAN_POINT('',(0.0482402395314744,0.0400171890117538,0.0473648980259895));
#9040=CARTESIAN_POINT('',(0.0467335604868519,0.0402320499318496,0.0453648980259895));
#9041=CARTESIAN_POINT('',(0.0467335604868519,0.0402320499318496,0.0453648980259895));
#9042=CARTESIAN_POINT('',(0.0467335604868519,0.0402320499318496,0.0453648980259895));
#9043=CARTESIAN_POINT('',(0.0473967114748019,0.0400171890117538,0.0453648980259895));
#9044=CARTESIAN_POINT('',(0.0482402395314744,0.0400171890117538,0.0453648980259895));
#9045=CARTESIAN_POINT('',(0.0467335604868519,0.0396391929486223,0.0453648980259895));
#9046=CARTESIAN_POINT('',(0.0467335604868519,0.039046335965395,0.0453648980259895));
#9047=CARTESIAN_POINT('',(0.0467335604868519,0.039046335965395,0.0453648980259895));
#9048=CARTESIAN_POINT('',(0.0467335604868519,0.0396391929486223,0.0453648980259895));
#9049=CARTESIAN_POINT('',(0.048258807759137,0.0388792219164315,0.0453648980259895));
#9050=CARTESIAN_POINT('',(0.048258807759137,0.0388792219164315,0.0473648980259895));
#9051=CARTESIAN_POINT('',(0.0476168776028013,0.0388792219164315,0.0453648980259895));
#9052=CARTESIAN_POINT('',(0.0476168776028013,0.0388792219164315,0.0473648980259895));
#9053=CARTESIAN_POINT('',(0.047108461845373,0.0389349265994194,0.0453648980259895));
#9054=CARTESIAN_POINT('',(0.047108461845373,0.0389349265994194,0.0473648980259895));
#9055=CARTESIAN_POINT('',(0.0467335604868519,0.039046335965395,0.0453648980259895));
#9056=CARTESIAN_POINT('',(0.0467335604868519,0.039046335965395,0.0473648980259895));
#9057=CARTESIAN_POINT('',(0.048258807759137,0.0388792219164315,0.0453648980259895));
#9058=CARTESIAN_POINT('',(0.0472959125246335,0.0388792219164315,0.0453648980259895));
#9059=CARTESIAN_POINT('',(0.0467335604868519,0.039046335965395,0.0453648980259895));
#9060=CARTESIAN_POINT('',(0.0478516330525357,0.0494007754912471,0.0453648980259895));
#9061=CARTESIAN_POINT('',(0.0478516330525357,0.0494007754912471,0.0473648980259895));
#9062=CARTESIAN_POINT('',(0.0474210270110268,0.0488923597338187,0.0453648980259895));
#9063=CARTESIAN_POINT('',(0.0474210270110268,0.0488923597338187,0.0473648980259895));
#9064=CARTESIAN_POINT('',(0.0472057239902723,0.0481845565793467,0.0453648980259895));
#9065=CARTESIAN_POINT('',(0.0472057239902723,0.0481845565793467,0.0473648980259895));
#9066=CARTESIAN_POINT('',(0.0472057239902723,0.047277366027831,0.0453648980259895));
#9067=CARTESIAN_POINT('',(0.0472057239902723,0.047277366027831,0.0473648980259895));
#9068=CARTESIAN_POINT('',(0.0478516330525357,0.0494007754912471,0.0473648980259895));
#9069=CARTESIAN_POINT('',(0.0472057239902723,0.0486381518551045,0.0473648980259895));
#9070=CARTESIAN_POINT('',(0.0472057239902723,0.047277366027831,0.0473648980259895));
#9071=CARTESIAN_POINT('',(0.0478516330525357,0.0494007754912471,0.0453648980259895));
#9072=CARTESIAN_POINT('',(0.0472057239902723,0.0486381518551045,0.0453648980259895));
#9073=CARTESIAN_POINT('',(0.0472057239902723,0.047277366027831,0.0453648980259895));
#9074=CARTESIAN_POINT('',(-9.74442958823207E-8,0.0453993902569637,0.0453648980259895));
#9075=CARTESIAN_POINT('',(0.0609223390250311,0.0450982518814271,0.0453648980259895));
#9076=CARTESIAN_POINT('',(0.0609223390250311,0.0450982518814271,0.0473648980259895));
#9077=CARTESIAN_POINT('',(0.0609223390250311,0.0430835991800349,0.0473648980259895));
#9078=CARTESIAN_POINT('',(0.0609219570200713,0.0471129062053572,0.0473648980259895));
#9079=CARTESIAN_POINT('',(0.0609223390250311,0.0430835991800349,0.0453648980259895));
#9080=CARTESIAN_POINT('',(0.0609223390250311,0.0430835991800349,0.0453648980259895));
#9081=CARTESIAN_POINT('',(0.0609223390250311,0.0450982518814271,0.0453648980259895));
#9082=CARTESIAN_POINT('',(0.0609219570200709,0.0471129062053572,0.0453648982759895));
#9083=CARTESIAN_POINT('',(0.0609223390250311,0.0471129045828194,0.0453648980259895));
#9084=CARTESIAN_POINT('',(0.0586636467600733,0.0430835991800349,0.0453648980259895));
#9085=CARTESIAN_POINT('',(0.0586636467600733,0.0430835991800349,0.0473648980259895));
#9086=CARTESIAN_POINT('',(0.0564049544951154,0.0430835991800349,0.0473648980259895));
#9087=CARTESIAN_POINT('',(0.0564049544951154,0.0430835991800349,0.0453648980259895));
#9088=CARTESIAN_POINT('',(0.0564049544951154,0.0430835991800349,0.0453648980259895));
#9089=CARTESIAN_POINT('',(0.0586636467600733,0.0430835991800349,0.0453648980259895));
#9090=CARTESIAN_POINT('',(0.0582989137167008,0.045777318493088,0.0453648980259895));
#9091=CARTESIAN_POINT('',(0.0582989137167008,0.045777318493088,0.0473648980259895));
#9092=CARTESIAN_POINT('',(0.0601928729382861,0.0484710378061411,0.0473648980259895));
#9093=CARTESIAN_POINT('',(0.0601928729382861,0.0484710378061411,0.0453648980259895));
#9094=CARTESIAN_POINT('',(0.0601928729382861,0.0484710378061411,0.0453648980259895));
#9095=CARTESIAN_POINT('',(0.0582989137167008,0.045777318493088,0.0453648980259895));
#9096=CARTESIAN_POINT('',(0.0609409072526937,0.0497893819701858,0.0453648980259895));
#9097=CARTESIAN_POINT('',(0.0609409072526937,0.0497893819701858,0.0473648980259895));
#9098=CARTESIAN_POINT('',(0.0606756468575137,0.0492588611798257,0.0453648980259895));
#9099=CARTESIAN_POINT('',(0.0606756468575137,0.0492588611798257,0.0473648980259895));
#9100=CARTESIAN_POINT('',(0.0604263020860445,0.0488194131251442,0.0453648980259895));
#9101=CARTESIAN_POINT('',(0.0604263020860445,0.0488194131251442,0.0473648980259895));
#9102=CARTESIAN_POINT('',(0.0601928729382861,0.0484710378061411,0.0453648980259895));
#9103=CARTESIAN_POINT('',(0.0601928729382861,0.0484710378061411,0.0473648980259895));
#9104=CARTESIAN_POINT('',(0.0609409072526937,0.0497893819701858,0.0473648980259895));
#9105=CARTESIAN_POINT('',(0.0605430166599237,0.0489936007846457,0.0473648980259895));
#9106=CARTESIAN_POINT('',(0.0601928729382861,0.0484710378061411,0.0473648980259895));
#9107=CARTESIAN_POINT('',(0.0609409072526937,0.0497893819701858,0.0473648980259895));
#9108=CARTESIAN_POINT('',(0.0609409072526937,0.0497893819701858,0.0453648980259895));
#9109=CARTESIAN_POINT('',(0.0609409072526937,0.0497893819701858,0.0453648980259895));
#9110=CARTESIAN_POINT('',(0.0609409072526937,0.0497893819701858,0.0453648980259895));
#9111=CARTESIAN_POINT('',(0.0605430166599237,0.0489936007846457,0.0453648980259895));
#9112=CARTESIAN_POINT('',(0.0601928729382861,0.0484710378061411,0.0453648980259895));
#9113=CARTESIAN_POINT('',(0.0609740648020913,0.0497893819701858,0.0453648980259895));
#9114=CARTESIAN_POINT('',(0.0609740648020913,0.0497893819701858,0.0473648980259895));
#9115=CARTESIAN_POINT('',(0.0610072223514888,0.0497893819701858,0.0473648980259895));
#9116=CARTESIAN_POINT('',(0.0610079219124345,0.0497893819701858,0.0453648980259895));
#9117=CARTESIAN_POINT('',(0.0610072223514888,0.0497893819701858,0.0453648980259895));
#9118=CARTESIAN_POINT('',(0.0609740648020913,0.0497893819701858,0.0453648980259895));
#9119=CARTESIAN_POINT('',(0.0631399159287361,0.0418315701147852,0.0453648980259895));
#9120=CARTESIAN_POINT('',(0.0640391486683964,0.0418315701147852,0.0453648980259895));
#9121=CARTESIAN_POINT('',(0.0640391486683964,0.0418315701147852,0.0453648980259895));
#9122=CARTESIAN_POINT('',(0.0631399159287361,0.0418315701147852,0.0453648980259895));
#9123=CARTESIAN_POINT('',(0.0622406831890758,0.0418315701147852,0.0453648980259895));
#9124=CARTESIAN_POINT('',(0.0622406831890758,0.0418315701147852,0.0453648980259895));
#9125=CARTESIAN_POINT('',(0.0640391486683964,0.04245758464741,0.0453648980259895));
#9126=CARTESIAN_POINT('',(0.0640391486683964,0.0430835991800349,0.0453648980259895));
#9127=CARTESIAN_POINT('',(0.0640391486683964,0.0430835991800349,0.0453648980259895));
#9128=CARTESIAN_POINT('',(0.0640391486683964,0.04245758464741,0.0453648980259895));
#9129=CARTESIAN_POINT('',(0.0631399159287361,0.0430835991800349,0.0453648980259895));
#9130=CARTESIAN_POINT('',(0.0622406831890758,0.0430835991800349,0.0453648980259895));
#9131=CARTESIAN_POINT('',(0.0622406831890758,0.0430835991800349,0.0453648980259895));
#9132=CARTESIAN_POINT('',(0.0631399159287361,0.0430835991800349,0.0453648980259895));
#9133=CARTESIAN_POINT('',(0.0622406831890758,0.04715799885,0.0453648980259895));
#9134=CARTESIAN_POINT('',(0.0622406831890758,0.0512323985199651,0.0453648980259895));
#9135=CARTESIAN_POINT('',(0.0622406831890758,0.0512323985199651,0.0453648980259895));
#9136=CARTESIAN_POINT('',(0.0622406831890758,0.04715799885,0.0453648980259895));
#9137=CARTESIAN_POINT('',(0.0615112171023308,0.0512323985199651,0.0453648980259895));
#9138=CARTESIAN_POINT('',(0.0607817510155857,0.0512323985199651,0.0453648980259895));
#9139=CARTESIAN_POINT('',(0.0607817510155857,0.0512323985199651,0.0453648980259895));
#9140=CARTESIAN_POINT('',(0.0615112171023308,0.0512323985199651,0.0453648980259895));
#9141=CARTESIAN_POINT('',(0.0579050020298584,0.0471327991124579,0.0453648980259895));
#9142=CARTESIAN_POINT('',(0.0550282530441311,0.0430331997049507,0.0453648980259895));
#9143=CARTESIAN_POINT('',(0.0550282530441311,0.0430331997049507,0.0453648980259895));
#9144=CARTESIAN_POINT('',(0.0579050020298584,0.0471327991124579,0.0453648980259895));
#9145=CARTESIAN_POINT('',(0.0550282530441311,0.0424323849098679,0.0453648980259895));
#9146=CARTESIAN_POINT('',(0.0550282530441311,0.0418315701147852,0.0453648980259895));
#9147=CARTESIAN_POINT('',(0.0550282530441311,0.0418315701147852,0.0453648980259895));
#9148=CARTESIAN_POINT('',(0.0550282530441311,0.0424323849098679,0.0453648980259895));
#9149=CARTESIAN_POINT('',(0.0579752960345811,0.0418315701147852,0.0453648980259895));
#9150=CARTESIAN_POINT('',(0.0609223390250311,0.0418315701147852,0.0453648980259895));
#9151=CARTESIAN_POINT('',(0.0609223390250311,0.0418315701147852,0.0453648980259895));
#9152=CARTESIAN_POINT('',(0.0579752960345811,0.0418315701147852,0.0453648980259895));
#9153=CARTESIAN_POINT('',(0.0609223390250311,0.0404389530400901,0.0453648980259895));
#9154=CARTESIAN_POINT('',(0.0609223390250311,0.039046335965395,0.0453648980259895));
#9155=CARTESIAN_POINT('',(0.0609223390250311,0.039046335965395,0.0453648980259895));
#9156=CARTESIAN_POINT('',(0.0609223390250311,0.0404389530400901,0.0453648980259895));
#9157=CARTESIAN_POINT('',(0.0615815111070535,0.039046335965395,0.0453648980259895));
#9158=CARTESIAN_POINT('',(0.0622406831890758,0.039046335965395,0.0453648980259895));
#9159=CARTESIAN_POINT('',(0.0622406831890758,0.039046335965395,0.0453648980259895));
#9160=CARTESIAN_POINT('',(0.0615815111070535,0.039046335965395,0.0453648980259895));
#9161=CARTESIAN_POINT('',(0.0622406831890758,0.0404389530400901,0.0453648980259895));
#9162=CARTESIAN_POINT('',(0.0622406831890758,0.0404389530400901,0.0453648980259895));
#9163=CARTESIAN_POINT('',(0.108741574360932,0.0469097959224247,0.0453648980259895));
#9164=CARTESIAN_POINT('',(0.108741574360932,0.0469097959224247,0.0473648980259895));
#9165=CARTESIAN_POINT('',(0.108741574360932,0.0469097959224247,0.0453648980259895));
#9166=CARTESIAN_POINT('',(-9.74442958823207E-8,0.0453993902569637,0.0453648980259895));
#9167=CARTESIAN_POINT('',(-0.059996612117781,0.0502217564143292,0.0453648980259895));
#9168=CARTESIAN_POINT('',(-0.059996612117781,0.0502217564143292,0.0473648980259895));
#9169=CARTESIAN_POINT('',(-0.0606880575478836,0.0502217564143292,0.0453648980259895));
#9170=CARTESIAN_POINT('',(-0.0606880575478836,0.0502217564143292,0.0473648980259895));
#9171=CARTESIAN_POINT('',(-0.0612300729553681,0.0500559686673417,0.0453648980259895));
#9172=CARTESIAN_POINT('',(-0.0612300729553681,0.0500559686673417,0.0473648980259895));
#9173=CARTESIAN_POINT('',(-0.0616226583402345,0.0497243931733667,0.0453648980259895));
#9174=CARTESIAN_POINT('',(-0.0616226583402345,0.0497243931733667,0.0473648980259895));
#9175=CARTESIAN_POINT('',(-0.059996612117781,0.0502217564143292,0.0473648980259895));
#9176=CARTESIAN_POINT('',(-0.0610337802629349,0.0502217564143292,0.0473648980259895));
#9177=CARTESIAN_POINT('',(-0.0616226583402345,0.0497243931733667,0.0473648980259895));
#9178=CARTESIAN_POINT('',(-0.059996612117781,0.0502217564143292,0.0473648980259895));
#9179=CARTESIAN_POINT('',(-0.0616226583402345,0.0497243931733667,0.0473648980259895));
#9180=CARTESIAN_POINT('',(-0.059996612117781,0.0502217564143292,0.0453648980259895));
#9181=CARTESIAN_POINT('',(-0.059996612117781,0.0502217564143292,0.0453648980259895));
#9182=CARTESIAN_POINT('',(-0.059996612117781,0.0502217564143292,0.0453648980259895));
#9183=CARTESIAN_POINT('',(-0.0610337802629349,0.0502217564143292,0.0453648980259895));
#9184=CARTESIAN_POINT('',(-0.0616226583402345,0.0497243931733667,0.0453648980259895));
#9185=CARTESIAN_POINT('',(-0.0616226583402345,0.0497243931733667,0.0453648980259895));
#9186=CARTESIAN_POINT('',(-0.0616226583402345,0.0497243931733667,0.0453648980259895));
#9187=CARTESIAN_POINT('',(-0.0583427135538336,0.0497283720792944,0.0453648980259895));
#9188=CARTESIAN_POINT('',(-0.0583427135538336,0.0497283720792944,0.0473648980259895));
#9189=CARTESIAN_POINT('',(-0.0587432567505554,0.0500572949693176,0.0453648980259895));
#9190=CARTESIAN_POINT('',(-0.0587432567505554,0.0500572949693176,0.0473648980259895));
#9191=CARTESIAN_POINT('',(-0.0592945562718712,0.0502217564143292,0.0453648980259895));
#9192=CARTESIAN_POINT('',(-0.0592945562718712,0.0502217564143292,0.0473648980259895));
#9193=CARTESIAN_POINT('',(-0.059996612117781,0.0502217564143292,0.0453648980259895));
#9194=CARTESIAN_POINT('',(-0.059996612117781,0.0502217564143292,0.0473648980259895));
#9195=CARTESIAN_POINT('',(-0.0583427135538336,0.0497283720792944,0.0473648980259895));
#9196=CARTESIAN_POINT('',(-0.0589435283489163,0.0502217564143292,0.0473648980259895));
#9197=CARTESIAN_POINT('',(-0.059996612117781,0.0502217564143292,0.0473648980259895));
#9198=CARTESIAN_POINT('',(-0.0583427135538336,0.0497283720792944,0.0473648980259895));
#9199=CARTESIAN_POINT('',(-0.0583427135538336,0.0497283720792944,0.0453648980259895));
#9200=CARTESIAN_POINT('',(-0.0583427135538336,0.0497283720792944,0.0453648980259895));
#9201=CARTESIAN_POINT('',(-0.0583427135538336,0.0497283720792944,0.0453648980259895));
#9202=CARTESIAN_POINT('',(-0.0589435283489163,0.0502217564143292,0.0453648980259895));
#9203=CARTESIAN_POINT('',(-0.059996612117781,0.0502217564143292,0.0453648980259895));
#9204=CARTESIAN_POINT('',(-0.0577418987587508,0.0483967648954907,0.0453648980259895));
#9205=CARTESIAN_POINT('',(-0.0577418987587508,0.0483967648954907,0.0473648980259895));
#9206=CARTESIAN_POINT('',(-0.0577418987587508,0.0489555801280032,0.0453648980259895));
#9207=CARTESIAN_POINT('',(-0.0577418987587508,0.0489555801280032,0.0473648980259895));
#9208=CARTESIAN_POINT('',(-0.0579421703571117,0.0493994491892711,0.0453648980259895));
#9209=CARTESIAN_POINT('',(-0.0579421703571117,0.0493994491892711,0.0473648980259895));
#9210=CARTESIAN_POINT('',(-0.0583427135538336,0.0497283720792944,0.0453648980259895));
#9211=CARTESIAN_POINT('',(-0.0583427135538336,0.0497283720792944,0.0473648980259895));
#9212=CARTESIAN_POINT('',(-0.0577418987587508,0.0483967648954907,0.0473648980259895));
#9213=CARTESIAN_POINT('',(-0.0577418987587508,0.0492349877442595,0.0473648980259895));
#9214=CARTESIAN_POINT('',(-0.0583427135538336,0.0497283720792944,0.0473648980259895));
#9215=CARTESIAN_POINT('',(-0.0577418987587508,0.0483967648954907,0.0473648980259895));
#9216=CARTESIAN_POINT('',(-0.0577418987587508,0.0483967648954907,0.0453648980259895));
#9217=CARTESIAN_POINT('',(-0.0577418987587508,0.0483967648954907,0.0453648980259895));
#9218=CARTESIAN_POINT('',(-0.0577418987587508,0.0483967648954907,0.0453648980259895));
#9219=CARTESIAN_POINT('',(-0.0577418987587508,0.0492349877442595,0.0453648980259895));
#9220=CARTESIAN_POINT('',(-0.0583427135538336,0.0497283720792944,0.0453648980259895));
#9221=CARTESIAN_POINT('',(-0.0597203863030108,0.0483695210233727,0.0453648980259895));
#9222=CARTESIAN_POINT('',(-0.0597203863030108,0.0483695210233727,0.0473648980259895));
#9223=CARTESIAN_POINT('',(-0.0582352830937857,0.0470625051077352,0.0473648980259895));
#9224=CARTESIAN_POINT('',(-0.0582352830937857,0.0470625051077352,0.0453648980259895));
#9225=CARTESIAN_POINT('',(-0.0582352830937857,0.0470625051077352,0.0453648980259895));
#9226=CARTESIAN_POINT('',(-0.0597203863030108,0.0483695210233727,0.0453648980259895));
#9227=CARTESIAN_POINT('',(-0.0599143813952752,0.0459935057151597,0.0453648980259895));
#9228=CARTESIAN_POINT('',(-0.0599143813952752,0.0459935057151597,0.0473648980259895));
#9229=CARTESIAN_POINT('',(-0.0591239054176387,0.0463241970078174,0.0453648980259895));
#9230=CARTESIAN_POINT('',(-0.0591239054176387,0.0463241970078174,0.0473648980259895));
#9231=CARTESIAN_POINT('',(-0.0585642059838089,0.0466805301386759,0.0453648980259895));
#9232=CARTESIAN_POINT('',(-0.0585642059838089,0.0466805301386759,0.0473648980259895));
#9233=CARTESIAN_POINT('',(-0.0582352830937857,0.0470625051077352,0.0453648980259895));
#9234=CARTESIAN_POINT('',(-0.0582352830937857,0.0470625051077352,0.0473648980259895));
#9235=CARTESIAN_POINT('',(-0.0599143813952752,0.0459935057151597,0.0473648980259895));
#9236=CARTESIAN_POINT('',(-0.0587286674288205,0.0464895426541463,0.0473648980259895));
#9237=CARTESIAN_POINT('',(-0.0582352830937857,0.0470625051077352,0.0473648980259895));
#9238=CARTESIAN_POINT('',(-0.0599143813952752,0.0459935057151597,0.0473648980259895));
#9239=CARTESIAN_POINT('',(-0.0599143813952752,0.0459935057151597,0.0453648980259895));
#9240=CARTESIAN_POINT('',(-0.0599143813952752,0.0459935057151597,0.0453648980259895));
#9241=CARTESIAN_POINT('',(-0.0599143813952752,0.0459935057151597,0.0453648980259895));
#9242=CARTESIAN_POINT('',(-0.0587286674288205,0.0464895426541463,0.0453648980259895));
#9243=CARTESIAN_POINT('',(-0.0582352830937857,0.0470625051077352,0.0453648980259895));
#9244=CARTESIAN_POINT('',(-0.061722130988427,0.0470877048452773,0.0453648980259895));
#9245=CARTESIAN_POINT('',(-0.061722130988427,0.0470877048452773,0.0473648980259895));
#9246=CARTESIAN_POINT('',(-0.0613958607023556,0.0467225297012461,0.0453648980259895));
#9247=CARTESIAN_POINT('',(-0.0613958607023556,0.0467225297012461,0.0473648980259895));
#9248=CARTESIAN_POINT('',(-0.0607932775046383,0.0463577966578736,0.0453648980259895));
#9249=CARTESIAN_POINT('',(-0.0607932775046383,0.0463577966578736,0.0473648980259895));
#9250=CARTESIAN_POINT('',(-0.0599143813952752,0.0459935057151597,0.0453648980259895));
#9251=CARTESIAN_POINT('',(-0.0599143813952752,0.0459935057151597,0.0473648980259895));
#9252=CARTESIAN_POINT('',(-0.061722130988427,0.0470877048452773,0.0473648980259895));
#9253=CARTESIAN_POINT('',(-0.0612327255593199,0.0465399421292305,0.0473648980259895));
#9254=CARTESIAN_POINT('',(-0.0599143813952752,0.0459935057151597,0.0473648980259895));
#9255=CARTESIAN_POINT('',(-0.061722130988427,0.0470877048452773,0.0473648980259895));
#9256=CARTESIAN_POINT('',(-0.061722130988427,0.0470877048452773,0.0453648980259895));
#9257=CARTESIAN_POINT('',(-0.061722130988427,0.0470877048452773,0.0453648980259895));
#9258=CARTESIAN_POINT('',(-0.061722130988427,0.0470877048452773,0.0453648980259895));
#9259=CARTESIAN_POINT('',(-0.0612327255593199,0.0465399421292305,0.0453648980259895));
#9260=CARTESIAN_POINT('',(-0.0599143813952752,0.0459935057151597,0.0453648980259895));
#9261=CARTESIAN_POINT('',(-0.0622115364175342,0.0483967648954907,0.0453648980259895));
#9262=CARTESIAN_POINT('',(-0.0622115364175342,0.0483967648954907,0.0473648980259895));
#9263=CARTESIAN_POINT('',(-0.0622115364175342,0.0478892333393796,0.0453648980259895));
#9264=CARTESIAN_POINT('',(-0.0622115364175342,0.0478892333393796,0.0473648980259895));
#9265=CARTESIAN_POINT('',(-0.0620484012744985,0.0474528799893084,0.0453648980259895));
#9266=CARTESIAN_POINT('',(-0.0620484012744985,0.0474528799893084,0.0473648980259895));
#9267=CARTESIAN_POINT('',(-0.061722130988427,0.0470877048452773,0.0453648980259895));
#9268=CARTESIAN_POINT('',(-0.061722130988427,0.0470877048452773,0.0473648980259895));
#9269=CARTESIAN_POINT('',(-0.0622115364175342,0.0483967648954907,0.0473648980259895));
#9270=CARTESIAN_POINT('',(-0.0622115364175342,0.047635467561324,0.0473648980259895));
#9271=CARTESIAN_POINT('',(-0.061722130988427,0.0470877048452773,0.0473648980259895));
#9272=CARTESIAN_POINT('',(-0.0622115364175342,0.0483967648954907,0.0473648980259895));
#9273=CARTESIAN_POINT('',(-0.0622115364175342,0.0483967648954907,0.0453648980259895));
#9274=CARTESIAN_POINT('',(-0.0622115364175342,0.0483967648954907,0.0453648980259895));
#9275=CARTESIAN_POINT('',(-0.0622115364175342,0.0483967648954907,0.0453648980259895));
#9276=CARTESIAN_POINT('',(-0.0622115364175342,0.047635467561324,0.0453648980259895));
#9277=CARTESIAN_POINT('',(-0.061722130988427,0.0470877048452773,0.0453648980259895));
#9278=CARTESIAN_POINT('',(-0.062598816594497,0.0421047883218206,0.0453648980259895));
#9279=CARTESIAN_POINT('',(-0.062598816594497,0.0421047883218206,0.0473648980259895));
#9280=CARTESIAN_POINT('',(-0.062598816594497,0.0414416373338706,0.0453648980259895));
#9281=CARTESIAN_POINT('',(-0.062598816594497,0.0414416373338706,0.0473648980259895));
#9282=CARTESIAN_POINT('',(-0.062368482151349,0.0409248216639282,0.0453648980259895));
#9283=CARTESIAN_POINT('',(-0.062368482151349,0.0409248216639282,0.0473648980259895));
#9284=CARTESIAN_POINT('',(-0.061907813265053,0.0405543413119934,0.0453648980259895));
#9285=CARTESIAN_POINT('',(-0.061907813265053,0.0405543413119934,0.0473648980259895));
#9286=CARTESIAN_POINT('',(-0.062598816594497,0.0421047883218206,0.0473648980259895));
#9287=CARTESIAN_POINT('',(-0.062598816594497,0.0411100618398956,0.0473648980259895));
#9288=CARTESIAN_POINT('',(-0.061907813265053,0.0405543413119934,0.0473648980259895));
#9289=CARTESIAN_POINT('',(-0.062598816594497,0.0421047883218206,0.0473648980259895));
#9290=CARTESIAN_POINT('',(-0.061907813265053,0.0405543413119934,0.0473648980259895));
#9291=CARTESIAN_POINT('',(-0.062598816594497,0.0421047883218206,0.0453648980259895));
#9292=CARTESIAN_POINT('',(-0.062598816594497,0.0421047883218206,0.0453648980259895));
#9293=CARTESIAN_POINT('',(-0.062598816594497,0.0421047883218206,0.0453648980259895));
#9294=CARTESIAN_POINT('',(-0.062598816594497,0.0411100618398956,0.0453648980259895));
#9295=CARTESIAN_POINT('',(-0.061907813265053,0.0405543413119934,0.0453648980259895));
#9296=CARTESIAN_POINT('',(-0.061907813265053,0.0405543413119934,0.0453648980259895));
#9297=CARTESIAN_POINT('',(-0.061907813265053,0.0405543413119934,0.0453648980259895));
#9298=CARTESIAN_POINT('',(-0.0620444223685708,0.0436432986138647,0.0453648980259895));
#9299=CARTESIAN_POINT('',(-0.0620444223685708,0.0436432986138647,0.0473648980259895));
#9300=CARTESIAN_POINT('',(-0.0624140185191883,0.0432153451763076,0.0453648980259895));
#9301=CARTESIAN_POINT('',(-0.0624140185191883,0.0432153451763076,0.0473648980259895));
#9302=CARTESIAN_POINT('',(-0.062598816594497,0.0427025084122929,0.0453648980259895));
#9303=CARTESIAN_POINT('',(-0.062598816594497,0.0427025084122929,0.0473648980259895));
#9304=CARTESIAN_POINT('',(-0.062598816594497,0.0421047883218206,0.0453648980259895));
#9305=CARTESIAN_POINT('',(-0.062598816594497,0.0421047883218206,0.0473648980259895));
#9306=CARTESIAN_POINT('',(-0.0620444223685708,0.0436432986138647,0.0473648980259895));
#9307=CARTESIAN_POINT('',(-0.062598816594497,0.0430013684575291,0.0473648980259895));
#9308=CARTESIAN_POINT('',(-0.062598816594497,0.0421047883218206,0.0473648980259895));
#9309=CARTESIAN_POINT('',(-0.0620444223685708,0.0436432986138647,0.0473648980259895));
#9310=CARTESIAN_POINT('',(-0.0620444223685708,0.0436432986138647,0.0453648980259895));
#9311=CARTESIAN_POINT('',(-0.0620444223685708,0.0436432986138647,0.0453648980259895));
#9312=CARTESIAN_POINT('',(-0.0620444223685708,0.0436432986138647,0.0453648980259895));
#9313=CARTESIAN_POINT('',(-0.062598816594497,0.0430013684575291,0.0453648980259895));
#9314=CARTESIAN_POINT('',(-0.062598816594497,0.0421047883218206,0.0453648980259895));
#9315=CARTESIAN_POINT('',(-0.0602539147011056,0.0448157495605604,0.0453648980259895));
#9316=CARTESIAN_POINT('',(-0.0602539147011056,0.0448157495605604,0.0473648980259895));
#9317=CARTESIAN_POINT('',(-0.0610779903287982,0.0444620690336537,0.0453648980259895));
#9318=CARTESIAN_POINT('',(-0.0610779903287982,0.0444620690336537,0.0473648980259895));
#9319=CARTESIAN_POINT('',(-0.0616748262179533,0.0440712520514218,0.0453648980259895));
#9320=CARTESIAN_POINT('',(-0.0616748262179533,0.0440712520514218,0.0473648980259895));
#9321=CARTESIAN_POINT('',(-0.0620444223685708,0.0436432986138647,0.0453648980259895));
#9322=CARTESIAN_POINT('',(-0.0620444223685708,0.0436432986138647,0.0473648980259895));
#9323=CARTESIAN_POINT('',(-0.0602539147011056,0.0448157495605604,0.0473648980259895));
#9324=CARTESIAN_POINT('',(-0.0614900281426445,0.0442852287702004,0.0473648980259895));
#9325=CARTESIAN_POINT('',(-0.0620444223685708,0.0436432986138647,0.0473648980259895));
#9326=CARTESIAN_POINT('',(-0.0602539147011056,0.0448157495605604,0.0473648980259895));
#9327=CARTESIAN_POINT('',(-0.0602539147011056,0.0448157495605604,0.0453648980259895));
#9328=CARTESIAN_POINT('',(-0.0602539147011056,0.0448157495605604,0.0453648980259895));
#9329=CARTESIAN_POINT('',(-0.0602539147011056,0.0448157495605604,0.0453648980259895));
#9330=CARTESIAN_POINT('',(-0.0614900281426445,0.0442852287702004,0.0453648980259895));
#9331=CARTESIAN_POINT('',(-0.0620444223685708,0.0436432986138647,0.0453648980259895));
#9332=CARTESIAN_POINT('',(-0.0579992013420754,0.0436008569506359,0.0453648980259895));
#9333=CARTESIAN_POINT('',(-0.0579992013420754,0.0436008569506359,0.0473648980259895));
#9334=CARTESIAN_POINT('',(-0.0584306915849016,0.0440181999723858,0.0453648980259895));
#9335=CARTESIAN_POINT('',(-0.0584306915849016,0.0440181999723858,0.0473648980259895));
#9336=CARTESIAN_POINT('',(-0.0591822627045783,0.044423164175694,0.0453648980259895));
#9337=CARTESIAN_POINT('',(-0.0591822627045783,0.044423164175694,0.0473648980259895));
#9338=CARTESIAN_POINT('',(-0.0602539147011056,0.0448157495605604,0.0453648980259895));
#9339=CARTESIAN_POINT('',(-0.0602539147011056,0.0448157495605604,0.0473648980259895));
#9340=CARTESIAN_POINT('',(-0.0579992013420754,0.0436008569506359,0.0473648980259895));
#9341=CARTESIAN_POINT('',(-0.0586464367063147,0.0442268714832608,0.0473648980259895));
#9342=CARTESIAN_POINT('',(-0.0602539147011056,0.0448157495605604,0.0473648980259895));
#9343=CARTESIAN_POINT('',(-0.0579992013420754,0.0436008569506359,0.0473648980259895));
#9344=CARTESIAN_POINT('',(-0.0579992013420754,0.0436008569506359,0.0453648980259895));
#9345=CARTESIAN_POINT('',(-0.0579992013420754,0.0436008569506359,0.0453648980259895));
#9346=CARTESIAN_POINT('',(-0.0579992013420754,0.0436008569506359,0.0453648980259895));
#9347=CARTESIAN_POINT('',(-0.0586464367063147,0.0442268714832608,0.0453648980259895));
#9348=CARTESIAN_POINT('',(-0.0602539147011056,0.0448157495605604,0.0453648980259895));
#9349=CARTESIAN_POINT('',(-0.0573519659778362,0.0421711034206156,0.0453648980259895));
#9350=CARTESIAN_POINT('',(-0.0573519659778362,0.0421711034206156,0.0473648980259895));
#9351=CARTESIAN_POINT('',(-0.0573519659778362,0.0427069294188792,0.0453648980259895));
#9352=CARTESIAN_POINT('',(-0.0573519659778362,0.0427069294188792,0.0473648980259895));
#9353=CARTESIAN_POINT('',(-0.0575677110992493,0.043183513928886,0.0453648980259895));
#9354=CARTESIAN_POINT('',(-0.0575677110992493,0.043183513928886,0.0473648980259895));
#9355=CARTESIAN_POINT('',(-0.0579992013420754,0.0436008569506359,0.0453648980259895));
#9356=CARTESIAN_POINT('',(-0.0579992013420754,0.0436008569506359,0.0473648980259895));
#9357=CARTESIAN_POINT('',(-0.0573519659778362,0.0421711034206156,0.0473648980259895));
#9358=CARTESIAN_POINT('',(-0.0573519659778362,0.042974842418011,0.0473648980259895));
#9359=CARTESIAN_POINT('',(-0.0579992013420754,0.0436008569506359,0.0473648980259895));
#9360=CARTESIAN_POINT('',(-0.0573519659778362,0.0421711034206156,0.0473648980259895));
#9361=CARTESIAN_POINT('',(-0.0573519659778362,0.0421711034206156,0.0453648980259895));
#9362=CARTESIAN_POINT('',(-0.0573519659778362,0.0421711034206156,0.0453648980259895));
#9363=CARTESIAN_POINT('',(-0.0573519659778362,0.0421711034206156,0.0453648980259895));
#9364=CARTESIAN_POINT('',(-0.0573519659778362,0.042974842418011,0.0453648980259895));
#9365=CARTESIAN_POINT('',(-0.0579992013420754,0.0436008569506359,0.0453648980259895));
#9366=CARTESIAN_POINT('',(-0.0580403167033284,0.0405795410495355,0.0453648980259895));
#9367=CARTESIAN_POINT('',(-0.0580403167033284,0.0405795410495355,0.0473648980259895));
#9368=CARTESIAN_POINT('',(-0.0575814162196669,0.0409668212264983,0.0453648980259895));
#9369=CARTESIAN_POINT('',(-0.0575814162196669,0.0409668212264983,0.0473648980259895));
#9370=CARTESIAN_POINT('',(-0.0573519659778362,0.0414973420168584,0.0453648980259895));
#9371=CARTESIAN_POINT('',(-0.0573519659778362,0.0414973420168584,0.0473648980259895));
#9372=CARTESIAN_POINT('',(-0.0573519659778362,0.0421711034206156,0.0453648980259895));
#9373=CARTESIAN_POINT('',(-0.0573519659778362,0.0421711034206156,0.0473648980259895));
#9374=CARTESIAN_POINT('',(-0.0580403167033284,0.0405795410495355,0.0473648980259895));
#9375=CARTESIAN_POINT('',(-0.0573519659778362,0.0411604613149797,0.0473648980259895));
#9376=CARTESIAN_POINT('',(-0.0573519659778362,0.0421711034206156,0.0473648980259895));
#9377=CARTESIAN_POINT('',(-0.0580403167033284,0.0405795410495355,0.0473648980259895));
#9378=CARTESIAN_POINT('',(-0.0580403167033284,0.0405795410495355,0.0453648980259895));
#9379=CARTESIAN_POINT('',(-0.0580403167033284,0.0405795410495355,0.0453648980259895));
#9380=CARTESIAN_POINT('',(-0.0580403167033284,0.0405795410495355,0.0453648980259895));
#9381=CARTESIAN_POINT('',(-0.0573519659778362,0.0411604613149797,0.0453648980259895));
#9382=CARTESIAN_POINT('',(-0.0573519659778362,0.0421711034206156,0.0453648980259895));
#9383=CARTESIAN_POINT('',(-0.0599647808703594,0.0399986207840912,0.0453648980259895));
#9384=CARTESIAN_POINT('',(-0.0599647808703594,0.0399986207840912,0.0473648980259895));
#9385=CARTESIAN_POINT('',(-0.0591407052426668,0.0399986207840912,0.0453648980259895));
#9386=CARTESIAN_POINT('',(-0.0591407052426668,0.0399986207840912,0.0473648980259895));
#9387=CARTESIAN_POINT('',(-0.0584992171869898,0.0401922608725727,0.0453648980259895));
#9388=CARTESIAN_POINT('',(-0.0584992171869898,0.0401922608725727,0.0473648980259895));
#9389=CARTESIAN_POINT('',(-0.0580403167033284,0.0405795410495355,0.0453648980259895));
#9390=CARTESIAN_POINT('',(-0.0580403167033284,0.0405795410495355,0.0473648980259895));
#9391=CARTESIAN_POINT('',(-0.0599647808703594,0.0399986207840912,0.0473648980259895));
#9392=CARTESIAN_POINT('',(-0.0587286674288205,0.0399986207840912,0.0473648980259895));
#9393=CARTESIAN_POINT('',(-0.0580403167033284,0.0405795410495355,0.0473648980259895));
#9394=CARTESIAN_POINT('',(-0.0599647808703594,0.0399986207840912,0.0473648980259895));
#9395=CARTESIAN_POINT('',(-0.0599647808703594,0.0399986207840912,0.0453648980259895));
#9396=CARTESIAN_POINT('',(-0.0599647808703594,0.0399986207840912,0.0453648980259895));
#9397=CARTESIAN_POINT('',(-0.0599647808703594,0.0399986207840912,0.0453648980259895));
#9398=CARTESIAN_POINT('',(-0.0587286674288205,0.0399986207840912,0.0453648980259895));
#9399=CARTESIAN_POINT('',(-0.0580403167033284,0.0405795410495355,0.0453648980259895));
#9400=CARTESIAN_POINT('',(-0.0599806964940702,0.0513385026780371,0.0453648980259895));
#9401=CARTESIAN_POINT('',(-0.0599806964940702,0.0513385026780371,0.0473648980259895));
#9402=CARTESIAN_POINT('',(-0.0588754448474868,0.0513385026780371,0.0453648980259895));
#9403=CARTESIAN_POINT('',(-0.0588754448474868,0.0513385026780371,0.0473648980259895));
#9404=CARTESIAN_POINT('',(-0.0579996434427341,0.0510816421953711,0.0453648980259895));
#9405=CARTESIAN_POINT('',(-0.0579996434427341,0.0510816421953711,0.0473648980259895));
#9406=CARTESIAN_POINT('',(-0.0573532922798121,0.0505679212300391,0.0453648980259895));
#9407=CARTESIAN_POINT('',(-0.0573532922798121,0.0505679212300391,0.0473648980259895));
#9408=CARTESIAN_POINT('',(-0.0599806964940702,0.0513385026780371,0.0453648980259895));
#9409=CARTESIAN_POINT('',(-0.0599806964940702,0.0513385026780371,0.0453648980259895));
#9410=CARTESIAN_POINT('',(-0.0599806964940702,0.0513385026780371,0.0453648980259895));
#9411=CARTESIAN_POINT('',(-0.0583228190241951,0.0513385026780371,0.0453648980259895));
#9412=CARTESIAN_POINT('',(-0.0573532922798121,0.0505679212300391,0.0453648980259895));
#9413=CARTESIAN_POINT('',(-0.0573532922798121,0.0505679212300391,0.0453648980259895));
#9414=CARTESIAN_POINT('',(-0.0573532922798121,0.0505679212300391,0.0453648980259895));
#9415=CARTESIAN_POINT('',(-0.0625882061786898,0.050555984512256,0.0453648980259895));
#9416=CARTESIAN_POINT('',(-0.0625882061786898,0.050555984512256,0.0473648980259895));
#9417=CARTESIAN_POINT('',(-0.061939202411816,0.0510776632894434,0.0453648980259895));
#9418=CARTESIAN_POINT('',(-0.061939202411816,0.0510776632894434,0.0473648980259895));
#9419=CARTESIAN_POINT('',(-0.0610700325169428,0.0513385026780371,0.0453648980259895));
#9420=CARTESIAN_POINT('',(-0.0610700325169428,0.0513385026780371,0.0473648980259895));
#9421=CARTESIAN_POINT('',(-0.0599806964940702,0.0513385026780371,0.0453648980259895));
#9422=CARTESIAN_POINT('',(-0.0599806964940702,0.0513385026780371,0.0473648980259895));
#9423=CARTESIAN_POINT('',(-0.0625882061786898,0.050555984512256,0.0453648980259895));
#9424=CARTESIAN_POINT('',(-0.0625882061786898,0.050555984512256,0.0453648980259895));
#9425=CARTESIAN_POINT('',(-0.0625882061786898,0.050555984512256,0.0453648980259895));
#9426=CARTESIAN_POINT('',(-0.0616147005283791,0.0513385026780371,0.0453648980259895));
#9427=CARTESIAN_POINT('',(-0.0599806964940702,0.0513385026780371,0.0453648980259895));
#9428=CARTESIAN_POINT('',(-0.0635617118290005,0.0484551221824303,0.0453648980259895));
#9429=CARTESIAN_POINT('',(-0.0635617118290005,0.0484551221824303,0.0473648980259895));
#9430=CARTESIAN_POINT('',(-0.0635617118290005,0.0493340182917934,0.0453648980259895));
#9431=CARTESIAN_POINT('',(-0.0635617118290005,0.0493340182917934,0.0473648980259895));
#9432=CARTESIAN_POINT('',(-0.0632372099455636,0.0500343057350687,0.0453648980259895));
#9433=CARTESIAN_POINT('',(-0.0632372099455636,0.0500343057350687,0.0473648980259895));
#9434=CARTESIAN_POINT('',(-0.0625882061786898,0.050555984512256,0.0453648980259895));
#9435=CARTESIAN_POINT('',(-0.0625882061786898,0.050555984512256,0.0473648980259895));
#9436=CARTESIAN_POINT('',(-0.0635617118290005,0.0484551221824303,0.0453648980259895));
#9437=CARTESIAN_POINT('',(-0.0635617118290005,0.0484551221824303,0.0453648980259895));
#9438=CARTESIAN_POINT('',(-0.0635617118290005,0.0484551221824303,0.0453648980259895));
#9439=CARTESIAN_POINT('',(-0.0635617118290005,0.049773466346475,0.0453648980259895));
#9440=CARTESIAN_POINT('',(-0.0625882061786898,0.050555984512256,0.0453648980259895));
#9441=CARTESIAN_POINT('',(-0.0630643485880379,0.0467760238809408,0.0453648980259895));
#9442=CARTESIAN_POINT('',(-0.0630643485880379,0.0467760238809408,0.0473648980259895));
#9443=CARTESIAN_POINT('',(-0.063395924082013,0.0472764818265137,0.0453648980259895));
#9444=CARTESIAN_POINT('',(-0.063395924082013,0.0472764818265137,0.0473648980259895));
#9445=CARTESIAN_POINT('',(-0.0635617118290005,0.0478361812603436,0.0453648980259895));
#9446=CARTESIAN_POINT('',(-0.0635617118290005,0.0478361812603436,0.0473648980259895));
#9447=CARTESIAN_POINT('',(-0.0635617118290005,0.0484551221824303,0.0453648980259895));
#9448=CARTESIAN_POINT('',(-0.0635617118290005,0.0484551221824303,0.0473648980259895));
#9449=CARTESIAN_POINT('',(-0.0630643485880379,0.0467760238809408,0.0453648980259895));
#9450=CARTESIAN_POINT('',(-0.0630643485880379,0.0467760238809408,0.0453648980259895));
#9451=CARTESIAN_POINT('',(-0.0630643485880379,0.0467760238809408,0.0453648980259895));
#9452=CARTESIAN_POINT('',(-0.0635617118290005,0.0475267107993002,0.0453648980259895));
#9453=CARTESIAN_POINT('',(-0.0635617118290005,0.0484551221824303,0.0453648980259895));
#9454=CARTESIAN_POINT('',(-0.0614237130438495,0.0453807542022939,0.0453648980259895));
#9455=CARTESIAN_POINT('',(-0.0614237130438495,0.0453807542022939,0.0473648980259895));
#9456=CARTESIAN_POINT('',(-0.0621858945793334,0.0458104760424855,0.0453648980259895));
#9457=CARTESIAN_POINT('',(-0.0621858945793334,0.0458104760424855,0.0473648980259895));
#9458=CARTESIAN_POINT('',(-0.0627327730940629,0.0462755659353678,0.0453648980259895));
#9459=CARTESIAN_POINT('',(-0.0627327730940629,0.0462755659353678,0.0473648980259895));
#9460=CARTESIAN_POINT('',(-0.0630643485880379,0.0467760238809408,0.0453648980259895));
#9461=CARTESIAN_POINT('',(-0.0630643485880379,0.0467760238809408,0.0473648980259895));
#9462=CARTESIAN_POINT('',(-0.0614237130438495,0.0453807542022939,0.0453648980259895));
#9463=CARTESIAN_POINT('',(-0.0614237130438495,0.0453807542022939,0.0453648980259895));
#9464=CARTESIAN_POINT('',(-0.0614237130438495,0.0453807542022939,0.0453648980259895));
#9465=CARTESIAN_POINT('',(-0.0625669853470754,0.0460253369625813,0.0453648980259895));
#9466=CARTESIAN_POINT('',(-0.0630643485880379,0.0467760238809408,0.0453648980259895));
#9467=CARTESIAN_POINT('',(-0.0639596024217705,0.042139272173194,0.0453648980259895));
#9468=CARTESIAN_POINT('',(-0.0639596024217705,0.042139272173194,0.0473648980259895));
#9469=CARTESIAN_POINT('',(-0.0639596024217705,0.0435256998386682,0.0453648980259895));
#9470=CARTESIAN_POINT('',(-0.0639596024217705,0.0435256998386682,0.0473648980259895));
#9471=CARTESIAN_POINT('',(-0.0631143059624635,0.0446061938483682,0.0453648980259895));
#9472=CARTESIAN_POINT('',(-0.0631143059624635,0.0446061938483682,0.0473648980259895));
#9473=CARTESIAN_POINT('',(-0.0614237130438495,0.0453807542022939,0.0453648980259895));
#9474=CARTESIAN_POINT('',(-0.0614237130438495,0.0453807542022939,0.0473648980259895));
#9475=CARTESIAN_POINT('',(-0.0639596024217705,0.042139272173194,0.0453648980259895));
#9476=CARTESIAN_POINT('',(-0.0639596024217705,0.042139272173194,0.0453648980259895));
#9477=CARTESIAN_POINT('',(-0.0639596024217705,0.042139272173194,0.0453648980259895));
#9478=CARTESIAN_POINT('',(-0.0639596024217705,0.0442189136714053,0.0453648980259895));
#9479=CARTESIAN_POINT('',(-0.0614237130438495,0.0453807542022939,0.0453648980259895));
#9480=CARTESIAN_POINT('',(-0.0629144764647612,0.0397293814829835,0.0453648980259895));
#9481=CARTESIAN_POINT('',(-0.0629144764647612,0.0397293814829835,0.0473648980259895));
#9482=CARTESIAN_POINT('',(-0.0636112271027674,0.0402961545273515,0.0453648980259895));
#9483=CARTESIAN_POINT('',(-0.0636112271027674,0.0402961545273515,0.0473648980259895));
#9484=CARTESIAN_POINT('',(-0.0639596024217705,0.0410994514240883,0.0453648980259895));
#9485=CARTESIAN_POINT('',(-0.0639596024217705,0.0410994514240883,0.0473648980259895));
#9486=CARTESIAN_POINT('',(-0.0639596024217705,0.042139272173194,0.0453648980259895));
#9487=CARTESIAN_POINT('',(-0.0639596024217705,0.042139272173194,0.0473648980259895));
#9488=CARTESIAN_POINT('',(-0.0629144764647612,0.0397293814829835,0.0453648980259895));
#9489=CARTESIAN_POINT('',(-0.0629144764647612,0.0397293814829835,0.0453648980259895));
#9490=CARTESIAN_POINT('',(-0.0629144764647612,0.0397293814829835,0.0453648980259895));
#9491=CARTESIAN_POINT('',(-0.0639596024217705,0.0405795410495355,0.0453648980259895));
#9492=CARTESIAN_POINT('',(-0.0639596024217705,0.042139272173194,0.0453648980259895));
#9493=CARTESIAN_POINT('',(-0.059930297018986,0.0388792219164315,0.0453648980259895));
#9494=CARTESIAN_POINT('',(-0.059930297018986,0.0388792219164315,0.0473648980259895));
#9495=CARTESIAN_POINT('',(-0.0612229993448299,0.0388792219164315,0.0453648980259895));
#9496=CARTESIAN_POINT('',(-0.0612229993448299,0.0388792219164315,0.0473648980259895));
#9497=CARTESIAN_POINT('',(-0.062217725826755,0.0391626084386155,0.0453648980259895));
#9498=CARTESIAN_POINT('',(-0.062217725826755,0.0391626084386155,0.0473648980259895));
#9499=CARTESIAN_POINT('',(-0.0629144764647612,0.0397293814829835,0.0453648980259895));
#9500=CARTESIAN_POINT('',(-0.0629144764647612,0.0397293814829835,0.0473648980259895));
#9501=CARTESIAN_POINT('',(-0.059930297018986,0.0388792219164315,0.0453648980259895));
#9502=CARTESIAN_POINT('',(-0.059930297018986,0.0388792219164315,0.0453648980259895));
#9503=CARTESIAN_POINT('',(-0.059930297018986,0.0388792219164315,0.0453648980259895));
#9504=CARTESIAN_POINT('',(-0.0618693505077519,0.0388792219164315,0.0453648980259895));
#9505=CARTESIAN_POINT('',(-0.0629144764647612,0.0397293814829835,0.0453648980259895));
#9506=CARTESIAN_POINT('',(-0.0570469165233792,0.0397797809580678,0.0453648980259895));
#9507=CARTESIAN_POINT('',(-0.0570469165233792,0.0397797809580678,0.0473648980259895));
#9508=CARTESIAN_POINT('',(-0.057748972369289,0.0391794082636436,0.0453648980259895));
#9509=CARTESIAN_POINT('',(-0.057748972369289,0.0391794082636436,0.0473648980259895));
#9510=CARTESIAN_POINT('',(-0.0587100992011579,0.0388792219164315,0.0453648980259895));
#9511=CARTESIAN_POINT('',(-0.0587100992011579,0.0388792219164315,0.0473648980259895));
#9512=CARTESIAN_POINT('',(-0.059930297018986,0.0388792219164315,0.0453648980259895));
#9513=CARTESIAN_POINT('',(-0.059930297018986,0.0388792219164315,0.0473648980259895));
#9514=CARTESIAN_POINT('',(-0.0570469165233792,0.0397797809580678,0.0453648980259895));
#9515=CARTESIAN_POINT('',(-0.0570469165233792,0.0397797809580678,0.0453648980259895));
#9516=CARTESIAN_POINT('',(-0.0570469165233792,0.0397797809580678,0.0453648980259895));
#9517=CARTESIAN_POINT('',(-0.0581000002922439,0.0388792219164315,0.0453648980259895));
#9518=CARTESIAN_POINT('',(-0.059930297018986,0.0388792219164315,0.0453648980259895));
#9519=CARTESIAN_POINT('',(-0.0559938327545145,0.0421870190443264,0.0453648980259895));
#9520=CARTESIAN_POINT('',(-0.0559938327545145,0.0421870190443264,0.0473648980259895));
#9521=CARTESIAN_POINT('',(-0.0559938327545145,0.0411825663479114,0.0453648980259895));
#9522=CARTESIAN_POINT('',(-0.0559938327545145,0.0411825663479114,0.0473648980259895));
#9523=CARTESIAN_POINT('',(-0.0563448606774694,0.0403801536524918,0.0453648980259895));
#9524=CARTESIAN_POINT('',(-0.0563448606774694,0.0403801536524918,0.0473648980259895));
#9525=CARTESIAN_POINT('',(-0.0570469165233792,0.0397797809580678,0.0453648980259895));
#9526=CARTESIAN_POINT('',(-0.0570469165233792,0.0397797809580678,0.0473648980259895));
#9527=CARTESIAN_POINT('',(-0.0559938327545145,0.0421870190443264,0.0453648980259895));
#9528=CARTESIAN_POINT('',(-0.0559938327545145,0.0421870190443264,0.0453648980259895));
#9529=CARTESIAN_POINT('',(-0.0559938327545145,0.0421870190443264,0.0453648980259895));
#9530=CARTESIAN_POINT('',(-0.0559938327545145,0.0406803399997039,0.0453648980259895));
#9531=CARTESIAN_POINT('',(-0.0570469165233792,0.0397797809580678,0.0453648980259895));
#9532=CARTESIAN_POINT('',(-0.0566158683812116,0.0439828319196951,0.0453648980259895));
#9533=CARTESIAN_POINT('',(-0.0566158683812116,0.0439828319196951,0.0473648980259895));
#9534=CARTESIAN_POINT('',(-0.0562011779634135,0.0434664583504114,0.0453648980259895));
#9535=CARTESIAN_POINT('',(-0.0562011779634135,0.0434664583504114,0.0473648980259895));
#9536=CARTESIAN_POINT('',(-0.0559938327545145,0.0428678540586218,0.0453648980259895));
#9537=CARTESIAN_POINT('',(-0.0559938327545145,0.0428678540586218,0.0473648980259895));
#9538=CARTESIAN_POINT('',(-0.0559938327545145,0.0421870190443264,0.0453648980259895));
#9539=CARTESIAN_POINT('',(-0.0559938327545145,0.0421870190443264,0.0473648980259895));
#9540=CARTESIAN_POINT('',(-0.0566158683812116,0.0439828319196951,0.0453648980259895));
#9541=CARTESIAN_POINT('',(-0.0566158683812116,0.0439828319196951,0.0453648980259895));
#9542=CARTESIAN_POINT('',(-0.0566158683812116,0.0439828319196951,0.0453648980259895));
#9543=CARTESIAN_POINT('',(-0.0559938327545145,0.0432082715657695,0.0453648980259895));
#9544=CARTESIAN_POINT('',(-0.0559938327545145,0.0421870190443264,0.0453648980259895));
#9545=CARTESIAN_POINT('',(-0.0587127518051097,0.0454629849247997,0.0453648980259895));
#9546=CARTESIAN_POINT('',(-0.0587127518051097,0.0454629849247997,0.0473648980259895));
#9547=CARTESIAN_POINT('',(-0.0577295199403091,0.0449925898240138,0.0453648980259895));
#9548=CARTESIAN_POINT('',(-0.0577295199403091,0.0449925898240138,0.0473648980259895));
#9549=CARTESIAN_POINT('',(-0.0570305587990097,0.0444992054889789,0.0453648980259895));
#9550=CARTESIAN_POINT('',(-0.0570305587990097,0.0444992054889789,0.0473648980259895));
#9551=CARTESIAN_POINT('',(-0.0566158683812116,0.0439828319196951,0.0453648980259895));
#9552=CARTESIAN_POINT('',(-0.0566158683812116,0.0439828319196951,0.0473648980259895));
#9553=CARTESIAN_POINT('',(-0.0587127518051097,0.0454629849247997,0.0453648980259895));
#9554=CARTESIAN_POINT('',(-0.0587127518051097,0.0454629849247997,0.0453648980259895));
#9555=CARTESIAN_POINT('',(-0.0587127518051097,0.0454629849247997,0.0453648980259895));
#9556=CARTESIAN_POINT('',(-0.0572379040079088,0.0447573922736208,0.0453648980259895));
#9557=CARTESIAN_POINT('',(-0.0566158683812116,0.0439828319196951,0.0453648980259895));
#9558=CARTESIAN_POINT('',(-0.0569381597613554,0.0468052025244106,0.0453648980259895));
#9559=CARTESIAN_POINT('',(-0.0569381597613554,0.0468052025244106,0.0473648980259895));
#9560=CARTESIAN_POINT('',(-0.0573077559119729,0.0463135865920103,0.0453648980259895));
#9561=CARTESIAN_POINT('',(-0.0573077559119729,0.0463135865920103,0.0473648980259895));
#9562=CARTESIAN_POINT('',(-0.0578992865932243,0.0458661807254733,0.0453648980259895));
#9563=CARTESIAN_POINT('',(-0.0578992865932243,0.0458661807254733,0.0473648980259895));
#9564=CARTESIAN_POINT('',(-0.0587127518051097,0.0454629849247997,0.0453648980259895));
#9565=CARTESIAN_POINT('',(-0.0587127518051097,0.0454629849247997,0.0473648980259895));
#9566=CARTESIAN_POINT('',(-0.0569381597613554,0.0468052025244106,0.0453648980259895));
#9567=CARTESIAN_POINT('',(-0.0569381597613554,0.0468052025244106,0.0453648980259895));
#9568=CARTESIAN_POINT('',(-0.0569381597613554,0.0468052025244106,0.0453648980259895));
#9569=CARTESIAN_POINT('',(-0.0574925539872816,0.0460677786258101,0.0453648980259895));
#9570=CARTESIAN_POINT('',(-0.0587127518051097,0.0454629849247997,0.0453648980259895));
#9571=CARTESIAN_POINT('',(-0.0563837655354291,0.0484392065587195,0.0453648980259895));
#9572=CARTESIAN_POINT('',(-0.0563837655354291,0.0484392065587195,0.0473648980259895));
#9573=CARTESIAN_POINT('',(-0.0563837655354291,0.0478414864682472,0.0453648980259895));
#9574=CARTESIAN_POINT('',(-0.0563837655354291,0.0478414864682472,0.0473648980259895));
#9575=CARTESIAN_POINT('',(-0.0565685636107379,0.0472968184568109,0.0453648980259895));
#9576=CARTESIAN_POINT('',(-0.0565685636107379,0.0472968184568109,0.0473648980259895));
#9577=CARTESIAN_POINT('',(-0.0569381597613554,0.0468052025244106,0.0453648980259895));
#9578=CARTESIAN_POINT('',(-0.0569381597613554,0.0468052025244106,0.0473648980259895));
#9579=CARTESIAN_POINT('',(-0.0563837655354291,0.0484392065587195,0.0453648980259895));
#9580=CARTESIAN_POINT('',(-0.0563837655354291,0.0484392065587195,0.0453648980259895));
#9581=CARTESIAN_POINT('',(-0.0563837655354291,0.0484392065587195,0.0453648980259895));
#9582=CARTESIAN_POINT('',(-0.0563837655354291,0.047542626423011,0.0453648980259895));
#9583=CARTESIAN_POINT('',(-0.0569381597613554,0.0468052025244106,0.0453648980259895));
#9584=CARTESIAN_POINT('',(-0.061907813265053,0.0405543413119934,0.0453648980259895));
#9585=CARTESIAN_POINT('',(-0.061907813265053,0.0405543413119934,0.0473648980259895));
#9586=CARTESIAN_POINT('',(-0.0614471443787571,0.0401838609600586,0.0453648980259895));
#9587=CARTESIAN_POINT('',(-0.0614471443787571,0.0401838609600586,0.0473648980259895));
#9588=CARTESIAN_POINT('',(-0.0607994669138592,0.0399986207840912,0.0453648980259895));
#9589=CARTESIAN_POINT('',(-0.0607994669138592,0.0399986207840912,0.0473648980259895));
#9590=CARTESIAN_POINT('',(-0.0599647808703594,0.0399986207840912,0.0453648980259895));
#9591=CARTESIAN_POINT('',(-0.0599647808703594,0.0399986207840912,0.0473648980259895));
#9592=CARTESIAN_POINT('',(-0.061907813265053,0.0405543413119934,0.0473648980259895));
#9593=CARTESIAN_POINT('',(-0.0612168099356091,0.0399986207840912,0.0473648980259895));
#9594=CARTESIAN_POINT('',(-0.0599647808703594,0.0399986207840912,0.0473648980259895));
#9595=CARTESIAN_POINT('',(-0.061907813265053,0.0405543413119934,0.0453648980259895));
#9596=CARTESIAN_POINT('',(-0.0612168099356091,0.0399986207840912,0.0453648980259895));
#9597=CARTESIAN_POINT('',(-0.0599647808703594,0.0399986207840912,0.0453648980259895));
#9598=CARTESIAN_POINT('',(-0.0573532922798121,0.0505679212300391,0.0453648980259895));
#9599=CARTESIAN_POINT('',(-0.0573532922798121,0.0505679212300391,0.0473648980259895));
#9600=CARTESIAN_POINT('',(-0.0567069411168901,0.0500542002647072,0.0453648980259895));
#9601=CARTESIAN_POINT('',(-0.0567069411168901,0.0500542002647072,0.0473648980259895));
#9602=CARTESIAN_POINT('',(-0.0563837655354291,0.0493446287076006,0.0453648980259895));
#9603=CARTESIAN_POINT('',(-0.0563837655354291,0.0493446287076006,0.0473648980259895));
#9604=CARTESIAN_POINT('',(-0.0563837655354291,0.0484392065587195,0.0453648980259895));
#9605=CARTESIAN_POINT('',(-0.0563837655354291,0.0484392065587195,0.0473648980259895));
#9606=CARTESIAN_POINT('',(-0.0573532922798121,0.0505679212300391,0.0453648980259895));
#9607=CARTESIAN_POINT('',(-0.0563837655354291,0.0497973397820412,0.0453648980259895));
#9608=CARTESIAN_POINT('',(-0.0563837655354291,0.0484392065587195,0.0453648980259895));
#9609=CARTESIAN_POINT('',(-0.0616226583402345,0.0497243931733667,0.0453648980259895));
#9610=CARTESIAN_POINT('',(-0.0616226583402345,0.0497243931733667,0.0473648980259895));
#9611=CARTESIAN_POINT('',(-0.062015243725101,0.0493928176793917,0.0453648980259895));
#9612=CARTESIAN_POINT('',(-0.062015243725101,0.0493928176793917,0.0473648980259895));
#9613=CARTESIAN_POINT('',(-0.0622115364175342,0.0489502749200997,0.0453648980259895));
#9614=CARTESIAN_POINT('',(-0.0622115364175342,0.0489502749200997,0.0473648980259895));
#9615=CARTESIAN_POINT('',(-0.0622115364175342,0.0483967648954907,0.0453648980259895));
#9616=CARTESIAN_POINT('',(-0.0622115364175342,0.0483967648954907,0.0473648980259895));
#9617=CARTESIAN_POINT('',(-0.0616226583402345,0.0497243931733667,0.0473648980259895));
#9618=CARTESIAN_POINT('',(-0.0622115364175342,0.0492270299324042,0.0473648980259895));
#9619=CARTESIAN_POINT('',(-0.0622115364175342,0.0483967648954907,0.0473648980259895));
#9620=CARTESIAN_POINT('',(-0.0616226583402345,0.0497243931733667,0.0453648980259895));
#9621=CARTESIAN_POINT('',(-0.0622115364175342,0.0492270299324042,0.0453648980259895));
#9622=CARTESIAN_POINT('',(-0.0622115364175342,0.0483967648954907,0.0453648980259895));
#9623=CARTESIAN_POINT('',(-9.74442958823207E-8,0.0453993902569637,0.0453648980259895));
#9624=CARTESIAN_POINT('',(-9.74442958823207E-8,0.0373993902569636,0.0473648980259895));
#9625=CARTESIAN_POINT('',(-0.0661877897412827,0.0483145341729849,0.0453648980259895));
#9626=CARTESIAN_POINT('',(-0.0661877897412827,0.0483145341729849,0.0473648980259895));
#9627=CARTESIAN_POINT('',(-0.0661877897412827,0.0475399738190592,0.0453648980259895));
#9628=CARTESIAN_POINT('',(-0.0661877897412827,0.0475399738190592,0.0473648980259895));
#9629=CARTESIAN_POINT('',(-0.0664048611646717,0.0469068856758962,0.0453648980259895));
#9630=CARTESIAN_POINT('',(-0.0664048611646717,0.0469068856758962,0.0473648980259895));
#9631=CARTESIAN_POINT('',(-0.0668390040114496,0.0464152697434959,0.0453648980259895));
#9632=CARTESIAN_POINT('',(-0.0668390040114496,0.0464152697434959,0.0473648980259895));
#9633=CARTESIAN_POINT('',(-0.0661877897412827,0.0483145341729849,0.0453648980259895));
#9634=CARTESIAN_POINT('',(-0.0661877897412827,0.0483145341729849,0.0453648980259895));
#9635=CARTESIAN_POINT('',(-0.0661877897412827,0.0483145341729849,0.0453648980259895));
#9636=CARTESIAN_POINT('',(-0.0661877897412827,0.0471526936420964,0.0453648980259895));
#9637=CARTESIAN_POINT('',(-0.0668390040114496,0.0464152697434959,0.0453648980259895));
#9638=CARTESIAN_POINT('',(-0.0668390040114496,0.0464152697434959,0.0453648980259895));
#9639=CARTESIAN_POINT('',(-0.0668390040114496,0.0464152697434959,0.0453648980259895));
#9640=CARTESIAN_POINT('',(-0.0671666005994969,0.0505307847747139,0.0453648980259895));
#9641=CARTESIAN_POINT('',(-0.0671666005994969,0.0505307847747139,0.0473648980259895));
#9642=CARTESIAN_POINT('',(-0.0665140600273541,0.0499923061724985,0.0453648980259895));
#9643=CARTESIAN_POINT('',(-0.0665140600273541,0.0499923061724985,0.0473648980259895));
#9644=CARTESIAN_POINT('',(-0.0661877897412827,0.0492535559719222,0.0453648980259895));
#9645=CARTESIAN_POINT('',(-0.0661877897412827,0.0492535559719222,0.0473648980259895));
#9646=CARTESIAN_POINT('',(-0.0661877897412827,0.0483145341729849,0.0453648980259895));
#9647=CARTESIAN_POINT('',(-0.0661877897412827,0.0483145341729849,0.0473648980259895));
#9648=CARTESIAN_POINT('',(-0.0671666005994969,0.0505307847747139,0.0453648980259895));
#9649=CARTESIAN_POINT('',(-0.0671666005994969,0.0505307847747139,0.0453648980259895));
#9650=CARTESIAN_POINT('',(-0.0671666005994969,0.0505307847747139,0.0453648980259895));
#9651=CARTESIAN_POINT('',(-0.0661877897412827,0.0497230668713908,0.0453648980259895));
#9652=CARTESIAN_POINT('',(-0.0661877897412827,0.0483145341729849,0.0453648980259895));
#9653=CARTESIAN_POINT('',(-0.0699093930856583,0.0513385026780371,0.0453648980259895));
#9654=CARTESIAN_POINT('',(-0.0699093930856583,0.0513385026780371,0.0473648980259895));
#9655=CARTESIAN_POINT('',(-0.0687334053336936,0.0513385026780371,0.0453648980259895));
#9656=CARTESIAN_POINT('',(-0.0687334053336936,0.0513385026780371,0.0473648980259895));
#9657=CARTESIAN_POINT('',(-0.0678191411716398,0.0510692633769294,0.0453648980259895));
#9658=CARTESIAN_POINT('',(-0.0678191411716398,0.0510692633769294,0.0473648980259895));
#9659=CARTESIAN_POINT('',(-0.0671666005994969,0.0505307847747139,0.0453648980259895));
#9660=CARTESIAN_POINT('',(-0.0671666005994969,0.0505307847747139,0.0473648980259895));
#9661=CARTESIAN_POINT('',(-0.0699093930856583,0.0513385026780371,0.0453648980259895));
#9662=CARTESIAN_POINT('',(-0.0699093930856583,0.0513385026780371,0.0453648980259895));
#9663=CARTESIAN_POINT('',(-0.0699093930856583,0.0513385026780371,0.0453648980259895));
#9664=CARTESIAN_POINT('',(-0.0681454114577112,0.0513385026780371,0.0453648980259895));
#9665=CARTESIAN_POINT('',(-0.0671666005994969,0.0505307847747139,0.0453648980259895));
#9666=CARTESIAN_POINT('',(-0.069945334658946,0.0450829752301082,0.0453648980259895));
#9667=CARTESIAN_POINT('',(-0.0719625085443517,0.0510029482781344,0.0453648980259895));
#9668=CARTESIAN_POINT('',(-0.0719625085443517,0.0510029482781344,0.0453648980259895));
#9669=CARTESIAN_POINT('',(-0.069945334658946,0.0450829752301082,0.0453648980259895));
#9670=CARTESIAN_POINT('',(-0.0736813959051182,0.050078515800932,0.0453648980259895));
#9671=CARTESIAN_POINT('',(-0.0736813959051182,0.050078515800932,0.0473648980259895));
#9672=CARTESIAN_POINT('',(-0.0731844747648143,0.0504711011857985,0.0453648980259895));
#9673=CARTESIAN_POINT('',(-0.0731844747648143,0.0504711011857985,0.0473648980259895));
#9674=CARTESIAN_POINT('',(-0.0726115123112255,0.0507792453448659,0.0453648980259895));
#9675=CARTESIAN_POINT('',(-0.0726115123112255,0.0507792453448659,0.0473648980259895));
#9676=CARTESIAN_POINT('',(-0.0719625085443517,0.0510029482781344,0.0453648980259895));
#9677=CARTESIAN_POINT('',(-0.0719625085443517,0.0510029482781344,0.0473648980259895));
#9678=CARTESIAN_POINT('',(-0.0736813959051182,0.050078515800932,0.0453648980259895));
#9679=CARTESIAN_POINT('',(-0.0736813959051182,0.050078515800932,0.0453648980259895));
#9680=CARTESIAN_POINT('',(-0.0736813959051182,0.050078515800932,0.0453648980259895));
#9681=CARTESIAN_POINT('',(-0.0729360141946624,0.0506673938782317,0.0453648980259895));
#9682=CARTESIAN_POINT('',(-0.0719625085443517,0.0510029482781344,0.0453648980259895));
#9683=CARTESIAN_POINT('',(-0.0733339047874324,0.049614310109367,0.0453648980259895));
#9684=CARTESIAN_POINT('',(-0.0729864136697466,0.0491501044178019,0.0453648980259895));
#9685=CARTESIAN_POINT('',(-0.0729864136697466,0.0491501044178019,0.0453648980259895));
#9686=CARTESIAN_POINT('',(-0.0733339047874324,0.049614310109367,0.0453648980259895));
#9687=CARTESIAN_POINT('',(-0.0713776093729798,0.0499472119053179,0.0453648980259895));
#9688=CARTESIAN_POINT('',(-0.0713776093729798,0.0499472119053179,0.0473648980259895));
#9689=CARTESIAN_POINT('',(-0.0718471202724484,0.0498030870906034,0.0453648980259895));
#9690=CARTESIAN_POINT('',(-0.0718471202724484,0.0498030870906034,0.0473648980259895));
#9691=CARTESIAN_POINT('',(-0.0723833883713707,0.0495373845947648,0.0453648980259895));
#9692=CARTESIAN_POINT('',(-0.0723833883713707,0.0495373845947648,0.0473648980259895));
#9693=CARTESIAN_POINT('',(-0.0729864136697466,0.0491501044178019,0.0453648980259895));
#9694=CARTESIAN_POINT('',(-0.0729864136697466,0.0491501044178019,0.0473648980259895));
#9695=CARTESIAN_POINT('',(-0.0713776093729798,0.0499472119053179,0.0453648980259895));
#9696=CARTESIAN_POINT('',(-0.0713776093729798,0.0499472119053179,0.0453648980259895));
#9697=CARTESIAN_POINT('',(-0.0713776093729798,0.0499472119053179,0.0453648980259895));
#9698=CARTESIAN_POINT('',(-0.0720818757221827,0.0497310246832462,0.0453648980259895));
#9699=CARTESIAN_POINT('',(-0.0729864136697466,0.0491501044178019,0.0453648980259895));
#9700=CARTESIAN_POINT('',(-0.0699151085696754,0.0450761700099984,0.0453648980259895));
#9701=CARTESIAN_POINT('',(-0.0698775618382367,0.0501633991273896,0.0453648980259895));
#9702=CARTESIAN_POINT('',(-0.0698775618382367,0.0501633991273896,0.0453648980259895));
#9703=CARTESIAN_POINT('',(-0.0699151085696754,0.0450761700099984,0.0453648980259895));
#9704=CARTESIAN_POINT('',(-0.0682236632742893,0.0496567517725958,0.0453648980259895));
#9705=CARTESIAN_POINT('',(-0.0682236632742893,0.0496567517725958,0.0473648980259895));
#9706=CARTESIAN_POINT('',(-0.0686295116789148,0.0499945166757917,0.0453648980259895));
#9707=CARTESIAN_POINT('',(-0.0686295116789148,0.0499945166757917,0.0473648980259895));
#9708=CARTESIAN_POINT('',(-0.0691808112002306,0.0501633991273896,0.0453648980259895));
#9709=CARTESIAN_POINT('',(-0.0691808112002306,0.0501633991273896,0.0473648980259895));
#9710=CARTESIAN_POINT('',(-0.0698775618382367,0.0501633991273896,0.0453648980259895));
#9711=CARTESIAN_POINT('',(-0.0698775618382367,0.0501633991273896,0.0473648980259895));
#9712=CARTESIAN_POINT('',(-0.0682236632742893,0.0496567517725958,0.0453648980259895));
#9713=CARTESIAN_POINT('',(-0.0682236632742893,0.0496567517725958,0.0453648980259895));
#9714=CARTESIAN_POINT('',(-0.0682236632742893,0.0496567517725958,0.0453648980259895));
#9715=CARTESIAN_POINT('',(-0.0688324358812275,0.0501633991273896,0.0453648980259895));
#9716=CARTESIAN_POINT('',(-0.0698775618382367,0.0501633991273896,0.0453648980259895));
#9717=CARTESIAN_POINT('',(-0.0676148906673512,0.0482641346979007,0.0453648980259895));
#9718=CARTESIAN_POINT('',(-0.0676148906673512,0.0482641346979007,0.0473648980259895));
#9719=CARTESIAN_POINT('',(-0.0676148906673512,0.0488547811778348,0.0453648980259895));
#9720=CARTESIAN_POINT('',(-0.0676148906673512,0.0488547811778348,0.0473648980259895));
#9721=CARTESIAN_POINT('',(-0.0678178148696639,0.0493189868693999,0.0453648980259895));
#9722=CARTESIAN_POINT('',(-0.0678178148696639,0.0493189868693999,0.0473648980259895));
#9723=CARTESIAN_POINT('',(-0.0682236632742893,0.0496567517725958,0.0453648980259895));
#9724=CARTESIAN_POINT('',(-0.0682236632742893,0.0496567517725958,0.0473648980259895));
#9725=CARTESIAN_POINT('',(-0.0676148906673512,0.0482641346979007,0.0453648980259895));
#9726=CARTESIAN_POINT('',(-0.0676148906673512,0.0482641346979007,0.0453648980259895));
#9727=CARTESIAN_POINT('',(-0.0676148906673512,0.0482641346979007,0.0453648980259895));
#9728=CARTESIAN_POINT('',(-0.0676148906673512,0.0491501044178019,0.0453648980259895));
#9729=CARTESIAN_POINT('',(-0.0682236632742893,0.0496567517725958,0.0453648980259895));
#9730=CARTESIAN_POINT('',(-0.0684438294022887,0.0465266791094715,0.0453648980259895));
#9731=CARTESIAN_POINT('',(-0.0684438294022887,0.0465266791094715,0.0473648980259895));
#9732=CARTESIAN_POINT('',(-0.067891203578997,0.0469440221312214,0.0453648980259895));
#9733=CARTESIAN_POINT('',(-0.067891203578997,0.0469440221312214,0.0473648980259895));
#9734=CARTESIAN_POINT('',(-0.0676148906673512,0.0475231739940312,0.0453648980259895));
#9735=CARTESIAN_POINT('',(-0.0676148906673512,0.0475231739940312,0.0473648980259895));
#9736=CARTESIAN_POINT('',(-0.0676148906673512,0.0482641346979007,0.0453648980259895));
#9737=CARTESIAN_POINT('',(-0.0676148906673512,0.0482641346979007,0.0473648980259895));
#9738=CARTESIAN_POINT('',(-0.0684438294022887,0.0465266791094715,0.0453648980259895));
#9739=CARTESIAN_POINT('',(-0.0684438294022887,0.0465266791094715,0.0453648980259895));
#9740=CARTESIAN_POINT('',(-0.0684438294022887,0.0465266791094715,0.0453648980259895));
#9741=CARTESIAN_POINT('',(-0.0676148906673512,0.0471526936420964,0.0453648980259895));
#9742=CARTESIAN_POINT('',(-0.0676148906673512,0.0482641346979007,0.0453648980259895));
#9743=CARTESIAN_POINT('',(-0.0706892586474876,0.0459006645768467,0.0453648980259895));
#9744=CARTESIAN_POINT('',(-0.0706892586474876,0.0459006645768467,0.0473648980259895));
#9745=CARTESIAN_POINT('',(-0.0697449316406467,0.0459006645768467,0.0453648980259895));
#9746=CARTESIAN_POINT('',(-0.0697449316406467,0.0459006645768467,0.0473648980259895));
#9747=CARTESIAN_POINT('',(-0.0689964552255804,0.0461093360877216,0.0453648980259895));
#9748=CARTESIAN_POINT('',(-0.0689964552255804,0.0461093360877216,0.0473648980259895));
#9749=CARTESIAN_POINT('',(-0.0684438294022887,0.0465266791094715,0.0453648980259895));
#9750=CARTESIAN_POINT('',(-0.0684438294022887,0.0465266791094715,0.0473648980259895));
#9751=CARTESIAN_POINT('',(-0.0706892586474876,0.0459006645768467,0.0453648980259895));
#9752=CARTESIAN_POINT('',(-0.0706892586474876,0.0459006645768467,0.0453648980259895));
#9753=CARTESIAN_POINT('',(-0.0706892586474876,0.0459006645768467,0.0453648980259895));
#9754=CARTESIAN_POINT('',(-0.0692727681372263,0.0459006645768467,0.0453648980259895));
#9755=CARTESIAN_POINT('',(-0.0684438294022887,0.0465266791094715,0.0453648980259895));
#9756=CARTESIAN_POINT('',(-0.0712940523484981,0.0459006645768467,0.0453648980259895));
#9757=CARTESIAN_POINT('',(-0.0718988460495085,0.0459006645768467,0.0453648980259895));
#9758=CARTESIAN_POINT('',(-0.0718988460495085,0.0459006645768467,0.0453648980259895));
#9759=CARTESIAN_POINT('',(-0.0712940523484981,0.0459006645768467,0.0453648980259895));
#9760=CARTESIAN_POINT('',(-0.0718988460495085,0.0453091338955953,0.0453648980259895));
#9761=CARTESIAN_POINT('',(-0.0718988460495085,0.0447176032143438,0.0453648980259895));
#9762=CARTESIAN_POINT('',(-0.0718988460495085,0.0447176032143438,0.0453648980259895));
#9763=CARTESIAN_POINT('',(-0.0718988460495085,0.0453091338955953,0.0453648980259895));
#9764=CARTESIAN_POINT('',(-0.0713020101603535,0.0447176032143438,0.0453648980259895));
#9765=CARTESIAN_POINT('',(-0.0707051742711984,0.0447176032143438,0.0453648980259895));
#9766=CARTESIAN_POINT('',(-0.0707051742711984,0.0447176032143438,0.0453648980259895));
#9767=CARTESIAN_POINT('',(-0.0713020101603535,0.0447176032143438,0.0453648980259895));
#9768=CARTESIAN_POINT('',(-0.0672408735101474,0.042510636726446,0.0453648980259895));
#9769=CARTESIAN_POINT('',(-0.0672408735101474,0.042510636726446,0.0473648980259895));
#9770=CARTESIAN_POINT('',(-0.0672408735101474,0.0439819477183779,0.0453648980259895));
#9771=CARTESIAN_POINT('',(-0.0672408735101474,0.0439819477183779,0.0473648980259895));
#9772=CARTESIAN_POINT('',(-0.0683956404304977,0.0447176032143438,0.0453648980259895));
#9773=CARTESIAN_POINT('',(-0.0683956404304977,0.0447176032143438,0.0473648980259895));
#9774=CARTESIAN_POINT('',(-0.0707051742711984,0.0447176032143438,0.0453648980259895));
#9775=CARTESIAN_POINT('',(-0.0707051742711984,0.0447176032143438,0.0473648980259895));
#9776=CARTESIAN_POINT('',(-0.0672408735101474,0.042510636726446,0.0453648980259895));
#9777=CARTESIAN_POINT('',(-0.0672408735101474,0.042510636726446,0.0453648980259895));
#9778=CARTESIAN_POINT('',(-0.0672408735101474,0.042510636726446,0.0453648980259895));
#9779=CARTESIAN_POINT('',(-0.0672408735101474,0.0447176032143438,0.0453648980259895));
#9780=CARTESIAN_POINT('',(-0.0707051742711984,0.0447176032143438,0.0453648980259895));
#9781=CARTESIAN_POINT('',(-0.0703815565890788,0.0400490202591754,0.0453648980259895));
#9782=CARTESIAN_POINT('',(-0.0703815565890788,0.0400490202591754,0.0473648980259895));
#9783=CARTESIAN_POINT('',(-0.0682877678697912,0.0400490202591754,0.0453648980259895));
#9784=CARTESIAN_POINT('',(-0.0682877678697912,0.0400490202591754,0.0473648980259895));
#9785=CARTESIAN_POINT('',(-0.0672408735101474,0.040869559081599,0.0453648980259895));
#9786=CARTESIAN_POINT('',(-0.0672408735101474,0.040869559081599,0.0473648980259895));
#9787=CARTESIAN_POINT('',(-0.0672408735101474,0.042510636726446,0.0453648980259895));
#9788=CARTESIAN_POINT('',(-0.0672408735101474,0.042510636726446,0.0473648980259895));
#9789=CARTESIAN_POINT('',(-0.0703815565890788,0.0400490202591754,0.0453648980259895));
#9790=CARTESIAN_POINT('',(-0.0703815565890788,0.0400490202591754,0.0453648980259895));
#9791=CARTESIAN_POINT('',(-0.0703815565890788,0.0400490202591754,0.0453648980259895));
#9792=CARTESIAN_POINT('',(-0.0672408735101474,0.0400490202591754,0.0453648980259895));
#9793=CARTESIAN_POINT('',(-0.0672408735101474,0.042510636726446,0.0453648980259895));
#9794=CARTESIAN_POINT('',(-0.0720686127024237,0.0402519444614882,0.0453648980259895));
#9795=CARTESIAN_POINT('',(-0.0720686127024237,0.0402519444614882,0.0473648980259895));
#9796=CARTESIAN_POINT('',(-0.0714744294172204,0.0401166616599464,0.0453648980259895));
#9797=CARTESIAN_POINT('',(-0.0714744294172204,0.0401166616599464,0.0473648980259895));
#9798=CARTESIAN_POINT('',(-0.0709120773794388,0.0400490202591754,0.0453648980259895));
#9799=CARTESIAN_POINT('',(-0.0709120773794388,0.0400490202591754,0.0473648980259895));
#9800=CARTESIAN_POINT('',(-0.0703815565890788,0.0400490202591754,0.0453648980259895));
#9801=CARTESIAN_POINT('',(-0.0703815565890788,0.0400490202591754,0.0473648980259895));
#9802=CARTESIAN_POINT('',(-0.0720686127024237,0.0402519444614882,0.0453648980259895));
#9803=CARTESIAN_POINT('',(-0.0720686127024237,0.0402519444614882,0.0453648980259895));
#9804=CARTESIAN_POINT('',(-0.0720686127024237,0.0402519444614882,0.0453648980259895));
#9805=CARTESIAN_POINT('',(-0.0711773377746188,0.0400490202591754,0.0453648980259895));
#9806=CARTESIAN_POINT('',(-0.0703815565890788,0.0400490202591754,0.0453648980259895));
#9807=CARTESIAN_POINT('',(-0.0704158799589719,0.0476160350575478,0.0453648980259895));
#9808=CARTESIAN_POINT('',(-0.0737477110039132,0.0408444384795806,0.0453648980259895));
#9809=CARTESIAN_POINT('',(-0.0737477110039132,0.0408444384795806,0.0453648980259895));
#9810=CARTESIAN_POINT('',(-0.0704158799589719,0.0476160350575478,0.0453648980259895));
#9811=CARTESIAN_POINT('',(-0.0737477110039132,0.0401896082686208,0.0453648980259895));
#9812=CARTESIAN_POINT('',(-0.0737477110039132,0.0395347595145295,0.0453648980259895));
#9813=CARTESIAN_POINT('',(-0.0737477110039132,0.0395347595145295,0.0453648980259895));
#9814=CARTESIAN_POINT('',(-0.0737477110039132,0.0401896082686208,0.0453648980259895));
#9815=CARTESIAN_POINT('',(-0.0710962416911143,0.0449908545825525,0.0453648980259895));
#9816=CARTESIAN_POINT('',(-0.0721946113901342,0.0390251151337805,0.0453648980259895));
#9817=CARTESIAN_POINT('',(-0.0721946113901342,0.0390251151337805,0.0453648980259895));
#9818=CARTESIAN_POINT('',(-0.0710962416911143,0.0449908545825525,0.0453648980259895));
#9819=CARTESIAN_POINT('',(-0.070431956064163,0.0388792219164315,0.0453648980259895));
#9820=CARTESIAN_POINT('',(-0.070431956064163,0.0388792219164315,0.0473648980259895));
#9821=CARTESIAN_POINT('',(-0.0710738862204987,0.0388792219164315,0.0453648980259895));
#9822=CARTESIAN_POINT('',(-0.0710738862204987,0.0388792219164315,0.0473648980259895));
#9823=CARTESIAN_POINT('',(-0.0716614379958224,0.0389278529888812,0.0453648980259895));
#9824=CARTESIAN_POINT('',(-0.0716614379958224,0.0389278529888812,0.0473648980259895));
#9825=CARTESIAN_POINT('',(-0.0721946113901342,0.0390251151337805,0.0453648980259895));
#9826=CARTESIAN_POINT('',(-0.0721946113901342,0.0390251151337805,0.0473648980259895));
#9827=CARTESIAN_POINT('',(-0.070431956064163,0.0388792219164315,0.0453648980259895));
#9828=CARTESIAN_POINT('',(-0.070431956064163,0.0388792219164315,0.0453648980259895));
#9829=CARTESIAN_POINT('',(-0.070431956064163,0.0388792219164315,0.0453648980259895));
#9830=CARTESIAN_POINT('',(-0.0713948512986665,0.0388792219164315,0.0453648980259895));
#9831=CARTESIAN_POINT('',(-0.0721946113901342,0.0390251151337805,0.0453648980259895));
#9832=CARTESIAN_POINT('',(-0.0670180547781961,0.0398129385074652,0.0453648980259895));
#9833=CARTESIAN_POINT('',(-0.0670180547781961,0.0398129385074652,0.0473648980259895));
#9834=CARTESIAN_POINT('',(-0.0678191411716398,0.0391904607801094,0.0453648980259895));
#9835=CARTESIAN_POINT('',(-0.0678191411716398,0.0391904607801094,0.0473648980259895));
#9836=CARTESIAN_POINT('',(-0.0689571082669621,0.0388792219164315,0.0453648980259895));
#9837=CARTESIAN_POINT('',(-0.0689571082669621,0.0388792219164315,0.0473648980259895));
#9838=CARTESIAN_POINT('',(-0.070431956064163,0.0388792219164315,0.0453648980259895));
#9839=CARTESIAN_POINT('',(-0.070431956064163,0.0388792219164315,0.0473648980259895));
#9840=CARTESIAN_POINT('',(-0.0670180547781961,0.0398129385074652,0.0453648980259895));
#9841=CARTESIAN_POINT('',(-0.0670180547781961,0.0398129385074652,0.0453648980259895));
#9842=CARTESIAN_POINT('',(-0.0670180547781961,0.0398129385074652,0.0453648980259895));
#9843=CARTESIAN_POINT('',(-0.0682196843683616,0.0388792219164315,0.0453648980259895));
#9844=CARTESIAN_POINT('',(-0.070431956064163,0.0388792219164315,0.0453648980259895));
#9845=CARTESIAN_POINT('',(-0.0658164251880306,0.0424788054790244,0.0453648980259895));
#9846=CARTESIAN_POINT('',(-0.0658164251880306,0.0424788054790244,0.0473648980259895));
#9847=CARTESIAN_POINT('',(-0.0658164251880306,0.0413240385586741,0.0453648980259895));
#9848=CARTESIAN_POINT('',(-0.0658164251880306,0.0413240385586741,0.0473648980259895));
#9849=CARTESIAN_POINT('',(-0.0662169683847524,0.040435416234821,0.0453648980259895));
#9850=CARTESIAN_POINT('',(-0.0662169683847524,0.040435416234821,0.0473648980259895));
#9851=CARTESIAN_POINT('',(-0.0670180547781961,0.0398129385074652,0.0453648980259895));
#9852=CARTESIAN_POINT('',(-0.0670180547781961,0.0398129385074652,0.0473648980259895));
#9853=CARTESIAN_POINT('',(-0.0658164251880306,0.0424788054790244,0.0453648980259895));
#9854=CARTESIAN_POINT('',(-0.0658164251880306,0.0424788054790244,0.0453648980259895));
#9855=CARTESIAN_POINT('',(-0.0658164251880306,0.0424788054790244,0.0453648980259895));
#9856=CARTESIAN_POINT('',(-0.0658164251880306,0.0407466550984989,0.0453648980259895));
#9857=CARTESIAN_POINT('',(-0.0670180547781961,0.0398129385074652,0.0453648980259895));
#9858=CARTESIAN_POINT('',(-0.0665206915372336,0.0444351008934771,0.0453648980259895));
#9859=CARTESIAN_POINT('',(-0.0665206915372336,0.0444351008934771,0.0473648980259895));
#9860=CARTESIAN_POINT('',(-0.0660511806377649,0.0439372955518559,0.0453648980259895));
#9861=CARTESIAN_POINT('',(-0.0660511806377649,0.0439372955518559,0.0473648980259895));
#9862=CARTESIAN_POINT('',(-0.0658164251880306,0.0432851970803717,0.0453648980259895));
#9863=CARTESIAN_POINT('',(-0.0658164251880306,0.0432851970803717,0.0473648980259895));
#9864=CARTESIAN_POINT('',(-0.0658164251880306,0.0424788054790244,0.0453648980259895));
#9865=CARTESIAN_POINT('',(-0.0658164251880306,0.0424788054790244,0.0473648980259895));
#9866=CARTESIAN_POINT('',(-0.0665206915372336,0.0444351008934771,0.0453648980259895));
#9867=CARTESIAN_POINT('',(-0.0665206915372336,0.0444351008934771,0.0453648980259895));
#9868=CARTESIAN_POINT('',(-0.0665206915372336,0.0444351008934771,0.0453648980259895));
#9869=CARTESIAN_POINT('',(-0.0658164251880306,0.0436883928810454,0.0453648980259895));
#9870=CARTESIAN_POINT('',(-0.0658164251880306,0.0424788054790244,0.0453648980259895));
#9871=CARTESIAN_POINT('',(-0.0686838900599266,0.0453621859746313,0.0453648980259895));
#9872=CARTESIAN_POINT('',(-0.0686838900599266,0.0453621859746313,0.0473648980259895));
#9873=CARTESIAN_POINT('',(-0.0677112686109332,0.045241934595483,0.0453648980259895));
#9874=CARTESIAN_POINT('',(-0.0677112686109332,0.045241934595483,0.0473648980259895));
#9875=CARTESIAN_POINT('',(-0.0669902024367022,0.0449329062350982,0.0453648980259895));
#9876=CARTESIAN_POINT('',(-0.0669902024367022,0.0449329062350982,0.0473648980259895));
#9877=CARTESIAN_POINT('',(-0.0665206915372336,0.0444351008934771,0.0453648980259895));
#9878=CARTESIAN_POINT('',(-0.0665206915372336,0.0444351008934771,0.0473648980259895));
#9879=CARTESIAN_POINT('',(-0.0686838900599266,0.0453621859746313,0.0453648980259895));
#9880=CARTESIAN_POINT('',(-0.0686838900599266,0.0453621859746313,0.0453648980259895));
#9881=CARTESIAN_POINT('',(-0.0686838900599266,0.0453621859746313,0.0453648980259895));
#9882=CARTESIAN_POINT('',(-0.0672249578864365,0.0451818089059088,0.0453648980259895));
#9883=CARTESIAN_POINT('',(-0.0665206915372336,0.0444351008934771,0.0453648980259895));
#9884=CARTESIAN_POINT('',(-0.0686838900599266,0.0453953435240288,0.0453648980259895));
#9885=CARTESIAN_POINT('',(-0.0686838900599266,0.0454285010734263,0.0453648980259895));
#9886=CARTESIAN_POINT('',(-0.0686838900599266,0.0454285010734263,0.0453648980259895));
#9887=CARTESIAN_POINT('',(-0.0686838900599266,0.0453953435240288,0.0453648980259895));
#9888=CARTESIAN_POINT('',(-0.0668390040114496,0.0464152697434959,0.0453648980259895));
#9889=CARTESIAN_POINT('',(-0.0668390040114496,0.0464152697434959,0.0473648980259895));
#9890=CARTESIAN_POINT('',(-0.0672731468582276,0.0459236538110956,0.0453648980259895));
#9891=CARTESIAN_POINT('',(-0.0672731468582276,0.0459236538110956,0.0473648980259895));
#9892=CARTESIAN_POINT('',(-0.0678881088743866,0.0455947309210724,0.0453648980259895));
#9893=CARTESIAN_POINT('',(-0.0678881088743866,0.0455947309210724,0.0473648980259895));
#9894=CARTESIAN_POINT('',(-0.0686838900599266,0.0454285010734263,0.0453648980259895));
#9895=CARTESIAN_POINT('',(-0.0686838900599266,0.0454285010734263,0.0473648980259895));
#9896=CARTESIAN_POINT('',(-0.0668390040114496,0.0464152697434959,0.0453648980259895));
#9897=CARTESIAN_POINT('',(-0.0674902182816166,0.0456778458448955,0.0453648980259895));
#9898=CARTESIAN_POINT('',(-0.0686838900599266,0.0454285010734263,0.0453648980259895));
#9899=CARTESIAN_POINT('',(-9.74442958823207E-8,0.0453993902569637,0.0453648980259895));
#9900=CARTESIAN_POINT('',(-9.74442958823207E-8,0.0373993902569636,0.0473648980259895));
#9901=CARTESIAN_POINT('',(-9.74442958823207E-8,0.0373993902569636,0.0473648980259895));
#9902=CARTESIAN_POINT('',(-9.74442958823207E-8,0.0373993902569636,0.0473648980259895));
#9903=CARTESIAN_POINT('',(-9.74442958823207E-8,0.0373993902569636,0.0473648980259895));
#9904=CARTESIAN_POINT('',(-9.74442958823207E-8,0.0373993902569636,0.0473648980259895));
#9905=CARTESIAN_POINT('',(-9.74442958823207E-8,0.0373993902569636,0.0473648980259895));
#9906=CARTESIAN_POINT('',(-9.74442958823207E-8,0.0373993902569636,0.0473648980259895));
#9907=CARTESIAN_POINT('',(-9.74442958823207E-8,0.0373993902569636,0.0473648980259895));
#9908=CARTESIAN_POINT('',(0.,-0.0246006097430363,0.02335));
#9909=CARTESIAN_POINT('',(0.,0.0283993902569636,0.02335));
#9910=CARTESIAN_POINT('',(0.,0.0283993902569636,0.02335));
#9911=CARTESIAN_POINT('',(0.,0.0283993902569636,0.03835));
#9912=CARTESIAN_POINT('',(0.,0.0283993902569636,0.02335));
#9913=CARTESIAN_POINT('',(0.,0.0283993902569636,0.02335));
#9914=CARTESIAN_POINT('',(0.,0.0283993902569636,0.03735));
#9915=CARTESIAN_POINT('',(-1.24999999795428E-8,0.0283993902569636,0.0236824615129948));
#9916=MECHANICAL_DESIGN_GEOMETRIC_PRESENTATION_REPRESENTATION('',(#5391),
#9917);
#9917=(
GEOMETRIC_REPRESENTATION_CONTEXT(3)
GLOBAL_UNCERTAINTY_ASSIGNED_CONTEXT((#9918))
GLOBAL_UNIT_ASSIGNED_CONTEXT((#9921,#9920,#9919))
REPRESENTATION_CONTEXT('Part 1','TOP_LEVEL_ASSEMBLY_PART')
);
#9918=UNCERTAINTY_MEASURE_WITH_UNIT(LENGTH_MEASURE(2.E-5),#9921,
'DISTANCE_ACCURACY_VALUE','Maximum Tolerance applied to model');
#9919=(
NAMED_UNIT(*)
SI_UNIT($,.STERADIAN.)
SOLID_ANGLE_UNIT()
);
#9920=(
NAMED_UNIT(*)
PLANE_ANGLE_UNIT()
SI_UNIT($,.RADIAN.)
);
#9921=(
LENGTH_UNIT()
NAMED_UNIT(*)
SI_UNIT($,.METRE.)
);
#9922=PRODUCT_DEFINITION_SHAPE('','',#9923);
#9923=PRODUCT_DEFINITION('','',#9925,#9924);
#9924=PRODUCT_DEFINITION_CONTEXT('',#9931,'design');
#9925=PRODUCT_DEFINITION_FORMATION_WITH_SPECIFIED_SOURCE('','',#9927,
 .NOT_KNOWN.);
#9926=PRODUCT_RELATED_PRODUCT_CATEGORY('','',(#9927));
#9927=PRODUCT('Part 1','Part 1','Part 1',(#9929));
#9928=PRODUCT_CATEGORY('','');
#9929=PRODUCT_CONTEXT('',#9931,'mechanical');
#9930=APPLICATION_PROTOCOL_DEFINITION('international standard',
'ap242_managed_model_based_3d_engineering',2020,#9931);
#9931=APPLICATION_CONTEXT('managed model based 3d engineering');
ENDSEC;
END-ISO-10303-21;
