ISO-10303-21;
HEADER;
/* Generated by software containing ST-Developer
 * from STEP Tools, Inc. (www.steptools.com) 
 */
/* OPTION: using custom renumber hook */

FILE_DESCRIPTION(
/* description */ ('STEP AP242 Edition 2',
'CAx-IF Rec.Pracs.---Representation and Presentation of Product Manufa
cturing Information (PMI)---4.0---2014-10-13',
'CAx-IF Rec.Pracs.---3D Tessellated Geometry---0.4---2014-09-14','2;1',
'CAx-IF Rec.Pracs.---User Defined Attributes---1.5---2016-08-15'),
/* implementation_level */ '2;1');

FILE_NAME(
/* name */ 'Part Studio 1',
/* time_stamp */ '2026-08-30T22:44:40Z',
/* author */ (''),
/* organization */ (''),
/* preprocessor_version */ 'ST-DEVELOPER v20',
/* originating_system */ 'ONSHAPE BY PTC INC, 1.220',
/* authorisation */ '  ');

FILE_SCHEMA (('AP242_MANAGED_MODEL_BASED_3D_ENGINEERING_MIM_LF { 1 0 10303 442 3 1 4 }'));
ENDSEC;

DATA;
#10=SHAPE_REPRESENTATION_RELATIONSHIP('','',#1544,#12);
#11=SHAPE_REPRESENTATION_RELATIONSHIP('','',#1545,#13);
#12=ADVANCED_BREP_SHAPE_REPRESENTATION('',(#1540),#2438);
#13=ADVANCED_BREP_SHAPE_REPRESENTATION('',(#1541),#2439);
#14=CYLINDRICAL_SURFACE('',#1571,0.00635);
#15=CYLINDRICAL_SURFACE('',#1625,0.00381);
#16=CYLINDRICAL_SURFACE('',#1628,0.00381);
#17=CIRCLE('',#1568,0.00635);
#18=CIRCLE('',#1570,0.00635);
#19=CIRCLE('',#1575,0.00381);
#20=CIRCLE('',#1578,0.00381);
#21=CIRCLE('',#1626,0.00381);
#22=CIRCLE('',#1629,0.00381);
#23=ORIENTED_EDGE('',*,*,#443,.T.);
#24=ORIENTED_EDGE('',*,*,#444,.F.);
#25=ORIENTED_EDGE('',*,*,#445,.F.);
#26=ORIENTED_EDGE('',*,*,#446,.T.);
#27=ORIENTED_EDGE('',*,*,#447,.F.);
#28=ORIENTED_EDGE('',*,*,#448,.F.);
#29=ORIENTED_EDGE('',*,*,#449,.T.);
#30=ORIENTED_EDGE('',*,*,#444,.T.);
#31=ORIENTED_EDGE('',*,*,#450,.F.);
#32=ORIENTED_EDGE('',*,*,#451,.F.);
#33=ORIENTED_EDGE('',*,*,#452,.T.);
#34=ORIENTED_EDGE('',*,*,#448,.T.);
#35=ORIENTED_EDGE('',*,*,#453,.T.);
#36=ORIENTED_EDGE('',*,*,#454,.F.);
#37=ORIENTED_EDGE('',*,*,#455,.F.);
#38=ORIENTED_EDGE('',*,*,#451,.T.);
#39=ORIENTED_EDGE('',*,*,#456,.T.);
#40=ORIENTED_EDGE('',*,*,#457,.F.);
#41=ORIENTED_EDGE('',*,*,#458,.F.);
#42=ORIENTED_EDGE('',*,*,#454,.T.);
#43=ORIENTED_EDGE('',*,*,#459,.F.);
#44=ORIENTED_EDGE('',*,*,#460,.F.);
#45=ORIENTED_EDGE('',*,*,#461,.T.);
#46=ORIENTED_EDGE('',*,*,#457,.T.);
#47=ORIENTED_EDGE('',*,*,#462,.F.);
#48=ORIENTED_EDGE('',*,*,#463,.F.);
#49=ORIENTED_EDGE('',*,*,#464,.T.);
#50=ORIENTED_EDGE('',*,*,#460,.T.);
#51=ORIENTED_EDGE('',*,*,#465,.T.);
#52=ORIENTED_EDGE('',*,*,#466,.F.);
#53=ORIENTED_EDGE('',*,*,#467,.F.);
#54=ORIENTED_EDGE('',*,*,#463,.T.);
#55=ORIENTED_EDGE('',*,*,#468,.T.);
#56=ORIENTED_EDGE('',*,*,#469,.F.);
#57=ORIENTED_EDGE('',*,*,#470,.F.);
#58=ORIENTED_EDGE('',*,*,#466,.T.);
#59=ORIENTED_EDGE('',*,*,#471,.F.);
#60=ORIENTED_EDGE('',*,*,#472,.F.);
#61=ORIENTED_EDGE('',*,*,#473,.T.);
#62=ORIENTED_EDGE('',*,*,#469,.T.);
#63=ORIENTED_EDGE('',*,*,#474,.F.);
#64=ORIENTED_EDGE('',*,*,#475,.F.);
#65=ORIENTED_EDGE('',*,*,#476,.T.);
#66=ORIENTED_EDGE('',*,*,#472,.T.);
#67=ORIENTED_EDGE('',*,*,#477,.T.);
#68=ORIENTED_EDGE('',*,*,#478,.F.);
#69=ORIENTED_EDGE('',*,*,#479,.F.);
#70=ORIENTED_EDGE('',*,*,#475,.T.);
#71=ORIENTED_EDGE('',*,*,#480,.T.);
#72=ORIENTED_EDGE('',*,*,#481,.F.);
#73=ORIENTED_EDGE('',*,*,#482,.F.);
#74=ORIENTED_EDGE('',*,*,#478,.T.);
#75=ORIENTED_EDGE('',*,*,#483,.F.);
#76=ORIENTED_EDGE('',*,*,#484,.F.);
#77=ORIENTED_EDGE('',*,*,#485,.T.);
#78=ORIENTED_EDGE('',*,*,#481,.T.);
#79=ORIENTED_EDGE('',*,*,#486,.F.);
#80=ORIENTED_EDGE('',*,*,#487,.F.);
#81=ORIENTED_EDGE('',*,*,#488,.T.);
#82=ORIENTED_EDGE('',*,*,#484,.T.);
#83=ORIENTED_EDGE('',*,*,#489,.T.);
#84=ORIENTED_EDGE('',*,*,#490,.F.);
#85=ORIENTED_EDGE('',*,*,#491,.F.);
#86=ORIENTED_EDGE('',*,*,#487,.T.);
#87=ORIENTED_EDGE('',*,*,#492,.T.);
#88=ORIENTED_EDGE('',*,*,#493,.F.);
#89=ORIENTED_EDGE('',*,*,#494,.F.);
#90=ORIENTED_EDGE('',*,*,#490,.T.);
#91=ORIENTED_EDGE('',*,*,#495,.F.);
#92=ORIENTED_EDGE('',*,*,#496,.F.);
#93=ORIENTED_EDGE('',*,*,#497,.T.);
#94=ORIENTED_EDGE('',*,*,#493,.T.);
#95=ORIENTED_EDGE('',*,*,#498,.F.);
#96=ORIENTED_EDGE('',*,*,#499,.F.);
#97=ORIENTED_EDGE('',*,*,#500,.T.);
#98=ORIENTED_EDGE('',*,*,#496,.T.);
#99=ORIENTED_EDGE('',*,*,#501,.T.);
#100=ORIENTED_EDGE('',*,*,#446,.F.);
#101=ORIENTED_EDGE('',*,*,#502,.F.);
#102=ORIENTED_EDGE('',*,*,#499,.T.);
#103=ORIENTED_EDGE('',*,*,#503,.F.);
#104=ORIENTED_EDGE('',*,*,#445,.T.);
#105=ORIENTED_EDGE('',*,*,#449,.F.);
#106=ORIENTED_EDGE('',*,*,#452,.F.);
#107=ORIENTED_EDGE('',*,*,#455,.T.);
#108=ORIENTED_EDGE('',*,*,#458,.T.);
#109=ORIENTED_EDGE('',*,*,#461,.F.);
#110=ORIENTED_EDGE('',*,*,#464,.F.);
#111=ORIENTED_EDGE('',*,*,#467,.T.);
#112=ORIENTED_EDGE('',*,*,#470,.T.);
#113=ORIENTED_EDGE('',*,*,#473,.F.);
#114=ORIENTED_EDGE('',*,*,#476,.F.);
#115=ORIENTED_EDGE('',*,*,#479,.T.);
#116=ORIENTED_EDGE('',*,*,#482,.T.);
#117=ORIENTED_EDGE('',*,*,#485,.F.);
#118=ORIENTED_EDGE('',*,*,#488,.F.);
#119=ORIENTED_EDGE('',*,*,#491,.T.);
#120=ORIENTED_EDGE('',*,*,#494,.T.);
#121=ORIENTED_EDGE('',*,*,#497,.F.);
#122=ORIENTED_EDGE('',*,*,#500,.F.);
#123=ORIENTED_EDGE('',*,*,#502,.T.);
#124=ORIENTED_EDGE('',*,*,#504,.F.);
#125=ORIENTED_EDGE('',*,*,#443,.F.);
#126=ORIENTED_EDGE('',*,*,#501,.F.);
#127=ORIENTED_EDGE('',*,*,#498,.T.);
#128=ORIENTED_EDGE('',*,*,#495,.T.);
#129=ORIENTED_EDGE('',*,*,#492,.F.);
#130=ORIENTED_EDGE('',*,*,#489,.F.);
#131=ORIENTED_EDGE('',*,*,#486,.T.);
#132=ORIENTED_EDGE('',*,*,#483,.T.);
#133=ORIENTED_EDGE('',*,*,#480,.F.);
#134=ORIENTED_EDGE('',*,*,#477,.F.);
#135=ORIENTED_EDGE('',*,*,#474,.T.);
#136=ORIENTED_EDGE('',*,*,#471,.T.);
#137=ORIENTED_EDGE('',*,*,#468,.F.);
#138=ORIENTED_EDGE('',*,*,#465,.F.);
#139=ORIENTED_EDGE('',*,*,#462,.T.);
#140=ORIENTED_EDGE('',*,*,#459,.T.);
#141=ORIENTED_EDGE('',*,*,#456,.F.);
#142=ORIENTED_EDGE('',*,*,#453,.F.);
#143=ORIENTED_EDGE('',*,*,#450,.T.);
#144=ORIENTED_EDGE('',*,*,#447,.T.);
#145=ORIENTED_EDGE('',*,*,#503,.T.);
#146=ORIENTED_EDGE('',*,*,#504,.T.);
#147=ORIENTED_EDGE('',*,*,#505,.T.);
#148=ORIENTED_EDGE('',*,*,#506,.F.);
#149=ORIENTED_EDGE('',*,*,#507,.F.);
#150=ORIENTED_EDGE('',*,*,#508,.T.);
#151=ORIENTED_EDGE('',*,*,#509,.F.);
#152=ORIENTED_EDGE('',*,*,#510,.F.);
#153=ORIENTED_EDGE('',*,*,#508,.F.);
#154=ORIENTED_EDGE('',*,*,#511,.T.);
#155=ORIENTED_EDGE('',*,*,#512,.T.);
#156=ORIENTED_EDGE('',*,*,#513,.T.);
#157=ORIENTED_EDGE('',*,*,#514,.F.);
#158=ORIENTED_EDGE('',*,*,#512,.F.);
#159=ORIENTED_EDGE('',*,*,#515,.T.);
#160=ORIENTED_EDGE('',*,*,#516,.T.);
#161=ORIENTED_EDGE('',*,*,#517,.T.);
#162=ORIENTED_EDGE('',*,*,#518,.T.);
#163=ORIENTED_EDGE('',*,*,#519,.T.);
#164=ORIENTED_EDGE('',*,*,#520,.T.);
#165=ORIENTED_EDGE('',*,*,#521,.T.);
#166=ORIENTED_EDGE('',*,*,#522,.T.);
#167=ORIENTED_EDGE('',*,*,#523,.T.);
#168=ORIENTED_EDGE('',*,*,#524,.T.);
#169=ORIENTED_EDGE('',*,*,#525,.T.);
#170=ORIENTED_EDGE('',*,*,#526,.T.);
#171=ORIENTED_EDGE('',*,*,#527,.T.);
#172=ORIENTED_EDGE('',*,*,#528,.T.);
#173=ORIENTED_EDGE('',*,*,#529,.T.);
#174=ORIENTED_EDGE('',*,*,#530,.T.);
#175=ORIENTED_EDGE('',*,*,#531,.T.);
#176=ORIENTED_EDGE('',*,*,#532,.T.);
#177=ORIENTED_EDGE('',*,*,#533,.T.);
#178=ORIENTED_EDGE('',*,*,#534,.T.);
#179=ORIENTED_EDGE('',*,*,#535,.T.);
#180=ORIENTED_EDGE('',*,*,#536,.T.);
#181=ORIENTED_EDGE('',*,*,#537,.T.);
#182=ORIENTED_EDGE('',*,*,#538,.T.);
#183=ORIENTED_EDGE('',*,*,#539,.T.);
#184=ORIENTED_EDGE('',*,*,#540,.T.);
#185=ORIENTED_EDGE('',*,*,#541,.T.);
#186=ORIENTED_EDGE('',*,*,#542,.T.);
#187=ORIENTED_EDGE('',*,*,#543,.T.);
#188=ORIENTED_EDGE('',*,*,#544,.T.);
#189=ORIENTED_EDGE('',*,*,#545,.T.);
#190=ORIENTED_EDGE('',*,*,#513,.F.);
#191=ORIENTED_EDGE('',*,*,#546,.F.);
#192=ORIENTED_EDGE('',*,*,#506,.T.);
#193=ORIENTED_EDGE('',*,*,#547,.T.);
#194=ORIENTED_EDGE('',*,*,#548,.T.);
#195=ORIENTED_EDGE('',*,*,#549,.T.);
#196=ORIENTED_EDGE('',*,*,#550,.T.);
#197=ORIENTED_EDGE('',*,*,#551,.T.);
#198=ORIENTED_EDGE('',*,*,#552,.T.);
#199=ORIENTED_EDGE('',*,*,#553,.T.);
#200=ORIENTED_EDGE('',*,*,#554,.T.);
#201=ORIENTED_EDGE('',*,*,#555,.T.);
#202=ORIENTED_EDGE('',*,*,#556,.T.);
#203=ORIENTED_EDGE('',*,*,#557,.T.);
#204=ORIENTED_EDGE('',*,*,#558,.T.);
#205=ORIENTED_EDGE('',*,*,#559,.T.);
#206=ORIENTED_EDGE('',*,*,#560,.T.);
#207=ORIENTED_EDGE('',*,*,#561,.T.);
#208=ORIENTED_EDGE('',*,*,#562,.T.);
#209=ORIENTED_EDGE('',*,*,#507,.T.);
#210=ORIENTED_EDGE('',*,*,#546,.T.);
#211=ORIENTED_EDGE('',*,*,#515,.F.);
#212=ORIENTED_EDGE('',*,*,#511,.F.);
#213=ORIENTED_EDGE('',*,*,#563,.F.);
#214=ORIENTED_EDGE('',*,*,#564,.T.);
#215=ORIENTED_EDGE('',*,*,#565,.F.);
#216=ORIENTED_EDGE('',*,*,#517,.F.);
#217=ORIENTED_EDGE('',*,*,#566,.F.);
#218=ORIENTED_EDGE('',*,*,#567,.T.);
#219=ORIENTED_EDGE('',*,*,#568,.F.);
#220=ORIENTED_EDGE('',*,*,#559,.F.);
#221=ORIENTED_EDGE('',*,*,#569,.F.);
#222=ORIENTED_EDGE('',*,*,#570,.T.);
#223=ORIENTED_EDGE('',*,*,#571,.F.);
#224=ORIENTED_EDGE('',*,*,#555,.F.);
#225=ORIENTED_EDGE('',*,*,#572,.F.);
#226=ORIENTED_EDGE('',*,*,#573,.T.);
#227=ORIENTED_EDGE('',*,*,#574,.F.);
#228=ORIENTED_EDGE('',*,*,#551,.F.);
#229=ORIENTED_EDGE('',*,*,#575,.F.);
#230=ORIENTED_EDGE('',*,*,#576,.T.);
#231=ORIENTED_EDGE('',*,*,#577,.F.);
#232=ORIENTED_EDGE('',*,*,#547,.F.);
#233=ORIENTED_EDGE('',*,*,#505,.F.);
#234=ORIENTED_EDGE('',*,*,#510,.T.);
#235=ORIENTED_EDGE('',*,*,#514,.T.);
#236=ORIENTED_EDGE('',*,*,#545,.F.);
#237=ORIENTED_EDGE('',*,*,#578,.F.);
#238=ORIENTED_EDGE('',*,*,#579,.T.);
#239=ORIENTED_EDGE('',*,*,#580,.F.);
#240=ORIENTED_EDGE('',*,*,#541,.F.);
#241=ORIENTED_EDGE('',*,*,#581,.F.);
#242=ORIENTED_EDGE('',*,*,#582,.T.);
#243=ORIENTED_EDGE('',*,*,#583,.F.);
#244=ORIENTED_EDGE('',*,*,#537,.F.);
#245=ORIENTED_EDGE('',*,*,#584,.F.);
#246=ORIENTED_EDGE('',*,*,#585,.T.);
#247=ORIENTED_EDGE('',*,*,#586,.F.);
#248=ORIENTED_EDGE('',*,*,#533,.F.);
#249=ORIENTED_EDGE('',*,*,#587,.F.);
#250=ORIENTED_EDGE('',*,*,#588,.T.);
#251=ORIENTED_EDGE('',*,*,#589,.F.);
#252=ORIENTED_EDGE('',*,*,#529,.F.);
#253=ORIENTED_EDGE('',*,*,#590,.F.);
#254=ORIENTED_EDGE('',*,*,#591,.T.);
#255=ORIENTED_EDGE('',*,*,#592,.F.);
#256=ORIENTED_EDGE('',*,*,#525,.F.);
#257=ORIENTED_EDGE('',*,*,#593,.F.);
#258=ORIENTED_EDGE('',*,*,#594,.T.);
#259=ORIENTED_EDGE('',*,*,#595,.F.);
#260=ORIENTED_EDGE('',*,*,#521,.F.);
#261=ORIENTED_EDGE('',*,*,#543,.F.);
#262=ORIENTED_EDGE('',*,*,#596,.F.);
#263=ORIENTED_EDGE('',*,*,#597,.T.);
#264=ORIENTED_EDGE('',*,*,#598,.T.);
#265=ORIENTED_EDGE('',*,*,#599,.T.);
#266=ORIENTED_EDGE('',*,*,#578,.T.);
#267=ORIENTED_EDGE('',*,*,#544,.F.);
#268=ORIENTED_EDGE('',*,*,#598,.F.);
#269=ORIENTED_EDGE('',*,*,#542,.F.);
#270=ORIENTED_EDGE('',*,*,#580,.T.);
#271=ORIENTED_EDGE('',*,*,#600,.T.);
#272=ORIENTED_EDGE('',*,*,#596,.T.);
#273=ORIENTED_EDGE('',*,*,#579,.F.);
#274=ORIENTED_EDGE('',*,*,#599,.F.);
#275=ORIENTED_EDGE('',*,*,#597,.F.);
#276=ORIENTED_EDGE('',*,*,#600,.F.);
#277=ORIENTED_EDGE('',*,*,#553,.F.);
#278=ORIENTED_EDGE('',*,*,#601,.F.);
#279=ORIENTED_EDGE('',*,*,#602,.T.);
#280=ORIENTED_EDGE('',*,*,#603,.T.);
#281=ORIENTED_EDGE('',*,*,#604,.T.);
#282=ORIENTED_EDGE('',*,*,#572,.T.);
#283=ORIENTED_EDGE('',*,*,#554,.F.);
#284=ORIENTED_EDGE('',*,*,#603,.F.);
#285=ORIENTED_EDGE('',*,*,#552,.F.);
#286=ORIENTED_EDGE('',*,*,#574,.T.);
#287=ORIENTED_EDGE('',*,*,#605,.T.);
#288=ORIENTED_EDGE('',*,*,#601,.T.);
#289=ORIENTED_EDGE('',*,*,#573,.F.);
#290=ORIENTED_EDGE('',*,*,#604,.F.);
#291=ORIENTED_EDGE('',*,*,#602,.F.);
#292=ORIENTED_EDGE('',*,*,#605,.F.);
#293=ORIENTED_EDGE('',*,*,#549,.F.);
#294=ORIENTED_EDGE('',*,*,#606,.F.);
#295=ORIENTED_EDGE('',*,*,#607,.T.);
#296=ORIENTED_EDGE('',*,*,#608,.T.);
#297=ORIENTED_EDGE('',*,*,#609,.T.);
#298=ORIENTED_EDGE('',*,*,#575,.T.);
#299=ORIENTED_EDGE('',*,*,#550,.F.);
#300=ORIENTED_EDGE('',*,*,#608,.F.);
#301=ORIENTED_EDGE('',*,*,#548,.F.);
#302=ORIENTED_EDGE('',*,*,#577,.T.);
#303=ORIENTED_EDGE('',*,*,#610,.T.);
#304=ORIENTED_EDGE('',*,*,#606,.T.);
#305=ORIENTED_EDGE('',*,*,#576,.F.);
#306=ORIENTED_EDGE('',*,*,#609,.F.);
#307=ORIENTED_EDGE('',*,*,#607,.F.);
#308=ORIENTED_EDGE('',*,*,#610,.F.);
#309=ORIENTED_EDGE('',*,*,#531,.F.);
#310=ORIENTED_EDGE('',*,*,#611,.F.);
#311=ORIENTED_EDGE('',*,*,#612,.T.);
#312=ORIENTED_EDGE('',*,*,#613,.T.);
#313=ORIENTED_EDGE('',*,*,#614,.T.);
#314=ORIENTED_EDGE('',*,*,#587,.T.);
#315=ORIENTED_EDGE('',*,*,#532,.F.);
#316=ORIENTED_EDGE('',*,*,#613,.F.);
#317=ORIENTED_EDGE('',*,*,#530,.F.);
#318=ORIENTED_EDGE('',*,*,#589,.T.);
#319=ORIENTED_EDGE('',*,*,#615,.T.);
#320=ORIENTED_EDGE('',*,*,#611,.T.);
#321=ORIENTED_EDGE('',*,*,#588,.F.);
#322=ORIENTED_EDGE('',*,*,#614,.F.);
#323=ORIENTED_EDGE('',*,*,#612,.F.);
#324=ORIENTED_EDGE('',*,*,#615,.F.);
#325=ORIENTED_EDGE('',*,*,#527,.F.);
#326=ORIENTED_EDGE('',*,*,#616,.F.);
#327=ORIENTED_EDGE('',*,*,#617,.T.);
#328=ORIENTED_EDGE('',*,*,#618,.T.);
#329=ORIENTED_EDGE('',*,*,#619,.T.);
#330=ORIENTED_EDGE('',*,*,#590,.T.);
#331=ORIENTED_EDGE('',*,*,#528,.F.);
#332=ORIENTED_EDGE('',*,*,#618,.F.);
#333=ORIENTED_EDGE('',*,*,#526,.F.);
#334=ORIENTED_EDGE('',*,*,#592,.T.);
#335=ORIENTED_EDGE('',*,*,#620,.T.);
#336=ORIENTED_EDGE('',*,*,#616,.T.);
#337=ORIENTED_EDGE('',*,*,#591,.F.);
#338=ORIENTED_EDGE('',*,*,#619,.F.);
#339=ORIENTED_EDGE('',*,*,#617,.F.);
#340=ORIENTED_EDGE('',*,*,#620,.F.);
#341=ORIENTED_EDGE('',*,*,#621,.T.);
#342=ORIENTED_EDGE('',*,*,#581,.T.);
#343=ORIENTED_EDGE('',*,*,#540,.F.);
#344=ORIENTED_EDGE('',*,*,#622,.F.);
#345=ORIENTED_EDGE('',*,*,#538,.F.);
#346=ORIENTED_EDGE('',*,*,#583,.T.);
#347=ORIENTED_EDGE('',*,*,#623,.T.);
#348=ORIENTED_EDGE('',*,*,#624,.T.);
#349=ORIENTED_EDGE('',*,*,#539,.F.);
#350=ORIENTED_EDGE('',*,*,#624,.F.);
#351=ORIENTED_EDGE('',*,*,#625,.T.);
#352=ORIENTED_EDGE('',*,*,#622,.T.);
#353=ORIENTED_EDGE('',*,*,#582,.F.);
#354=ORIENTED_EDGE('',*,*,#621,.F.);
#355=ORIENTED_EDGE('',*,*,#625,.F.);
#356=ORIENTED_EDGE('',*,*,#623,.F.);
#357=ORIENTED_EDGE('',*,*,#535,.F.);
#358=ORIENTED_EDGE('',*,*,#626,.F.);
#359=ORIENTED_EDGE('',*,*,#627,.T.);
#360=ORIENTED_EDGE('',*,*,#628,.T.);
#361=ORIENTED_EDGE('',*,*,#629,.T.);
#362=ORIENTED_EDGE('',*,*,#584,.T.);
#363=ORIENTED_EDGE('',*,*,#536,.F.);
#364=ORIENTED_EDGE('',*,*,#628,.F.);
#365=ORIENTED_EDGE('',*,*,#534,.F.);
#366=ORIENTED_EDGE('',*,*,#586,.T.);
#367=ORIENTED_EDGE('',*,*,#630,.T.);
#368=ORIENTED_EDGE('',*,*,#626,.T.);
#369=ORIENTED_EDGE('',*,*,#585,.F.);
#370=ORIENTED_EDGE('',*,*,#629,.F.);
#371=ORIENTED_EDGE('',*,*,#627,.F.);
#372=ORIENTED_EDGE('',*,*,#630,.F.);
#373=ORIENTED_EDGE('',*,*,#561,.F.);
#374=ORIENTED_EDGE('',*,*,#631,.F.);
#375=ORIENTED_EDGE('',*,*,#632,.T.);
#376=ORIENTED_EDGE('',*,*,#633,.T.);
#377=ORIENTED_EDGE('',*,*,#634,.T.);
#378=ORIENTED_EDGE('',*,*,#566,.T.);
#379=ORIENTED_EDGE('',*,*,#562,.F.);
#380=ORIENTED_EDGE('',*,*,#633,.F.);
#381=ORIENTED_EDGE('',*,*,#560,.F.);
#382=ORIENTED_EDGE('',*,*,#568,.T.);
#383=ORIENTED_EDGE('',*,*,#635,.T.);
#384=ORIENTED_EDGE('',*,*,#631,.T.);
#385=ORIENTED_EDGE('',*,*,#567,.F.);
#386=ORIENTED_EDGE('',*,*,#634,.F.);
#387=ORIENTED_EDGE('',*,*,#632,.F.);
#388=ORIENTED_EDGE('',*,*,#635,.F.);
#389=ORIENTED_EDGE('',*,*,#557,.F.);
#390=ORIENTED_EDGE('',*,*,#636,.F.);
#391=ORIENTED_EDGE('',*,*,#637,.T.);
#392=ORIENTED_EDGE('',*,*,#638,.T.);
#393=ORIENTED_EDGE('',*,*,#639,.T.);
#394=ORIENTED_EDGE('',*,*,#569,.T.);
#395=ORIENTED_EDGE('',*,*,#558,.F.);
#396=ORIENTED_EDGE('',*,*,#638,.F.);
#397=ORIENTED_EDGE('',*,*,#556,.F.);
#398=ORIENTED_EDGE('',*,*,#571,.T.);
#399=ORIENTED_EDGE('',*,*,#640,.T.);
#400=ORIENTED_EDGE('',*,*,#636,.T.);
#401=ORIENTED_EDGE('',*,*,#570,.F.);
#402=ORIENTED_EDGE('',*,*,#639,.F.);
#403=ORIENTED_EDGE('',*,*,#637,.F.);
#404=ORIENTED_EDGE('',*,*,#640,.F.);
#405=ORIENTED_EDGE('',*,*,#523,.F.);
#406=ORIENTED_EDGE('',*,*,#641,.F.);
#407=ORIENTED_EDGE('',*,*,#642,.T.);
#408=ORIENTED_EDGE('',*,*,#643,.T.);
#409=ORIENTED_EDGE('',*,*,#644,.T.);
#410=ORIENTED_EDGE('',*,*,#593,.T.);
#411=ORIENTED_EDGE('',*,*,#524,.F.);
#412=ORIENTED_EDGE('',*,*,#643,.F.);
#413=ORIENTED_EDGE('',*,*,#522,.F.);
#414=ORIENTED_EDGE('',*,*,#595,.T.);
#415=ORIENTED_EDGE('',*,*,#645,.T.);
#416=ORIENTED_EDGE('',*,*,#641,.T.);
#417=ORIENTED_EDGE('',*,*,#594,.F.);
#418=ORIENTED_EDGE('',*,*,#644,.F.);
#419=ORIENTED_EDGE('',*,*,#642,.F.);
#420=ORIENTED_EDGE('',*,*,#645,.F.);
#421=ORIENTED_EDGE('',*,*,#519,.F.);
#422=ORIENTED_EDGE('',*,*,#646,.F.);
#423=ORIENTED_EDGE('',*,*,#647,.T.);
#424=ORIENTED_EDGE('',*,*,#648,.T.);
#425=ORIENTED_EDGE('',*,*,#649,.T.);
#426=ORIENTED_EDGE('',*,*,#563,.T.);
#427=ORIENTED_EDGE('',*,*,#520,.F.);
#428=ORIENTED_EDGE('',*,*,#648,.F.);
#429=ORIENTED_EDGE('',*,*,#518,.F.);
#430=ORIENTED_EDGE('',*,*,#565,.T.);
#431=ORIENTED_EDGE('',*,*,#650,.T.);
#432=ORIENTED_EDGE('',*,*,#646,.T.);
#433=ORIENTED_EDGE('',*,*,#564,.F.);
#434=ORIENTED_EDGE('',*,*,#649,.F.);
#435=ORIENTED_EDGE('',*,*,#647,.F.);
#436=ORIENTED_EDGE('',*,*,#650,.F.);
#437=ORIENTED_EDGE('',*,*,#651,.F.);
#438=ORIENTED_EDGE('',*,*,#509,.T.);
#439=ORIENTED_EDGE('',*,*,#651,.T.);
#440=ORIENTED_EDGE('',*,*,#652,.T.);
#441=ORIENTED_EDGE('',*,*,#516,.F.);
#442=ORIENTED_EDGE('',*,*,#652,.F.);
#443=EDGE_CURVE('',#653,#654,#795,.T.);
#444=EDGE_CURVE('',#655,#654,#796,.T.);
#445=EDGE_CURVE('',#656,#655,#797,.T.);
#446=EDGE_CURVE('',#656,#653,#798,.T.);
#447=EDGE_CURVE('',#657,#654,#799,.T.);
#448=EDGE_CURVE('',#658,#657,#800,.T.);
#449=EDGE_CURVE('',#658,#655,#801,.T.);
#450=EDGE_CURVE('',#659,#657,#802,.T.);
#451=EDGE_CURVE('',#660,#659,#803,.T.);
#452=EDGE_CURVE('',#660,#658,#804,.T.);
#453=EDGE_CURVE('',#659,#661,#805,.T.);
#454=EDGE_CURVE('',#662,#661,#806,.T.);
#455=EDGE_CURVE('',#660,#662,#807,.T.);
#456=EDGE_CURVE('',#661,#663,#808,.T.);
#457=EDGE_CURVE('',#664,#663,#809,.T.);
#458=EDGE_CURVE('',#662,#664,#810,.T.);
#459=EDGE_CURVE('',#665,#663,#811,.T.);
#460=EDGE_CURVE('',#666,#665,#812,.T.);
#461=EDGE_CURVE('',#666,#664,#813,.T.);
#462=EDGE_CURVE('',#667,#665,#814,.T.);
#463=EDGE_CURVE('',#668,#667,#815,.T.);
#464=EDGE_CURVE('',#668,#666,#816,.T.);
#465=EDGE_CURVE('',#667,#669,#817,.T.);
#466=EDGE_CURVE('',#670,#669,#818,.T.);
#467=EDGE_CURVE('',#668,#670,#819,.T.);
#468=EDGE_CURVE('',#669,#671,#820,.T.);
#469=EDGE_CURVE('',#672,#671,#821,.T.);
#470=EDGE_CURVE('',#670,#672,#822,.T.);
#471=EDGE_CURVE('',#673,#671,#823,.T.);
#472=EDGE_CURVE('',#674,#673,#824,.T.);
#473=EDGE_CURVE('',#674,#672,#825,.T.);
#474=EDGE_CURVE('',#675,#673,#826,.T.);
#475=EDGE_CURVE('',#676,#675,#827,.T.);
#476=EDGE_CURVE('',#676,#674,#828,.T.);
#477=EDGE_CURVE('',#675,#677,#829,.T.);
#478=EDGE_CURVE('',#678,#677,#830,.T.);
#479=EDGE_CURVE('',#676,#678,#831,.T.);
#480=EDGE_CURVE('',#677,#679,#832,.T.);
#481=EDGE_CURVE('',#680,#679,#833,.T.);
#482=EDGE_CURVE('',#678,#680,#834,.T.);
#483=EDGE_CURVE('',#681,#679,#835,.T.);
#484=EDGE_CURVE('',#682,#681,#836,.T.);
#485=EDGE_CURVE('',#682,#680,#837,.T.);
#486=EDGE_CURVE('',#683,#681,#838,.T.);
#487=EDGE_CURVE('',#684,#683,#839,.T.);
#488=EDGE_CURVE('',#684,#682,#840,.T.);
#489=EDGE_CURVE('',#683,#685,#841,.T.);
#490=EDGE_CURVE('',#686,#685,#842,.T.);
#491=EDGE_CURVE('',#684,#686,#843,.T.);
#492=EDGE_CURVE('',#685,#687,#844,.T.);
#493=EDGE_CURVE('',#688,#687,#845,.T.);
#494=EDGE_CURVE('',#686,#688,#846,.T.);
#495=EDGE_CURVE('',#689,#687,#847,.T.);
#496=EDGE_CURVE('',#690,#689,#848,.T.);
#497=EDGE_CURVE('',#690,#688,#849,.T.);
#498=EDGE_CURVE('',#691,#689,#850,.T.);
#499=EDGE_CURVE('',#692,#691,#851,.T.);
#500=EDGE_CURVE('',#692,#690,#852,.T.);
#501=EDGE_CURVE('',#691,#653,#853,.T.);
#502=EDGE_CURVE('',#692,#656,#854,.T.);
#503=EDGE_CURVE('',#693,#693,#17,.T.);
#504=EDGE_CURVE('',#694,#694,#18,.T.);
#505=EDGE_CURVE('',#695,#696,#855,.T.);
#506=EDGE_CURVE('',#697,#696,#856,.T.);
#507=EDGE_CURVE('',#698,#697,#857,.T.);
#508=EDGE_CURVE('',#698,#695,#858,.T.);
#509=EDGE_CURVE('',#699,#699,#19,.T.);
#510=EDGE_CURVE('',#695,#700,#859,.T.);
#511=EDGE_CURVE('',#698,#701,#860,.T.);
#512=EDGE_CURVE('',#701,#700,#861,.T.);
#513=EDGE_CURVE('',#702,#703,#862,.T.);
#514=EDGE_CURVE('',#700,#703,#863,.T.);
#515=EDGE_CURVE('',#701,#702,#864,.T.);
#516=EDGE_CURVE('',#704,#704,#20,.T.);
#517=EDGE_CURVE('',#705,#706,#865,.T.);
#518=EDGE_CURVE('',#706,#707,#866,.T.);
#519=EDGE_CURVE('',#707,#708,#867,.T.);
#520=EDGE_CURVE('',#708,#709,#868,.T.);
#521=EDGE_CURVE('',#709,#710,#869,.T.);
#522=EDGE_CURVE('',#710,#711,#870,.T.);
#523=EDGE_CURVE('',#711,#712,#871,.T.);
#524=EDGE_CURVE('',#712,#713,#872,.T.);
#525=EDGE_CURVE('',#713,#714,#873,.T.);
#526=EDGE_CURVE('',#714,#715,#874,.T.);
#527=EDGE_CURVE('',#715,#716,#875,.T.);
#528=EDGE_CURVE('',#716,#717,#876,.T.);
#529=EDGE_CURVE('',#717,#718,#877,.T.);
#530=EDGE_CURVE('',#718,#719,#878,.T.);
#531=EDGE_CURVE('',#719,#720,#879,.T.);
#532=EDGE_CURVE('',#720,#721,#880,.T.);
#533=EDGE_CURVE('',#721,#722,#881,.T.);
#534=EDGE_CURVE('',#722,#723,#882,.T.);
#535=EDGE_CURVE('',#723,#724,#883,.T.);
#536=EDGE_CURVE('',#724,#725,#884,.T.);
#537=EDGE_CURVE('',#725,#726,#885,.T.);
#538=EDGE_CURVE('',#726,#727,#886,.T.);
#539=EDGE_CURVE('',#727,#728,#887,.T.);
#540=EDGE_CURVE('',#728,#729,#888,.T.);
#541=EDGE_CURVE('',#729,#730,#889,.T.);
#542=EDGE_CURVE('',#730,#731,#890,.T.);
#543=EDGE_CURVE('',#731,#732,#891,.T.);
#544=EDGE_CURVE('',#732,#733,#892,.T.);
#545=EDGE_CURVE('',#733,#703,#893,.T.);
#546=EDGE_CURVE('',#697,#702,#894,.T.);
#547=EDGE_CURVE('',#696,#734,#895,.T.);
#548=EDGE_CURVE('',#734,#735,#896,.T.);
#549=EDGE_CURVE('',#735,#736,#897,.T.);
#550=EDGE_CURVE('',#736,#737,#898,.T.);
#551=EDGE_CURVE('',#737,#738,#899,.T.);
#552=EDGE_CURVE('',#738,#739,#900,.T.);
#553=EDGE_CURVE('',#739,#740,#901,.T.);
#554=EDGE_CURVE('',#740,#741,#902,.T.);
#555=EDGE_CURVE('',#741,#742,#903,.T.);
#556=EDGE_CURVE('',#742,#743,#904,.T.);
#557=EDGE_CURVE('',#743,#744,#905,.T.);
#558=EDGE_CURVE('',#744,#745,#906,.T.);
#559=EDGE_CURVE('',#745,#746,#907,.T.);
#560=EDGE_CURVE('',#746,#747,#908,.T.);
#561=EDGE_CURVE('',#747,#748,#909,.T.);
#562=EDGE_CURVE('',#748,#705,#910,.T.);
#563=EDGE_CURVE('',#749,#709,#911,.T.);
#564=EDGE_CURVE('',#749,#750,#912,.T.);
#565=EDGE_CURVE('',#706,#750,#913,.T.);
#566=EDGE_CURVE('',#751,#705,#914,.T.);
#567=EDGE_CURVE('',#751,#752,#915,.T.);
#568=EDGE_CURVE('',#746,#752,#916,.T.);
#569=EDGE_CURVE('',#753,#745,#917,.T.);
#570=EDGE_CURVE('',#753,#754,#918,.T.);
#571=EDGE_CURVE('',#742,#754,#919,.T.);
#572=EDGE_CURVE('',#755,#741,#920,.T.);
#573=EDGE_CURVE('',#755,#756,#921,.T.);
#574=EDGE_CURVE('',#738,#756,#922,.T.);
#575=EDGE_CURVE('',#757,#737,#923,.T.);
#576=EDGE_CURVE('',#757,#758,#924,.T.);
#577=EDGE_CURVE('',#734,#758,#925,.T.);
#578=EDGE_CURVE('',#759,#733,#926,.T.);
#579=EDGE_CURVE('',#759,#760,#927,.T.);
#580=EDGE_CURVE('',#730,#760,#928,.T.);
#581=EDGE_CURVE('',#761,#729,#929,.T.);
#582=EDGE_CURVE('',#761,#762,#930,.T.);
#583=EDGE_CURVE('',#726,#762,#931,.T.);
#584=EDGE_CURVE('',#763,#725,#932,.T.);
#585=EDGE_CURVE('',#763,#764,#933,.T.);
#586=EDGE_CURVE('',#722,#764,#934,.T.);
#587=EDGE_CURVE('',#765,#721,#935,.T.);
#588=EDGE_CURVE('',#765,#766,#936,.T.);
#589=EDGE_CURVE('',#718,#766,#937,.T.);
#590=EDGE_CURVE('',#767,#717,#938,.T.);
#591=EDGE_CURVE('',#767,#768,#939,.T.);
#592=EDGE_CURVE('',#714,#768,#940,.T.);
#593=EDGE_CURVE('',#769,#713,#941,.T.);
#594=EDGE_CURVE('',#769,#770,#942,.T.);
#595=EDGE_CURVE('',#710,#770,#943,.T.);
#596=EDGE_CURVE('',#771,#731,#944,.T.);
#597=EDGE_CURVE('',#771,#772,#945,.T.);
#598=EDGE_CURVE('',#772,#732,#946,.T.);
#599=EDGE_CURVE('',#772,#759,#947,.T.);
#600=EDGE_CURVE('',#760,#771,#948,.T.);
#601=EDGE_CURVE('',#773,#739,#949,.T.);
#602=EDGE_CURVE('',#773,#774,#950,.T.);
#603=EDGE_CURVE('',#774,#740,#951,.T.);
#604=EDGE_CURVE('',#774,#755,#952,.T.);
#605=EDGE_CURVE('',#756,#773,#953,.T.);
#606=EDGE_CURVE('',#775,#735,#954,.T.);
#607=EDGE_CURVE('',#775,#776,#955,.T.);
#608=EDGE_CURVE('',#776,#736,#956,.T.);
#609=EDGE_CURVE('',#776,#757,#957,.T.);
#610=EDGE_CURVE('',#758,#775,#958,.T.);
#611=EDGE_CURVE('',#777,#719,#959,.T.);
#612=EDGE_CURVE('',#777,#778,#960,.T.);
#613=EDGE_CURVE('',#778,#720,#961,.T.);
#614=EDGE_CURVE('',#778,#765,#962,.T.);
#615=EDGE_CURVE('',#766,#777,#963,.T.);
#616=EDGE_CURVE('',#779,#715,#964,.T.);
#617=EDGE_CURVE('',#779,#780,#965,.T.);
#618=EDGE_CURVE('',#780,#716,#966,.T.);
#619=EDGE_CURVE('',#780,#767,#967,.T.);
#620=EDGE_CURVE('',#768,#779,#968,.T.);
#621=EDGE_CURVE('',#781,#761,#969,.T.);
#622=EDGE_CURVE('',#781,#728,#970,.T.);
#623=EDGE_CURVE('',#762,#782,#971,.T.);
#624=EDGE_CURVE('',#782,#727,#972,.T.);
#625=EDGE_CURVE('',#782,#781,#973,.T.);
#626=EDGE_CURVE('',#783,#723,#974,.T.);
#627=EDGE_CURVE('',#783,#784,#975,.T.);
#628=EDGE_CURVE('',#784,#724,#976,.T.);
#629=EDGE_CURVE('',#784,#763,#977,.T.);
#630=EDGE_CURVE('',#764,#783,#978,.T.);
#631=EDGE_CURVE('',#785,#747,#979,.T.);
#632=EDGE_CURVE('',#785,#786,#980,.T.);
#633=EDGE_CURVE('',#786,#748,#981,.T.);
#634=EDGE_CURVE('',#786,#751,#982,.T.);
#635=EDGE_CURVE('',#752,#785,#983,.T.);
#636=EDGE_CURVE('',#787,#743,#984,.T.);
#637=EDGE_CURVE('',#787,#788,#985,.T.);
#638=EDGE_CURVE('',#788,#744,#986,.T.);
#639=EDGE_CURVE('',#788,#753,#987,.T.);
#640=EDGE_CURVE('',#754,#787,#988,.T.);
#641=EDGE_CURVE('',#789,#711,#989,.T.);
#642=EDGE_CURVE('',#789,#790,#990,.T.);
#643=EDGE_CURVE('',#790,#712,#991,.T.);
#644=EDGE_CURVE('',#790,#769,#992,.T.);
#645=EDGE_CURVE('',#770,#789,#993,.T.);
#646=EDGE_CURVE('',#791,#707,#994,.T.);
#647=EDGE_CURVE('',#791,#792,#995,.T.);
#648=EDGE_CURVE('',#792,#708,#996,.T.);
#649=EDGE_CURVE('',#792,#749,#997,.T.);
#650=EDGE_CURVE('',#750,#791,#998,.T.);
#651=EDGE_CURVE('',#793,#793,#21,.T.);
#652=EDGE_CURVE('',#794,#794,#22,.T.);
#653=VERTEX_POINT('',#2008);
#654=VERTEX_POINT('',#2009);
#655=VERTEX_POINT('',#2011);
#656=VERTEX_POINT('',#2013);
#657=VERTEX_POINT('',#2017);
#658=VERTEX_POINT('',#2019);
#659=VERTEX_POINT('',#2023);
#660=VERTEX_POINT('',#2025);
#661=VERTEX_POINT('',#2029);
#662=VERTEX_POINT('',#2031);
#663=VERTEX_POINT('',#2035);
#664=VERTEX_POINT('',#2037);
#665=VERTEX_POINT('',#2041);
#666=VERTEX_POINT('',#2043);
#667=VERTEX_POINT('',#2047);
#668=VERTEX_POINT('',#2049);
#669=VERTEX_POINT('',#2053);
#670=VERTEX_POINT('',#2055);
#671=VERTEX_POINT('',#2059);
#672=VERTEX_POINT('',#2061);
#673=VERTEX_POINT('',#2065);
#674=VERTEX_POINT('',#2067);
#675=VERTEX_POINT('',#2071);
#676=VERTEX_POINT('',#2073);
#677=VERTEX_POINT('',#2077);
#678=VERTEX_POINT('',#2079);
#679=VERTEX_POINT('',#2083);
#680=VERTEX_POINT('',#2085);
#681=VERTEX_POINT('',#2089);
#682=VERTEX_POINT('',#2091);
#683=VERTEX_POINT('',#2095);
#684=VERTEX_POINT('',#2097);
#685=VERTEX_POINT('',#2101);
#686=VERTEX_POINT('',#2103);
#687=VERTEX_POINT('',#2107);
#688=VERTEX_POINT('',#2109);
#689=VERTEX_POINT('',#2113);
#690=VERTEX_POINT('',#2115);
#691=VERTEX_POINT('',#2119);
#692=VERTEX_POINT('',#2121);
#693=VERTEX_POINT('',#2128);
#694=VERTEX_POINT('',#2131);
#695=VERTEX_POINT('',#2136);
#696=VERTEX_POINT('',#2137);
#697=VERTEX_POINT('',#2139);
#698=VERTEX_POINT('',#2141);
#699=VERTEX_POINT('',#2145);
#700=VERTEX_POINT('',#2147);
#701=VERTEX_POINT('',#2149);
#702=VERTEX_POINT('',#2153);
#703=VERTEX_POINT('',#2154);
#704=VERTEX_POINT('',#2159);
#705=VERTEX_POINT('',#2161);
#706=VERTEX_POINT('',#2162);
#707=VERTEX_POINT('',#2164);
#708=VERTEX_POINT('',#2166);
#709=VERTEX_POINT('',#2168);
#710=VERTEX_POINT('',#2170);
#711=VERTEX_POINT('',#2172);
#712=VERTEX_POINT('',#2174);
#713=VERTEX_POINT('',#2176);
#714=VERTEX_POINT('',#2178);
#715=VERTEX_POINT('',#2180);
#716=VERTEX_POINT('',#2182);
#717=VERTEX_POINT('',#2184);
#718=VERTEX_POINT('',#2186);
#719=VERTEX_POINT('',#2188);
#720=VERTEX_POINT('',#2190);
#721=VERTEX_POINT('',#2192);
#722=VERTEX_POINT('',#2194);
#723=VERTEX_POINT('',#2196);
#724=VERTEX_POINT('',#2198);
#725=VERTEX_POINT('',#2200);
#726=VERTEX_POINT('',#2202);
#727=VERTEX_POINT('',#2204);
#728=VERTEX_POINT('',#2206);
#729=VERTEX_POINT('',#2208);
#730=VERTEX_POINT('',#2210);
#731=VERTEX_POINT('',#2212);
#732=VERTEX_POINT('',#2214);
#733=VERTEX_POINT('',#2216);
#734=VERTEX_POINT('',#2220);
#735=VERTEX_POINT('',#2222);
#736=VERTEX_POINT('',#2224);
#737=VERTEX_POINT('',#2226);
#738=VERTEX_POINT('',#2228);
#739=VERTEX_POINT('',#2230);
#740=VERTEX_POINT('',#2232);
#741=VERTEX_POINT('',#2234);
#742=VERTEX_POINT('',#2236);
#743=VERTEX_POINT('',#2238);
#744=VERTEX_POINT('',#2240);
#745=VERTEX_POINT('',#2242);
#746=VERTEX_POINT('',#2244);
#747=VERTEX_POINT('',#2246);
#748=VERTEX_POINT('',#2248);
#749=VERTEX_POINT('',#2253);
#750=VERTEX_POINT('',#2255);
#751=VERTEX_POINT('',#2258);
#752=VERTEX_POINT('',#2260);
#753=VERTEX_POINT('',#2263);
#754=VERTEX_POINT('',#2265);
#755=VERTEX_POINT('',#2268);
#756=VERTEX_POINT('',#2270);
#757=VERTEX_POINT('',#2273);
#758=VERTEX_POINT('',#2275);
#759=VERTEX_POINT('',#2278);
#760=VERTEX_POINT('',#2280);
#761=VERTEX_POINT('',#2283);
#762=VERTEX_POINT('',#2285);
#763=VERTEX_POINT('',#2288);
#764=VERTEX_POINT('',#2290);
#765=VERTEX_POINT('',#2293);
#766=VERTEX_POINT('',#2295);
#767=VERTEX_POINT('',#2298);
#768=VERTEX_POINT('',#2300);
#769=VERTEX_POINT('',#2303);
#770=VERTEX_POINT('',#2305);
#771=VERTEX_POINT('',#2309);
#772=VERTEX_POINT('',#2311);
#773=VERTEX_POINT('',#2320);
#774=VERTEX_POINT('',#2322);
#775=VERTEX_POINT('',#2331);
#776=VERTEX_POINT('',#2333);
#777=VERTEX_POINT('',#2342);
#778=VERTEX_POINT('',#2344);
#779=VERTEX_POINT('',#2353);
#780=VERTEX_POINT('',#2355);
#781=VERTEX_POINT('',#2364);
#782=VERTEX_POINT('',#2368);
#783=VERTEX_POINT('',#2375);
#784=VERTEX_POINT('',#2377);
#785=VERTEX_POINT('',#2386);
#786=VERTEX_POINT('',#2388);
#787=VERTEX_POINT('',#2397);
#788=VERTEX_POINT('',#2399);
#789=VERTEX_POINT('',#2408);
#790=VERTEX_POINT('',#2410);
#791=VERTEX_POINT('',#2419);
#792=VERTEX_POINT('',#2421);
#793=VERTEX_POINT('',#2430);
#794=VERTEX_POINT('',#2434);
#795=LINE('',#2007,#999);
#796=LINE('',#2010,#1000);
#797=LINE('',#2012,#1001);
#798=LINE('',#2014,#1002);
#799=LINE('',#2016,#1003);
#800=LINE('',#2018,#1004);
#801=LINE('',#2020,#1005);
#802=LINE('',#2022,#1006);
#803=LINE('',#2024,#1007);
#804=LINE('',#2026,#1008);
#805=LINE('',#2028,#1009);
#806=LINE('',#2030,#1010);
#807=LINE('',#2032,#1011);
#808=LINE('',#2034,#1012);
#809=LINE('',#2036,#1013);
#810=LINE('',#2038,#1014);
#811=LINE('',#2040,#1015);
#812=LINE('',#2042,#1016);
#813=LINE('',#2044,#1017);
#814=LINE('',#2046,#1018);
#815=LINE('',#2048,#1019);
#816=LINE('',#2050,#1020);
#817=LINE('',#2052,#1021);
#818=LINE('',#2054,#1022);
#819=LINE('',#2056,#1023);
#820=LINE('',#2058,#1024);
#821=LINE('',#2060,#1025);
#822=LINE('',#2062,#1026);
#823=LINE('',#2064,#1027);
#824=LINE('',#2066,#1028);
#825=LINE('',#2068,#1029);
#826=LINE('',#2070,#1030);
#827=LINE('',#2072,#1031);
#828=LINE('',#2074,#1032);
#829=LINE('',#2076,#1033);
#830=LINE('',#2078,#1034);
#831=LINE('',#2080,#1035);
#832=LINE('',#2082,#1036);
#833=LINE('',#2084,#1037);
#834=LINE('',#2086,#1038);
#835=LINE('',#2088,#1039);
#836=LINE('',#2090,#1040);
#837=LINE('',#2092,#1041);
#838=LINE('',#2094,#1042);
#839=LINE('',#2096,#1043);
#840=LINE('',#2098,#1044);
#841=LINE('',#2100,#1045);
#842=LINE('',#2102,#1046);
#843=LINE('',#2104,#1047);
#844=LINE('',#2106,#1048);
#845=LINE('',#2108,#1049);
#846=LINE('',#2110,#1050);
#847=LINE('',#2112,#1051);
#848=LINE('',#2114,#1052);
#849=LINE('',#2116,#1053);
#850=LINE('',#2118,#1054);
#851=LINE('',#2120,#1055);
#852=LINE('',#2122,#1056);
#853=LINE('',#2124,#1057);
#854=LINE('',#2125,#1058);
#855=LINE('',#2135,#1059);
#856=LINE('',#2138,#1060);
#857=LINE('',#2140,#1061);
#858=LINE('',#2142,#1062);
#859=LINE('',#2146,#1063);
#860=LINE('',#2148,#1064);
#861=LINE('',#2150,#1065);
#862=LINE('',#2152,#1066);
#863=LINE('',#2155,#1067);
#864=LINE('',#2156,#1068);
#865=LINE('',#2160,#1069);
#866=LINE('',#2163,#1070);
#867=LINE('',#2165,#1071);
#868=LINE('',#2167,#1072);
#869=LINE('',#2169,#1073);
#870=LINE('',#2171,#1074);
#871=LINE('',#2173,#1075);
#872=LINE('',#2175,#1076);
#873=LINE('',#2177,#1077);
#874=LINE('',#2179,#1078);
#875=LINE('',#2181,#1079);
#876=LINE('',#2183,#1080);
#877=LINE('',#2185,#1081);
#878=LINE('',#2187,#1082);
#879=LINE('',#2189,#1083);
#880=LINE('',#2191,#1084);
#881=LINE('',#2193,#1085);
#882=LINE('',#2195,#1086);
#883=LINE('',#2197,#1087);
#884=LINE('',#2199,#1088);
#885=LINE('',#2201,#1089);
#886=LINE('',#2203,#1090);
#887=LINE('',#2205,#1091);
#888=LINE('',#2207,#1092);
#889=LINE('',#2209,#1093);
#890=LINE('',#2211,#1094);
#891=LINE('',#2213,#1095);
#892=LINE('',#2215,#1096);
#893=LINE('',#2217,#1097);
#894=LINE('',#2218,#1098);
#895=LINE('',#2219,#1099);
#896=LINE('',#2221,#1100);
#897=LINE('',#2223,#1101);
#898=LINE('',#2225,#1102);
#899=LINE('',#2227,#1103);
#900=LINE('',#2229,#1104);
#901=LINE('',#2231,#1105);
#902=LINE('',#2233,#1106);
#903=LINE('',#2235,#1107);
#904=LINE('',#2237,#1108);
#905=LINE('',#2239,#1109);
#906=LINE('',#2241,#1110);
#907=LINE('',#2243,#1111);
#908=LINE('',#2245,#1112);
#909=LINE('',#2247,#1113);
#910=LINE('',#2249,#1114);
#911=LINE('',#2252,#1115);
#912=LINE('',#2254,#1116);
#913=LINE('',#2256,#1117);
#914=LINE('',#2257,#1118);
#915=LINE('',#2259,#1119);
#916=LINE('',#2261,#1120);
#917=LINE('',#2262,#1121);
#918=LINE('',#2264,#1122);
#919=LINE('',#2266,#1123);
#920=LINE('',#2267,#1124);
#921=LINE('',#2269,#1125);
#922=LINE('',#2271,#1126);
#923=LINE('',#2272,#1127);
#924=LINE('',#2274,#1128);
#925=LINE('',#2276,#1129);
#926=LINE('',#2277,#1130);
#927=LINE('',#2279,#1131);
#928=LINE('',#2281,#1132);
#929=LINE('',#2282,#1133);
#930=LINE('',#2284,#1134);
#931=LINE('',#2286,#1135);
#932=LINE('',#2287,#1136);
#933=LINE('',#2289,#1137);
#934=LINE('',#2291,#1138);
#935=LINE('',#2292,#1139);
#936=LINE('',#2294,#1140);
#937=LINE('',#2296,#1141);
#938=LINE('',#2297,#1142);
#939=LINE('',#2299,#1143);
#940=LINE('',#2301,#1144);
#941=LINE('',#2302,#1145);
#942=LINE('',#2304,#1146);
#943=LINE('',#2306,#1147);
#944=LINE('',#2308,#1148);
#945=LINE('',#2310,#1149);
#946=LINE('',#2312,#1150);
#947=LINE('',#2314,#1151);
#948=LINE('',#2316,#1152);
#949=LINE('',#2319,#1153);
#950=LINE('',#2321,#1154);
#951=LINE('',#2323,#1155);
#952=LINE('',#2325,#1156);
#953=LINE('',#2327,#1157);
#954=LINE('',#2330,#1158);
#955=LINE('',#2332,#1159);
#956=LINE('',#2334,#1160);
#957=LINE('',#2336,#1161);
#958=LINE('',#2338,#1162);
#959=LINE('',#2341,#1163);
#960=LINE('',#2343,#1164);
#961=LINE('',#2345,#1165);
#962=LINE('',#2347,#1166);
#963=LINE('',#2349,#1167);
#964=LINE('',#2352,#1168);
#965=LINE('',#2354,#1169);
#966=LINE('',#2356,#1170);
#967=LINE('',#2358,#1171);
#968=LINE('',#2360,#1172);
#969=LINE('',#2363,#1173);
#970=LINE('',#2365,#1174);
#971=LINE('',#2367,#1175);
#972=LINE('',#2369,#1176);
#973=LINE('',#2371,#1177);
#974=LINE('',#2374,#1178);
#975=LINE('',#2376,#1179);
#976=LINE('',#2378,#1180);
#977=LINE('',#2380,#1181);
#978=LINE('',#2382,#1182);
#979=LINE('',#2385,#1183);
#980=LINE('',#2387,#1184);
#981=LINE('',#2389,#1185);
#982=LINE('',#2391,#1186);
#983=LINE('',#2393,#1187);
#984=LINE('',#2396,#1188);
#985=LINE('',#2398,#1189);
#986=LINE('',#2400,#1190);
#987=LINE('',#2402,#1191);
#988=LINE('',#2404,#1192);
#989=LINE('',#2407,#1193);
#990=LINE('',#2409,#1194);
#991=LINE('',#2411,#1195);
#992=LINE('',#2413,#1196);
#993=LINE('',#2415,#1197);
#994=LINE('',#2418,#1198);
#995=LINE('',#2420,#1199);
#996=LINE('',#2422,#1200);
#997=LINE('',#2424,#1201);
#998=LINE('',#2426,#1202);
#999=VECTOR('',#1635,1.);
#1000=VECTOR('',#1636,1.);
#1001=VECTOR('',#1637,1.);
#1002=VECTOR('',#1638,1.);
#1003=VECTOR('',#1641,1.);
#1004=VECTOR('',#1642,1.);
#1005=VECTOR('',#1643,1.);
#1006=VECTOR('',#1646,1.);
#1007=VECTOR('',#1647,1.);
#1008=VECTOR('',#1648,1.);
#1009=VECTOR('',#1651,1.);
#1010=VECTOR('',#1652,1.);
#1011=VECTOR('',#1653,1.);
#1012=VECTOR('',#1656,1.);
#1013=VECTOR('',#1657,1.);
#1014=VECTOR('',#1658,1.);
#1015=VECTOR('',#1661,1.);
#1016=VECTOR('',#1662,1.);
#1017=VECTOR('',#1663,1.);
#1018=VECTOR('',#1666,1.);
#1019=VECTOR('',#1667,1.);
#1020=VECTOR('',#1668,1.);
#1021=VECTOR('',#1671,1.);
#1022=VECTOR('',#1672,1.);
#1023=VECTOR('',#1673,1.);
#1024=VECTOR('',#1676,1.);
#1025=VECTOR('',#1677,1.);
#1026=VECTOR('',#1678,1.);
#1027=VECTOR('',#1681,1.);
#1028=VECTOR('',#1682,1.);
#1029=VECTOR('',#1683,1.);
#1030=VECTOR('',#1686,1.);
#1031=VECTOR('',#1687,1.);
#1032=VECTOR('',#1688,1.);
#1033=VECTOR('',#1691,1.);
#1034=VECTOR('',#1692,1.);
#1035=VECTOR('',#1693,1.);
#1036=VECTOR('',#1696,1.);
#1037=VECTOR('',#1697,1.);
#1038=VECTOR('',#1698,1.);
#1039=VECTOR('',#1701,1.);
#1040=VECTOR('',#1702,1.);
#1041=VECTOR('',#1703,1.);
#1042=VECTOR('',#1706,1.);
#1043=VECTOR('',#1707,1.);
#1044=VECTOR('',#1708,1.);
#1045=VECTOR('',#1711,1.);
#1046=VECTOR('',#1712,1.);
#1047=VECTOR('',#1713,1.);
#1048=VECTOR('',#1716,1.);
#1049=VECTOR('',#1717,1.);
#1050=VECTOR('',#1718,1.);
#1051=VECTOR('',#1721,1.);
#1052=VECTOR('',#1722,1.);
#1053=VECTOR('',#1723,1.);
#1054=VECTOR('',#1726,1.);
#1055=VECTOR('',#1727,1.);
#1056=VECTOR('',#1728,1.);
#1057=VECTOR('',#1731,1.);
#1058=VECTOR('',#1732,1.);
#1059=VECTOR('',#1747,1.);
#1060=VECTOR('',#1748,1.);
#1061=VECTOR('',#1749,1.);
#1062=VECTOR('',#1750,1.);
#1063=VECTOR('',#1755,1.);
#1064=VECTOR('',#1756,1.);
#1065=VECTOR('',#1757,1.);
#1066=VECTOR('',#1760,1.);
#1067=VECTOR('',#1761,1.);
#1068=VECTOR('',#1762,1.);
#1069=VECTOR('',#1767,1.);
#1070=VECTOR('',#1768,1.);
#1071=VECTOR('',#1769,1.);
#1072=VECTOR('',#1770,1.);
#1073=VECTOR('',#1771,1.);
#1074=VECTOR('',#1772,1.);
#1075=VECTOR('',#1773,1.);
#1076=VECTOR('',#1774,1.);
#1077=VECTOR('',#1775,1.);
#1078=VECTOR('',#1776,1.);
#1079=VECTOR('',#1777,1.);
#1080=VECTOR('',#1778,1.);
#1081=VECTOR('',#1779,1.);
#1082=VECTOR('',#1780,1.);
#1083=VECTOR('',#1781,1.);
#1084=VECTOR('',#1782,1.);
#1085=VECTOR('',#1783,1.);
#1086=VECTOR('',#1784,1.);
#1087=VECTOR('',#1785,1.);
#1088=VECTOR('',#1786,1.);
#1089=VECTOR('',#1787,1.);
#1090=VECTOR('',#1788,1.);
#1091=VECTOR('',#1789,1.);
#1092=VECTOR('',#1790,1.);
#1093=VECTOR('',#1791,1.);
#1094=VECTOR('',#1792,1.);
#1095=VECTOR('',#1793,1.);
#1096=VECTOR('',#1794,1.);
#1097=VECTOR('',#1795,1.);
#1098=VECTOR('',#1796,1.);
#1099=VECTOR('',#1797,1.);
#1100=VECTOR('',#1798,1.);
#1101=VECTOR('',#1799,1.);
#1102=VECTOR('',#1800,1.);
#1103=VECTOR('',#1801,1.);
#1104=VECTOR('',#1802,1.);
#1105=VECTOR('',#1803,1.);
#1106=VECTOR('',#1804,1.);
#1107=VECTOR('',#1805,1.);
#1108=VECTOR('',#1806,1.);
#1109=VECTOR('',#1807,1.);
#1110=VECTOR('',#1808,1.);
#1111=VECTOR('',#1809,1.);
#1112=VECTOR('',#1810,1.);
#1113=VECTOR('',#1811,1.);
#1114=VECTOR('',#1812,1.);
#1115=VECTOR('',#1817,1.);
#1116=VECTOR('',#1818,1.);
#1117=VECTOR('',#1819,1.);
#1118=VECTOR('',#1820,1.);
#1119=VECTOR('',#1821,1.);
#1120=VECTOR('',#1822,1.);
#1121=VECTOR('',#1823,1.);
#1122=VECTOR('',#1824,1.);
#1123=VECTOR('',#1825,1.);
#1124=VECTOR('',#1826,1.);
#1125=VECTOR('',#1827,1.);
#1126=VECTOR('',#1828,1.);
#1127=VECTOR('',#1829,1.);
#1128=VECTOR('',#1830,1.);
#1129=VECTOR('',#1831,1.);
#1130=VECTOR('',#1832,1.);
#1131=VECTOR('',#1833,1.);
#1132=VECTOR('',#1834,1.);
#1133=VECTOR('',#1835,1.);
#1134=VECTOR('',#1836,1.);
#1135=VECTOR('',#1837,1.);
#1136=VECTOR('',#1838,1.);
#1137=VECTOR('',#1839,1.);
#1138=VECTOR('',#1840,1.);
#1139=VECTOR('',#1841,1.);
#1140=VECTOR('',#1842,1.);
#1141=VECTOR('',#1843,1.);
#1142=VECTOR('',#1844,1.);
#1143=VECTOR('',#1845,1.);
#1144=VECTOR('',#1846,1.);
#1145=VECTOR('',#1847,1.);
#1146=VECTOR('',#1848,1.);
#1147=VECTOR('',#1849,1.);
#1148=VECTOR('',#1852,1.);
#1149=VECTOR('',#1853,1.);
#1150=VECTOR('',#1854,1.);
#1151=VECTOR('',#1857,1.);
#1152=VECTOR('',#1860,1.);
#1153=VECTOR('',#1865,1.);
#1154=VECTOR('',#1866,1.);
#1155=VECTOR('',#1867,1.);
#1156=VECTOR('',#1870,1.);
#1157=VECTOR('',#1873,1.);
#1158=VECTOR('',#1878,1.);
#1159=VECTOR('',#1879,1.);
#1160=VECTOR('',#1880,1.);
#1161=VECTOR('',#1883,1.);
#1162=VECTOR('',#1886,1.);
#1163=VECTOR('',#1891,1.);
#1164=VECTOR('',#1892,1.);
#1165=VECTOR('',#1893,1.);
#1166=VECTOR('',#1896,1.);
#1167=VECTOR('',#1899,1.);
#1168=VECTOR('',#1904,1.);
#1169=VECTOR('',#1905,1.);
#1170=VECTOR('',#1906,1.);
#1171=VECTOR('',#1909,1.);
#1172=VECTOR('',#1912,1.);
#1173=VECTOR('',#1917,1.);
#1174=VECTOR('',#1918,1.);
#1175=VECTOR('',#1921,1.);
#1176=VECTOR('',#1922,1.);
#1177=VECTOR('',#1925,1.);
#1178=VECTOR('',#1930,1.);
#1179=VECTOR('',#1931,1.);
#1180=VECTOR('',#1932,1.);
#1181=VECTOR('',#1935,1.);
#1182=VECTOR('',#1938,1.);
#1183=VECTOR('',#1943,1.);
#1184=VECTOR('',#1944,1.);
#1185=VECTOR('',#1945,1.);
#1186=VECTOR('',#1948,1.);
#1187=VECTOR('',#1951,1.);
#1188=VECTOR('',#1956,1.);
#1189=VECTOR('',#1957,1.);
#1190=VECTOR('',#1958,1.);
#1191=VECTOR('',#1961,1.);
#1192=VECTOR('',#1964,1.);
#1193=VECTOR('',#1969,1.);
#1194=VECTOR('',#1970,1.);
#1195=VECTOR('',#1971,1.);
#1196=VECTOR('',#1974,1.);
#1197=VECTOR('',#1977,1.);
#1198=VECTOR('',#1982,1.);
#1199=VECTOR('',#1983,1.);
#1200=VECTOR('',#1984,1.);
#1201=VECTOR('',#1987,1.);
#1202=VECTOR('',#1990,1.);
#1203=EDGE_LOOP('',(#23,#24,#25,#26));
#1204=EDGE_LOOP('',(#27,#28,#29,#30));
#1205=EDGE_LOOP('',(#31,#32,#33,#34));
#1206=EDGE_LOOP('',(#35,#36,#37,#38));
#1207=EDGE_LOOP('',(#39,#40,#41,#42));
#1208=EDGE_LOOP('',(#43,#44,#45,#46));
#1209=EDGE_LOOP('',(#47,#48,#49,#50));
#1210=EDGE_LOOP('',(#51,#52,#53,#54));
#1211=EDGE_LOOP('',(#55,#56,#57,#58));
#1212=EDGE_LOOP('',(#59,#60,#61,#62));
#1213=EDGE_LOOP('',(#63,#64,#65,#66));
#1214=EDGE_LOOP('',(#67,#68,#69,#70));
#1215=EDGE_LOOP('',(#71,#72,#73,#74));
#1216=EDGE_LOOP('',(#75,#76,#77,#78));
#1217=EDGE_LOOP('',(#79,#80,#81,#82));
#1218=EDGE_LOOP('',(#83,#84,#85,#86));
#1219=EDGE_LOOP('',(#87,#88,#89,#90));
#1220=EDGE_LOOP('',(#91,#92,#93,#94));
#1221=EDGE_LOOP('',(#95,#96,#97,#98));
#1222=EDGE_LOOP('',(#99,#100,#101,#102));
#1223=EDGE_LOOP('',(#103));
#1224=EDGE_LOOP('',(#104,#105,#106,#107,#108,#109,#110,#111,#112,#113,#114,
#115,#116,#117,#118,#119,#120,#121,#122,#123));
#1225=EDGE_LOOP('',(#124));
#1226=EDGE_LOOP('',(#125,#126,#127,#128,#129,#130,#131,#132,#133,#134,#135,
#136,#137,#138,#139,#140,#141,#142,#143,#144));
#1227=EDGE_LOOP('',(#145));
#1228=EDGE_LOOP('',(#146));
#1229=EDGE_LOOP('',(#147,#148,#149,#150));
#1230=EDGE_LOOP('',(#151));
#1231=EDGE_LOOP('',(#152,#153,#154,#155));
#1232=EDGE_LOOP('',(#156,#157,#158,#159));
#1233=EDGE_LOOP('',(#160));
#1234=EDGE_LOOP('',(#161,#162,#163,#164,#165,#166,#167,#168,#169,#170,#171,
#172,#173,#174,#175,#176,#177,#178,#179,#180,#181,#182,#183,#184,#185,#186,
#187,#188,#189,#190,#191,#192,#193,#194,#195,#196,#197,#198,#199,#200,#201,
#202,#203,#204,#205,#206,#207,#208));
#1235=EDGE_LOOP('',(#209,#210,#211,#212));
#1236=EDGE_LOOP('',(#213,#214,#215,#216,#217,#218,#219,#220,#221,#222,#223,
#224,#225,#226,#227,#228,#229,#230,#231,#232,#233,#234,#235,#236,#237,#238,
#239,#240,#241,#242,#243,#244,#245,#246,#247,#248,#249,#250,#251,#252,#253,
#254,#255,#256,#257,#258,#259,#260));
#1237=EDGE_LOOP('',(#261,#262,#263,#264));
#1238=EDGE_LOOP('',(#265,#266,#267,#268));
#1239=EDGE_LOOP('',(#269,#270,#271,#272));
#1240=EDGE_LOOP('',(#273,#274,#275,#276));
#1241=EDGE_LOOP('',(#277,#278,#279,#280));
#1242=EDGE_LOOP('',(#281,#282,#283,#284));
#1243=EDGE_LOOP('',(#285,#286,#287,#288));
#1244=EDGE_LOOP('',(#289,#290,#291,#292));
#1245=EDGE_LOOP('',(#293,#294,#295,#296));
#1246=EDGE_LOOP('',(#297,#298,#299,#300));
#1247=EDGE_LOOP('',(#301,#302,#303,#304));
#1248=EDGE_LOOP('',(#305,#306,#307,#308));
#1249=EDGE_LOOP('',(#309,#310,#311,#312));
#1250=EDGE_LOOP('',(#313,#314,#315,#316));
#1251=EDGE_LOOP('',(#317,#318,#319,#320));
#1252=EDGE_LOOP('',(#321,#322,#323,#324));
#1253=EDGE_LOOP('',(#325,#326,#327,#328));
#1254=EDGE_LOOP('',(#329,#330,#331,#332));
#1255=EDGE_LOOP('',(#333,#334,#335,#336));
#1256=EDGE_LOOP('',(#337,#338,#339,#340));
#1257=EDGE_LOOP('',(#341,#342,#343,#344));
#1258=EDGE_LOOP('',(#345,#346,#347,#348));
#1259=EDGE_LOOP('',(#349,#350,#351,#352));
#1260=EDGE_LOOP('',(#353,#354,#355,#356));
#1261=EDGE_LOOP('',(#357,#358,#359,#360));
#1262=EDGE_LOOP('',(#361,#362,#363,#364));
#1263=EDGE_LOOP('',(#365,#366,#367,#368));
#1264=EDGE_LOOP('',(#369,#370,#371,#372));
#1265=EDGE_LOOP('',(#373,#374,#375,#376));
#1266=EDGE_LOOP('',(#377,#378,#379,#380));
#1267=EDGE_LOOP('',(#381,#382,#383,#384));
#1268=EDGE_LOOP('',(#385,#386,#387,#388));
#1269=EDGE_LOOP('',(#389,#390,#391,#392));
#1270=EDGE_LOOP('',(#393,#394,#395,#396));
#1271=EDGE_LOOP('',(#397,#398,#399,#400));
#1272=EDGE_LOOP('',(#401,#402,#403,#404));
#1273=EDGE_LOOP('',(#405,#406,#407,#408));
#1274=EDGE_LOOP('',(#409,#410,#411,#412));
#1275=EDGE_LOOP('',(#413,#414,#415,#416));
#1276=EDGE_LOOP('',(#417,#418,#419,#420));
#1277=EDGE_LOOP('',(#421,#422,#423,#424));
#1278=EDGE_LOOP('',(#425,#426,#427,#428));
#1279=EDGE_LOOP('',(#429,#430,#431,#432));
#1280=EDGE_LOOP('',(#433,#434,#435,#436));
#1281=EDGE_LOOP('',(#437));
#1282=EDGE_LOOP('',(#438));
#1283=EDGE_LOOP('',(#439));
#1284=EDGE_LOOP('',(#440));
#1285=EDGE_LOOP('',(#441));
#1286=EDGE_LOOP('',(#442));
#1287=FACE_BOUND('',#1203,.T.);
#1288=FACE_BOUND('',#1204,.T.);
#1289=FACE_BOUND('',#1205,.T.);
#1290=FACE_BOUND('',#1206,.T.);
#1291=FACE_BOUND('',#1207,.T.);
#1292=FACE_BOUND('',#1208,.T.);
#1293=FACE_BOUND('',#1209,.T.);
#1294=FACE_BOUND('',#1210,.T.);
#1295=FACE_BOUND('',#1211,.T.);
#1296=FACE_BOUND('',#1212,.T.);
#1297=FACE_BOUND('',#1213,.T.);
#1298=FACE_BOUND('',#1214,.T.);
#1299=FACE_BOUND('',#1215,.T.);
#1300=FACE_BOUND('',#1216,.T.);
#1301=FACE_BOUND('',#1217,.T.);
#1302=FACE_BOUND('',#1218,.T.);
#1303=FACE_BOUND('',#1219,.T.);
#1304=FACE_BOUND('',#1220,.T.);
#1305=FACE_BOUND('',#1221,.T.);
#1306=FACE_BOUND('',#1222,.T.);
#1307=FACE_BOUND('',#1223,.T.);
#1308=FACE_BOUND('',#1224,.T.);
#1309=FACE_BOUND('',#1225,.T.);
#1310=FACE_BOUND('',#1226,.T.);
#1311=FACE_BOUND('',#1227,.T.);
#1312=FACE_BOUND('',#1228,.T.);
#1313=FACE_BOUND('',#1229,.T.);
#1314=FACE_BOUND('',#1230,.T.);
#1315=FACE_BOUND('',#1231,.T.);
#1316=FACE_BOUND('',#1232,.T.);
#1317=FACE_BOUND('',#1233,.T.);
#1318=FACE_BOUND('',#1234,.T.);
#1319=FACE_BOUND('',#1235,.T.);
#1320=FACE_BOUND('',#1236,.T.);
#1321=FACE_BOUND('',#1237,.T.);
#1322=FACE_BOUND('',#1238,.T.);
#1323=FACE_BOUND('',#1239,.T.);
#1324=FACE_BOUND('',#1240,.T.);
#1325=FACE_BOUND('',#1241,.T.);
#1326=FACE_BOUND('',#1242,.T.);
#1327=FACE_BOUND('',#1243,.T.);
#1328=FACE_BOUND('',#1244,.T.);
#1329=FACE_BOUND('',#1245,.T.);
#1330=FACE_BOUND('',#1246,.T.);
#1331=FACE_BOUND('',#1247,.T.);
#1332=FACE_BOUND('',#1248,.T.);
#1333=FACE_BOUND('',#1249,.T.);
#1334=FACE_BOUND('',#1250,.T.);
#1335=FACE_BOUND('',#1251,.T.);
#1336=FACE_BOUND('',#1252,.T.);
#1337=FACE_BOUND('',#1253,.T.);
#1338=FACE_BOUND('',#1254,.T.);
#1339=FACE_BOUND('',#1255,.T.);
#1340=FACE_BOUND('',#1256,.T.);
#1341=FACE_BOUND('',#1257,.T.);
#1342=FACE_BOUND('',#1258,.T.);
#1343=FACE_BOUND('',#1259,.T.);
#1344=FACE_BOUND('',#1260,.T.);
#1345=FACE_BOUND('',#1261,.T.);
#1346=FACE_BOUND('',#1262,.T.);
#1347=FACE_BOUND('',#1263,.T.);
#1348=FACE_BOUND('',#1264,.T.);
#1349=FACE_BOUND('',#1265,.T.);
#1350=FACE_BOUND('',#1266,.T.);
#1351=FACE_BOUND('',#1267,.T.);
#1352=FACE_BOUND('',#1268,.T.);
#1353=FACE_BOUND('',#1269,.T.);
#1354=FACE_BOUND('',#1270,.T.);
#1355=FACE_BOUND('',#1271,.T.);
#1356=FACE_BOUND('',#1272,.T.);
#1357=FACE_BOUND('',#1273,.T.);
#1358=FACE_BOUND('',#1274,.T.);
#1359=FACE_BOUND('',#1275,.T.);
#1360=FACE_BOUND('',#1276,.T.);
#1361=FACE_BOUND('',#1277,.T.);
#1362=FACE_BOUND('',#1278,.T.);
#1363=FACE_BOUND('',#1279,.T.);
#1364=FACE_BOUND('',#1280,.T.);
#1365=FACE_BOUND('',#1281,.T.);
#1366=FACE_BOUND('',#1282,.T.);
#1367=FACE_BOUND('',#1283,.T.);
#1368=FACE_BOUND('',#1284,.T.);
#1369=FACE_BOUND('',#1285,.T.);
#1370=FACE_BOUND('',#1286,.T.);
#1371=PLANE('',#1547);
#1372=PLANE('',#1548);
#1373=PLANE('',#1549);
#1374=PLANE('',#1550);
#1375=PLANE('',#1551);
#1376=PLANE('',#1552);
#1377=PLANE('',#1553);
#1378=PLANE('',#1554);
#1379=PLANE('',#1555);
#1380=PLANE('',#1556);
#1381=PLANE('',#1557);
#1382=PLANE('',#1558);
#1383=PLANE('',#1559);
#1384=PLANE('',#1560);
#1385=PLANE('',#1561);
#1386=PLANE('',#1562);
#1387=PLANE('',#1563);
#1388=PLANE('',#1564);
#1389=PLANE('',#1565);
#1390=PLANE('',#1566);
#1391=PLANE('',#1567);
#1392=PLANE('',#1569);
#1393=PLANE('',#1573);
#1394=PLANE('',#1574);
#1395=PLANE('',#1576);
#1396=PLANE('',#1577);
#1397=PLANE('',#1579);
#1398=PLANE('',#1580);
#1399=PLANE('',#1581);
#1400=PLANE('',#1582);
#1401=PLANE('',#1583);
#1402=PLANE('',#1584);
#1403=PLANE('',#1585);
#1404=PLANE('',#1586);
#1405=PLANE('',#1587);
#1406=PLANE('',#1588);
#1407=PLANE('',#1589);
#1408=PLANE('',#1590);
#1409=PLANE('',#1591);
#1410=PLANE('',#1592);
#1411=PLANE('',#1593);
#1412=PLANE('',#1594);
#1413=PLANE('',#1595);
#1414=PLANE('',#1596);
#1415=PLANE('',#1597);
#1416=PLANE('',#1598);
#1417=PLANE('',#1599);
#1418=PLANE('',#1600);
#1419=PLANE('',#1601);
#1420=PLANE('',#1602);
#1421=PLANE('',#1603);
#1422=PLANE('',#1604);
#1423=PLANE('',#1605);
#1424=PLANE('',#1606);
#1425=PLANE('',#1607);
#1426=PLANE('',#1608);
#1427=PLANE('',#1609);
#1428=PLANE('',#1610);
#1429=PLANE('',#1611);
#1430=PLANE('',#1612);
#1431=PLANE('',#1613);
#1432=PLANE('',#1614);
#1433=PLANE('',#1615);
#1434=PLANE('',#1616);
#1435=PLANE('',#1617);
#1436=PLANE('',#1618);
#1437=PLANE('',#1619);
#1438=PLANE('',#1620);
#1439=PLANE('',#1621);
#1440=PLANE('',#1622);
#1441=PLANE('',#1623);
#1442=PLANE('',#1624);
#1443=PLANE('',#1627);
#1444=PLANE('',#1630);
#1445=ADVANCED_FACE('',(#1287),#1371,.F.);
#1446=ADVANCED_FACE('',(#1288),#1372,.T.);
#1447=ADVANCED_FACE('',(#1289),#1373,.T.);
#1448=ADVANCED_FACE('',(#1290),#1374,.F.);
#1449=ADVANCED_FACE('',(#1291),#1375,.F.);
#1450=ADVANCED_FACE('',(#1292),#1376,.T.);
#1451=ADVANCED_FACE('',(#1293),#1377,.T.);
#1452=ADVANCED_FACE('',(#1294),#1378,.F.);
#1453=ADVANCED_FACE('',(#1295),#1379,.F.);
#1454=ADVANCED_FACE('',(#1296),#1380,.T.);
#1455=ADVANCED_FACE('',(#1297),#1381,.T.);
#1456=ADVANCED_FACE('',(#1298),#1382,.F.);
#1457=ADVANCED_FACE('',(#1299),#1383,.F.);
#1458=ADVANCED_FACE('',(#1300),#1384,.T.);
#1459=ADVANCED_FACE('',(#1301),#1385,.T.);
#1460=ADVANCED_FACE('',(#1302),#1386,.F.);
#1461=ADVANCED_FACE('',(#1303),#1387,.F.);
#1462=ADVANCED_FACE('',(#1304),#1388,.T.);
#1463=ADVANCED_FACE('',(#1305),#1389,.T.);
#1464=ADVANCED_FACE('',(#1306),#1390,.F.);
#1465=ADVANCED_FACE('',(#1307,#1308),#1391,.T.);
#1466=ADVANCED_FACE('',(#1309,#1310),#1392,.F.);
#1467=ADVANCED_FACE('',(#1311,#1312),#14,.F.);
#1468=ADVANCED_FACE('',(#1313),#1393,.F.);
#1469=ADVANCED_FACE('',(#1314,#1315),#1394,.T.);
#1470=ADVANCED_FACE('',(#1316),#1395,.T.);
#1471=ADVANCED_FACE('',(#1317,#1318),#1396,.F.);
#1472=ADVANCED_FACE('',(#1319),#1397,.F.);
#1473=ADVANCED_FACE('',(#1320),#1398,.T.);
#1474=ADVANCED_FACE('',(#1321),#1399,.T.);
#1475=ADVANCED_FACE('',(#1322),#1400,.T.);
#1476=ADVANCED_FACE('',(#1323),#1401,.T.);
#1477=ADVANCED_FACE('',(#1324),#1402,.F.);
#1478=ADVANCED_FACE('',(#1325),#1403,.T.);
#1479=ADVANCED_FACE('',(#1326),#1404,.T.);
#1480=ADVANCED_FACE('',(#1327),#1405,.T.);
#1481=ADVANCED_FACE('',(#1328),#1406,.F.);
#1482=ADVANCED_FACE('',(#1329),#1407,.T.);
#1483=ADVANCED_FACE('',(#1330),#1408,.T.);
#1484=ADVANCED_FACE('',(#1331),#1409,.T.);
#1485=ADVANCED_FACE('',(#1332),#1410,.F.);
#1486=ADVANCED_FACE('',(#1333),#1411,.T.);
#1487=ADVANCED_FACE('',(#1334),#1412,.T.);
#1488=ADVANCED_FACE('',(#1335),#1413,.T.);
#1489=ADVANCED_FACE('',(#1336),#1414,.F.);
#1490=ADVANCED_FACE('',(#1337),#1415,.T.);
#1491=ADVANCED_FACE('',(#1338),#1416,.T.);
#1492=ADVANCED_FACE('',(#1339),#1417,.T.);
#1493=ADVANCED_FACE('',(#1340),#1418,.F.);
#1494=ADVANCED_FACE('',(#1341),#1419,.T.);
#1495=ADVANCED_FACE('',(#1342),#1420,.T.);
#1496=ADVANCED_FACE('',(#1343),#1421,.T.);
#1497=ADVANCED_FACE('',(#1344),#1422,.F.);
#1498=ADVANCED_FACE('',(#1345),#1423,.T.);
#1499=ADVANCED_FACE('',(#1346),#1424,.T.);
#1500=ADVANCED_FACE('',(#1347),#1425,.T.);
#1501=ADVANCED_FACE('',(#1348),#1426,.F.);
#1502=ADVANCED_FACE('',(#1349),#1427,.T.);
#1503=ADVANCED_FACE('',(#1350),#1428,.T.);
#1504=ADVANCED_FACE('',(#1351),#1429,.T.);
#1505=ADVANCED_FACE('',(#1352),#1430,.F.);
#1506=ADVANCED_FACE('',(#1353),#1431,.T.);
#1507=ADVANCED_FACE('',(#1354),#1432,.T.);
#1508=ADVANCED_FACE('',(#1355),#1433,.T.);
#1509=ADVANCED_FACE('',(#1356),#1434,.F.);
#1510=ADVANCED_FACE('',(#1357),#1435,.T.);
#1511=ADVANCED_FACE('',(#1358),#1436,.T.);
#1512=ADVANCED_FACE('',(#1359),#1437,.T.);
#1513=ADVANCED_FACE('',(#1360),#1438,.F.);
#1514=ADVANCED_FACE('',(#1361),#1439,.T.);
#1515=ADVANCED_FACE('',(#1362),#1440,.T.);
#1516=ADVANCED_FACE('',(#1363),#1441,.T.);
#1517=ADVANCED_FACE('',(#1364),#1442,.F.);
#1518=ADVANCED_FACE('',(#1365,#1366),#15,.T.);
#1519=ADVANCED_FACE('',(#1367),#1443,.T.);
#1520=ADVANCED_FACE('',(#1368,#1369),#16,.T.);
#1521=ADVANCED_FACE('',(#1370),#1444,.F.);
#1522=CLOSED_SHELL('',(#1445,#1446,#1447,#1448,#1449,#1450,#1451,#1452,
#1453,#1454,#1455,#1456,#1457,#1458,#1459,#1460,#1461,#1462,#1463,#1464,
#1465,#1466,#1467));
#1523=CLOSED_SHELL('',(#1468,#1469,#1470,#1471,#1472,#1473,#1474,#1475,
#1476,#1477,#1478,#1479,#1480,#1481,#1482,#1483,#1484,#1485,#1486,#1487,
#1488,#1489,#1490,#1491,#1492,#1493,#1494,#1495,#1496,#1497,#1498,#1499,
#1500,#1501,#1502,#1503,#1504,#1505,#1506,#1507,#1508,#1509,#1510,#1511,
#1512,#1513,#1514,#1515,#1516,#1517,#1518,#1519,#1520,#1521));
#1524=STYLED_ITEM('',(#1526),#1540);
#1525=STYLED_ITEM('',(#1527),#1541);
#1526=PRESENTATION_STYLE_ASSIGNMENT((#1528));
#1527=PRESENTATION_STYLE_ASSIGNMENT((#1529));
#1528=SURFACE_STYLE_USAGE(.BOTH.,#1530);
#1529=SURFACE_STYLE_USAGE(.BOTH.,#1531);
#1530=SURFACE_SIDE_STYLE('',(#1532));
#1531=SURFACE_SIDE_STYLE('',(#1533));
#1532=SURFACE_STYLE_FILL_AREA(#1534);
#1533=SURFACE_STYLE_FILL_AREA(#1535);
#1534=FILL_AREA_STYLE('',(#1536));
#1535=FILL_AREA_STYLE('',(#1537));
#1536=FILL_AREA_STYLE_COLOUR('',#1538);
#1537=FILL_AREA_STYLE_COLOUR('',#1539);
#1538=COLOUR_RGB('',0.647058823529412,0.647058823529412,0.647058823529412);
#1539=COLOUR_RGB('',0.615686274509804,0.811764705882353,0.929411764705882);
#1540=MANIFOLD_SOLID_BREP('Part 2',#1522);
#1541=MANIFOLD_SOLID_BREP('Part 1',#1523);
#1542=SHAPE_DEFINITION_REPRESENTATION(#2448,#1544);
#1543=SHAPE_DEFINITION_REPRESENTATION(#2449,#1545);
#1544=SHAPE_REPRESENTATION('Part 2',(#1546),#2438);
#1545=SHAPE_REPRESENTATION('Part 1',(#1572),#2439);
#1546=AXIS2_PLACEMENT_3D('',#2005,#1631,#1632);
#1547=AXIS2_PLACEMENT_3D('',#2006,#1633,#1634);
#1548=AXIS2_PLACEMENT_3D('',#2015,#1639,#1640);
#1549=AXIS2_PLACEMENT_3D('',#2021,#1644,#1645);
#1550=AXIS2_PLACEMENT_3D('',#2027,#1649,#1650);
#1551=AXIS2_PLACEMENT_3D('',#2033,#1654,#1655);
#1552=AXIS2_PLACEMENT_3D('',#2039,#1659,#1660);
#1553=AXIS2_PLACEMENT_3D('',#2045,#1664,#1665);
#1554=AXIS2_PLACEMENT_3D('',#2051,#1669,#1670);
#1555=AXIS2_PLACEMENT_3D('',#2057,#1674,#1675);
#1556=AXIS2_PLACEMENT_3D('',#2063,#1679,#1680);
#1557=AXIS2_PLACEMENT_3D('',#2069,#1684,#1685);
#1558=AXIS2_PLACEMENT_3D('',#2075,#1689,#1690);
#1559=AXIS2_PLACEMENT_3D('',#2081,#1694,#1695);
#1560=AXIS2_PLACEMENT_3D('',#2087,#1699,#1700);
#1561=AXIS2_PLACEMENT_3D('',#2093,#1704,#1705);
#1562=AXIS2_PLACEMENT_3D('',#2099,#1709,#1710);
#1563=AXIS2_PLACEMENT_3D('',#2105,#1714,#1715);
#1564=AXIS2_PLACEMENT_3D('',#2111,#1719,#1720);
#1565=AXIS2_PLACEMENT_3D('',#2117,#1724,#1725);
#1566=AXIS2_PLACEMENT_3D('',#2123,#1729,#1730);
#1567=AXIS2_PLACEMENT_3D('',#2126,#1733,#1734);
#1568=AXIS2_PLACEMENT_3D('',#2127,#1735,#1736);
#1569=AXIS2_PLACEMENT_3D('',#2129,#1737,#1738);
#1570=AXIS2_PLACEMENT_3D('',#2130,#1739,#1740);
#1571=AXIS2_PLACEMENT_3D('',#2132,#1741,#1742);
#1572=AXIS2_PLACEMENT_3D('',#2133,#1743,#1744);
#1573=AXIS2_PLACEMENT_3D('',#2134,#1745,#1746);
#1574=AXIS2_PLACEMENT_3D('',#2143,#1751,#1752);
#1575=AXIS2_PLACEMENT_3D('',#2144,#1753,#1754);
#1576=AXIS2_PLACEMENT_3D('',#2151,#1758,#1759);
#1577=AXIS2_PLACEMENT_3D('',#2157,#1763,#1764);
#1578=AXIS2_PLACEMENT_3D('',#2158,#1765,#1766);
#1579=AXIS2_PLACEMENT_3D('',#2250,#1813,#1814);
#1580=AXIS2_PLACEMENT_3D('',#2251,#1815,#1816);
#1581=AXIS2_PLACEMENT_3D('',#2307,#1850,#1851);
#1582=AXIS2_PLACEMENT_3D('',#2313,#1855,#1856);
#1583=AXIS2_PLACEMENT_3D('',#2315,#1858,#1859);
#1584=AXIS2_PLACEMENT_3D('',#2317,#1861,#1862);
#1585=AXIS2_PLACEMENT_3D('',#2318,#1863,#1864);
#1586=AXIS2_PLACEMENT_3D('',#2324,#1868,#1869);
#1587=AXIS2_PLACEMENT_3D('',#2326,#1871,#1872);
#1588=AXIS2_PLACEMENT_3D('',#2328,#1874,#1875);
#1589=AXIS2_PLACEMENT_3D('',#2329,#1876,#1877);
#1590=AXIS2_PLACEMENT_3D('',#2335,#1881,#1882);
#1591=AXIS2_PLACEMENT_3D('',#2337,#1884,#1885);
#1592=AXIS2_PLACEMENT_3D('',#2339,#1887,#1888);
#1593=AXIS2_PLACEMENT_3D('',#2340,#1889,#1890);
#1594=AXIS2_PLACEMENT_3D('',#2346,#1894,#1895);
#1595=AXIS2_PLACEMENT_3D('',#2348,#1897,#1898);
#1596=AXIS2_PLACEMENT_3D('',#2350,#1900,#1901);
#1597=AXIS2_PLACEMENT_3D('',#2351,#1902,#1903);
#1598=AXIS2_PLACEMENT_3D('',#2357,#1907,#1908);
#1599=AXIS2_PLACEMENT_3D('',#2359,#1910,#1911);
#1600=AXIS2_PLACEMENT_3D('',#2361,#1913,#1914);
#1601=AXIS2_PLACEMENT_3D('',#2362,#1915,#1916);
#1602=AXIS2_PLACEMENT_3D('',#2366,#1919,#1920);
#1603=AXIS2_PLACEMENT_3D('',#2370,#1923,#1924);
#1604=AXIS2_PLACEMENT_3D('',#2372,#1926,#1927);
#1605=AXIS2_PLACEMENT_3D('',#2373,#1928,#1929);
#1606=AXIS2_PLACEMENT_3D('',#2379,#1933,#1934);
#1607=AXIS2_PLACEMENT_3D('',#2381,#1936,#1937);
#1608=AXIS2_PLACEMENT_3D('',#2383,#1939,#1940);
#1609=AXIS2_PLACEMENT_3D('',#2384,#1941,#1942);
#1610=AXIS2_PLACEMENT_3D('',#2390,#1946,#1947);
#1611=AXIS2_PLACEMENT_3D('',#2392,#1949,#1950);
#1612=AXIS2_PLACEMENT_3D('',#2394,#1952,#1953);
#1613=AXIS2_PLACEMENT_3D('',#2395,#1954,#1955);
#1614=AXIS2_PLACEMENT_3D('',#2401,#1959,#1960);
#1615=AXIS2_PLACEMENT_3D('',#2403,#1962,#1963);
#1616=AXIS2_PLACEMENT_3D('',#2405,#1965,#1966);
#1617=AXIS2_PLACEMENT_3D('',#2406,#1967,#1968);
#1618=AXIS2_PLACEMENT_3D('',#2412,#1972,#1973);
#1619=AXIS2_PLACEMENT_3D('',#2414,#1975,#1976);
#1620=AXIS2_PLACEMENT_3D('',#2416,#1978,#1979);
#1621=AXIS2_PLACEMENT_3D('',#2417,#1980,#1981);
#1622=AXIS2_PLACEMENT_3D('',#2423,#1985,#1986);
#1623=AXIS2_PLACEMENT_3D('',#2425,#1988,#1989);
#1624=AXIS2_PLACEMENT_3D('',#2427,#1991,#1992);
#1625=AXIS2_PLACEMENT_3D('',#2428,#1993,#1994);
#1626=AXIS2_PLACEMENT_3D('',#2429,#1995,#1996);
#1627=AXIS2_PLACEMENT_3D('',#2431,#1997,#1998);
#1628=AXIS2_PLACEMENT_3D('',#2432,#1999,#2000);
#1629=AXIS2_PLACEMENT_3D('',#2433,#2001,#2002);
#1630=AXIS2_PLACEMENT_3D('',#2435,#2003,#2004);
#1631=DIRECTION('',(0.,0.,1.));
#1632=DIRECTION('',(1.,0.,0.));
#1633=DIRECTION('',(-0.514487657044115,0.,-0.857497784690583));
#1634=DIRECTION('',(-0.857497784690583,0.,0.514487657044115));
#1635=DIRECTION('',(-0.857497784690583,0.,0.514487657044115));
#1636=DIRECTION('',(0.,1.,0.));
#1637=DIRECTION('',(-0.857497784690583,0.,0.514487657044115));
#1638=DIRECTION('',(0.,1.,0.));
#1639=DIRECTION('',(0.920253809659429,0.,-0.391322023156514));
#1640=DIRECTION('',(-0.391322023156514,0.,-0.920253809659429));
#1641=DIRECTION('',(-0.391322023156514,0.,-0.920253809659429));
#1642=DIRECTION('',(0.,1.,0.));
#1643=DIRECTION('',(-0.391322023156514,0.,-0.920253809659429));
#1644=DIRECTION('',(-0.0912046938809492,0.,0.995832166488953));
#1645=DIRECTION('',(0.995832166488953,0.,0.0912046938809492));
#1646=DIRECTION('',(0.995832166488953,0.,0.0912046938809492));
#1647=DIRECTION('',(0.,1.,0.));
#1648=DIRECTION('',(0.995832166488953,0.,0.0912046938809492));
#1649=DIRECTION('',(-0.975276471451618,0.,-0.220988244558126));
#1650=DIRECTION('',(-0.220988244558126,0.,0.975276471451618));
#1651=DIRECTION('',(-0.220988244558126,0.,0.975276471451618));
#1652=DIRECTION('',(0.,1.,0.));
#1653=DIRECTION('',(-0.220988244558126,0.,0.975276471451618));
#1654=DIRECTION('',(0.656543426415857,0.,-0.754288226893491));
#1655=DIRECTION('',(-0.754288226893491,0.,-0.656543426415857));
#1656=DIRECTION('',(-0.754288226893491,0.,-0.656543426415857));
#1657=DIRECTION('',(0.,1.,0.));
#1658=DIRECTION('',(-0.754288226893491,0.,-0.656543426415857));
#1659=DIRECTION('',(0.656543426415857,0.,0.754288226893491));
#1660=DIRECTION('',(0.754288226893491,0.,-0.656543426415857));
#1661=DIRECTION('',(0.754288226893491,0.,-0.656543426415857));
#1662=DIRECTION('',(0.,1.,0.));
#1663=DIRECTION('',(0.754288226893491,0.,-0.656543426415857));
#1664=DIRECTION('',(-0.975276471451618,0.,0.220988244558126));
#1665=DIRECTION('',(0.220988244558126,0.,0.975276471451618));
#1666=DIRECTION('',(0.220988244558126,0.,0.975276471451618));
#1667=DIRECTION('',(0.,1.,0.));
#1668=DIRECTION('',(0.220988244558126,0.,0.975276471451618));
#1669=DIRECTION('',(-0.0912046938809492,0.,-0.995832166488953));
#1670=DIRECTION('',(-0.995832166488953,0.,0.0912046938809492));
#1671=DIRECTION('',(-0.995832166488953,0.,0.0912046938809492));
#1672=DIRECTION('',(0.,1.,0.));
#1673=DIRECTION('',(-0.995832166488953,0.,0.0912046938809492));
#1674=DIRECTION('',(0.920253809659429,0.,0.391322023156514));
#1675=DIRECTION('',(0.391322023156514,0.,-0.920253809659429));
#1676=DIRECTION('',(0.391322023156514,0.,-0.920253809659429));
#1677=DIRECTION('',(0.,1.,0.));
#1678=DIRECTION('',(0.391322023156514,0.,-0.920253809659429));
#1679=DIRECTION('',(-0.514487657044114,0.,0.857497784690583));
#1680=DIRECTION('',(0.857497784690583,0.,0.514487657044114));
#1681=DIRECTION('',(0.857497784690583,0.,0.514487657044114));
#1682=DIRECTION('',(0.,1.,0.));
#1683=DIRECTION('',(0.857497784690583,0.,0.514487657044114));
#1684=DIRECTION('',(-0.511549313904216,0.,-0.859253920237857));
#1685=DIRECTION('',(-0.859253920237857,0.,0.511549313904216));
#1686=DIRECTION('',(-0.859253920237857,0.,0.511549313904216));
#1687=DIRECTION('',(0.,1.,0.));
#1688=DIRECTION('',(-0.859253920237857,0.,0.511549313904216));
#1689=DIRECTION('',(0.918908870699661,0.,-0.394469881422491));
#1690=DIRECTION('',(-0.394469881422491,0.,-0.918908870699661));
#1691=DIRECTION('',(-0.394469881422491,0.,-0.918908870699661));
#1692=DIRECTION('',(0.,1.,0.));
#1693=DIRECTION('',(-0.394469881422491,0.,-0.918908870699661));
#1694=DIRECTION('',(-0.0877952937697529,0.,0.99613853775059));
#1695=DIRECTION('',(0.99613853775059,0.,0.0877952937697529));
#1696=DIRECTION('',(0.99613853775059,0.,0.0877952937697529));
#1697=DIRECTION('',(0.,1.,0.));
#1698=DIRECTION('',(0.99613853775059,0.,0.0877952937697529));
#1699=DIRECTION('',(-0.974514285261419,0.,-0.224325450676971));
#1700=DIRECTION('',(-0.224325450676971,0.,0.974514285261419));
#1701=DIRECTION('',(-0.224325450676971,0.,0.974514285261419));
#1702=DIRECTION('',(0.,1.,0.));
#1703=DIRECTION('',(-0.224325450676971,0.,0.974514285261419));
#1704=DIRECTION('',(0.659121608537122,0.,-0.752036372231714));
#1705=DIRECTION('',(-0.752036372231714,0.,-0.659121608537122));
#1706=DIRECTION('',(-0.752036372231714,0.,-0.659121608537122));
#1707=DIRECTION('',(0.,1.,0.));
#1708=DIRECTION('',(-0.752036372231714,0.,-0.659121608537122));
#1709=DIRECTION('',(0.659121608537123,0.,0.752036372231713));
#1710=DIRECTION('',(0.752036372231713,0.,-0.659121608537123));
#1711=DIRECTION('',(0.752036372231713,0.,-0.659121608537123));
#1712=DIRECTION('',(0.,1.,0.));
#1713=DIRECTION('',(0.752036372231713,0.,-0.659121608537123));
#1714=DIRECTION('',(-0.974514285261419,0.,0.224325450676972));
#1715=DIRECTION('',(0.224325450676972,0.,0.974514285261419));
#1716=DIRECTION('',(0.224325450676972,0.,0.974514285261419));
#1717=DIRECTION('',(0.,1.,0.));
#1718=DIRECTION('',(0.224325450676972,0.,0.974514285261419));
#1719=DIRECTION('',(-0.0877952937697534,0.,-0.99613853775059));
#1720=DIRECTION('',(-0.99613853775059,0.,0.0877952937697534));
#1721=DIRECTION('',(-0.99613853775059,0.,0.0877952937697534));
#1722=DIRECTION('',(0.,1.,0.));
#1723=DIRECTION('',(-0.99613853775059,0.,0.0877952937697534));
#1724=DIRECTION('',(0.918908870699661,0.,0.394469881422491));
#1725=DIRECTION('',(0.394469881422491,0.,-0.918908870699661));
#1726=DIRECTION('',(0.394469881422491,0.,-0.918908870699661));
#1727=DIRECTION('',(0.,1.,0.));
#1728=DIRECTION('',(0.394469881422491,0.,-0.918908870699661));
#1729=DIRECTION('',(-0.511549313904216,0.,0.859253920237857));
#1730=DIRECTION('',(0.859253920237857,0.,0.511549313904216));
#1731=DIRECTION('',(0.859253920237857,0.,0.511549313904216));
#1732=DIRECTION('',(0.859253920237857,0.,0.511549313904216));
#1733=DIRECTION('',(0.,-1.,0.));
#1734=DIRECTION('',(1.,0.,0.));
#1735=DIRECTION('',(0.,-1.,0.));
#1736=DIRECTION('',(0.,0.,-1.));
#1737=DIRECTION('',(0.,-1.,0.));
#1738=DIRECTION('',(1.,0.,0.));
#1739=DIRECTION('',(0.,1.,0.));
#1740=DIRECTION('',(0.,0.,1.));
#1741=DIRECTION('',(0.,1.,0.));
#1742=DIRECTION('',(0.,0.,1.));
#1743=DIRECTION('',(0.,0.,1.));
#1744=DIRECTION('',(1.,0.,0.));
#1745=DIRECTION('',(-1.,0.,0.));
#1746=DIRECTION('',(0.,0.,1.));
#1747=DIRECTION('',(0.,-1.,0.));
#1748=DIRECTION('',(0.,0.,1.));
#1749=DIRECTION('',(0.,-1.,0.));
#1750=DIRECTION('',(0.,0.,1.));
#1751=DIRECTION('',(-1.13826999736011E-16,1.,0.));
#1752=DIRECTION('',(-1.,-1.13826999736011E-16,0.));
#1753=DIRECTION('',(-1.13826999736011E-16,1.,0.));
#1754=DIRECTION('',(-1.,-1.13826999736011E-16,0.));
#1755=DIRECTION('',(-1.,-1.13826999736011E-16,0.));
#1756=DIRECTION('',(-1.,-1.13826999736011E-16,0.));
#1757=DIRECTION('',(0.,0.,1.));
#1758=DIRECTION('',(-1.,0.,0.));
#1759=DIRECTION('',(0.,0.,1.));
#1760=DIRECTION('',(0.,0.,1.));
#1761=DIRECTION('',(0.,-1.,0.));
#1762=DIRECTION('',(0.,-1.,0.));
#1763=DIRECTION('',(-1.36592399683213E-16,1.,0.));
#1764=DIRECTION('',(-1.,-1.36592399683213E-16,0.));
#1765=DIRECTION('',(-1.36592399683213E-16,1.,0.));
#1766=DIRECTION('',(-1.,-1.36592399683213E-16,0.));
#1767=DIRECTION('',(-1.,-1.36592399683213E-16,0.));
#1768=DIRECTION('',(0.999967263816759,1.36587928169388E-16,0.00809143342209584));
#1769=DIRECTION('',(-0.506991018804945,-6.92511198764045E-17,0.861951336707081));
#1770=DIRECTION('',(-0.492976245011814,-6.73368082929833E-17,-0.870042770129177));
#1771=DIRECTION('',(-1.,-1.36592399683213E-16,0.));
#1772=DIRECTION('',(0.999967263816759,1.36587928169388E-16,0.00809143342209584));
#1773=DIRECTION('',(-0.506991018804945,-6.92511198764045E-17,0.861951336707081));
#1774=DIRECTION('',(-0.492976245011814,-6.73368082929833E-17,-0.870042770129177));
#1775=DIRECTION('',(-1.,-1.36592399683213E-16,0.));
#1776=DIRECTION('',(0.999967263816759,1.36587928169388E-16,0.00809143342209584));
#1777=DIRECTION('',(-0.506991018804945,-6.92511198764045E-17,0.861951336707081));
#1778=DIRECTION('',(-0.492976245011814,-6.73368082929833E-17,-0.870042770129177));
#1779=DIRECTION('',(-1.,-1.36592399683213E-16,0.));
#1780=DIRECTION('',(0.999967263816759,1.36587928169388E-16,0.00809143342209584));
#1781=DIRECTION('',(-0.506991018804945,-6.92511198764045E-17,0.861951336707081));
#1782=DIRECTION('',(-0.492976245011814,-6.73368082929833E-17,-0.870042770129177));
#1783=DIRECTION('',(-1.,-1.36592399683213E-16,0.));
#1784=DIRECTION('',(0.999967263816759,1.36587928169388E-16,0.00809143342209584));
#1785=DIRECTION('',(-0.506991018804945,-6.92511198764045E-17,0.861951336707081));
#1786=DIRECTION('',(-0.492976245011814,-6.73368082929833E-17,-0.870042770129177));
#1787=DIRECTION('',(-1.,-1.36592399683213E-16,0.));
#1788=DIRECTION('',(0.999967263816759,1.36587928169388E-16,0.00809143342209584));
#1789=DIRECTION('',(-0.506991018804945,-6.92511198764045E-17,0.861951336707081));
#1790=DIRECTION('',(-0.492976245011814,-6.73368082929833E-17,-0.870042770129177));
#1791=DIRECTION('',(-1.,-1.36592399683213E-16,0.));
#1792=DIRECTION('',(0.999967263816759,1.36587928169388E-16,0.00809143342209584));
#1793=DIRECTION('',(-0.506991018804945,-6.92511198764045E-17,0.861951336707081));
#1794=DIRECTION('',(-0.492976245011814,-6.73368082929833E-17,-0.870042770129177));
#1795=DIRECTION('',(-1.,-1.36592399683213E-16,0.));
#1796=DIRECTION('',(-1.,-1.36592399683213E-16,0.));
#1797=DIRECTION('',(-1.,-1.36592399683213E-16,0.));
#1798=DIRECTION('',(0.999967263816759,1.36587928169388E-16,0.00809143342209584));
#1799=DIRECTION('',(-0.506991018804945,-6.92511198764045E-17,0.861951336707081));
#1800=DIRECTION('',(-0.492976245011814,-6.73368082929833E-17,-0.870042770129177));
#1801=DIRECTION('',(-1.,-1.36592399683213E-16,0.));
#1802=DIRECTION('',(0.999967263816759,1.36587928169388E-16,0.00809143342209584));
#1803=DIRECTION('',(-0.506991018804945,-6.92511198764045E-17,0.861951336707081));
#1804=DIRECTION('',(-0.492976245011814,-6.73368082929833E-17,-0.870042770129177));
#1805=DIRECTION('',(-1.,-1.36592399683213E-16,0.));
#1806=DIRECTION('',(0.999967263816759,1.36587928169388E-16,0.00809143342209584));
#1807=DIRECTION('',(-0.506991018804945,-6.92511198764045E-17,0.861951336707081));
#1808=DIRECTION('',(-0.492976245011814,-6.73368082929833E-17,-0.870042770129177));
#1809=DIRECTION('',(-1.,-1.36592399683213E-16,0.));
#1810=DIRECTION('',(0.999967263816759,1.36587928169388E-16,0.00809143342209584));
#1811=DIRECTION('',(-0.506991018804945,-6.92511198764045E-17,0.861951336707081));
#1812=DIRECTION('',(-0.492976245011814,-6.73368082929833E-17,-0.870042770129177));
#1813=DIRECTION('',(0.,0.,1.));
#1814=DIRECTION('',(1.,0.,0.));
#1815=DIRECTION('',(0.,0.,1.));
#1816=DIRECTION('',(1.,0.,0.));
#1817=DIRECTION('',(1.36592399683213E-16,-1.,0.));
#1818=DIRECTION('',(1.,1.36592399683213E-16,0.));
#1819=DIRECTION('',(-1.36592399683213E-16,1.,0.));
#1820=DIRECTION('',(1.36592399683213E-16,-1.,0.));
#1821=DIRECTION('',(1.,1.36592399683213E-16,0.));
#1822=DIRECTION('',(-1.36592399683213E-16,1.,0.));
#1823=DIRECTION('',(1.36592399683213E-16,-1.,0.));
#1824=DIRECTION('',(1.,1.36592399683213E-16,0.));
#1825=DIRECTION('',(-1.36592399683213E-16,1.,0.));
#1826=DIRECTION('',(1.36592399683213E-16,-1.,0.));
#1827=DIRECTION('',(1.,1.36592399683213E-16,0.));
#1828=DIRECTION('',(-1.36592399683213E-16,1.,0.));
#1829=DIRECTION('',(1.36592399683213E-16,-1.,0.));
#1830=DIRECTION('',(1.,1.36592399683213E-16,0.));
#1831=DIRECTION('',(-1.36592399683213E-16,1.,0.));
#1832=DIRECTION('',(1.36592399683213E-16,-1.,0.));
#1833=DIRECTION('',(1.,1.36592399683213E-16,0.));
#1834=DIRECTION('',(-1.36592399683213E-16,1.,0.));
#1835=DIRECTION('',(1.36592399683213E-16,-1.,0.));
#1836=DIRECTION('',(1.,1.36592399683213E-16,0.));
#1837=DIRECTION('',(-1.36592399683213E-16,1.,0.));
#1838=DIRECTION('',(1.36592399683213E-16,-1.,0.));
#1839=DIRECTION('',(1.,1.36592399683213E-16,0.));
#1840=DIRECTION('',(-1.36592399683213E-16,1.,0.));
#1841=DIRECTION('',(1.36592399683213E-16,-1.,0.));
#1842=DIRECTION('',(1.,1.36592399683213E-16,0.));
#1843=DIRECTION('',(-1.36592399683213E-16,1.,0.));
#1844=DIRECTION('',(1.36592399683213E-16,-1.,0.));
#1845=DIRECTION('',(1.,1.36592399683213E-16,0.));
#1846=DIRECTION('',(-1.36592399683213E-16,1.,0.));
#1847=DIRECTION('',(1.36592399683213E-16,-1.,0.));
#1848=DIRECTION('',(1.,1.36592399683213E-16,0.));
#1849=DIRECTION('',(-1.36592399683213E-16,1.,0.));
#1850=DIRECTION('',(0.861951336707081,1.17736001490973E-16,0.506991018804945));
#1851=DIRECTION('',(0.506991018804945,0.,-0.861951336707081));
#1852=DIRECTION('',(1.36592399683213E-16,-1.,0.));
#1853=DIRECTION('',(-0.506991018804945,-6.92511198764045E-17,0.861951336707081));
#1854=DIRECTION('',(1.36592399683213E-16,-1.,0.));
#1855=DIRECTION('',(-0.870042770129177,-1.18841229798974E-16,0.492976245011814));
#1856=DIRECTION('',(0.492976245011814,0.,0.870042770129177));
#1857=DIRECTION('',(-0.492976245011814,-6.73368082929833E-17,-0.870042770129177));
#1858=DIRECTION('',(0.00809143342209584,1.10522830800102E-18,-0.999967263816759));
#1859=DIRECTION('',(-0.999967263816759,0.,-0.00809143342209584));
#1860=DIRECTION('',(0.999967263816759,1.36587928169388E-16,0.00809143342209584));
#1861=DIRECTION('',(1.36592399683213E-16,-1.,0.));
#1862=DIRECTION('',(1.,1.36592399683213E-16,0.));
#1863=DIRECTION('',(0.861951336707081,1.17736001490973E-16,0.506991018804945));
#1864=DIRECTION('',(0.506991018804945,0.,-0.861951336707081));
#1865=DIRECTION('',(1.36592399683213E-16,-1.,0.));
#1866=DIRECTION('',(-0.506991018804945,-6.92511198764045E-17,0.861951336707081));
#1867=DIRECTION('',(1.36592399683213E-16,-1.,0.));
#1868=DIRECTION('',(-0.870042770129177,-1.18841229798975E-16,0.492976245011814));
#1869=DIRECTION('',(0.492976245011814,0.,0.870042770129177));
#1870=DIRECTION('',(-0.492976245011814,-6.73368082929833E-17,-0.870042770129177));
#1871=DIRECTION('',(0.00809143342209584,1.10522830800102E-18,-0.999967263816759));
#1872=DIRECTION('',(-0.999967263816759,0.,-0.00809143342209584));
#1873=DIRECTION('',(0.999967263816759,1.36587928169388E-16,0.00809143342209584));
#1874=DIRECTION('',(1.36592399683213E-16,-1.,0.));
#1875=DIRECTION('',(1.,1.36592399683213E-16,0.));
#1876=DIRECTION('',(0.861951336707081,1.17736001490973E-16,0.506991018804945));
#1877=DIRECTION('',(0.506991018804945,0.,-0.861951336707081));
#1878=DIRECTION('',(1.36592399683213E-16,-1.,0.));
#1879=DIRECTION('',(-0.506991018804945,-6.92511198764045E-17,0.861951336707081));
#1880=DIRECTION('',(1.36592399683213E-16,-1.,0.));
#1881=DIRECTION('',(-0.870042770129177,-1.18841229798974E-16,0.492976245011814));
#1882=DIRECTION('',(0.492976245011814,0.,0.870042770129177));
#1883=DIRECTION('',(-0.492976245011814,-6.73368082929833E-17,-0.870042770129177));
#1884=DIRECTION('',(0.00809143342209584,1.10522830800102E-18,-0.999967263816759));
#1885=DIRECTION('',(-0.999967263816759,0.,-0.00809143342209584));
#1886=DIRECTION('',(0.999967263816759,1.36587928169388E-16,0.00809143342209584));
#1887=DIRECTION('',(1.36592399683213E-16,-1.,0.));
#1888=DIRECTION('',(1.,1.36592399683213E-16,0.));
#1889=DIRECTION('',(0.861951336707081,1.17736001490973E-16,0.506991018804945));
#1890=DIRECTION('',(0.506991018804945,0.,-0.861951336707081));
#1891=DIRECTION('',(1.36592399683213E-16,-1.,0.));
#1892=DIRECTION('',(-0.506991018804945,-6.92511198764045E-17,0.861951336707081));
#1893=DIRECTION('',(1.36592399683213E-16,-1.,0.));
#1894=DIRECTION('',(-0.870042770129177,-1.18841229798974E-16,0.492976245011814));
#1895=DIRECTION('',(0.492976245011814,0.,0.870042770129177));
#1896=DIRECTION('',(-0.492976245011814,-6.73368082929833E-17,-0.870042770129177));
#1897=DIRECTION('',(0.00809143342209584,1.10522830800102E-18,-0.999967263816759));
#1898=DIRECTION('',(-0.999967263816759,0.,-0.00809143342209584));
#1899=DIRECTION('',(0.999967263816759,1.36587928169388E-16,0.00809143342209584));
#1900=DIRECTION('',(1.36592399683213E-16,-1.,0.));
#1901=DIRECTION('',(1.,1.36592399683213E-16,0.));
#1902=DIRECTION('',(0.861951336707081,1.17736001490973E-16,0.506991018804945));
#1903=DIRECTION('',(0.506991018804945,0.,-0.861951336707081));
#1904=DIRECTION('',(1.36592399683213E-16,-1.,0.));
#1905=DIRECTION('',(-0.506991018804945,-6.92511198764045E-17,0.861951336707081));
#1906=DIRECTION('',(1.36592399683213E-16,-1.,0.));
#1907=DIRECTION('',(-0.870042770129177,-1.18841229798974E-16,0.492976245011814));
#1908=DIRECTION('',(0.492976245011814,0.,0.870042770129177));
#1909=DIRECTION('',(-0.492976245011814,-6.73368082929833E-17,-0.870042770129177));
#1910=DIRECTION('',(0.00809143342209584,1.10522830800102E-18,-0.999967263816759));
#1911=DIRECTION('',(-0.999967263816759,0.,-0.00809143342209584));
#1912=DIRECTION('',(0.999967263816759,1.36587928169388E-16,0.00809143342209584));
#1913=DIRECTION('',(1.36592399683213E-16,-1.,0.));
#1914=DIRECTION('',(1.,1.36592399683213E-16,0.));
#1915=DIRECTION('',(-0.870042770129177,-1.18841229798975E-16,0.492976245011814));
#1916=DIRECTION('',(0.492976245011814,0.,0.870042770129177));
#1917=DIRECTION('',(-0.492976245011814,-6.73368082929833E-17,-0.870042770129177));
#1918=DIRECTION('',(1.36592399683213E-16,-1.,0.));
#1919=DIRECTION('',(0.00809143342209584,1.10522830800102E-18,-0.999967263816759));
#1920=DIRECTION('',(-0.999967263816759,0.,-0.00809143342209584));
#1921=DIRECTION('',(0.999967263816759,1.36587928169388E-16,0.00809143342209584));
#1922=DIRECTION('',(1.36592399683213E-16,-1.,0.));
#1923=DIRECTION('',(0.861951336707081,1.17736001490973E-16,0.506991018804945));
#1924=DIRECTION('',(0.506991018804945,0.,-0.861951336707081));
#1925=DIRECTION('',(-0.506991018804945,-6.92511198764045E-17,0.861951336707081));
#1926=DIRECTION('',(1.36592399683213E-16,-1.,0.));
#1927=DIRECTION('',(1.,1.36592399683213E-16,0.));
#1928=DIRECTION('',(0.861951336707081,1.17736001490973E-16,0.506991018804945));
#1929=DIRECTION('',(0.506991018804945,0.,-0.861951336707081));
#1930=DIRECTION('',(1.36592399683213E-16,-1.,0.));
#1931=DIRECTION('',(-0.506991018804945,-6.92511198764045E-17,0.861951336707081));
#1932=DIRECTION('',(1.36592399683213E-16,-1.,0.));
#1933=DIRECTION('',(-0.870042770129177,-1.18841229798975E-16,0.492976245011814));
#1934=DIRECTION('',(0.492976245011814,0.,0.870042770129177));
#1935=DIRECTION('',(-0.492976245011814,-6.73368082929833E-17,-0.870042770129177));
#1936=DIRECTION('',(0.00809143342209584,1.10522830800102E-18,-0.999967263816759));
#1937=DIRECTION('',(-0.999967263816759,0.,-0.00809143342209584));
#1938=DIRECTION('',(0.999967263816759,1.36587928169388E-16,0.00809143342209584));
#1939=DIRECTION('',(1.36592399683213E-16,-1.,0.));
#1940=DIRECTION('',(1.,1.36592399683213E-16,0.));
#1941=DIRECTION('',(0.861951336707081,1.17736001490973E-16,0.506991018804945));
#1942=DIRECTION('',(0.506991018804945,0.,-0.861951336707081));
#1943=DIRECTION('',(1.36592399683213E-16,-1.,0.));
#1944=DIRECTION('',(-0.506991018804945,-6.92511198764045E-17,0.861951336707081));
#1945=DIRECTION('',(1.36592399683213E-16,-1.,0.));
#1946=DIRECTION('',(-0.870042770129177,-1.18841229798975E-16,0.492976245011814));
#1947=DIRECTION('',(0.492976245011814,0.,0.870042770129177));
#1948=DIRECTION('',(-0.492976245011814,-6.73368082929833E-17,-0.870042770129177));
#1949=DIRECTION('',(0.00809143342209584,1.10522830800102E-18,-0.999967263816759));
#1950=DIRECTION('',(-0.999967263816759,0.,-0.00809143342209584));
#1951=DIRECTION('',(0.999967263816759,1.36587928169388E-16,0.00809143342209584));
#1952=DIRECTION('',(1.36592399683213E-16,-1.,0.));
#1953=DIRECTION('',(1.,1.36592399683213E-16,0.));
#1954=DIRECTION('',(0.861951336707081,1.17736001490973E-16,0.506991018804945));
#1955=DIRECTION('',(0.506991018804945,0.,-0.861951336707081));
#1956=DIRECTION('',(1.36592399683213E-16,-1.,0.));
#1957=DIRECTION('',(-0.506991018804945,-6.92511198764045E-17,0.861951336707081));
#1958=DIRECTION('',(1.36592399683213E-16,-1.,0.));
#1959=DIRECTION('',(-0.870042770129177,-1.18841229798975E-16,0.492976245011814));
#1960=DIRECTION('',(0.492976245011814,0.,0.870042770129177));
#1961=DIRECTION('',(-0.492976245011814,-6.73368082929833E-17,-0.870042770129177));
#1962=DIRECTION('',(0.00809143342209584,1.10522830800102E-18,-0.999967263816759));
#1963=DIRECTION('',(-0.999967263816759,0.,-0.00809143342209584));
#1964=DIRECTION('',(0.999967263816759,1.36587928169388E-16,0.00809143342209584));
#1965=DIRECTION('',(1.36592399683213E-16,-1.,0.));
#1966=DIRECTION('',(1.,1.36592399683213E-16,0.));
#1967=DIRECTION('',(0.861951336707081,1.17736001490973E-16,0.506991018804945));
#1968=DIRECTION('',(0.506991018804945,0.,-0.861951336707081));
#1969=DIRECTION('',(1.36592399683213E-16,-1.,0.));
#1970=DIRECTION('',(-0.506991018804945,-6.92511198764045E-17,0.861951336707081));
#1971=DIRECTION('',(1.36592399683213E-16,-1.,0.));
#1972=DIRECTION('',(-0.870042770129177,-1.18841229798974E-16,0.492976245011814));
#1973=DIRECTION('',(0.492976245011814,0.,0.870042770129177));
#1974=DIRECTION('',(-0.492976245011814,-6.73368082929833E-17,-0.870042770129177));
#1975=DIRECTION('',(0.00809143342209584,1.10522830800102E-18,-0.999967263816759));
#1976=DIRECTION('',(-0.999967263816759,0.,-0.00809143342209584));
#1977=DIRECTION('',(0.999967263816759,1.36587928169388E-16,0.00809143342209584));
#1978=DIRECTION('',(1.36592399683213E-16,-1.,0.));
#1979=DIRECTION('',(1.,1.36592399683213E-16,0.));
#1980=DIRECTION('',(0.861951336707081,1.17736001490973E-16,0.506991018804945));
#1981=DIRECTION('',(0.506991018804945,0.,-0.861951336707081));
#1982=DIRECTION('',(1.36592399683213E-16,-1.,0.));
#1983=DIRECTION('',(-0.506991018804945,-6.92511198764045E-17,0.861951336707081));
#1984=DIRECTION('',(1.36592399683213E-16,-1.,0.));
#1985=DIRECTION('',(-0.870042770129177,-1.18841229798974E-16,0.492976245011814));
#1986=DIRECTION('',(0.492976245011814,0.,0.870042770129177));
#1987=DIRECTION('',(-0.492976245011814,-6.73368082929833E-17,-0.870042770129177));
#1988=DIRECTION('',(0.00809143342209584,1.10522830800102E-18,-0.999967263816759));
#1989=DIRECTION('',(-0.999967263816759,0.,-0.00809143342209584));
#1990=DIRECTION('',(0.999967263816759,1.36587928169388E-16,0.00809143342209584));
#1991=DIRECTION('',(1.36592399683213E-16,-1.,0.));
#1992=DIRECTION('',(1.,1.36592399683213E-16,0.));
#1993=DIRECTION('',(1.13826999736011E-16,-1.,0.));
#1994=DIRECTION('',(1.,1.13826999736011E-16,0.));
#1995=DIRECTION('',(-1.13826999736011E-16,1.,0.));
#1996=DIRECTION('',(-1.,-1.13826999736011E-16,0.));
#1997=DIRECTION('',(-1.13826999736011E-16,1.,0.));
#1998=DIRECTION('',(-1.,-1.13826999736011E-16,0.));
#1999=DIRECTION('',(-1.13826999736011E-16,1.,0.));
#2000=DIRECTION('',(-1.,-1.13826999736011E-16,0.));
#2001=DIRECTION('',(-1.13826999736011E-16,1.,0.));
#2002=DIRECTION('',(-1.,-1.13826999736011E-16,0.));
#2003=DIRECTION('',(-1.13826999736011E-16,1.,0.));
#2004=DIRECTION('',(-1.,-1.13826999736011E-16,0.));
#2005=CARTESIAN_POINT('',(0.,0.,0.));
#2006=CARTESIAN_POINT('',(0.0153755512229117,-0.01,0.0425054693543917));
#2007=CARTESIAN_POINT('',(0.0153755512229117,0.,0.0425054693543917));
#2008=CARTESIAN_POINT('',(0.0186726846888749,0.,0.0405272316234602));
#2009=CARTESIAN_POINT('',(0.0120784177569485,0.,0.0444837070853233));
#2010=CARTESIAN_POINT('',(0.0120784177569485,-0.01,0.0444837070853233));
#2011=CARTESIAN_POINT('',(0.0120784177569485,-0.01,0.0444837070853233));
#2012=CARTESIAN_POINT('',(0.0153755512229117,-0.01,0.0425054693543917));
#2013=CARTESIAN_POINT('',(0.0186726846888749,-0.01,0.0405272316234602));
#2014=CARTESIAN_POINT('',(0.0186726846888749,-0.01,0.0405272316234602));
#2015=CARTESIAN_POINT('',(0.013583075799865,-0.01,0.048022141454694));
#2016=CARTESIAN_POINT('',(0.013583075799865,0.,0.048022141454694));
#2017=CARTESIAN_POINT('',(0.0150877338427815,0.,0.0515605758240645));
#2018=CARTESIAN_POINT('',(0.0150877338427815,-0.01,0.0515605758240645));
#2019=CARTESIAN_POINT('',(0.0150877338427815,-0.01,0.0515605758240645));
#2020=CARTESIAN_POINT('',(0.013583075799865,-0.01,0.048022141454694));
#2021=CARTESIAN_POINT('',(0.0112874794671927,-0.01,0.0512125241657039));
#2022=CARTESIAN_POINT('',(0.0112874794671927,0.,0.0512125241657039));
#2023=CARTESIAN_POINT('',(0.00748722509160392,0.,0.0508644725073433));
#2024=CARTESIAN_POINT('',(0.00748722509160392,-0.01,0.0508644725073433));
#2025=CARTESIAN_POINT('',(0.00748722509160392,-0.01,0.0508644725073433));
#2026=CARTESIAN_POINT('',(0.0112874794671927,-0.01,0.0512125241657039));
#2027=CARTESIAN_POINT('',(0.00664389870429042,-0.01,0.05458628307218));
#2028=CARTESIAN_POINT('',(0.00664389870429042,0.,0.05458628307218));
#2029=CARTESIAN_POINT('',(0.00580057231697692,0.,0.0583080936370167));
#2030=CARTESIAN_POINT('',(0.00580057231697692,-0.01,0.0583080936370167));
#2031=CARTESIAN_POINT('',(0.00580057231697692,-0.01,0.0583080936370167));
#2032=CARTESIAN_POINT('',(0.00664389870429042,-0.01,0.05458628307218));
#2033=CARTESIAN_POINT('',(0.00290028615848846,-0.01,0.0557836424468891));
#2034=CARTESIAN_POINT('',(0.00290028615848846,0.,0.0557836424468891));
#2035=CARTESIAN_POINT('',(7.77650717458569E-19,0.,0.0532591912567616));
#2036=CARTESIAN_POINT('',(7.77650717458569E-19,-0.01,0.0532591912567616));
#2037=CARTESIAN_POINT('',(7.77650717458569E-19,-0.01,0.0532591912567616));
#2038=CARTESIAN_POINT('',(0.00290028615848846,-0.01,0.0557836424468891));
#2039=CARTESIAN_POINT('',(-0.00290028615848846,-0.01,0.0557836424468891));
#2040=CARTESIAN_POINT('',(-0.00290028615848846,0.,0.0557836424468891));
#2041=CARTESIAN_POINT('',(-0.00580057231697692,0.,0.0583080936370167));
#2042=CARTESIAN_POINT('',(-0.00580057231697692,-0.01,0.0583080936370167));
#2043=CARTESIAN_POINT('',(-0.00580057231697692,-0.01,0.0583080936370167));
#2044=CARTESIAN_POINT('',(-0.00290028615848846,-0.01,0.0557836424468891));
#2045=CARTESIAN_POINT('',(-0.00664389870429042,-0.01,0.05458628307218));
#2046=CARTESIAN_POINT('',(-0.00664389870429042,0.,0.05458628307218));
#2047=CARTESIAN_POINT('',(-0.00748722509160392,0.,0.0508644725073433));
#2048=CARTESIAN_POINT('',(-0.00748722509160392,-0.01,0.0508644725073433));
#2049=CARTESIAN_POINT('',(-0.00748722509160392,-0.01,0.0508644725073433));
#2050=CARTESIAN_POINT('',(-0.00664389870429042,-0.01,0.05458628307218));
#2051=CARTESIAN_POINT('',(-0.0112874794671927,-0.01,0.0512125241657039));
#2052=CARTESIAN_POINT('',(-0.0112874794671927,0.,0.0512125241657039));
#2053=CARTESIAN_POINT('',(-0.0150877338427815,0.,0.0515605758240645));
#2054=CARTESIAN_POINT('',(-0.0150877338427815,-0.01,0.0515605758240645));
#2055=CARTESIAN_POINT('',(-0.0150877338427815,-0.01,0.0515605758240645));
#2056=CARTESIAN_POINT('',(-0.0112874794671927,-0.01,0.0512125241657039));
#2057=CARTESIAN_POINT('',(-0.013583075799865,-0.01,0.048022141454694));
#2058=CARTESIAN_POINT('',(-0.013583075799865,0.,0.048022141454694));
#2059=CARTESIAN_POINT('',(-0.0120784177569484,0.,0.0444837070853234));
#2060=CARTESIAN_POINT('',(-0.0120784177569484,-0.01,0.0444837070853234));
#2061=CARTESIAN_POINT('',(-0.0120784177569484,-0.01,0.0444837070853234));
#2062=CARTESIAN_POINT('',(-0.013583075799865,-0.01,0.048022141454694));
#2063=CARTESIAN_POINT('',(-0.0153755512229117,-0.01,0.0425054693543918));
#2064=CARTESIAN_POINT('',(-0.0153755512229117,0.,0.0425054693543918));
#2065=CARTESIAN_POINT('',(-0.0186726846888749,0.,0.0405272316234602));
#2066=CARTESIAN_POINT('',(-0.0186726846888749,-0.01,0.0405272316234602));
#2067=CARTESIAN_POINT('',(-0.0186726846888749,-0.01,0.0405272316234602));
#2068=CARTESIAN_POINT('',(-0.0153755512229117,-0.01,0.0425054693543918));
#2069=CARTESIAN_POINT('',(-0.0153936346842556,-0.01,0.0385750778530633));
#2070=CARTESIAN_POINT('',(-0.0153936346842556,0.,0.0385750778530633));
#2071=CARTESIAN_POINT('',(-0.0121145846796362,0.,0.0366229240826664));
#2072=CARTESIAN_POINT('',(-0.0121145846796362,-0.01,0.0366229240826664));
#2073=CARTESIAN_POINT('',(-0.0121145846796362,-0.01,0.0366229240826664));
#2074=CARTESIAN_POINT('',(-0.0153936346842556,-0.01,0.0385750778530633));
#2075=CARTESIAN_POINT('',(-0.0136199446623321,-0.01,0.0331162212725372));
#2076=CARTESIAN_POINT('',(-0.0136199446623321,0.,0.0331162212725372));
#2077=CARTESIAN_POINT('',(-0.015125304645028,0.,0.0296095184624082));
#2078=CARTESIAN_POINT('',(-0.015125304645028,-0.01,0.0296095184624082));
#2079=CARTESIAN_POINT('',(-0.015125304645028,-0.01,0.0296095184624082));
#2080=CARTESIAN_POINT('',(-0.0136199446623321,-0.01,0.0331162212725372));
#2081=CARTESIAN_POINT('',(-0.0112950886745712,-0.01,0.029947096945304));
#2082=CARTESIAN_POINT('',(-0.0112950886745712,0.,0.029947096945304));
#2083=CARTESIAN_POINT('',(-0.00746487270411441,0.,0.0302846754281997));
#2084=CARTESIAN_POINT('',(-0.00746487270411441,-0.01,0.0302846754281997));
#2085=CARTESIAN_POINT('',(-0.00746487270411441,-0.01,0.0302846754281997));
#2086=CARTESIAN_POINT('',(-0.0112950886745712,-0.01,0.029947096945304));
#2087=CARTESIAN_POINT('',(-0.00660232709303599,-0.01,0.0265376060825289));
#2088=CARTESIAN_POINT('',(-0.00660232709303599,0.,0.0265376060825289));
#2089=CARTESIAN_POINT('',(-0.00573978148195757,0.,0.0227905367368581));
#2090=CARTESIAN_POINT('',(-0.00573978148195757,-0.01,0.0227905367368581));
#2091=CARTESIAN_POINT('',(-0.00573978148195757,-0.01,0.0227905367368581));
#2092=CARTESIAN_POINT('',(-0.00660232709303599,-0.01,0.0265376060825289));
#2093=CARTESIAN_POINT('',(-0.00286989074097879,-0.01,0.0253058499203233));
#2094=CARTESIAN_POINT('',(-0.00286989074097879,0.,0.0253058499203233));
#2095=CARTESIAN_POINT('',(4.33680868994202E-18,0.,0.0278211631037884));
#2096=CARTESIAN_POINT('',(4.33680868994202E-18,-0.01,0.0278211631037884));
#2097=CARTESIAN_POINT('',(4.33680868994202E-18,-0.01,0.0278211631037884));
#2098=CARTESIAN_POINT('',(-0.00286989074097879,-0.01,0.0253058499203233));
#2099=CARTESIAN_POINT('',(0.00286989074097879,-0.01,0.0253058499203233));
#2100=CARTESIAN_POINT('',(0.00286989074097879,0.,0.0253058499203233));
#2101=CARTESIAN_POINT('',(0.00573978148195756,0.,0.0227905367368581));
#2102=CARTESIAN_POINT('',(0.00573978148195756,-0.01,0.0227905367368581));
#2103=CARTESIAN_POINT('',(0.00573978148195756,-0.01,0.0227905367368581));
#2104=CARTESIAN_POINT('',(0.00286989074097879,-0.01,0.0253058499203233));
#2105=CARTESIAN_POINT('',(0.00660232709303598,-0.01,0.0265376060825289));
#2106=CARTESIAN_POINT('',(0.00660232709303598,0.,0.0265376060825289));
#2107=CARTESIAN_POINT('',(0.00746487270411442,0.,0.0302846754281998));
#2108=CARTESIAN_POINT('',(0.00746487270411442,-0.01,0.0302846754281998));
#2109=CARTESIAN_POINT('',(0.00746487270411442,-0.01,0.0302846754281998));
#2110=CARTESIAN_POINT('',(0.00660232709303598,-0.01,0.0265376060825289));
#2111=CARTESIAN_POINT('',(0.0112950886745712,-0.01,0.029947096945304));
#2112=CARTESIAN_POINT('',(0.0112950886745712,0.,0.029947096945304));
#2113=CARTESIAN_POINT('',(0.015125304645028,0.,0.0296095184624082));
#2114=CARTESIAN_POINT('',(0.015125304645028,-0.01,0.0296095184624082));
#2115=CARTESIAN_POINT('',(0.015125304645028,-0.01,0.0296095184624082));
#2116=CARTESIAN_POINT('',(0.0112950886745712,-0.01,0.029947096945304));
#2117=CARTESIAN_POINT('',(0.0136199446623321,-0.01,0.0331162212725372));
#2118=CARTESIAN_POINT('',(0.0136199446623321,0.,0.0331162212725372));
#2119=CARTESIAN_POINT('',(0.0121145846796362,0.,0.0366229240826664));
#2120=CARTESIAN_POINT('',(0.0121145846796362,-0.01,0.0366229240826664));
#2121=CARTESIAN_POINT('',(0.0121145846796362,-0.01,0.0366229240826664));
#2122=CARTESIAN_POINT('',(0.0136199446623321,-0.01,0.0331162212725372));
#2123=CARTESIAN_POINT('',(0.0153936346842556,-0.01,0.0385750778530633));
#2124=CARTESIAN_POINT('',(0.0153936346842556,0.,0.0385750778530633));
#2125=CARTESIAN_POINT('',(0.0153936346842556,-0.01,0.0385750778530633));
#2126=CARTESIAN_POINT('',(0.,-0.01,0.0474120895918736));
#2127=CARTESIAN_POINT('',(2.60208521396521E-18,-0.01,0.040540177180275));
#2128=CARTESIAN_POINT('',(2.60208521396521E-18,-0.01,0.034190177180275));
#2129=CARTESIAN_POINT('',(0.,0.,0.0474120895918736));
#2130=CARTESIAN_POINT('',(2.60208521396521E-18,0.,0.040540177180275));
#2131=CARTESIAN_POINT('',(2.60208521396521E-18,0.,0.046890177180275));
#2132=CARTESIAN_POINT('',(2.60208521396521E-18,-0.0393,0.040540177180275));
#2133=CARTESIAN_POINT('',(0.,0.,0.));
#2134=CARTESIAN_POINT('',(0.0395845153782517,5.20417042793042E-18,-0.0127));
#2135=CARTESIAN_POINT('',(0.0395845153782517,5.20417042793042E-18,0.));
#2136=CARTESIAN_POINT('',(0.0395845153782517,0.0127,0.));
#2137=CARTESIAN_POINT('',(0.0395845153782517,-0.0127,0.));
#2138=CARTESIAN_POINT('',(0.0395845153782517,-0.0127,-0.0127));
#2139=CARTESIAN_POINT('',(0.0395845153782517,-0.0127,-0.0127));
#2140=CARTESIAN_POINT('',(0.0395845153782517,5.20417042793042E-18,-0.0127));
#2141=CARTESIAN_POINT('',(0.0395845153782517,0.0127,-0.0127));
#2142=CARTESIAN_POINT('',(0.0395845153782517,0.0127,-0.0127));
#2143=CARTESIAN_POINT('',(0.00148451537825167,0.0127,-0.0127));
#2144=CARTESIAN_POINT('',(0.00148451537825167,0.0127,-0.00635));
#2145=CARTESIAN_POINT('',(-0.00232548462174833,0.0127,-0.00635));
#2146=CARTESIAN_POINT('',(0.00148451537825167,0.0127,0.));
#2147=CARTESIAN_POINT('',(-0.0366154846217484,0.0127,0.));
#2148=CARTESIAN_POINT('',(0.00148451537825167,0.0127,-0.0127));
#2149=CARTESIAN_POINT('',(-0.0366154846217484,0.0127,-0.0127));
#2150=CARTESIAN_POINT('',(-0.0366154846217484,0.0127,-0.0127));
#2151=CARTESIAN_POINT('',(-0.0366154846217484,-5.20417042793042E-18,-0.0127));
#2152=CARTESIAN_POINT('',(-0.0366154846217484,-0.0127,-0.0127));
#2153=CARTESIAN_POINT('',(-0.0366154846217484,-0.0127,-0.0127));
#2154=CARTESIAN_POINT('',(-0.0366154846217484,-0.0127,0.));
#2155=CARTESIAN_POINT('',(-0.0366154846217484,-5.20417042793042E-18,0.));
#2156=CARTESIAN_POINT('',(-0.0366154846217484,-5.20417042793042E-18,-0.0127));
#2157=CARTESIAN_POINT('',(0.00148451537825167,-0.0127,-0.0127));
#2158=CARTESIAN_POINT('',(0.00148451537825167,-0.0127,-0.00635));
#2159=CARTESIAN_POINT('',(-0.00232548462174833,-0.0127,-0.00635));
#2160=CARTESIAN_POINT('',(0.00148451537825167,-0.0127,0.));
#2161=CARTESIAN_POINT('',(0.0119164141598486,-0.0127,0.));
#2162=CARTESIAN_POINT('',(0.00974085148195996,-0.0127,3.58887859751647E-18));
#2163=CARTESIAN_POINT('',(0.00842850359192417,-0.0127,-1.06191232084086E-5));
#2164=CARTESIAN_POINT('',(0.0118924918055967,-0.0127,1.74104243778532E-5));
#2165=CARTESIAN_POINT('',(0.0101362233984941,-0.0127,0.003003297442035));
#2166=CARTESIAN_POINT('',(0.00837995499139158,-0.0127,0.00598918445969215));
#2167=CARTESIAN_POINT('',(0.00667223518482161,-0.0127,0.00297526789444874));
#2168=CARTESIAN_POINT('',(0.00498641415984858,-0.0127,0.));
#2169=CARTESIAN_POINT('',(0.00148451537825167,-0.0127,0.));
#2170=CARTESIAN_POINT('',(0.00281085148195908,-0.0127,3.21872519956634E-20));
#2171=CARTESIAN_POINT('',(0.00149850359192417,-0.0127,-1.06191232084086E-5));
#2172=CARTESIAN_POINT('',(0.00496249180559668,-0.0127,1.74104243778532E-5));
#2173=CARTESIAN_POINT('',(0.00320622339849413,-0.0127,0.003003297442035));
#2174=CARTESIAN_POINT('',(0.00144995499139158,-0.0127,0.00598918445969215));
#2175=CARTESIAN_POINT('',(-0.000257764815178389,-0.0127,0.00297526789444874));
#2176=CARTESIAN_POINT('',(-0.00194358584015142,-0.0127,0.));
#2177=CARTESIAN_POINT('',(0.00148451537825167,-0.0127,0.));
#2178=CARTESIAN_POINT('',(-0.00411914851804003,-0.0127,3.58549046572745E-18));
#2179=CARTESIAN_POINT('',(-0.00543149640807583,-0.0127,-1.06191232084086E-5));
#2180=CARTESIAN_POINT('',(-0.00196750819440331,-0.0127,1.74104243778532E-5));
#2181=CARTESIAN_POINT('',(-0.00372377660150586,-0.0127,0.003003297442035));
#2182=CARTESIAN_POINT('',(-0.00548004500860841,-0.0127,0.00598918445969215));
#2183=CARTESIAN_POINT('',(-0.00718776481517838,-0.0127,0.00297526789444874));
#2184=CARTESIAN_POINT('',(-0.00887358584015141,-0.0127,0.));
#2185=CARTESIAN_POINT('',(0.00148451537825167,-0.0127,0.));
#2186=CARTESIAN_POINT('',(-0.0110491485180533,-0.0127,-5.00045900411576E-17));
#2187=CARTESIAN_POINT('',(-0.0123614964080758,-0.0127,-1.06191232084086E-5));
#2188=CARTESIAN_POINT('',(-0.0088975081944033,-0.0127,1.74104243778532E-5));
#2189=CARTESIAN_POINT('',(-0.0106537766015059,-0.0127,0.003003297442035));
#2190=CARTESIAN_POINT('',(-0.0124100450086084,-0.0127,0.00598918445969215));
#2191=CARTESIAN_POINT('',(-0.0141177648151784,-0.0127,0.00297526789444874));
#2192=CARTESIAN_POINT('',(-0.0158035858401514,-0.0127,4.33680868994202E-19));
#2193=CARTESIAN_POINT('',(0.00148451537825167,-0.0127,0.));
#2194=CARTESIAN_POINT('',(-0.0179791485180532,-0.0127,-5.00088252058939E-17));
#2195=CARTESIAN_POINT('',(-0.0192914964080758,-0.0127,-1.06191232084086E-5));
#2196=CARTESIAN_POINT('',(-0.0158275081944033,-0.0127,1.74104243778532E-5));
#2197=CARTESIAN_POINT('',(-0.0175837766015059,-0.0127,0.003003297442035));
#2198=CARTESIAN_POINT('',(-0.0193400450086084,-0.0127,0.00598918445969215));
#2199=CARTESIAN_POINT('',(-0.0210477648151784,-0.0127,0.00297526789444874));
#2200=CARTESIAN_POINT('',(-0.0227335858401514,-0.0127,0.));
#2201=CARTESIAN_POINT('',(0.00148451537825167,-0.0127,0.));
#2202=CARTESIAN_POINT('',(-0.0249091485180532,-0.0127,-5.00088252058939E-17));
#2203=CARTESIAN_POINT('',(-0.0262214964080758,-0.0127,-1.06191232084086E-5));
#2204=CARTESIAN_POINT('',(-0.0227575081944033,-0.0127,1.74104243778532E-5));
#2205=CARTESIAN_POINT('',(-0.0245137766015058,-0.0127,0.003003297442035));
#2206=CARTESIAN_POINT('',(-0.0262700450086084,-0.0127,0.00598918445969215));
#2207=CARTESIAN_POINT('',(-0.0279777648151784,-0.0127,0.00297526789444874));
#2208=CARTESIAN_POINT('',(-0.0296635858401514,-0.0127,0.));
#2209=CARTESIAN_POINT('',(0.00148451537825167,-0.0127,0.));
#2210=CARTESIAN_POINT('',(-0.0318391485180002,-0.0127,1.64387919238378E-16));
#2211=CARTESIAN_POINT('',(-0.0331514964080758,-0.0127,-1.06191232084086E-5));
#2212=CARTESIAN_POINT('',(-0.0296875081944033,-0.0127,1.74104243778513E-5));
#2213=CARTESIAN_POINT('',(-0.0314437766015059,-0.0127,0.003003297442035));
#2214=CARTESIAN_POINT('',(-0.0332000450086084,-0.0127,0.00598918445969215));
#2215=CARTESIAN_POINT('',(-0.0349077648151783,-0.0127,0.00297526789444874));
#2216=CARTESIAN_POINT('',(-0.0365935858401514,-0.0127,0.));
#2217=CARTESIAN_POINT('',(0.00148451537825167,-0.0127,0.));
#2218=CARTESIAN_POINT('',(0.00148451537825167,-0.0127,-0.0127));
#2219=CARTESIAN_POINT('',(0.00148451537825167,-0.0127,0.));
#2220=CARTESIAN_POINT('',(0.0374608514819997,-0.0127,1.64387919238378E-16));
#2221=CARTESIAN_POINT('',(0.0361485035919241,-0.0127,-1.06191232084086E-5));
#2222=CARTESIAN_POINT('',(0.0396124918055967,-0.0127,1.74104243778532E-5));
#2223=CARTESIAN_POINT('',(0.0378562233984941,-0.0127,0.003003297442035));
#2224=CARTESIAN_POINT('',(0.0360999549913915,-0.0127,0.00598918445969215));
#2225=CARTESIAN_POINT('',(0.0343922351848216,-0.0127,0.00297526789444874));
#2226=CARTESIAN_POINT('',(0.0327064141598485,-0.0127,-6.50521303491303E-19));
#2227=CARTESIAN_POINT('',(0.00148451537825167,-0.0127,0.));
#2228=CARTESIAN_POINT('',(0.0305308514819467,-0.0127,-5.00088252058939E-17));
#2229=CARTESIAN_POINT('',(0.0292185035919241,-0.0127,-1.06191232084086E-5));
#2230=CARTESIAN_POINT('',(0.0326824918055966,-0.0127,1.74104243778532E-5));
#2231=CARTESIAN_POINT('',(0.0309262233984941,-0.0127,0.003003297442035));
#2232=CARTESIAN_POINT('',(0.0291699549913916,-0.0127,0.00598918445969215));
#2233=CARTESIAN_POINT('',(0.0274622351848216,-0.0127,0.00297526789444873));
#2234=CARTESIAN_POINT('',(0.0257764141598485,-0.0127,4.33680868994202E-19));
#2235=CARTESIAN_POINT('',(0.00148451537825167,-0.0127,0.));
#2236=CARTESIAN_POINT('',(0.0236008514819467,-0.0127,-5.00088252058939E-17));
#2237=CARTESIAN_POINT('',(0.0222885035919241,-0.0127,-1.06191232084086E-5));
#2238=CARTESIAN_POINT('',(0.0257524918055967,-0.0127,1.74104243778532E-5));
#2239=CARTESIAN_POINT('',(0.0239962233984942,-0.0127,0.003003297442035));
#2240=CARTESIAN_POINT('',(0.0222399549913916,-0.0127,0.00598918445969215));
#2241=CARTESIAN_POINT('',(0.0205322351848216,-0.0127,0.00297526789444873));
#2242=CARTESIAN_POINT('',(0.0188464141598485,-0.0127,-6.50521303491303E-19));
#2243=CARTESIAN_POINT('',(0.00148451537825167,-0.0127,0.));
#2244=CARTESIAN_POINT('',(0.0166708514819467,-0.0127,-5.00054370741049E-17));
#2245=CARTESIAN_POINT('',(0.0153585035919241,-0.0127,-1.06191232084086E-5));
#2246=CARTESIAN_POINT('',(0.0188224918055967,-0.0127,1.74104243778532E-5));
#2247=CARTESIAN_POINT('',(0.0170662233984941,-0.0127,0.003003297442035));
#2248=CARTESIAN_POINT('',(0.0153099549913916,-0.0127,0.00598918445969215));
#2249=CARTESIAN_POINT('',(0.0136022351848216,-0.0127,0.00297526789444874));
#2250=CARTESIAN_POINT('',(0.00148451537825167,0.,-0.0127));
#2251=CARTESIAN_POINT('',(0.00148451537825167,0.,0.));
#2252=CARTESIAN_POINT('',(0.00498641415984858,4.78332758026042E-19,0.));
#2253=CARTESIAN_POINT('',(0.00498641415984858,0.0126,0.));
#2254=CARTESIAN_POINT('',(0.00148451537825167,0.0126,0.));
#2255=CARTESIAN_POINT('',(0.00974085148195996,0.0126,3.58887859751647E-18));
#2256=CARTESIAN_POINT('',(0.00974085148195907,1.12775276099654E-18,0.));
#2257=CARTESIAN_POINT('',(0.0119164141598486,1.42491808783071E-18,0.));
#2258=CARTESIAN_POINT('',(0.0119164141598486,0.0126,0.));
#2259=CARTESIAN_POINT('',(0.00148451537825167,0.0126,0.));
#2260=CARTESIAN_POINT('',(0.0166708514819467,0.0126,-5.00054370741049E-17));
#2261=CARTESIAN_POINT('',(0.016670851481959,2.07433809080121E-18,0.));
#2262=CARTESIAN_POINT('',(0.0188464141598485,2.37150341763537E-18,0.));
#2263=CARTESIAN_POINT('',(0.0188464141598485,0.0126,-6.50521303491303E-19));
#2264=CARTESIAN_POINT('',(0.00148451537825167,0.0126,0.));
#2265=CARTESIAN_POINT('',(0.0236008514819467,0.0126,-5.00088252058939E-17));
#2266=CARTESIAN_POINT('',(0.0236008514819591,3.02092342060588E-18,0.));
#2267=CARTESIAN_POINT('',(0.0257764141598485,3.31808874744004E-18,0.));
#2268=CARTESIAN_POINT('',(0.0257764141598485,0.0126,4.33680868994202E-19));
#2269=CARTESIAN_POINT('',(0.00148451537825167,0.0126,0.));
#2270=CARTESIAN_POINT('',(0.0305308514819467,0.0126,-5.00088252058939E-17));
#2271=CARTESIAN_POINT('',(0.0305308514819591,3.96750875041054E-18,0.));
#2272=CARTESIAN_POINT('',(0.0327064141598485,4.26467407724471E-18,0.));
#2273=CARTESIAN_POINT('',(0.0327064141598485,0.0126,-6.50521303491303E-19));
#2274=CARTESIAN_POINT('',(0.00148451537825167,0.0126,0.));
#2275=CARTESIAN_POINT('',(0.0374608514819997,0.0126,1.64387919238378E-16));
#2276=CARTESIAN_POINT('',(0.0374608514819591,4.91409408021521E-18,0.));
#2277=CARTESIAN_POINT('',(-0.0365935858401514,-5.20117922080196E-18,0.));
#2278=CARTESIAN_POINT('',(-0.0365935858401514,0.0126,0.));
#2279=CARTESIAN_POINT('',(0.00148451537825167,0.0126,0.));
#2280=CARTESIAN_POINT('',(-0.0318391485180002,0.0126,1.64387919238378E-16));
#2281=CARTESIAN_POINT('',(-0.0318391485180409,-4.55175921783146E-18,0.));
#2282=CARTESIAN_POINT('',(-0.0296635858401514,-4.25459389099729E-18,0.));
#2283=CARTESIAN_POINT('',(-0.0296635858401514,0.0126,0.));
#2284=CARTESIAN_POINT('',(0.00148451537825167,0.0126,0.));
#2285=CARTESIAN_POINT('',(-0.0249091485180532,0.0126,-5.00088252058939E-17));
#2286=CARTESIAN_POINT('',(-0.0249091485180409,-3.60517388802679E-18,0.));
#2287=CARTESIAN_POINT('',(-0.0227335858401514,-3.30800856119263E-18,0.));
#2288=CARTESIAN_POINT('',(-0.0227335858401514,0.0126,0.));
#2289=CARTESIAN_POINT('',(0.00148451537825167,0.0126,0.));
#2290=CARTESIAN_POINT('',(-0.0179791485180532,0.0126,-5.00088252058939E-17));
#2291=CARTESIAN_POINT('',(-0.0179791485180409,-2.65858855822212E-18,0.));
#2292=CARTESIAN_POINT('',(-0.0158035858401514,-2.36142323138796E-18,0.));
#2293=CARTESIAN_POINT('',(-0.0158035858401514,0.0126,4.33680868994202E-19));
#2294=CARTESIAN_POINT('',(0.00148451537825167,0.0126,0.));
#2295=CARTESIAN_POINT('',(-0.0110491485180533,0.0126,-5.00045900411576E-17));
#2296=CARTESIAN_POINT('',(-0.0110491485180409,-1.71200322841745E-18,0.));
#2297=CARTESIAN_POINT('',(-0.00887358584015141,-1.41483790158329E-18,0.));
#2298=CARTESIAN_POINT('',(-0.00887358584015142,0.0126,0.));
#2299=CARTESIAN_POINT('',(0.00148451537825167,0.0126,0.));
#2300=CARTESIAN_POINT('',(-0.00411914851804003,0.0126,3.58549046572745E-18));
#2301=CARTESIAN_POINT('',(-0.00411914851804092,-7.65417898612789E-19,0.));
#2302=CARTESIAN_POINT('',(-0.00194358584015142,-4.68252571778626E-19,0.));
#2303=CARTESIAN_POINT('',(-0.00194358584015143,0.0126,0.));
#2304=CARTESIAN_POINT('',(0.00148451537825167,0.0126,0.));
#2305=CARTESIAN_POINT('',(0.00281085148195908,0.0126,3.21872519956634E-20));
#2306=CARTESIAN_POINT('',(0.00281085148195907,1.81167431191877E-19,0.));
#2307=CARTESIAN_POINT('',(-0.0314437766015059,0.0126,0.003003297442035));
#2308=CARTESIAN_POINT('',(-0.0296875081944033,0.0126,1.74104243778513E-5));
#2309=CARTESIAN_POINT('',(-0.0296875081944033,0.0126,1.74104243778513E-5));
#2310=CARTESIAN_POINT('',(-0.0314437766015059,0.0126,0.003003297442035));
#2311=CARTESIAN_POINT('',(-0.0332000450086084,0.0126,0.00598918445969215));
#2312=CARTESIAN_POINT('',(-0.0332000450086084,0.0126,0.00598918445969215));
#2313=CARTESIAN_POINT('',(-0.0349077648151783,0.0126,0.00297526789444874));
#2314=CARTESIAN_POINT('',(-0.0349077648151783,0.0126,0.00297526789444874));
#2315=CARTESIAN_POINT('',(-0.0331514964080758,0.0126,-1.06191232084086E-5));
#2316=CARTESIAN_POINT('',(-0.0331514964080758,0.0126,-1.06191232084086E-5));
#2317=CARTESIAN_POINT('',(0.00149850359192416,0.0126,-0.000637873152643444));
#2318=CARTESIAN_POINT('',(0.0309262233984941,0.0126,0.003003297442035));
#2319=CARTESIAN_POINT('',(0.0326824918055966,0.0126,1.74104243778532E-5));
#2320=CARTESIAN_POINT('',(0.0326824918055966,0.0126,1.74104243778532E-5));
#2321=CARTESIAN_POINT('',(0.0309262233984941,0.0126,0.003003297442035));
#2322=CARTESIAN_POINT('',(0.0291699549913916,0.0126,0.00598918445969215));
#2323=CARTESIAN_POINT('',(0.0291699549913916,0.0126,0.00598918445969215));
#2324=CARTESIAN_POINT('',(0.0274622351848216,0.0126,0.00297526789444873));
#2325=CARTESIAN_POINT('',(0.0274622351848216,0.0126,0.00297526789444873));
#2326=CARTESIAN_POINT('',(0.0292185035919241,0.0126,-1.06191232084086E-5));
#2327=CARTESIAN_POINT('',(0.0292185035919241,0.0126,-1.06191232084086E-5));
#2328=CARTESIAN_POINT('',(0.00149850359192416,0.0126,-0.000637873152643444));
#2329=CARTESIAN_POINT('',(0.0378562233984941,0.0126,0.003003297442035));
#2330=CARTESIAN_POINT('',(0.0396124918055967,0.0126,1.74104243778532E-5));
#2331=CARTESIAN_POINT('',(0.0396124918055967,0.0126,1.74104243778532E-5));
#2332=CARTESIAN_POINT('',(0.0378562233984941,0.0126,0.003003297442035));
#2333=CARTESIAN_POINT('',(0.0360999549913915,0.0126,0.00598918445969215));
#2334=CARTESIAN_POINT('',(0.0360999549913915,0.0126,0.00598918445969215));
#2335=CARTESIAN_POINT('',(0.0343922351848216,0.0126,0.00297526789444874));
#2336=CARTESIAN_POINT('',(0.0343922351848216,0.0126,0.00297526789444874));
#2337=CARTESIAN_POINT('',(0.0361485035919241,0.0126,-1.06191232084086E-5));
#2338=CARTESIAN_POINT('',(0.0361485035919241,0.0126,-1.06191232084086E-5));
#2339=CARTESIAN_POINT('',(0.00149850359192416,0.0126,-0.000637873152643444));
#2340=CARTESIAN_POINT('',(-0.0106537766015059,0.0126,0.003003297442035));
#2341=CARTESIAN_POINT('',(-0.00889750819440331,0.0126,1.74104243778532E-5));
#2342=CARTESIAN_POINT('',(-0.00889750819440331,0.0126,1.74104243778532E-5));
#2343=CARTESIAN_POINT('',(-0.0106537766015059,0.0126,0.003003297442035));
#2344=CARTESIAN_POINT('',(-0.0124100450086084,0.0126,0.00598918445969215));
#2345=CARTESIAN_POINT('',(-0.0124100450086084,0.0126,0.00598918445969215));
#2346=CARTESIAN_POINT('',(-0.0141177648151784,0.0126,0.00297526789444874));
#2347=CARTESIAN_POINT('',(-0.0141177648151784,0.0126,0.00297526789444874));
#2348=CARTESIAN_POINT('',(-0.0123614964080758,0.0126,-1.06191232084086E-5));
#2349=CARTESIAN_POINT('',(-0.0123614964080758,0.0126,-1.06191232084086E-5));
#2350=CARTESIAN_POINT('',(0.00149850359192416,0.0126,-0.000637873152643444));
#2351=CARTESIAN_POINT('',(-0.00372377660150586,0.0126,0.003003297442035));
#2352=CARTESIAN_POINT('',(-0.00196750819440331,0.0126,1.74104243778532E-5));
#2353=CARTESIAN_POINT('',(-0.00196750819440331,0.0126,1.74104243778532E-5));
#2354=CARTESIAN_POINT('',(-0.00372377660150586,0.0126,0.003003297442035));
#2355=CARTESIAN_POINT('',(-0.00548004500860841,0.0126,0.00598918445969215));
#2356=CARTESIAN_POINT('',(-0.00548004500860841,0.0126,0.00598918445969215));
#2357=CARTESIAN_POINT('',(-0.00718776481517838,0.0126,0.00297526789444874));
#2358=CARTESIAN_POINT('',(-0.00718776481517838,0.0126,0.00297526789444874));
#2359=CARTESIAN_POINT('',(-0.00543149640807583,0.0126,-1.06191232084086E-5));
#2360=CARTESIAN_POINT('',(-0.00543149640807583,0.0126,-1.06191232084086E-5));
#2361=CARTESIAN_POINT('',(0.00149850359192416,0.0126,-0.000637873152643444));
#2362=CARTESIAN_POINT('',(-0.0279777648151784,0.0126,0.00297526789444874));
#2363=CARTESIAN_POINT('',(-0.0279777648151784,0.0126,0.00297526789444874));
#2364=CARTESIAN_POINT('',(-0.0262700450086084,0.0126,0.00598918445969215));
#2365=CARTESIAN_POINT('',(-0.0262700450086084,0.0126,0.00598918445969215));
#2366=CARTESIAN_POINT('',(-0.0262214964080758,0.0126,-1.06191232084086E-5));
#2367=CARTESIAN_POINT('',(-0.0262214964080758,0.0126,-1.06191232084086E-5));
#2368=CARTESIAN_POINT('',(-0.0227575081944033,0.0126,1.74104243778532E-5));
#2369=CARTESIAN_POINT('',(-0.0227575081944033,0.0126,1.74104243778532E-5));
#2370=CARTESIAN_POINT('',(-0.0245137766015058,0.0126,0.003003297442035));
#2371=CARTESIAN_POINT('',(-0.0245137766015058,0.0126,0.003003297442035));
#2372=CARTESIAN_POINT('',(0.00149850359192416,0.0126,-0.000637873152643444));
#2373=CARTESIAN_POINT('',(-0.0175837766015059,0.0126,0.003003297442035));
#2374=CARTESIAN_POINT('',(-0.0158275081944033,0.0126,1.74104243778532E-5));
#2375=CARTESIAN_POINT('',(-0.0158275081944033,0.0126,1.74104243778532E-5));
#2376=CARTESIAN_POINT('',(-0.0175837766015059,0.0126,0.003003297442035));
#2377=CARTESIAN_POINT('',(-0.0193400450086084,0.0126,0.00598918445969215));
#2378=CARTESIAN_POINT('',(-0.0193400450086084,0.0126,0.00598918445969215));
#2379=CARTESIAN_POINT('',(-0.0210477648151784,0.0126,0.00297526789444874));
#2380=CARTESIAN_POINT('',(-0.0210477648151784,0.0126,0.00297526789444874));
#2381=CARTESIAN_POINT('',(-0.0192914964080758,0.0126,-1.06191232084086E-5));
#2382=CARTESIAN_POINT('',(-0.0192914964080758,0.0126,-1.06191232084086E-5));
#2383=CARTESIAN_POINT('',(0.00149850359192416,0.0126,-0.000637873152643444));
#2384=CARTESIAN_POINT('',(0.0170662233984941,0.0126,0.003003297442035));
#2385=CARTESIAN_POINT('',(0.0188224918055967,0.0126,1.74104243778532E-5));
#2386=CARTESIAN_POINT('',(0.0188224918055967,0.0126,1.74104243778532E-5));
#2387=CARTESIAN_POINT('',(0.0170662233984941,0.0126,0.003003297442035));
#2388=CARTESIAN_POINT('',(0.0153099549913916,0.0126,0.00598918445969215));
#2389=CARTESIAN_POINT('',(0.0153099549913916,0.0126,0.00598918445969215));
#2390=CARTESIAN_POINT('',(0.0136022351848216,0.0126,0.00297526789444874));
#2391=CARTESIAN_POINT('',(0.0136022351848216,0.0126,0.00297526789444874));
#2392=CARTESIAN_POINT('',(0.0153585035919241,0.0126,-1.06191232084086E-5));
#2393=CARTESIAN_POINT('',(0.0153585035919241,0.0126,-1.06191232084086E-5));
#2394=CARTESIAN_POINT('',(0.00149850359192416,0.0126,-0.000637873152643444));
#2395=CARTESIAN_POINT('',(0.0239962233984941,0.0126,0.003003297442035));
#2396=CARTESIAN_POINT('',(0.0257524918055967,0.0126,1.74104243778532E-5));
#2397=CARTESIAN_POINT('',(0.0257524918055967,0.0126,1.74104243778532E-5));
#2398=CARTESIAN_POINT('',(0.0239962233984941,0.0126,0.003003297442035));
#2399=CARTESIAN_POINT('',(0.0222399549913916,0.0126,0.00598918445969215));
#2400=CARTESIAN_POINT('',(0.0222399549913916,0.0126,0.00598918445969215));
#2401=CARTESIAN_POINT('',(0.0205322351848216,0.0126,0.00297526789444873));
#2402=CARTESIAN_POINT('',(0.0205322351848216,0.0126,0.00297526789444873));
#2403=CARTESIAN_POINT('',(0.0222885035919241,0.0126,-1.06191232084086E-5));
#2404=CARTESIAN_POINT('',(0.0222885035919241,0.0126,-1.06191232084086E-5));
#2405=CARTESIAN_POINT('',(0.00149850359192416,0.0126,-0.000637873152643444));
#2406=CARTESIAN_POINT('',(0.00320622339849413,0.0126,0.003003297442035));
#2407=CARTESIAN_POINT('',(0.00496249180559668,0.0126,1.74104243778532E-5));
#2408=CARTESIAN_POINT('',(0.00496249180559668,0.0126,1.74104243778532E-5));
#2409=CARTESIAN_POINT('',(0.00320622339849413,0.0126,0.003003297442035));
#2410=CARTESIAN_POINT('',(0.00144995499139158,0.0126,0.00598918445969215));
#2411=CARTESIAN_POINT('',(0.00144995499139158,0.0126,0.00598918445969215));
#2412=CARTESIAN_POINT('',(-0.000257764815178393,0.0126,0.00297526789444874));
#2413=CARTESIAN_POINT('',(-0.000257764815178393,0.0126,0.00297526789444874));
#2414=CARTESIAN_POINT('',(0.00149850359192416,0.0126,-1.06191232084086E-5));
#2415=CARTESIAN_POINT('',(0.00149850359192416,0.0126,-1.06191232084086E-5));
#2416=CARTESIAN_POINT('',(0.00149850359192416,0.0126,-0.000637873152643444));
#2417=CARTESIAN_POINT('',(0.0101362233984941,0.0126,0.003003297442035));
#2418=CARTESIAN_POINT('',(0.0118924918055967,0.0126,1.74104243778532E-5));
#2419=CARTESIAN_POINT('',(0.0118924918055967,0.0126,1.74104243778532E-5));
#2420=CARTESIAN_POINT('',(0.0101362233984941,0.0126,0.003003297442035));
#2421=CARTESIAN_POINT('',(0.00837995499139158,0.0126,0.00598918445969215));
#2422=CARTESIAN_POINT('',(0.00837995499139158,0.0126,0.00598918445969215));
#2423=CARTESIAN_POINT('',(0.00667223518482161,0.0126,0.00297526789444874));
#2424=CARTESIAN_POINT('',(0.00667223518482161,0.0126,0.00297526789444874));
#2425=CARTESIAN_POINT('',(0.00842850359192416,0.0126,-1.06191232084086E-5));
#2426=CARTESIAN_POINT('',(0.00842850359192416,0.0126,-1.06191232084086E-5));
#2427=CARTESIAN_POINT('',(0.00149850359192416,0.0126,-0.000637873152643444));
#2428=CARTESIAN_POINT('',(0.00148451537825167,0.0527,-0.00635));
#2429=CARTESIAN_POINT('',(0.00148451537825167,0.0527,-0.00635));
#2430=CARTESIAN_POINT('',(-0.00232548462174833,0.0527,-0.00635));
#2431=CARTESIAN_POINT('',(0.00148451537825166,0.0527,-0.00635));
#2432=CARTESIAN_POINT('',(0.00148451537825168,-0.0517,-0.00635));
#2433=CARTESIAN_POINT('',(0.00148451537825168,-0.0517,-0.00635));
#2434=CARTESIAN_POINT('',(-0.00232548462174832,-0.0517,-0.00635));
#2435=CARTESIAN_POINT('',(0.00148451537825167,-0.0517,-0.00635));
#2436=MECHANICAL_DESIGN_GEOMETRIC_PRESENTATION_REPRESENTATION('',(#1524),
#2438);
#2437=MECHANICAL_DESIGN_GEOMETRIC_PRESENTATION_REPRESENTATION('',(#1525),
#2439);
#2438=(
GEOMETRIC_REPRESENTATION_CONTEXT(3)
GLOBAL_UNCERTAINTY_ASSIGNED_CONTEXT((#2440))
GLOBAL_UNIT_ASSIGNED_CONTEXT((#2446,#2444,#2442))
REPRESENTATION_CONTEXT('Part 2','TOP_LEVEL_ASSEMBLY_PART')
);
#2439=(
GEOMETRIC_REPRESENTATION_CONTEXT(3)
GLOBAL_UNCERTAINTY_ASSIGNED_CONTEXT((#2441))
GLOBAL_UNIT_ASSIGNED_CONTEXT((#2447,#2445,#2443))
REPRESENTATION_CONTEXT('Part 1','TOP_LEVEL_ASSEMBLY_PART')
);
#2440=UNCERTAINTY_MEASURE_WITH_UNIT(LENGTH_MEASURE(1.E-8),#2446,
'DISTANCE_ACCURACY_VALUE','Maximum Tolerance applied to model');
#2441=UNCERTAINTY_MEASURE_WITH_UNIT(LENGTH_MEASURE(1.E-8),#2447,
'DISTANCE_ACCURACY_VALUE','Maximum Tolerance applied to model');
#2442=(
NAMED_UNIT(*)
SI_UNIT($,.STERADIAN.)
SOLID_ANGLE_UNIT()
);
#2443=(
NAMED_UNIT(*)
SI_UNIT($,.STERADIAN.)
SOLID_ANGLE_UNIT()
);
#2444=(
NAMED_UNIT(*)
PLANE_ANGLE_UNIT()
SI_UNIT($,.RADIAN.)
);
#2445=(
NAMED_UNIT(*)
PLANE_ANGLE_UNIT()
SI_UNIT($,.RADIAN.)
);
#2446=(
LENGTH_UNIT()
NAMED_UNIT(*)
SI_UNIT($,.METRE.)
);
#2447=(
LENGTH_UNIT()
NAMED_UNIT(*)
SI_UNIT($,.METRE.)
);
#2448=PRODUCT_DEFINITION_SHAPE('','',#2450);
#2449=PRODUCT_DEFINITION_SHAPE('','',#2451);
#2450=PRODUCT_DEFINITION('','',#2454,#2452);
#2451=PRODUCT_DEFINITION('','',#2455,#2453);
#2452=PRODUCT_DEFINITION_CONTEXT('',#2466,'design');
#2453=PRODUCT_DEFINITION_CONTEXT('',#2467,'design');
#2454=PRODUCT_DEFINITION_FORMATION_WITH_SPECIFIED_SOURCE('','',#2458,
 .NOT_KNOWN.);
#2455=PRODUCT_DEFINITION_FORMATION_WITH_SPECIFIED_SOURCE('','',#2459,
 .NOT_KNOWN.);
#2456=PRODUCT_RELATED_PRODUCT_CATEGORY('','',(#2458));
#2457=PRODUCT_RELATED_PRODUCT_CATEGORY('','',(#2459));
#2458=PRODUCT('Part 2','Part 2','Part 2',(#2462));
#2459=PRODUCT('Part 1','Part 1','Part 1',(#2463));
#2460=PRODUCT_CATEGORY('','');
#2461=PRODUCT_CATEGORY('','');
#2462=PRODUCT_CONTEXT('',#2466,'mechanical');
#2463=PRODUCT_CONTEXT('',#2467,'mechanical');
#2464=APPLICATION_PROTOCOL_DEFINITION('international standard',
'ap242_managed_model_based_3d_engineering',2020,#2466);
#2465=APPLICATION_PROTOCOL_DEFINITION('international standard',
'ap242_managed_model_based_3d_engineering',2020,#2467);
#2466=APPLICATION_CONTEXT('managed model based 3d engineering');
#2467=APPLICATION_CONTEXT('managed model based 3d engineering');
ENDSEC;
END-ISO-10303-21;
