ISO-10303-21;
HEADER;
/* Generated by software containing ST-Developer
 * from STEP Tools, Inc. (www.steptools.com) 
 */
/* OPTION: using custom renumber hook */

FILE_DESCRIPTION(
/* description */ ('STEP AP242 Edition 2',
'CAx-IF Rec.Pracs.---Representation and Presentation of Product Manufa
cturing Information (PMI)---4.0---2014-10-13',
'CAx-IF Rec.Pracs.---3D Tessellated Geometry---0.4---2014-09-14','2;1',
'CAx-IF Rec.Pracs.---User Defined Attributes---1.5---2016-08-15'),
/* implementation_level */ '2;1');

FILE_NAME(
/* name */ 'Part Studio 1',
/* time_stamp */ '2026-09-01T21:53:39Z',
/* author */ (''),
/* organization */ (''),
/* preprocessor_version */ 'ST-DEVELOPER v20',
/* originating_system */ 'ONSHAPE BY PTC INC, 1.220',
/* authorisation */ '  ');

FILE_SCHEMA (('AP242_MANAGED_MODEL_BASED_3D_ENGINEERING_MIM_LF { 1 0 10303 442 3 1 4 }'));
ENDSEC;

DATA;
#10=SHAPE_REPRESENTATION_RELATIONSHIP('','',#921,#11);
#11=ADVANCED_BREP_SHAPE_REPRESENTATION('',(#919),#2409);
#12=CYLINDRICAL_SURFACE('',#982,0.00635);
#13=PLANE('',#979);
#14=PLANE('',#980);
#15=PLANE('',#984);
#16=CIRCLE('',#923,0.00088);
#17=CIRCLE('',#924,0.00066);
#18=CIRCLE('',#925,0.009525);
#19=CIRCLE('',#926,0.0127);
#20=CIRCLE('',#927,0.00088);
#21=CIRCLE('',#928,0.00066);
#22=CIRCLE('',#929,0.009525);
#23=CIRCLE('',#930,0.0127);
#24=CIRCLE('',#931,0.00088);
#25=CIRCLE('',#932,0.00066);
#26=CIRCLE('',#933,0.009525);
#27=CIRCLE('',#934,0.0127000000000002);
#28=CIRCLE('',#935,0.00088);
#29=CIRCLE('',#936,0.00066);
#30=CIRCLE('',#937,0.00952499999999969);
#31=CIRCLE('',#938,0.0126999999999998);
#32=CIRCLE('',#939,0.00088);
#33=CIRCLE('',#940,0.00066);
#34=CIRCLE('',#941,0.0095249999999998);
#35=CIRCLE('',#942,0.0127000000000001);
#36=CIRCLE('',#943,0.00088);
#37=CIRCLE('',#944,0.00066);
#38=CIRCLE('',#945,0.009525);
#39=CIRCLE('',#946,0.0127000000000002);
#40=CIRCLE('',#947,0.00088);
#41=CIRCLE('',#948,0.00066);
#42=CIRCLE('',#949,0.00952499999999985);
#43=CIRCLE('',#950,0.0127);
#44=CIRCLE('',#951,0.00088);
#45=CIRCLE('',#952,0.00066);
#46=CIRCLE('',#953,0.00952499999999985);
#47=CIRCLE('',#954,0.0127);
#48=CIRCLE('',#955,0.00088);
#49=CIRCLE('',#956,0.00066);
#50=CIRCLE('',#957,0.009525);
#51=CIRCLE('',#958,0.0127);
#52=CIRCLE('',#959,0.00088);
#53=CIRCLE('',#960,0.00066);
#54=CIRCLE('',#961,0.009525);
#55=CIRCLE('',#962,0.0127);
#56=CIRCLE('',#963,0.00088);
#57=CIRCLE('',#964,0.00066);
#58=CIRCLE('',#965,0.00952499999999981);
#59=CIRCLE('',#966,0.0127);
#60=CIRCLE('',#967,0.00088);
#61=CIRCLE('',#968,0.00066);
#62=CIRCLE('',#969,0.00952499999999971);
#63=CIRCLE('',#970,0.0127);
#64=CIRCLE('',#971,0.00088);
#65=CIRCLE('',#972,0.00066);
#66=CIRCLE('',#973,0.009525);
#67=CIRCLE('',#974,0.0127);
#68=CIRCLE('',#975,0.00088);
#69=CIRCLE('',#976,0.00066);
#70=CIRCLE('',#977,0.00952499999999989);
#71=CIRCLE('',#978,0.0127);
#72=CIRCLE('',#981,0.00635);
#73=CIRCLE('',#983,0.00635);
#74=ORIENTED_EDGE('',*,*,#358,.T.);
#75=ORIENTED_EDGE('',*,*,#359,.T.);
#76=ORIENTED_EDGE('',*,*,#360,.T.);
#77=ORIENTED_EDGE('',*,*,#361,.T.);
#78=ORIENTED_EDGE('',*,*,#362,.F.);
#79=ORIENTED_EDGE('',*,*,#363,.F.);
#80=ORIENTED_EDGE('',*,*,#364,.F.);
#81=ORIENTED_EDGE('',*,*,#365,.F.);
#82=ORIENTED_EDGE('',*,*,#365,.T.);
#83=ORIENTED_EDGE('',*,*,#366,.F.);
#84=ORIENTED_EDGE('',*,*,#367,.F.);
#85=ORIENTED_EDGE('',*,*,#368,.T.);
#86=ORIENTED_EDGE('',*,*,#369,.T.);
#87=ORIENTED_EDGE('',*,*,#370,.T.);
#88=ORIENTED_EDGE('',*,*,#371,.T.);
#89=ORIENTED_EDGE('',*,*,#367,.T.);
#90=ORIENTED_EDGE('',*,*,#372,.F.);
#91=ORIENTED_EDGE('',*,*,#373,.F.);
#92=ORIENTED_EDGE('',*,*,#374,.F.);
#93=ORIENTED_EDGE('',*,*,#375,.F.);
#94=ORIENTED_EDGE('',*,*,#375,.T.);
#95=ORIENTED_EDGE('',*,*,#376,.F.);
#96=ORIENTED_EDGE('',*,*,#377,.F.);
#97=ORIENTED_EDGE('',*,*,#378,.T.);
#98=ORIENTED_EDGE('',*,*,#379,.T.);
#99=ORIENTED_EDGE('',*,*,#380,.T.);
#100=ORIENTED_EDGE('',*,*,#381,.T.);
#101=ORIENTED_EDGE('',*,*,#377,.T.);
#102=ORIENTED_EDGE('',*,*,#382,.F.);
#103=ORIENTED_EDGE('',*,*,#383,.F.);
#104=ORIENTED_EDGE('',*,*,#384,.F.);
#105=ORIENTED_EDGE('',*,*,#385,.F.);
#106=ORIENTED_EDGE('',*,*,#385,.T.);
#107=ORIENTED_EDGE('',*,*,#386,.F.);
#108=ORIENTED_EDGE('',*,*,#387,.F.);
#109=ORIENTED_EDGE('',*,*,#388,.T.);
#110=ORIENTED_EDGE('',*,*,#389,.T.);
#111=ORIENTED_EDGE('',*,*,#390,.T.);
#112=ORIENTED_EDGE('',*,*,#391,.T.);
#113=ORIENTED_EDGE('',*,*,#387,.T.);
#114=ORIENTED_EDGE('',*,*,#392,.F.);
#115=ORIENTED_EDGE('',*,*,#393,.F.);
#116=ORIENTED_EDGE('',*,*,#394,.F.);
#117=ORIENTED_EDGE('',*,*,#395,.F.);
#118=ORIENTED_EDGE('',*,*,#395,.T.);
#119=ORIENTED_EDGE('',*,*,#396,.F.);
#120=ORIENTED_EDGE('',*,*,#397,.F.);
#121=ORIENTED_EDGE('',*,*,#398,.T.);
#122=ORIENTED_EDGE('',*,*,#399,.T.);
#123=ORIENTED_EDGE('',*,*,#400,.T.);
#124=ORIENTED_EDGE('',*,*,#401,.T.);
#125=ORIENTED_EDGE('',*,*,#397,.T.);
#126=ORIENTED_EDGE('',*,*,#402,.F.);
#127=ORIENTED_EDGE('',*,*,#403,.F.);
#128=ORIENTED_EDGE('',*,*,#404,.F.);
#129=ORIENTED_EDGE('',*,*,#405,.F.);
#130=ORIENTED_EDGE('',*,*,#405,.T.);
#131=ORIENTED_EDGE('',*,*,#406,.F.);
#132=ORIENTED_EDGE('',*,*,#407,.F.);
#133=ORIENTED_EDGE('',*,*,#408,.T.);
#134=ORIENTED_EDGE('',*,*,#409,.T.);
#135=ORIENTED_EDGE('',*,*,#410,.T.);
#136=ORIENTED_EDGE('',*,*,#411,.T.);
#137=ORIENTED_EDGE('',*,*,#407,.T.);
#138=ORIENTED_EDGE('',*,*,#412,.F.);
#139=ORIENTED_EDGE('',*,*,#413,.F.);
#140=ORIENTED_EDGE('',*,*,#414,.F.);
#141=ORIENTED_EDGE('',*,*,#415,.F.);
#142=ORIENTED_EDGE('',*,*,#415,.T.);
#143=ORIENTED_EDGE('',*,*,#416,.F.);
#144=ORIENTED_EDGE('',*,*,#417,.F.);
#145=ORIENTED_EDGE('',*,*,#418,.T.);
#146=ORIENTED_EDGE('',*,*,#419,.T.);
#147=ORIENTED_EDGE('',*,*,#420,.T.);
#148=ORIENTED_EDGE('',*,*,#421,.T.);
#149=ORIENTED_EDGE('',*,*,#417,.T.);
#150=ORIENTED_EDGE('',*,*,#422,.F.);
#151=ORIENTED_EDGE('',*,*,#423,.F.);
#152=ORIENTED_EDGE('',*,*,#424,.F.);
#153=ORIENTED_EDGE('',*,*,#425,.F.);
#154=ORIENTED_EDGE('',*,*,#425,.T.);
#155=ORIENTED_EDGE('',*,*,#426,.F.);
#156=ORIENTED_EDGE('',*,*,#427,.F.);
#157=ORIENTED_EDGE('',*,*,#428,.T.);
#158=ORIENTED_EDGE('',*,*,#429,.T.);
#159=ORIENTED_EDGE('',*,*,#430,.T.);
#160=ORIENTED_EDGE('',*,*,#431,.T.);
#161=ORIENTED_EDGE('',*,*,#427,.T.);
#162=ORIENTED_EDGE('',*,*,#432,.F.);
#163=ORIENTED_EDGE('',*,*,#433,.F.);
#164=ORIENTED_EDGE('',*,*,#434,.F.);
#165=ORIENTED_EDGE('',*,*,#435,.F.);
#166=ORIENTED_EDGE('',*,*,#435,.T.);
#167=ORIENTED_EDGE('',*,*,#436,.F.);
#168=ORIENTED_EDGE('',*,*,#437,.F.);
#169=ORIENTED_EDGE('',*,*,#438,.T.);
#170=ORIENTED_EDGE('',*,*,#439,.T.);
#171=ORIENTED_EDGE('',*,*,#440,.T.);
#172=ORIENTED_EDGE('',*,*,#441,.T.);
#173=ORIENTED_EDGE('',*,*,#437,.T.);
#174=ORIENTED_EDGE('',*,*,#442,.F.);
#175=ORIENTED_EDGE('',*,*,#443,.F.);
#176=ORIENTED_EDGE('',*,*,#444,.F.);
#177=ORIENTED_EDGE('',*,*,#445,.F.);
#178=ORIENTED_EDGE('',*,*,#445,.T.);
#179=ORIENTED_EDGE('',*,*,#446,.F.);
#180=ORIENTED_EDGE('',*,*,#447,.F.);
#181=ORIENTED_EDGE('',*,*,#448,.T.);
#182=ORIENTED_EDGE('',*,*,#449,.T.);
#183=ORIENTED_EDGE('',*,*,#450,.T.);
#184=ORIENTED_EDGE('',*,*,#451,.T.);
#185=ORIENTED_EDGE('',*,*,#447,.T.);
#186=ORIENTED_EDGE('',*,*,#452,.F.);
#187=ORIENTED_EDGE('',*,*,#453,.F.);
#188=ORIENTED_EDGE('',*,*,#454,.F.);
#189=ORIENTED_EDGE('',*,*,#455,.F.);
#190=ORIENTED_EDGE('',*,*,#455,.T.);
#191=ORIENTED_EDGE('',*,*,#456,.F.);
#192=ORIENTED_EDGE('',*,*,#457,.F.);
#193=ORIENTED_EDGE('',*,*,#458,.T.);
#194=ORIENTED_EDGE('',*,*,#459,.T.);
#195=ORIENTED_EDGE('',*,*,#460,.T.);
#196=ORIENTED_EDGE('',*,*,#461,.T.);
#197=ORIENTED_EDGE('',*,*,#457,.T.);
#198=ORIENTED_EDGE('',*,*,#462,.F.);
#199=ORIENTED_EDGE('',*,*,#463,.F.);
#200=ORIENTED_EDGE('',*,*,#464,.F.);
#201=ORIENTED_EDGE('',*,*,#465,.F.);
#202=ORIENTED_EDGE('',*,*,#465,.T.);
#203=ORIENTED_EDGE('',*,*,#466,.F.);
#204=ORIENTED_EDGE('',*,*,#467,.F.);
#205=ORIENTED_EDGE('',*,*,#468,.T.);
#206=ORIENTED_EDGE('',*,*,#469,.T.);
#207=ORIENTED_EDGE('',*,*,#470,.T.);
#208=ORIENTED_EDGE('',*,*,#471,.T.);
#209=ORIENTED_EDGE('',*,*,#467,.T.);
#210=ORIENTED_EDGE('',*,*,#472,.F.);
#211=ORIENTED_EDGE('',*,*,#473,.F.);
#212=ORIENTED_EDGE('',*,*,#474,.F.);
#213=ORIENTED_EDGE('',*,*,#475,.F.);
#214=ORIENTED_EDGE('',*,*,#475,.T.);
#215=ORIENTED_EDGE('',*,*,#476,.F.);
#216=ORIENTED_EDGE('',*,*,#477,.F.);
#217=ORIENTED_EDGE('',*,*,#478,.T.);
#218=ORIENTED_EDGE('',*,*,#479,.T.);
#219=ORIENTED_EDGE('',*,*,#480,.T.);
#220=ORIENTED_EDGE('',*,*,#481,.T.);
#221=ORIENTED_EDGE('',*,*,#477,.T.);
#222=ORIENTED_EDGE('',*,*,#482,.F.);
#223=ORIENTED_EDGE('',*,*,#483,.F.);
#224=ORIENTED_EDGE('',*,*,#484,.F.);
#225=ORIENTED_EDGE('',*,*,#485,.F.);
#226=ORIENTED_EDGE('',*,*,#485,.T.);
#227=ORIENTED_EDGE('',*,*,#486,.F.);
#228=ORIENTED_EDGE('',*,*,#487,.F.);
#229=ORIENTED_EDGE('',*,*,#488,.T.);
#230=ORIENTED_EDGE('',*,*,#489,.T.);
#231=ORIENTED_EDGE('',*,*,#490,.T.);
#232=ORIENTED_EDGE('',*,*,#491,.T.);
#233=ORIENTED_EDGE('',*,*,#487,.T.);
#234=ORIENTED_EDGE('',*,*,#492,.F.);
#235=ORIENTED_EDGE('',*,*,#493,.F.);
#236=ORIENTED_EDGE('',*,*,#494,.F.);
#237=ORIENTED_EDGE('',*,*,#495,.F.);
#238=ORIENTED_EDGE('',*,*,#495,.T.);
#239=ORIENTED_EDGE('',*,*,#496,.F.);
#240=ORIENTED_EDGE('',*,*,#361,.F.);
#241=ORIENTED_EDGE('',*,*,#497,.T.);
#242=ORIENTED_EDGE('',*,*,#393,.T.);
#243=ORIENTED_EDGE('',*,*,#392,.T.);
#244=ORIENTED_EDGE('',*,*,#386,.T.);
#245=ORIENTED_EDGE('',*,*,#384,.T.);
#246=ORIENTED_EDGE('',*,*,#383,.T.);
#247=ORIENTED_EDGE('',*,*,#382,.T.);
#248=ORIENTED_EDGE('',*,*,#376,.T.);
#249=ORIENTED_EDGE('',*,*,#374,.T.);
#250=ORIENTED_EDGE('',*,*,#373,.T.);
#251=ORIENTED_EDGE('',*,*,#372,.T.);
#252=ORIENTED_EDGE('',*,*,#366,.T.);
#253=ORIENTED_EDGE('',*,*,#364,.T.);
#254=ORIENTED_EDGE('',*,*,#363,.T.);
#255=ORIENTED_EDGE('',*,*,#362,.T.);
#256=ORIENTED_EDGE('',*,*,#496,.T.);
#257=ORIENTED_EDGE('',*,*,#494,.T.);
#258=ORIENTED_EDGE('',*,*,#493,.T.);
#259=ORIENTED_EDGE('',*,*,#492,.T.);
#260=ORIENTED_EDGE('',*,*,#486,.T.);
#261=ORIENTED_EDGE('',*,*,#484,.T.);
#262=ORIENTED_EDGE('',*,*,#483,.T.);
#263=ORIENTED_EDGE('',*,*,#482,.T.);
#264=ORIENTED_EDGE('',*,*,#476,.T.);
#265=ORIENTED_EDGE('',*,*,#474,.T.);
#266=ORIENTED_EDGE('',*,*,#473,.T.);
#267=ORIENTED_EDGE('',*,*,#472,.T.);
#268=ORIENTED_EDGE('',*,*,#466,.T.);
#269=ORIENTED_EDGE('',*,*,#464,.T.);
#270=ORIENTED_EDGE('',*,*,#463,.T.);
#271=ORIENTED_EDGE('',*,*,#462,.T.);
#272=ORIENTED_EDGE('',*,*,#456,.T.);
#273=ORIENTED_EDGE('',*,*,#454,.T.);
#274=ORIENTED_EDGE('',*,*,#453,.T.);
#275=ORIENTED_EDGE('',*,*,#452,.T.);
#276=ORIENTED_EDGE('',*,*,#446,.T.);
#277=ORIENTED_EDGE('',*,*,#444,.T.);
#278=ORIENTED_EDGE('',*,*,#443,.T.);
#279=ORIENTED_EDGE('',*,*,#442,.T.);
#280=ORIENTED_EDGE('',*,*,#436,.T.);
#281=ORIENTED_EDGE('',*,*,#434,.T.);
#282=ORIENTED_EDGE('',*,*,#433,.T.);
#283=ORIENTED_EDGE('',*,*,#432,.T.);
#284=ORIENTED_EDGE('',*,*,#426,.T.);
#285=ORIENTED_EDGE('',*,*,#424,.T.);
#286=ORIENTED_EDGE('',*,*,#423,.T.);
#287=ORIENTED_EDGE('',*,*,#422,.T.);
#288=ORIENTED_EDGE('',*,*,#416,.T.);
#289=ORIENTED_EDGE('',*,*,#414,.T.);
#290=ORIENTED_EDGE('',*,*,#413,.T.);
#291=ORIENTED_EDGE('',*,*,#412,.T.);
#292=ORIENTED_EDGE('',*,*,#406,.T.);
#293=ORIENTED_EDGE('',*,*,#404,.T.);
#294=ORIENTED_EDGE('',*,*,#403,.T.);
#295=ORIENTED_EDGE('',*,*,#402,.T.);
#296=ORIENTED_EDGE('',*,*,#396,.T.);
#297=ORIENTED_EDGE('',*,*,#394,.T.);
#298=ORIENTED_EDGE('',*,*,#498,.F.);
#299=ORIENTED_EDGE('',*,*,#389,.F.);
#300=ORIENTED_EDGE('',*,*,#398,.F.);
#301=ORIENTED_EDGE('',*,*,#401,.F.);
#302=ORIENTED_EDGE('',*,*,#400,.F.);
#303=ORIENTED_EDGE('',*,*,#399,.F.);
#304=ORIENTED_EDGE('',*,*,#408,.F.);
#305=ORIENTED_EDGE('',*,*,#411,.F.);
#306=ORIENTED_EDGE('',*,*,#410,.F.);
#307=ORIENTED_EDGE('',*,*,#409,.F.);
#308=ORIENTED_EDGE('',*,*,#418,.F.);
#309=ORIENTED_EDGE('',*,*,#421,.F.);
#310=ORIENTED_EDGE('',*,*,#420,.F.);
#311=ORIENTED_EDGE('',*,*,#419,.F.);
#312=ORIENTED_EDGE('',*,*,#428,.F.);
#313=ORIENTED_EDGE('',*,*,#431,.F.);
#314=ORIENTED_EDGE('',*,*,#430,.F.);
#315=ORIENTED_EDGE('',*,*,#429,.F.);
#316=ORIENTED_EDGE('',*,*,#438,.F.);
#317=ORIENTED_EDGE('',*,*,#441,.F.);
#318=ORIENTED_EDGE('',*,*,#440,.F.);
#319=ORIENTED_EDGE('',*,*,#439,.F.);
#320=ORIENTED_EDGE('',*,*,#448,.F.);
#321=ORIENTED_EDGE('',*,*,#451,.F.);
#322=ORIENTED_EDGE('',*,*,#450,.F.);
#323=ORIENTED_EDGE('',*,*,#449,.F.);
#324=ORIENTED_EDGE('',*,*,#458,.F.);
#325=ORIENTED_EDGE('',*,*,#461,.F.);
#326=ORIENTED_EDGE('',*,*,#460,.F.);
#327=ORIENTED_EDGE('',*,*,#459,.F.);
#328=ORIENTED_EDGE('',*,*,#468,.F.);
#329=ORIENTED_EDGE('',*,*,#471,.F.);
#330=ORIENTED_EDGE('',*,*,#470,.F.);
#331=ORIENTED_EDGE('',*,*,#469,.F.);
#332=ORIENTED_EDGE('',*,*,#478,.F.);
#333=ORIENTED_EDGE('',*,*,#481,.F.);
#334=ORIENTED_EDGE('',*,*,#480,.F.);
#335=ORIENTED_EDGE('',*,*,#479,.F.);
#336=ORIENTED_EDGE('',*,*,#488,.F.);
#337=ORIENTED_EDGE('',*,*,#491,.F.);
#338=ORIENTED_EDGE('',*,*,#490,.F.);
#339=ORIENTED_EDGE('',*,*,#489,.F.);
#340=ORIENTED_EDGE('',*,*,#497,.F.);
#341=ORIENTED_EDGE('',*,*,#360,.F.);
#342=ORIENTED_EDGE('',*,*,#359,.F.);
#343=ORIENTED_EDGE('',*,*,#358,.F.);
#344=ORIENTED_EDGE('',*,*,#368,.F.);
#345=ORIENTED_EDGE('',*,*,#371,.F.);
#346=ORIENTED_EDGE('',*,*,#370,.F.);
#347=ORIENTED_EDGE('',*,*,#369,.F.);
#348=ORIENTED_EDGE('',*,*,#378,.F.);
#349=ORIENTED_EDGE('',*,*,#381,.F.);
#350=ORIENTED_EDGE('',*,*,#380,.F.);
#351=ORIENTED_EDGE('',*,*,#379,.F.);
#352=ORIENTED_EDGE('',*,*,#388,.F.);
#353=ORIENTED_EDGE('',*,*,#391,.F.);
#354=ORIENTED_EDGE('',*,*,#390,.F.);
#355=ORIENTED_EDGE('',*,*,#499,.F.);
#356=ORIENTED_EDGE('',*,*,#498,.T.);
#357=ORIENTED_EDGE('',*,*,#499,.T.);
#358=EDGE_CURVE('',#500,#501,#614,.F.);
#359=EDGE_CURVE('',#501,#502,#16,.T.);
#360=EDGE_CURVE('',#502,#503,#615,.T.);
#361=EDGE_CURVE('',#503,#504,#616,.T.);
#362=EDGE_CURVE('',#505,#504,#617,.T.);
#363=EDGE_CURVE('',#506,#505,#17,.T.);
#364=EDGE_CURVE('',#507,#506,#618,.F.);
#365=EDGE_CURVE('',#500,#507,#619,.T.);
#366=EDGE_CURVE('',#508,#507,#18,.T.);
#367=EDGE_CURVE('',#509,#508,#620,.T.);
#368=EDGE_CURVE('',#509,#500,#19,.T.);
#369=EDGE_CURVE('',#510,#511,#621,.F.);
#370=EDGE_CURVE('',#511,#512,#20,.T.);
#371=EDGE_CURVE('',#512,#509,#622,.T.);
#372=EDGE_CURVE('',#513,#508,#623,.T.);
#373=EDGE_CURVE('',#514,#513,#21,.T.);
#374=EDGE_CURVE('',#515,#514,#624,.F.);
#375=EDGE_CURVE('',#510,#515,#625,.T.);
#376=EDGE_CURVE('',#516,#515,#22,.T.);
#377=EDGE_CURVE('',#517,#516,#626,.T.);
#378=EDGE_CURVE('',#517,#510,#23,.T.);
#379=EDGE_CURVE('',#518,#519,#627,.F.);
#380=EDGE_CURVE('',#519,#520,#24,.T.);
#381=EDGE_CURVE('',#520,#517,#628,.T.);
#382=EDGE_CURVE('',#521,#516,#629,.T.);
#383=EDGE_CURVE('',#522,#521,#25,.T.);
#384=EDGE_CURVE('',#523,#522,#630,.F.);
#385=EDGE_CURVE('',#518,#523,#631,.T.);
#386=EDGE_CURVE('',#524,#523,#26,.T.);
#387=EDGE_CURVE('',#525,#524,#632,.T.);
#388=EDGE_CURVE('',#525,#518,#27,.T.);
#389=EDGE_CURVE('',#526,#527,#633,.F.);
#390=EDGE_CURVE('',#527,#528,#28,.T.);
#391=EDGE_CURVE('',#528,#525,#634,.T.);
#392=EDGE_CURVE('',#529,#524,#635,.T.);
#393=EDGE_CURVE('',#530,#529,#29,.T.);
#394=EDGE_CURVE('',#531,#530,#636,.F.);
#395=EDGE_CURVE('',#526,#531,#637,.T.);
#396=EDGE_CURVE('',#532,#531,#30,.T.);
#397=EDGE_CURVE('',#533,#532,#638,.T.);
#398=EDGE_CURVE('',#533,#526,#31,.T.);
#399=EDGE_CURVE('',#534,#535,#639,.F.);
#400=EDGE_CURVE('',#535,#536,#32,.T.);
#401=EDGE_CURVE('',#536,#533,#640,.T.);
#402=EDGE_CURVE('',#537,#532,#641,.T.);
#403=EDGE_CURVE('',#538,#537,#33,.T.);
#404=EDGE_CURVE('',#539,#538,#642,.F.);
#405=EDGE_CURVE('',#534,#539,#643,.T.);
#406=EDGE_CURVE('',#540,#539,#34,.T.);
#407=EDGE_CURVE('',#541,#540,#644,.T.);
#408=EDGE_CURVE('',#541,#534,#35,.T.);
#409=EDGE_CURVE('',#542,#543,#645,.F.);
#410=EDGE_CURVE('',#543,#544,#36,.T.);
#411=EDGE_CURVE('',#544,#541,#646,.T.);
#412=EDGE_CURVE('',#545,#540,#647,.T.);
#413=EDGE_CURVE('',#546,#545,#37,.T.);
#414=EDGE_CURVE('',#547,#546,#648,.F.);
#415=EDGE_CURVE('',#542,#547,#649,.T.);
#416=EDGE_CURVE('',#548,#547,#38,.T.);
#417=EDGE_CURVE('',#549,#548,#650,.T.);
#418=EDGE_CURVE('',#549,#542,#39,.T.);
#419=EDGE_CURVE('',#550,#551,#651,.F.);
#420=EDGE_CURVE('',#551,#552,#40,.T.);
#421=EDGE_CURVE('',#552,#549,#652,.T.);
#422=EDGE_CURVE('',#553,#548,#653,.T.);
#423=EDGE_CURVE('',#554,#553,#41,.T.);
#424=EDGE_CURVE('',#555,#554,#654,.F.);
#425=EDGE_CURVE('',#550,#555,#655,.T.);
#426=EDGE_CURVE('',#556,#555,#42,.T.);
#427=EDGE_CURVE('',#557,#556,#656,.T.);
#428=EDGE_CURVE('',#557,#550,#43,.T.);
#429=EDGE_CURVE('',#558,#559,#657,.F.);
#430=EDGE_CURVE('',#559,#560,#44,.T.);
#431=EDGE_CURVE('',#560,#557,#658,.T.);
#432=EDGE_CURVE('',#561,#556,#659,.T.);
#433=EDGE_CURVE('',#562,#561,#45,.T.);
#434=EDGE_CURVE('',#563,#562,#660,.F.);
#435=EDGE_CURVE('',#558,#563,#661,.T.);
#436=EDGE_CURVE('',#564,#563,#46,.T.);
#437=EDGE_CURVE('',#565,#564,#662,.T.);
#438=EDGE_CURVE('',#565,#558,#47,.T.);
#439=EDGE_CURVE('',#566,#567,#663,.F.);
#440=EDGE_CURVE('',#567,#568,#48,.T.);
#441=EDGE_CURVE('',#568,#565,#664,.T.);
#442=EDGE_CURVE('',#569,#564,#665,.T.);
#443=EDGE_CURVE('',#570,#569,#49,.T.);
#444=EDGE_CURVE('',#571,#570,#666,.F.);
#445=EDGE_CURVE('',#566,#571,#667,.T.);
#446=EDGE_CURVE('',#572,#571,#50,.T.);
#447=EDGE_CURVE('',#573,#572,#668,.T.);
#448=EDGE_CURVE('',#573,#566,#51,.T.);
#449=EDGE_CURVE('',#574,#575,#669,.F.);
#450=EDGE_CURVE('',#575,#576,#52,.T.);
#451=EDGE_CURVE('',#576,#573,#670,.T.);
#452=EDGE_CURVE('',#577,#572,#671,.T.);
#453=EDGE_CURVE('',#578,#577,#53,.T.);
#454=EDGE_CURVE('',#579,#578,#672,.F.);
#455=EDGE_CURVE('',#574,#579,#673,.T.);
#456=EDGE_CURVE('',#580,#579,#54,.T.);
#457=EDGE_CURVE('',#581,#580,#674,.T.);
#458=EDGE_CURVE('',#581,#574,#55,.T.);
#459=EDGE_CURVE('',#582,#583,#675,.F.);
#460=EDGE_CURVE('',#583,#584,#56,.T.);
#461=EDGE_CURVE('',#584,#581,#676,.T.);
#462=EDGE_CURVE('',#585,#580,#677,.T.);
#463=EDGE_CURVE('',#586,#585,#57,.T.);
#464=EDGE_CURVE('',#587,#586,#678,.F.);
#465=EDGE_CURVE('',#582,#587,#679,.T.);
#466=EDGE_CURVE('',#588,#587,#58,.T.);
#467=EDGE_CURVE('',#589,#588,#680,.T.);
#468=EDGE_CURVE('',#589,#582,#59,.T.);
#469=EDGE_CURVE('',#590,#591,#681,.F.);
#470=EDGE_CURVE('',#591,#592,#60,.T.);
#471=EDGE_CURVE('',#592,#589,#682,.T.);
#472=EDGE_CURVE('',#593,#588,#683,.T.);
#473=EDGE_CURVE('',#594,#593,#61,.T.);
#474=EDGE_CURVE('',#595,#594,#684,.F.);
#475=EDGE_CURVE('',#590,#595,#685,.T.);
#476=EDGE_CURVE('',#596,#595,#62,.T.);
#477=EDGE_CURVE('',#597,#596,#686,.T.);
#478=EDGE_CURVE('',#597,#590,#63,.T.);
#479=EDGE_CURVE('',#598,#599,#687,.F.);
#480=EDGE_CURVE('',#599,#600,#64,.T.);
#481=EDGE_CURVE('',#600,#597,#688,.T.);
#482=EDGE_CURVE('',#601,#596,#689,.T.);
#483=EDGE_CURVE('',#602,#601,#65,.T.);
#484=EDGE_CURVE('',#603,#602,#690,.F.);
#485=EDGE_CURVE('',#598,#603,#691,.T.);
#486=EDGE_CURVE('',#604,#603,#66,.T.);
#487=EDGE_CURVE('',#605,#604,#692,.T.);
#488=EDGE_CURVE('',#605,#598,#67,.T.);
#489=EDGE_CURVE('',#606,#607,#693,.F.);
#490=EDGE_CURVE('',#607,#608,#68,.T.);
#491=EDGE_CURVE('',#608,#605,#694,.T.);
#492=EDGE_CURVE('',#609,#604,#695,.T.);
#493=EDGE_CURVE('',#610,#609,#69,.T.);
#494=EDGE_CURVE('',#611,#610,#696,.F.);
#495=EDGE_CURVE('',#606,#611,#697,.T.);
#496=EDGE_CURVE('',#504,#611,#70,.T.);
#497=EDGE_CURVE('',#503,#606,#71,.T.);
#498=EDGE_CURVE('',#612,#612,#72,.T.);
#499=EDGE_CURVE('',#613,#613,#73,.T.);
#500=VERTEX_POINT('',#1253);
#501=VERTEX_POINT('',#1254);
#502=VERTEX_POINT('',#1256);
#503=VERTEX_POINT('',#1258);
#504=VERTEX_POINT('',#1260);
#505=VERTEX_POINT('',#1262);
#506=VERTEX_POINT('',#1264);
#507=VERTEX_POINT('',#1266);
#508=VERTEX_POINT('',#1281);
#509=VERTEX_POINT('',#1283);
#510=VERTEX_POINT('',#1342);
#511=VERTEX_POINT('',#1343);
#512=VERTEX_POINT('',#1345);
#513=VERTEX_POINT('',#1348);
#514=VERTEX_POINT('',#1350);
#515=VERTEX_POINT('',#1352);
#516=VERTEX_POINT('',#1367);
#517=VERTEX_POINT('',#1369);
#518=VERTEX_POINT('',#1428);
#519=VERTEX_POINT('',#1429);
#520=VERTEX_POINT('',#1431);
#521=VERTEX_POINT('',#1434);
#522=VERTEX_POINT('',#1436);
#523=VERTEX_POINT('',#1438);
#524=VERTEX_POINT('',#1453);
#525=VERTEX_POINT('',#1455);
#526=VERTEX_POINT('',#1514);
#527=VERTEX_POINT('',#1515);
#528=VERTEX_POINT('',#1517);
#529=VERTEX_POINT('',#1520);
#530=VERTEX_POINT('',#1522);
#531=VERTEX_POINT('',#1524);
#532=VERTEX_POINT('',#1539);
#533=VERTEX_POINT('',#1541);
#534=VERTEX_POINT('',#1600);
#535=VERTEX_POINT('',#1601);
#536=VERTEX_POINT('',#1603);
#537=VERTEX_POINT('',#1606);
#538=VERTEX_POINT('',#1608);
#539=VERTEX_POINT('',#1610);
#540=VERTEX_POINT('',#1625);
#541=VERTEX_POINT('',#1627);
#542=VERTEX_POINT('',#1686);
#543=VERTEX_POINT('',#1687);
#544=VERTEX_POINT('',#1689);
#545=VERTEX_POINT('',#1692);
#546=VERTEX_POINT('',#1694);
#547=VERTEX_POINT('',#1696);
#548=VERTEX_POINT('',#1711);
#549=VERTEX_POINT('',#1713);
#550=VERTEX_POINT('',#1772);
#551=VERTEX_POINT('',#1773);
#552=VERTEX_POINT('',#1775);
#553=VERTEX_POINT('',#1778);
#554=VERTEX_POINT('',#1780);
#555=VERTEX_POINT('',#1782);
#556=VERTEX_POINT('',#1797);
#557=VERTEX_POINT('',#1799);
#558=VERTEX_POINT('',#1858);
#559=VERTEX_POINT('',#1859);
#560=VERTEX_POINT('',#1861);
#561=VERTEX_POINT('',#1864);
#562=VERTEX_POINT('',#1866);
#563=VERTEX_POINT('',#1868);
#564=VERTEX_POINT('',#1883);
#565=VERTEX_POINT('',#1885);
#566=VERTEX_POINT('',#1944);
#567=VERTEX_POINT('',#1945);
#568=VERTEX_POINT('',#1947);
#569=VERTEX_POINT('',#1950);
#570=VERTEX_POINT('',#1952);
#571=VERTEX_POINT('',#1954);
#572=VERTEX_POINT('',#1969);
#573=VERTEX_POINT('',#1971);
#574=VERTEX_POINT('',#2030);
#575=VERTEX_POINT('',#2031);
#576=VERTEX_POINT('',#2033);
#577=VERTEX_POINT('',#2036);
#578=VERTEX_POINT('',#2038);
#579=VERTEX_POINT('',#2040);
#580=VERTEX_POINT('',#2055);
#581=VERTEX_POINT('',#2057);
#582=VERTEX_POINT('',#2116);
#583=VERTEX_POINT('',#2117);
#584=VERTEX_POINT('',#2119);
#585=VERTEX_POINT('',#2122);
#586=VERTEX_POINT('',#2124);
#587=VERTEX_POINT('',#2126);
#588=VERTEX_POINT('',#2141);
#589=VERTEX_POINT('',#2143);
#590=VERTEX_POINT('',#2202);
#591=VERTEX_POINT('',#2203);
#592=VERTEX_POINT('',#2205);
#593=VERTEX_POINT('',#2208);
#594=VERTEX_POINT('',#2210);
#595=VERTEX_POINT('',#2212);
#596=VERTEX_POINT('',#2227);
#597=VERTEX_POINT('',#2229);
#598=VERTEX_POINT('',#2288);
#599=VERTEX_POINT('',#2289);
#600=VERTEX_POINT('',#2291);
#601=VERTEX_POINT('',#2294);
#602=VERTEX_POINT('',#2296);
#603=VERTEX_POINT('',#2298);
#604=VERTEX_POINT('',#2313);
#605=VERTEX_POINT('',#2315);
#606=VERTEX_POINT('',#2374);
#607=VERTEX_POINT('',#2375);
#608=VERTEX_POINT('',#2377);
#609=VERTEX_POINT('',#2380);
#610=VERTEX_POINT('',#2382);
#611=VERTEX_POINT('',#2384);
#612=VERTEX_POINT('',#2403);
#613=VERTEX_POINT('',#2406);
#614=LINE('',#1252,#698);
#615=LINE('',#1257,#699);
#616=LINE('',#1259,#700);
#617=LINE('',#1261,#701);
#618=LINE('',#1265,#702);
#619=LINE('',#1267,#703);
#620=LINE('',#1282,#704);
#621=LINE('',#1341,#705);
#622=LINE('',#1346,#706);
#623=LINE('',#1347,#707);
#624=LINE('',#1351,#708);
#625=LINE('',#1353,#709);
#626=LINE('',#1368,#710);
#627=LINE('',#1427,#711);
#628=LINE('',#1432,#712);
#629=LINE('',#1433,#713);
#630=LINE('',#1437,#714);
#631=LINE('',#1439,#715);
#632=LINE('',#1454,#716);
#633=LINE('',#1513,#717);
#634=LINE('',#1518,#718);
#635=LINE('',#1519,#719);
#636=LINE('',#1523,#720);
#637=LINE('',#1525,#721);
#638=LINE('',#1540,#722);
#639=LINE('',#1599,#723);
#640=LINE('',#1604,#724);
#641=LINE('',#1605,#725);
#642=LINE('',#1609,#726);
#643=LINE('',#1611,#727);
#644=LINE('',#1626,#728);
#645=LINE('',#1685,#729);
#646=LINE('',#1690,#730);
#647=LINE('',#1691,#731);
#648=LINE('',#1695,#732);
#649=LINE('',#1697,#733);
#650=LINE('',#1712,#734);
#651=LINE('',#1771,#735);
#652=LINE('',#1776,#736);
#653=LINE('',#1777,#737);
#654=LINE('',#1781,#738);
#655=LINE('',#1783,#739);
#656=LINE('',#1798,#740);
#657=LINE('',#1857,#741);
#658=LINE('',#1862,#742);
#659=LINE('',#1863,#743);
#660=LINE('',#1867,#744);
#661=LINE('',#1869,#745);
#662=LINE('',#1884,#746);
#663=LINE('',#1943,#747);
#664=LINE('',#1948,#748);
#665=LINE('',#1949,#749);
#666=LINE('',#1953,#750);
#667=LINE('',#1955,#751);
#668=LINE('',#1970,#752);
#669=LINE('',#2029,#753);
#670=LINE('',#2034,#754);
#671=LINE('',#2035,#755);
#672=LINE('',#2039,#756);
#673=LINE('',#2041,#757);
#674=LINE('',#2056,#758);
#675=LINE('',#2115,#759);
#676=LINE('',#2120,#760);
#677=LINE('',#2121,#761);
#678=LINE('',#2125,#762);
#679=LINE('',#2127,#763);
#680=LINE('',#2142,#764);
#681=LINE('',#2201,#765);
#682=LINE('',#2206,#766);
#683=LINE('',#2207,#767);
#684=LINE('',#2211,#768);
#685=LINE('',#2213,#769);
#686=LINE('',#2228,#770);
#687=LINE('',#2287,#771);
#688=LINE('',#2292,#772);
#689=LINE('',#2293,#773);
#690=LINE('',#2297,#774);
#691=LINE('',#2299,#775);
#692=LINE('',#2314,#776);
#693=LINE('',#2373,#777);
#694=LINE('',#2378,#778);
#695=LINE('',#2379,#779);
#696=LINE('',#2383,#780);
#697=LINE('',#2385,#781);
#698=VECTOR('',#987,1.);
#699=VECTOR('',#990,1.);
#700=VECTOR('',#991,1.);
#701=VECTOR('',#992,1.);
#702=VECTOR('',#995,1.);
#703=VECTOR('',#996,1.);
#704=VECTOR('',#999,1.);
#705=VECTOR('',#1002,1.);
#706=VECTOR('',#1005,1.);
#707=VECTOR('',#1006,1.);
#708=VECTOR('',#1009,1.);
#709=VECTOR('',#1010,1.);
#710=VECTOR('',#1013,1.);
#711=VECTOR('',#1016,1.);
#712=VECTOR('',#1019,1.);
#713=VECTOR('',#1020,1.);
#714=VECTOR('',#1023,1.);
#715=VECTOR('',#1024,1.);
#716=VECTOR('',#1027,1.);
#717=VECTOR('',#1030,1.);
#718=VECTOR('',#1033,1.);
#719=VECTOR('',#1034,1.);
#720=VECTOR('',#1037,1.);
#721=VECTOR('',#1038,1.);
#722=VECTOR('',#1041,1.);
#723=VECTOR('',#1044,1.);
#724=VECTOR('',#1047,1.);
#725=VECTOR('',#1048,1.);
#726=VECTOR('',#1051,1.);
#727=VECTOR('',#1052,1.);
#728=VECTOR('',#1055,1.);
#729=VECTOR('',#1058,1.);
#730=VECTOR('',#1061,1.);
#731=VECTOR('',#1062,1.);
#732=VECTOR('',#1065,1.);
#733=VECTOR('',#1066,1.);
#734=VECTOR('',#1069,1.);
#735=VECTOR('',#1072,1.);
#736=VECTOR('',#1075,1.);
#737=VECTOR('',#1076,1.);
#738=VECTOR('',#1079,1.);
#739=VECTOR('',#1080,1.);
#740=VECTOR('',#1083,1.);
#741=VECTOR('',#1086,1.);
#742=VECTOR('',#1089,1.);
#743=VECTOR('',#1090,1.);
#744=VECTOR('',#1093,1.);
#745=VECTOR('',#1094,1.);
#746=VECTOR('',#1097,1.);
#747=VECTOR('',#1100,1.);
#748=VECTOR('',#1103,1.);
#749=VECTOR('',#1104,1.);
#750=VECTOR('',#1107,1.);
#751=VECTOR('',#1108,1.);
#752=VECTOR('',#1111,1.);
#753=VECTOR('',#1114,1.);
#754=VECTOR('',#1117,1.);
#755=VECTOR('',#1118,1.);
#756=VECTOR('',#1121,1.);
#757=VECTOR('',#1122,1.);
#758=VECTOR('',#1125,1.);
#759=VECTOR('',#1128,1.);
#760=VECTOR('',#1131,1.);
#761=VECTOR('',#1132,1.);
#762=VECTOR('',#1135,1.);
#763=VECTOR('',#1136,1.);
#764=VECTOR('',#1139,1.);
#765=VECTOR('',#1142,1.);
#766=VECTOR('',#1145,1.);
#767=VECTOR('',#1146,1.);
#768=VECTOR('',#1149,1.);
#769=VECTOR('',#1150,1.);
#770=VECTOR('',#1153,1.);
#771=VECTOR('',#1156,1.);
#772=VECTOR('',#1159,1.);
#773=VECTOR('',#1160,1.);
#774=VECTOR('',#1163,1.);
#775=VECTOR('',#1164,1.);
#776=VECTOR('',#1167,1.);
#777=VECTOR('',#1170,1.);
#778=VECTOR('',#1173,1.);
#779=VECTOR('',#1174,1.);
#780=VECTOR('',#1177,1.);
#781=VECTOR('',#1178,1.);
#782=EDGE_LOOP('',(#74,#75,#76,#77,#78,#79,#80,#81));
#783=EDGE_LOOP('',(#82,#83,#84,#85));
#784=EDGE_LOOP('',(#86,#87,#88,#89,#90,#91,#92,#93));
#785=EDGE_LOOP('',(#94,#95,#96,#97));
#786=EDGE_LOOP('',(#98,#99,#100,#101,#102,#103,#104,#105));
#787=EDGE_LOOP('',(#106,#107,#108,#109));
#788=EDGE_LOOP('',(#110,#111,#112,#113,#114,#115,#116,#117));
#789=EDGE_LOOP('',(#118,#119,#120,#121));
#790=EDGE_LOOP('',(#122,#123,#124,#125,#126,#127,#128,#129));
#791=EDGE_LOOP('',(#130,#131,#132,#133));
#792=EDGE_LOOP('',(#134,#135,#136,#137,#138,#139,#140,#141));
#793=EDGE_LOOP('',(#142,#143,#144,#145));
#794=EDGE_LOOP('',(#146,#147,#148,#149,#150,#151,#152,#153));
#795=EDGE_LOOP('',(#154,#155,#156,#157));
#796=EDGE_LOOP('',(#158,#159,#160,#161,#162,#163,#164,#165));
#797=EDGE_LOOP('',(#166,#167,#168,#169));
#798=EDGE_LOOP('',(#170,#171,#172,#173,#174,#175,#176,#177));
#799=EDGE_LOOP('',(#178,#179,#180,#181));
#800=EDGE_LOOP('',(#182,#183,#184,#185,#186,#187,#188,#189));
#801=EDGE_LOOP('',(#190,#191,#192,#193));
#802=EDGE_LOOP('',(#194,#195,#196,#197,#198,#199,#200,#201));
#803=EDGE_LOOP('',(#202,#203,#204,#205));
#804=EDGE_LOOP('',(#206,#207,#208,#209,#210,#211,#212,#213));
#805=EDGE_LOOP('',(#214,#215,#216,#217));
#806=EDGE_LOOP('',(#218,#219,#220,#221,#222,#223,#224,#225));
#807=EDGE_LOOP('',(#226,#227,#228,#229));
#808=EDGE_LOOP('',(#230,#231,#232,#233,#234,#235,#236,#237));
#809=EDGE_LOOP('',(#238,#239,#240,#241));
#810=EDGE_LOOP('',(#242,#243,#244,#245,#246,#247,#248,#249,#250,#251,#252,
#253,#254,#255,#256,#257,#258,#259,#260,#261,#262,#263,#264,#265,#266,#267,
#268,#269,#270,#271,#272,#273,#274,#275,#276,#277,#278,#279,#280,#281,#282,
#283,#284,#285,#286,#287,#288,#289,#290,#291,#292,#293,#294,#295,#296,#297));
#811=EDGE_LOOP('',(#298));
#812=EDGE_LOOP('',(#299,#300,#301,#302,#303,#304,#305,#306,#307,#308,#309,
#310,#311,#312,#313,#314,#315,#316,#317,#318,#319,#320,#321,#322,#323,#324,
#325,#326,#327,#328,#329,#330,#331,#332,#333,#334,#335,#336,#337,#338,#339,
#340,#341,#342,#343,#344,#345,#346,#347,#348,#349,#350,#351,#352,#353,#354));
#813=EDGE_LOOP('',(#355));
#814=EDGE_LOOP('',(#356));
#815=EDGE_LOOP('',(#357));
#816=FACE_BOUND('',#782,.T.);
#817=FACE_BOUND('',#783,.T.);
#818=FACE_BOUND('',#784,.T.);
#819=FACE_BOUND('',#785,.T.);
#820=FACE_BOUND('',#786,.T.);
#821=FACE_BOUND('',#787,.T.);
#822=FACE_BOUND('',#788,.T.);
#823=FACE_BOUND('',#789,.T.);
#824=FACE_BOUND('',#790,.T.);
#825=FACE_BOUND('',#791,.T.);
#826=FACE_BOUND('',#792,.T.);
#827=FACE_BOUND('',#793,.T.);
#828=FACE_BOUND('',#794,.T.);
#829=FACE_BOUND('',#795,.T.);
#830=FACE_BOUND('',#796,.T.);
#831=FACE_BOUND('',#797,.T.);
#832=FACE_BOUND('',#798,.T.);
#833=FACE_BOUND('',#799,.T.);
#834=FACE_BOUND('',#800,.T.);
#835=FACE_BOUND('',#801,.T.);
#836=FACE_BOUND('',#802,.T.);
#837=FACE_BOUND('',#803,.T.);
#838=FACE_BOUND('',#804,.T.);
#839=FACE_BOUND('',#805,.T.);
#840=FACE_BOUND('',#806,.T.);
#841=FACE_BOUND('',#807,.T.);
#842=FACE_BOUND('',#808,.T.);
#843=FACE_BOUND('',#809,.T.);
#844=FACE_BOUND('',#810,.T.);
#845=FACE_BOUND('',#811,.T.);
#846=FACE_BOUND('',#812,.T.);
#847=FACE_BOUND('',#813,.T.);
#848=FACE_BOUND('',#814,.T.);
#849=FACE_BOUND('',#815,.T.);
#850=B_SPLINE_SURFACE_WITH_KNOTS('',3,3,((#1196,#1197,#1198,#1199),(#1200,
#1201,#1202,#1203),(#1204,#1205,#1206,#1207),(#1208,#1209,#1210,#1211),
(#1212,#1213,#1214,#1215),(#1216,#1217,#1218,#1219),(#1220,#1221,#1222,
#1223),(#1224,#1225,#1226,#1227),(#1228,#1229,#1230,#1231),(#1232,#1233,
#1234,#1235),(#1236,#1237,#1238,#1239),(#1240,#1241,#1242,#1243),(#1244,
#1245,#1246,#1247),(#1248,#1249,#1250,#1251)),.UNSPECIFIED.,.F.,.F.,.F.,
(4,2,2,2,2,2,4),(4,4),(0.,0.25,0.375,0.5,0.625,0.75,1.),(-0.00600011574633661,
1.006000294237),.UNSPECIFIED.);
#851=B_SPLINE_SURFACE_WITH_KNOTS('',3,1,((#1268,#1269),(#1270,#1271),(#1272,
#1273),(#1274,#1275),(#1276,#1277),(#1278,#1279)),.RULED_SURF.,.F.,.F.,
 .F.,(4,2,4),(2,2),(0.,0.5,1.),(0.,1.),.UNSPECIFIED.);
#852=B_SPLINE_SURFACE_WITH_KNOTS('',3,3,((#1285,#1286,#1287,#1288),(#1289,
#1290,#1291,#1292),(#1293,#1294,#1295,#1296),(#1297,#1298,#1299,#1300),
(#1301,#1302,#1303,#1304),(#1305,#1306,#1307,#1308),(#1309,#1310,#1311,
#1312),(#1313,#1314,#1315,#1316),(#1317,#1318,#1319,#1320),(#1321,#1322,
#1323,#1324),(#1325,#1326,#1327,#1328),(#1329,#1330,#1331,#1332),(#1333,
#1334,#1335,#1336),(#1337,#1338,#1339,#1340)),.UNSPECIFIED.,.F.,.F.,.F.,
(4,2,2,2,2,2,4),(4,4),(0.,0.25,0.375,0.5,0.625,0.75,1.),(-0.00600011574633609,
1.006000294237),.UNSPECIFIED.);
#853=B_SPLINE_SURFACE_WITH_KNOTS('',3,1,((#1354,#1355),(#1356,#1357),(#1358,
#1359),(#1360,#1361),(#1362,#1363),(#1364,#1365)),.RULED_SURF.,.F.,.F.,
 .F.,(4,2,4),(2,2),(0.,0.5,1.),(0.,1.),.UNSPECIFIED.);
#854=B_SPLINE_SURFACE_WITH_KNOTS('',3,3,((#1371,#1372,#1373,#1374),(#1375,
#1376,#1377,#1378),(#1379,#1380,#1381,#1382),(#1383,#1384,#1385,#1386),
(#1387,#1388,#1389,#1390),(#1391,#1392,#1393,#1394),(#1395,#1396,#1397,
#1398),(#1399,#1400,#1401,#1402),(#1403,#1404,#1405,#1406),(#1407,#1408,
#1409,#1410),(#1411,#1412,#1413,#1414),(#1415,#1416,#1417,#1418),(#1419,
#1420,#1421,#1422),(#1423,#1424,#1425,#1426)),.UNSPECIFIED.,.F.,.F.,.F.,
(4,2,2,2,2,2,4),(4,4),(0.,0.25,0.375,0.5,0.625,0.75,1.),(-0.00600011574633668,
1.006000294237),.UNSPECIFIED.);
#855=B_SPLINE_SURFACE_WITH_KNOTS('',3,1,((#1440,#1441),(#1442,#1443),(#1444,
#1445),(#1446,#1447),(#1448,#1449),(#1450,#1451)),.RULED_SURF.,.F.,.F.,
 .F.,(4,2,4),(2,2),(0.,0.5,1.),(0.,1.),.UNSPECIFIED.);
#856=B_SPLINE_SURFACE_WITH_KNOTS('',3,3,((#1457,#1458,#1459,#1460),(#1461,
#1462,#1463,#1464),(#1465,#1466,#1467,#1468),(#1469,#1470,#1471,#1472),
(#1473,#1474,#1475,#1476),(#1477,#1478,#1479,#1480),(#1481,#1482,#1483,
#1484),(#1485,#1486,#1487,#1488),(#1489,#1490,#1491,#1492),(#1493,#1494,
#1495,#1496),(#1497,#1498,#1499,#1500),(#1501,#1502,#1503,#1504),(#1505,
#1506,#1507,#1508),(#1509,#1510,#1511,#1512)),.UNSPECIFIED.,.F.,.F.,.F.,
(4,2,2,2,2,2,4),(4,4),(0.,0.25,0.375,0.5,0.625,0.75,1.),(-0.00600011574633501,
1.006000294237),.UNSPECIFIED.);
#857=B_SPLINE_SURFACE_WITH_KNOTS('',3,1,((#1526,#1527),(#1528,#1529),(#1530,
#1531),(#1532,#1533),(#1534,#1535),(#1536,#1537)),.RULED_SURF.,.F.,.F.,
 .F.,(4,2,4),(2,2),(0.,0.5,1.),(0.,1.),.UNSPECIFIED.);
#858=B_SPLINE_SURFACE_WITH_KNOTS('',3,3,((#1543,#1544,#1545,#1546),(#1547,
#1548,#1549,#1550),(#1551,#1552,#1553,#1554),(#1555,#1556,#1557,#1558),
(#1559,#1560,#1561,#1562),(#1563,#1564,#1565,#1566),(#1567,#1568,#1569,
#1570),(#1571,#1572,#1573,#1574),(#1575,#1576,#1577,#1578),(#1579,#1580,
#1581,#1582),(#1583,#1584,#1585,#1586),(#1587,#1588,#1589,#1590),(#1591,
#1592,#1593,#1594),(#1595,#1596,#1597,#1598)),.UNSPECIFIED.,.F.,.F.,.F.,
(4,2,2,2,2,2,4),(4,4),(0.,0.25,0.375,0.5,0.625,0.75,1.),(-0.00600011574633456,
1.006000294237),.UNSPECIFIED.);
#859=B_SPLINE_SURFACE_WITH_KNOTS('',3,1,((#1612,#1613),(#1614,#1615),(#1616,
#1617),(#1618,#1619),(#1620,#1621),(#1622,#1623)),.RULED_SURF.,.F.,.F.,
 .F.,(4,2,4),(2,2),(0.,0.5,1.),(0.,1.),.UNSPECIFIED.);
#860=B_SPLINE_SURFACE_WITH_KNOTS('',3,3,((#1629,#1630,#1631,#1632),(#1633,
#1634,#1635,#1636),(#1637,#1638,#1639,#1640),(#1641,#1642,#1643,#1644),
(#1645,#1646,#1647,#1648),(#1649,#1650,#1651,#1652),(#1653,#1654,#1655,
#1656),(#1657,#1658,#1659,#1660),(#1661,#1662,#1663,#1664),(#1665,#1666,
#1667,#1668),(#1669,#1670,#1671,#1672),(#1673,#1674,#1675,#1676),(#1677,
#1678,#1679,#1680),(#1681,#1682,#1683,#1684)),.UNSPECIFIED.,.F.,.F.,.F.,
(4,2,2,2,2,2,4),(4,4),(0.,0.25,0.375,0.5,0.625,0.75,1.),(-0.00600011574633377,
1.006000294237),.UNSPECIFIED.);
#861=B_SPLINE_SURFACE_WITH_KNOTS('',3,1,((#1698,#1699),(#1700,#1701),(#1702,
#1703),(#1704,#1705),(#1706,#1707),(#1708,#1709)),.RULED_SURF.,.F.,.F.,
 .F.,(4,2,4),(2,2),(0.,0.5,1.),(0.,1.),.UNSPECIFIED.);
#862=B_SPLINE_SURFACE_WITH_KNOTS('',3,3,((#1715,#1716,#1717,#1718),(#1719,
#1720,#1721,#1722),(#1723,#1724,#1725,#1726),(#1727,#1728,#1729,#1730),
(#1731,#1732,#1733,#1734),(#1735,#1736,#1737,#1738),(#1739,#1740,#1741,
#1742),(#1743,#1744,#1745,#1746),(#1747,#1748,#1749,#1750),(#1751,#1752,
#1753,#1754),(#1755,#1756,#1757,#1758),(#1759,#1760,#1761,#1762),(#1763,
#1764,#1765,#1766),(#1767,#1768,#1769,#1770)),.UNSPECIFIED.,.F.,.F.,.F.,
(4,2,2,2,2,2,4),(4,4),(0.,0.25,0.375,0.5,0.625,0.75,1.),(-0.00600011574633519,
1.006000294237),.UNSPECIFIED.);
#863=B_SPLINE_SURFACE_WITH_KNOTS('',3,1,((#1784,#1785),(#1786,#1787),(#1788,
#1789),(#1790,#1791),(#1792,#1793),(#1794,#1795)),.RULED_SURF.,.F.,.F.,
 .F.,(4,2,4),(2,2),(0.,0.5,1.),(0.,1.),.UNSPECIFIED.);
#864=B_SPLINE_SURFACE_WITH_KNOTS('',3,3,((#1801,#1802,#1803,#1804),(#1805,
#1806,#1807,#1808),(#1809,#1810,#1811,#1812),(#1813,#1814,#1815,#1816),
(#1817,#1818,#1819,#1820),(#1821,#1822,#1823,#1824),(#1825,#1826,#1827,
#1828),(#1829,#1830,#1831,#1832),(#1833,#1834,#1835,#1836),(#1837,#1838,
#1839,#1840),(#1841,#1842,#1843,#1844),(#1845,#1846,#1847,#1848),(#1849,
#1850,#1851,#1852),(#1853,#1854,#1855,#1856)),.UNSPECIFIED.,.F.,.F.,.F.,
(4,2,2,2,2,2,4),(4,4),(0.,0.25,0.375,0.5,0.625,0.75,1.),(-0.00600011574633664,
1.006000294237),.UNSPECIFIED.);
#865=B_SPLINE_SURFACE_WITH_KNOTS('',3,1,((#1870,#1871),(#1872,#1873),(#1874,
#1875),(#1876,#1877),(#1878,#1879),(#1880,#1881)),.RULED_SURF.,.F.,.F.,
 .F.,(4,2,4),(2,2),(0.,0.5,1.),(0.,1.),.UNSPECIFIED.);
#866=B_SPLINE_SURFACE_WITH_KNOTS('',3,3,((#1887,#1888,#1889,#1890),(#1891,
#1892,#1893,#1894),(#1895,#1896,#1897,#1898),(#1899,#1900,#1901,#1902),
(#1903,#1904,#1905,#1906),(#1907,#1908,#1909,#1910),(#1911,#1912,#1913,
#1914),(#1915,#1916,#1917,#1918),(#1919,#1920,#1921,#1922),(#1923,#1924,
#1925,#1926),(#1927,#1928,#1929,#1930),(#1931,#1932,#1933,#1934),(#1935,
#1936,#1937,#1938),(#1939,#1940,#1941,#1942)),.UNSPECIFIED.,.F.,.F.,.F.,
(4,2,2,2,2,2,4),(4,4),(0.,0.25,0.375,0.5,0.625,0.75,1.),(-0.00600011574633661,
1.006000294237),.UNSPECIFIED.);
#867=B_SPLINE_SURFACE_WITH_KNOTS('',3,1,((#1956,#1957),(#1958,#1959),(#1960,
#1961),(#1962,#1963),(#1964,#1965),(#1966,#1967)),.RULED_SURF.,.F.,.F.,
 .F.,(4,2,4),(2,2),(0.,0.5,1.),(0.,1.),.UNSPECIFIED.);
#868=B_SPLINE_SURFACE_WITH_KNOTS('',3,3,((#1973,#1974,#1975,#1976),(#1977,
#1978,#1979,#1980),(#1981,#1982,#1983,#1984),(#1985,#1986,#1987,#1988),
(#1989,#1990,#1991,#1992),(#1993,#1994,#1995,#1996),(#1997,#1998,#1999,
#2000),(#2001,#2002,#2003,#2004),(#2005,#2006,#2007,#2008),(#2009,#2010,
#2011,#2012),(#2013,#2014,#2015,#2016),(#2017,#2018,#2019,#2020),(#2021,
#2022,#2023,#2024),(#2025,#2026,#2027,#2028)),.UNSPECIFIED.,.F.,.F.,.F.,
(4,2,2,2,2,2,4),(4,4),(0.,0.25,0.375,0.5,0.625,0.75,1.),(-0.00600011574633675,
1.006000294237),.UNSPECIFIED.);
#869=B_SPLINE_SURFACE_WITH_KNOTS('',3,1,((#2042,#2043),(#2044,#2045),(#2046,
#2047),(#2048,#2049),(#2050,#2051),(#2052,#2053)),.RULED_SURF.,.F.,.F.,
 .F.,(4,2,4),(2,2),(0.,0.5,1.),(0.,1.),.UNSPECIFIED.);
#870=B_SPLINE_SURFACE_WITH_KNOTS('',3,3,((#2059,#2060,#2061,#2062),(#2063,
#2064,#2065,#2066),(#2067,#2068,#2069,#2070),(#2071,#2072,#2073,#2074),
(#2075,#2076,#2077,#2078),(#2079,#2080,#2081,#2082),(#2083,#2084,#2085,
#2086),(#2087,#2088,#2089,#2090),(#2091,#2092,#2093,#2094),(#2095,#2096,
#2097,#2098),(#2099,#2100,#2101,#2102),(#2103,#2104,#2105,#2106),(#2107,
#2108,#2109,#2110),(#2111,#2112,#2113,#2114)),.UNSPECIFIED.,.F.,.F.,.F.,
(4,2,2,2,2,2,4),(4,4),(0.,0.25,0.375,0.5,0.625,0.75,1.),(-0.00600011574633754,
1.006000294237),.UNSPECIFIED.);
#871=B_SPLINE_SURFACE_WITH_KNOTS('',3,1,((#2128,#2129),(#2130,#2131),(#2132,
#2133),(#2134,#2135),(#2136,#2137),(#2138,#2139)),.RULED_SURF.,.F.,.F.,
 .F.,(4,2,4),(2,2),(0.,0.5,1.),(0.,1.),.UNSPECIFIED.);
#872=B_SPLINE_SURFACE_WITH_KNOTS('',3,3,((#2145,#2146,#2147,#2148),(#2149,
#2150,#2151,#2152),(#2153,#2154,#2155,#2156),(#2157,#2158,#2159,#2160),
(#2161,#2162,#2163,#2164),(#2165,#2166,#2167,#2168),(#2169,#2170,#2171,
#2172),(#2173,#2174,#2175,#2176),(#2177,#2178,#2179,#2180),(#2181,#2182,
#2183,#2184),(#2185,#2186,#2187,#2188),(#2189,#2190,#2191,#2192),(#2193,
#2194,#2195,#2196),(#2197,#2198,#2199,#2200)),.UNSPECIFIED.,.F.,.F.,.F.,
(4,2,2,2,2,2,4),(4,4),(0.,0.25,0.375,0.5,0.625,0.75,1.),(-0.00600011574633609,
1.006000294237),.UNSPECIFIED.);
#873=B_SPLINE_SURFACE_WITH_KNOTS('',3,1,((#2214,#2215),(#2216,#2217),(#2218,
#2219),(#2220,#2221),(#2222,#2223),(#2224,#2225)),.RULED_SURF.,.F.,.F.,
 .F.,(4,2,4),(2,2),(0.,0.5,1.),(0.,1.),.UNSPECIFIED.);
#874=B_SPLINE_SURFACE_WITH_KNOTS('',3,3,((#2231,#2232,#2233,#2234),(#2235,
#2236,#2237,#2238),(#2239,#2240,#2241,#2242),(#2243,#2244,#2245,#2246),
(#2247,#2248,#2249,#2250),(#2251,#2252,#2253,#2254),(#2255,#2256,#2257,
#2258),(#2259,#2260,#2261,#2262),(#2263,#2264,#2265,#2266),(#2267,#2268,
#2269,#2270),(#2271,#2272,#2273,#2274),(#2275,#2276,#2277,#2278),(#2279,
#2280,#2281,#2282),(#2283,#2284,#2285,#2286)),.UNSPECIFIED.,.F.,.F.,.F.,
(4,2,2,2,2,2,4),(4,4),(0.,0.25,0.375,0.5,0.625,0.75,1.),(-0.0060001157463344,
1.006000294237),.UNSPECIFIED.);
#875=B_SPLINE_SURFACE_WITH_KNOTS('',3,1,((#2300,#2301),(#2302,#2303),(#2304,
#2305),(#2306,#2307),(#2308,#2309),(#2310,#2311)),.RULED_SURF.,.F.,.F.,
 .F.,(4,2,4),(2,2),(0.,0.5,1.),(0.,1.),.UNSPECIFIED.);
#876=B_SPLINE_SURFACE_WITH_KNOTS('',3,3,((#2317,#2318,#2319,#2320),(#2321,
#2322,#2323,#2324),(#2325,#2326,#2327,#2328),(#2329,#2330,#2331,#2332),
(#2333,#2334,#2335,#2336),(#2337,#2338,#2339,#2340),(#2341,#2342,#2343,
#2344),(#2345,#2346,#2347,#2348),(#2349,#2350,#2351,#2352),(#2353,#2354,
#2355,#2356),(#2357,#2358,#2359,#2360),(#2361,#2362,#2363,#2364),(#2365,
#2366,#2367,#2368),(#2369,#2370,#2371,#2372)),.UNSPECIFIED.,.F.,.F.,.F.,
(4,2,2,2,2,2,4),(4,4),(0.,0.25,0.375,0.5,0.625,0.75,1.),(-0.00600011574633492,
1.006000294237),.UNSPECIFIED.);
#877=B_SPLINE_SURFACE_WITH_KNOTS('',3,1,((#2386,#2387),(#2388,#2389),(#2390,
#2391),(#2392,#2393),(#2394,#2395),(#2396,#2397)),.RULED_SURF.,.F.,.F.,
 .F.,(4,2,4),(2,2),(0.,0.5,1.),(0.,1.),.UNSPECIFIED.);
#878=ADVANCED_FACE('',(#816),#850,.T.);
#879=ADVANCED_FACE('',(#817),#851,.T.);
#880=ADVANCED_FACE('',(#818),#852,.T.);
#881=ADVANCED_FACE('',(#819),#853,.T.);
#882=ADVANCED_FACE('',(#820),#854,.T.);
#883=ADVANCED_FACE('',(#821),#855,.T.);
#884=ADVANCED_FACE('',(#822),#856,.T.);
#885=ADVANCED_FACE('',(#823),#857,.T.);
#886=ADVANCED_FACE('',(#824),#858,.T.);
#887=ADVANCED_FACE('',(#825),#859,.T.);
#888=ADVANCED_FACE('',(#826),#860,.T.);
#889=ADVANCED_FACE('',(#827),#861,.T.);
#890=ADVANCED_FACE('',(#828),#862,.T.);
#891=ADVANCED_FACE('',(#829),#863,.T.);
#892=ADVANCED_FACE('',(#830),#864,.T.);
#893=ADVANCED_FACE('',(#831),#865,.T.);
#894=ADVANCED_FACE('',(#832),#866,.T.);
#895=ADVANCED_FACE('',(#833),#867,.T.);
#896=ADVANCED_FACE('',(#834),#868,.T.);
#897=ADVANCED_FACE('',(#835),#869,.T.);
#898=ADVANCED_FACE('',(#836),#870,.T.);
#899=ADVANCED_FACE('',(#837),#871,.T.);
#900=ADVANCED_FACE('',(#838),#872,.T.);
#901=ADVANCED_FACE('',(#839),#873,.T.);
#902=ADVANCED_FACE('',(#840),#874,.T.);
#903=ADVANCED_FACE('',(#841),#875,.T.);
#904=ADVANCED_FACE('',(#842),#876,.T.);
#905=ADVANCED_FACE('',(#843),#877,.T.);
#906=ADVANCED_FACE('',(#844),#13,.T.);
#907=ADVANCED_FACE('',(#845,#846),#14,.F.);
#908=ADVANCED_FACE('',(#847,#848),#12,.F.);
#909=ADVANCED_FACE('',(#849),#15,.T.);
#910=CLOSED_SHELL('',(#878,#879,#880,#881,#882,#883,#884,#885,#886,#887,
#888,#889,#890,#891,#892,#893,#894,#895,#896,#897,#898,#899,#900,#901,#902,
#903,#904,#905,#906,#907,#908,#909));
#911=STYLED_ITEM('',(#912),#919);
#912=PRESENTATION_STYLE_ASSIGNMENT((#913));
#913=SURFACE_STYLE_USAGE(.BOTH.,#914);
#914=SURFACE_SIDE_STYLE('',(#915));
#915=SURFACE_STYLE_FILL_AREA(#916);
#916=FILL_AREA_STYLE('',(#917));
#917=FILL_AREA_STYLE_COLOUR('',#918);
#918=COLOUR_RGB('',0.615686274509804,0.811764705882353,0.929411764705882);
#919=MANIFOLD_SOLID_BREP('Part 1',#910);
#920=SHAPE_DEFINITION_REPRESENTATION(#2414,#921);
#921=SHAPE_REPRESENTATION('Part 1',(#922),#2409);
#922=AXIS2_PLACEMENT_3D('',#1195,#985,#986);
#923=AXIS2_PLACEMENT_3D('',#1255,#988,#989);
#924=AXIS2_PLACEMENT_3D('',#1263,#993,#994);
#925=AXIS2_PLACEMENT_3D('',#1280,#997,#998);
#926=AXIS2_PLACEMENT_3D('',#1284,#1000,#1001);
#927=AXIS2_PLACEMENT_3D('',#1344,#1003,#1004);
#928=AXIS2_PLACEMENT_3D('',#1349,#1007,#1008);
#929=AXIS2_PLACEMENT_3D('',#1366,#1011,#1012);
#930=AXIS2_PLACEMENT_3D('',#1370,#1014,#1015);
#931=AXIS2_PLACEMENT_3D('',#1430,#1017,#1018);
#932=AXIS2_PLACEMENT_3D('',#1435,#1021,#1022);
#933=AXIS2_PLACEMENT_3D('',#1452,#1025,#1026);
#934=AXIS2_PLACEMENT_3D('',#1456,#1028,#1029);
#935=AXIS2_PLACEMENT_3D('',#1516,#1031,#1032);
#936=AXIS2_PLACEMENT_3D('',#1521,#1035,#1036);
#937=AXIS2_PLACEMENT_3D('',#1538,#1039,#1040);
#938=AXIS2_PLACEMENT_3D('',#1542,#1042,#1043);
#939=AXIS2_PLACEMENT_3D('',#1602,#1045,#1046);
#940=AXIS2_PLACEMENT_3D('',#1607,#1049,#1050);
#941=AXIS2_PLACEMENT_3D('',#1624,#1053,#1054);
#942=AXIS2_PLACEMENT_3D('',#1628,#1056,#1057);
#943=AXIS2_PLACEMENT_3D('',#1688,#1059,#1060);
#944=AXIS2_PLACEMENT_3D('',#1693,#1063,#1064);
#945=AXIS2_PLACEMENT_3D('',#1710,#1067,#1068);
#946=AXIS2_PLACEMENT_3D('',#1714,#1070,#1071);
#947=AXIS2_PLACEMENT_3D('',#1774,#1073,#1074);
#948=AXIS2_PLACEMENT_3D('',#1779,#1077,#1078);
#949=AXIS2_PLACEMENT_3D('',#1796,#1081,#1082);
#950=AXIS2_PLACEMENT_3D('',#1800,#1084,#1085);
#951=AXIS2_PLACEMENT_3D('',#1860,#1087,#1088);
#952=AXIS2_PLACEMENT_3D('',#1865,#1091,#1092);
#953=AXIS2_PLACEMENT_3D('',#1882,#1095,#1096);
#954=AXIS2_PLACEMENT_3D('',#1886,#1098,#1099);
#955=AXIS2_PLACEMENT_3D('',#1946,#1101,#1102);
#956=AXIS2_PLACEMENT_3D('',#1951,#1105,#1106);
#957=AXIS2_PLACEMENT_3D('',#1968,#1109,#1110);
#958=AXIS2_PLACEMENT_3D('',#1972,#1112,#1113);
#959=AXIS2_PLACEMENT_3D('',#2032,#1115,#1116);
#960=AXIS2_PLACEMENT_3D('',#2037,#1119,#1120);
#961=AXIS2_PLACEMENT_3D('',#2054,#1123,#1124);
#962=AXIS2_PLACEMENT_3D('',#2058,#1126,#1127);
#963=AXIS2_PLACEMENT_3D('',#2118,#1129,#1130);
#964=AXIS2_PLACEMENT_3D('',#2123,#1133,#1134);
#965=AXIS2_PLACEMENT_3D('',#2140,#1137,#1138);
#966=AXIS2_PLACEMENT_3D('',#2144,#1140,#1141);
#967=AXIS2_PLACEMENT_3D('',#2204,#1143,#1144);
#968=AXIS2_PLACEMENT_3D('',#2209,#1147,#1148);
#969=AXIS2_PLACEMENT_3D('',#2226,#1151,#1152);
#970=AXIS2_PLACEMENT_3D('',#2230,#1154,#1155);
#971=AXIS2_PLACEMENT_3D('',#2290,#1157,#1158);
#972=AXIS2_PLACEMENT_3D('',#2295,#1161,#1162);
#973=AXIS2_PLACEMENT_3D('',#2312,#1165,#1166);
#974=AXIS2_PLACEMENT_3D('',#2316,#1168,#1169);
#975=AXIS2_PLACEMENT_3D('',#2376,#1171,#1172);
#976=AXIS2_PLACEMENT_3D('',#2381,#1175,#1176);
#977=AXIS2_PLACEMENT_3D('',#2398,#1179,#1180);
#978=AXIS2_PLACEMENT_3D('',#2399,#1181,#1182);
#979=AXIS2_PLACEMENT_3D('',#2400,#1183,#1184);
#980=AXIS2_PLACEMENT_3D('',#2401,#1185,#1186);
#981=AXIS2_PLACEMENT_3D('',#2402,#1187,#1188);
#982=AXIS2_PLACEMENT_3D('',#2404,#1189,#1190);
#983=AXIS2_PLACEMENT_3D('',#2405,#1191,#1192);
#984=AXIS2_PLACEMENT_3D('',#2407,#1193,#1194);
#985=DIRECTION('',(0.,0.,1.));
#986=DIRECTION('',(1.,0.,0.));
#987=DIRECTION('',(0.55470019622523,-0.832050294337843,0.));
#988=DIRECTION('',(0.,0.,1.));
#989=DIRECTION('',(1.,0.,0.));
#990=DIRECTION('',(-0.554700196225229,-0.832050294337844,0.));
#991=DIRECTION('',(0.128632308754687,-0.453256351236257,0.882050117175002));
#992=DIRECTION('',(-0.447213595499958,-0.894427190999916,0.));
#993=DIRECTION('',(0.,0.,1.));
#994=DIRECTION('',(1.,0.,0.));
#995=DIRECTION('',(0.447213595499958,-0.894427190999916,0.));
#996=DIRECTION('',(-0.128632308754688,-0.453256351236257,0.882050117175001));
#997=DIRECTION('',(0.,0.,1.));
#998=DIRECTION('',(1.,0.,0.));
#999=DIRECTION('',(-0.0807668548587839,-0.46418132873672,0.882050117175001));
#1000=DIRECTION('',(0.,0.,1.));
#1001=DIRECTION('',(1.,0.,0.));
#1002=DIRECTION('',(0.138754514977127,-0.990326806954887,0.));
#1003=DIRECTION('',(0.,0.,1.));
#1004=DIRECTION('',(1.,0.,0.));
#1005=DIRECTION('',(-0.860780700659463,-0.508976016499997,0.));
#1006=DIRECTION('',(-0.791002940847625,-0.611812346696607,0.));
#1007=DIRECTION('',(0.,0.,1.));
#1008=DIRECTION('',(1.,0.,0.));
#1009=DIRECTION('',(0.0148481128487107,-0.999889760696064,0.));
#1010=DIRECTION('',(-0.312554266047554,-0.352558394549104,0.882050117175001));
#1011=DIRECTION('',(0.,0.,1.));
#1012=DIRECTION('',(1.,0.,0.));
#1013=DIRECTION('',(-0.274169152327002,-0.383169501270469,0.882050117175001));
#1014=DIRECTION('',(0.,0.,1.));
#1015=DIRECTION('',(1.,0.,0.));
#1016=DIRECTION('',(-0.304673199674648,-0.952456949893281,0.));
#1017=DIRECTION('',(0.,0.,1.));
#1018=DIRECTION('',(1.,0.,0.));
#1019=DIRECTION('',(-0.996373030545586,-0.0850927964131249,0.));
#1020=DIRECTION('',(-0.978124452745981,-0.208020563744011,0.));
#1021=DIRECTION('',(0.,0.,1.));
#1022=DIRECTION('',(1.,0.,0.));
#1023=DIRECTION('',(-0.42045822065238,-0.907311900443191,0.));
#1024=DIRECTION('',(-0.434571017723185,-0.182031923976543,0.882050117175001));
#1025=DIRECTION('',(0.,0.,1.));
#1026=DIRECTION('',(1.,0.,0.));
#1027=DIRECTION('',(-0.413268886712865,-0.226266254812058,0.882050117175001));
#1028=DIRECTION('',(0.,0.,1.));
#1029=DIRECTION('',(1.,0.,0.));
#1030=DIRECTION('',(-0.687756650559277,-0.725941312787393,0.));
#1031=DIRECTION('',(0.,0.,1.));
#1032=DIRECTION('',(1.,0.,0.));
#1033=DIRECTION('',(-0.934621462018854,0.355644095598029,0.));
#1034=DIRECTION('',(-0.971516420868813,0.236972243062878,0.));
#1035=DIRECTION('',(0.,0.,1.));
#1036=DIRECTION('',(1.,0.,0.));
#1037=DIRECTION('',(-0.77248764697159,-0.635029790857324,0.));
#1038=DIRECTION('',(-0.470515649674965,0.0245482016146128,0.882050117175001));
#1039=DIRECTION('',(0.,0.,1.));
#1040=DIRECTION('',(1.,0.,0.));
#1041=DIRECTION('',(-0.470515649674965,-0.0245482016146115,0.882050117175001));
#1042=DIRECTION('',(0.,0.,1.));
#1043=DIRECTION('',(1.,0.,0.));
#1044=DIRECTION('',(-0.934621462018855,-0.355644095598028,0.));
#1045=DIRECTION('',(0.,0.,1.));
#1046=DIRECTION('',(1.,0.,0.));
#1047=DIRECTION('',(-0.687756650559277,0.725941312787394,0.));
#1048=DIRECTION('',(-0.772487646971589,0.635029790857325,0.));
#1049=DIRECTION('',(0.,0.,1.));
#1050=DIRECTION('',(1.,0.,0.));
#1051=DIRECTION('',(-0.971516420868813,-0.236972243062877,0.));
#1052=DIRECTION('',(-0.413268886712865,0.22626625481206,0.882050117175001));
#1053=DIRECTION('',(0.,0.,1.));
#1054=DIRECTION('',(1.,0.,0.));
#1055=DIRECTION('',(-0.434571017723184,0.182031923976544,0.882050117175001));
#1056=DIRECTION('',(0.,0.,1.));
#1057=DIRECTION('',(1.,0.,0.));
#1058=DIRECTION('',(-0.996373030545586,0.085092796413125,0.));
#1059=DIRECTION('',(0.,0.,1.));
#1060=DIRECTION('',(1.,0.,0.));
#1061=DIRECTION('',(-0.304673199674648,0.952456949893281,0.));
#1062=DIRECTION('',(-0.420458220652379,0.907311900443191,0.));
#1063=DIRECTION('',(0.,0.,1.));
#1064=DIRECTION('',(1.,0.,0.));
#1065=DIRECTION('',(-0.97812445274598,0.208020563744011,0.));
#1066=DIRECTION('',(-0.274169152327001,0.383169501270469,0.882050117175001));
#1067=DIRECTION('',(0.,0.,1.));
#1068=DIRECTION('',(1.,0.,0.));
#1069=DIRECTION('',(-0.312554266047554,0.352558394549103,0.882050117175002));
#1070=DIRECTION('',(0.,0.,1.));
#1071=DIRECTION('',(1.,0.,0.));
#1072=DIRECTION('',(-0.860780700659463,0.508976016499996,0.));
#1073=DIRECTION('',(0.,0.,1.));
#1074=DIRECTION('',(1.,0.,0.));
#1075=DIRECTION('',(0.138754514977126,0.990326806954887,0.));
#1076=DIRECTION('',(0.01484811284871,0.999889760696064,0.));
#1077=DIRECTION('',(0.,0.,1.));
#1078=DIRECTION('',(1.,0.,0.));
#1079=DIRECTION('',(-0.791002940847625,0.611812346696606,0.));
#1080=DIRECTION('',(-0.0807668548587815,0.46418132873672,0.882050117175001));
#1081=DIRECTION('',(0.,0.,1.));
#1082=DIRECTION('',(1.,0.,0.));
#1083=DIRECTION('',(-0.128632308754687,0.453256351236257,0.882050117175001));
#1084=DIRECTION('',(0.,0.,1.));
#1085=DIRECTION('',(1.,0.,0.));
#1086=DIRECTION('',(-0.55470019622523,0.832050294337843,0.));
#1087=DIRECTION('',(0.,0.,1.));
#1088=DIRECTION('',(1.,0.,0.));
#1089=DIRECTION('',(0.55470019622523,0.832050294337844,0.));
#1090=DIRECTION('',(0.447213595499959,0.894427190999916,0.));
#1091=DIRECTION('',(0.,0.,1.));
#1092=DIRECTION('',(1.,0.,0.));
#1093=DIRECTION('',(-0.447213595499958,0.894427190999916,0.));
#1094=DIRECTION('',(0.128632308754688,0.453256351236257,0.882050117175001));
#1095=DIRECTION('',(0.,0.,1.));
#1096=DIRECTION('',(1.,0.,0.));
#1097=DIRECTION('',(0.0807668548587841,0.46418132873672,0.882050117175001));
#1098=DIRECTION('',(0.,0.,1.));
#1099=DIRECTION('',(1.,0.,0.));
#1100=DIRECTION('',(-0.138754514977126,0.990326806954887,0.));
#1101=DIRECTION('',(0.,0.,1.));
#1102=DIRECTION('',(1.,0.,0.));
#1103=DIRECTION('',(0.860780700659463,0.508976016499996,0.));
#1104=DIRECTION('',(0.791002940847625,0.611812346696606,0.));
#1105=DIRECTION('',(0.,0.,1.));
#1106=DIRECTION('',(1.,0.,0.));
#1107=DIRECTION('',(-0.0148481128487093,0.999889760696064,0.));
#1108=DIRECTION('',(0.312554266047555,0.352558394549102,0.882050117175001));
#1109=DIRECTION('',(0.,0.,1.));
#1110=DIRECTION('',(1.,0.,0.));
#1111=DIRECTION('',(0.274169152327001,0.383169501270469,0.882050117175001));
#1112=DIRECTION('',(0.,0.,1.));
#1113=DIRECTION('',(1.,0.,0.));
#1114=DIRECTION('',(0.304673199674648,0.952456949893281,0.));
#1115=DIRECTION('',(0.,0.,1.));
#1116=DIRECTION('',(1.,0.,0.));
#1117=DIRECTION('',(0.996373030545586,0.0850927964131249,0.));
#1118=DIRECTION('',(0.97812445274598,0.208020563744011,0.));
#1119=DIRECTION('',(0.,0.,1.));
#1120=DIRECTION('',(1.,0.,0.));
#1121=DIRECTION('',(0.42045822065238,0.907311900443191,0.));
#1122=DIRECTION('',(0.434571017723185,0.182031923976544,0.882050117175001));
#1123=DIRECTION('',(0.,0.,1.));
#1124=DIRECTION('',(1.,0.,0.));
#1125=DIRECTION('',(0.413268886712865,0.226266254812058,0.882050117175001));
#1126=DIRECTION('',(0.,0.,1.));
#1127=DIRECTION('',(1.,0.,0.));
#1128=DIRECTION('',(0.687756650559277,0.725941312787394,0.));
#1129=DIRECTION('',(0.,0.,1.));
#1130=DIRECTION('',(1.,0.,0.));
#1131=DIRECTION('',(0.934621462018855,-0.355644095598028,0.));
#1132=DIRECTION('',(0.971516420868813,-0.236972243062877,0.));
#1133=DIRECTION('',(0.,0.,1.));
#1134=DIRECTION('',(1.,0.,0.));
#1135=DIRECTION('',(0.772487646971589,0.635029790857325,0.));
#1136=DIRECTION('',(0.470515649674965,-0.0245482016146135,0.882050117175001));
#1137=DIRECTION('',(0.,0.,1.));
#1138=DIRECTION('',(1.,0.,0.));
#1139=DIRECTION('',(0.470515649674965,0.0245482016146115,0.882050117175001));
#1140=DIRECTION('',(0.,0.,1.));
#1141=DIRECTION('',(1.,0.,0.));
#1142=DIRECTION('',(0.934621462018855,0.355644095598028,0.));
#1143=DIRECTION('',(0.,0.,1.));
#1144=DIRECTION('',(1.,0.,0.));
#1145=DIRECTION('',(0.687756650559277,-0.725941312787394,0.));
#1146=DIRECTION('',(0.772487646971589,-0.635029790857325,0.));
#1147=DIRECTION('',(0.,0.,1.));
#1148=DIRECTION('',(1.,0.,0.));
#1149=DIRECTION('',(0.971516420868813,0.236972243062877,0.));
#1150=DIRECTION('',(0.413268886712865,-0.226266254812058,0.882050117175001));
#1151=DIRECTION('',(0.,0.,1.));
#1152=DIRECTION('',(1.,0.,0.));
#1153=DIRECTION('',(0.434571017723184,-0.182031923976544,0.882050117175001));
#1154=DIRECTION('',(0.,0.,1.));
#1155=DIRECTION('',(1.,0.,0.));
#1156=DIRECTION('',(0.996373030545586,-0.085092796413125,0.));
#1157=DIRECTION('',(0.,0.,1.));
#1158=DIRECTION('',(1.,0.,0.));
#1159=DIRECTION('',(0.304673199674648,-0.952456949893281,0.));
#1160=DIRECTION('',(0.420458220652379,-0.907311900443191,0.));
#1161=DIRECTION('',(0.,0.,1.));
#1162=DIRECTION('',(1.,0.,0.));
#1163=DIRECTION('',(0.97812445274598,-0.208020563744011,0.));
#1164=DIRECTION('',(0.274169152327002,-0.383169501270469,0.882050117175002));
#1165=DIRECTION('',(0.,0.,1.));
#1166=DIRECTION('',(1.,0.,0.));
#1167=DIRECTION('',(0.312554266047553,-0.352558394549104,0.882050117175001));
#1168=DIRECTION('',(0.,0.,1.));
#1169=DIRECTION('',(1.,0.,0.));
#1170=DIRECTION('',(0.860780700659463,-0.508976016499996,0.));
#1171=DIRECTION('',(0.,0.,1.));
#1172=DIRECTION('',(1.,0.,0.));
#1173=DIRECTION('',(-0.138754514977126,-0.990326806954887,0.));
#1174=DIRECTION('',(-0.01484811284871,-0.999889760696064,0.));
#1175=DIRECTION('',(0.,0.,1.));
#1176=DIRECTION('',(1.,0.,0.));
#1177=DIRECTION('',(0.791002940847625,-0.611812346696606,0.));
#1178=DIRECTION('',(0.0807668548587827,-0.46418132873672,0.882050117175001));
#1179=DIRECTION('',(0.,0.,1.));
#1180=DIRECTION('',(1.,0.,0.));
#1181=DIRECTION('',(0.,0.,1.));
#1182=DIRECTION('',(1.,0.,0.));
#1183=DIRECTION('',(0.,0.,1.));
#1184=DIRECTION('',(1.,0.,0.));
#1185=DIRECTION('',(0.,0.,1.));
#1186=DIRECTION('',(1.,0.,0.));
#1187=DIRECTION('',(0.,0.,-1.));
#1188=DIRECTION('',(-1.,0.,0.));
#1189=DIRECTION('',(0.,0.,-1.));
#1190=DIRECTION('',(-1.,0.,0.));
#1191=DIRECTION('',(0.,0.,-1.));
#1192=DIRECTION('',(-1.,0.,0.));
#1193=DIRECTION('',(0.,0.,-1.));
#1194=DIRECTION('',(1.,0.,0.));
#1195=CARTESIAN_POINT('',(0.,0.,0.));
#1196=CARTESIAN_POINT('',(0.00200525010127804,0.012560030571956,-3.60006944780196E-5));
#1197=CARTESIAN_POINT('',(0.0017100833150329,0.0115199635636374,0.00198800012548865));
#1198=CARTESIAN_POINT('',(0.00141491652878777,0.0104798965553188,0.00401200094545533));
#1199=CARTESIAN_POINT('',(0.00111974974254263,0.00943982954700021,0.006036001765422));
#1200=CARTESIAN_POINT('',(0.00169022696675294,0.0130321680722114,-3.60006944780196E-5));
#1201=CARTESIAN_POINT('',(0.00145629832948124,0.0119225749715039,0.00198800012548865));
#1202=CARTESIAN_POINT('',(0.00122236969220954,0.0108129818707964,0.00401200094545533));
#1203=CARTESIAN_POINT('',(0.000988441054937836,0.00970338877008887,0.006036001765422));
#1204=CARTESIAN_POINT('',(0.00134759604474351,0.0135457531722662,-3.60006944780196E-5));
#1205=CARTESIAN_POINT('',(0.0011881777203769,0.012344706349422,0.00198800012548865));
#1206=CARTESIAN_POINT('',(0.0010287593960103,0.0111436595265779,0.00401200094545533));
#1207=CARTESIAN_POINT('',(0.00086934107164369,0.00994261270373373,0.006036001765422));
#1208=CARTESIAN_POINT('',(0.000884527906047807,0.0142397472617242,-3.60006944780196E-5));
#1209=CARTESIAN_POINT('',(0.000812415850911612,0.0129419301675939,0.00198800012548865));
#1210=CARTESIAN_POINT('',(0.000740303795775417,0.0116441130734636,0.00401200094545533));
#1211=CARTESIAN_POINT('',(0.000668191740639222,0.0103462959793333,0.006036001765422));
#1212=CARTESIAN_POINT('',(0.000760602035004602,0.0144794527172288,-3.60006944780196E-5));
#1213=CARTESIAN_POINT('',(0.00071291512585956,0.0131531838203686,0.00198800012548865));
#1214=CARTESIAN_POINT('',(0.000665228216714517,0.0118269149235085,0.00401200094545533));
#1215=CARTESIAN_POINT('',(0.000617541307569474,0.0105006460266483,0.006036001765422));
#1216=CARTESIAN_POINT('',(0.000415130337131132,0.0147887155129835,-3.60006944780196E-5));
#1217=CARTESIAN_POINT('',(0.000405648766402068,0.0134499777174636,0.00198800012548865));
#1218=CARTESIAN_POINT('',(0.000396167195673005,0.0121112399219437,0.00401200094545533));
#1219=CARTESIAN_POINT('',(0.000386685624943942,0.0107725021264238,0.006036001765422));
#1220=CARTESIAN_POINT('',(0.000205848340840073,0.0148587442840436,-3.60006944780196E-5));
#1221=CARTESIAN_POINT('',(0.00020266786856604,0.0135287856077526,0.00198800012548865));
#1222=CARTESIAN_POINT('',(0.000199487396292008,0.0121988269314615,0.00401200094545533));
#1223=CARTESIAN_POINT('',(0.000196306924017975,0.0108688682551705,0.006036001765422));
#1224=CARTESIAN_POINT('',(-0.000205848340840081,0.0148587442840436,-3.60006944780196E-5));
#1225=CARTESIAN_POINT('',(-0.000202667868566049,0.0135287856077526,0.00198800012548865));
#1226=CARTESIAN_POINT('',(-0.000199487396292018,0.0121988269314615,0.00401200094545533));
#1227=CARTESIAN_POINT('',(-0.000196306924017987,0.0108688682551705,0.006036001765422));
#1228=CARTESIAN_POINT('',(-0.000415130337131153,0.0147887155129835,-3.60006944780196E-5));
#1229=CARTESIAN_POINT('',(-0.000405648766402089,0.0134499777174636,0.00198800012548865));
#1230=CARTESIAN_POINT('',(-0.000396167195673026,0.0121112399219437,0.00401200094545533));
#1231=CARTESIAN_POINT('',(-0.000386685624943963,0.0107725021264238,0.006036001765422));
#1232=CARTESIAN_POINT('',(-0.000760602035004614,0.0144794527172288,-3.60006944780196E-5));
#1233=CARTESIAN_POINT('',(-0.000712915125859571,0.0131531838203686,0.00198800012548865));
#1234=CARTESIAN_POINT('',(-0.000665228216714528,0.0118269149235085,0.00401200094545533));
#1235=CARTESIAN_POINT('',(-0.000617541307569485,0.0105006460266483,0.006036001765422));
#1236=CARTESIAN_POINT('',(-0.000884527906047818,0.0142397472617242,-3.60006944780196E-5));
#1237=CARTESIAN_POINT('',(-0.000812415850911622,0.0129419301675939,0.00198800012548865));
#1238=CARTESIAN_POINT('',(-0.000740303795775427,0.0116441130734636,0.00401200094545533));
#1239=CARTESIAN_POINT('',(-0.000668191740639231,0.0103462959793333,0.006036001765422));
#1240=CARTESIAN_POINT('',(-0.00134759604474351,0.0135457531722662,-3.60006944780196E-5));
#1241=CARTESIAN_POINT('',(-0.00118817772037691,0.012344706349422,0.00198800012548865));
#1242=CARTESIAN_POINT('',(-0.0010287593960103,0.0111436595265779,0.00401200094545533));
#1243=CARTESIAN_POINT('',(-0.000869341071643696,0.00994261270373373,0.006036001765422));
#1244=CARTESIAN_POINT('',(-0.00169022696675294,0.0130321680722114,-3.60006944780196E-5));
#1245=CARTESIAN_POINT('',(-0.00145629832948124,0.0119225749715039,0.00198800012548865));
#1246=CARTESIAN_POINT('',(-0.00122236969220954,0.0108129818707964,0.00401200094545533));
#1247=CARTESIAN_POINT('',(-0.000988441054937839,0.00970338877008887,0.006036001765422));
#1248=CARTESIAN_POINT('',(-0.00200525010127804,0.012560030571956,-3.60006944780196E-5));
#1249=CARTESIAN_POINT('',(-0.0017100833150329,0.0115199635636374,0.00198800012548865));
#1250=CARTESIAN_POINT('',(-0.00141491652878777,0.0104798965553188,0.00401200094545533));
#1251=CARTESIAN_POINT('',(-0.00111974974254263,0.00943982954700021,0.006036001765422));
#1252=CARTESIAN_POINT('',(0.00136610212950865,0.0134923778127553,0.));
#1253=CARTESIAN_POINT('',(0.002,0.0125415310070182,0.));
#1254=CARTESIAN_POINT('',(0.000732204259017307,0.0144432246184923,-2.16840434497101E-19));
#1255=CARTESIAN_POINT('',(1.89735380184964E-18,0.0139550884458141,0.));
#1256=CARTESIAN_POINT('',(-0.000732204259017303,0.0144432246184923,4.33680868994202E-19));
#1257=CARTESIAN_POINT('',(-0.00136610212950865,0.0134923778127553,0.));
#1258=CARTESIAN_POINT('',(-0.002,0.0125415310070182,0.));
#1259=CARTESIAN_POINT('',(-0.0015625,0.0109999303346395,0.003));
#1260=CARTESIAN_POINT('',(-0.001125,0.00945832966226067,0.006));
#1261=CARTESIAN_POINT('',(-0.000857660973029973,0.00999300771620073,0.006));
#1262=CARTESIAN_POINT('',(-0.000590321946059945,0.0105276857701408,0.006));
#1263=CARTESIAN_POINT('',(-2.05998412772246E-18,0.0102325247971108,0.006));
#1264=CARTESIAN_POINT('',(0.000590321946059944,0.0105276857701408,0.006));
#1265=CARTESIAN_POINT('',(0.000857660973029973,0.00999300771620073,0.006));
#1266=CARTESIAN_POINT('',(0.001125,0.00945832966226067,0.006));
#1267=CARTESIAN_POINT('',(0.0015625,0.0109999303346395,0.003));
#1268=CARTESIAN_POINT('',(0.00363962863177903,0.0121672964713914,0.));
#1269=CARTESIAN_POINT('',(0.00309022546327794,0.00900977977456212,0.006));
#1270=CARTESIAN_POINT('',(0.00337089005442087,0.0122476847994737,0.));
#1271=CARTESIAN_POINT('',(0.00277184088014364,0.00911898112803966,0.006));
#1272=CARTESIAN_POINT('',(0.00309948736883924,0.0123191663976692,0.));
#1273=CARTESIAN_POINT('',(0.00244766379647004,0.00921128983362577,0.006));
#1274=CARTESIAN_POINT('',(0.00255254435365115,0.0124440025717491,0.));
#1275=CARTESIAN_POINT('',(0.00179135999539775,0.00936108689343797,0.006));
#1276=CARTESIAN_POINT('',(0.00227700428017383,0.0124973570891738,0.));
#1277=CARTESIAN_POINT('',(0.00145923528898763,0.00941857478866905,0.006));
#1278=CARTESIAN_POINT('',(0.002,0.0125415310070182,0.));
#1279=CARTESIAN_POINT('',(0.001125,0.00945832966226067,0.006));
#1280=CARTESIAN_POINT('',(2.81892564846231E-18,5.63785129692462E-17,0.006));
#1281=CARTESIAN_POINT('',(0.00309022546327794,0.00900977977456212,0.006));
#1282=CARTESIAN_POINT('',(0.00336492704752849,0.0105885381229768,0.003));
#1283=CARTESIAN_POINT('',(0.00363962863177903,0.0121672964713914,2.16840434497101E-19));
#1284=CARTESIAN_POINT('',(-7.37257477290143E-18,-3.64291929955129E-17,0.));
#1285=CARTESIAN_POINT('',(0.00725626094160082,0.0104461511134266,-3.60006944780165E-5));
#1286=CARTESIAN_POINT('',(0.00653905669385305,0.00963715118727852,0.00198800012548866));
#1287=CARTESIAN_POINT('',(0.00582185244610528,0.0088281512611304,0.00401200094545533));
#1288=CARTESIAN_POINT('',(0.00510464819835751,0.00801915133498227,0.006036001765422));
#1289=CARTESIAN_POINT('',(0.00717728768871308,0.0110082157180423,-3.60006944780165E-5));
#1290=CARTESIAN_POINT('',(0.00648509086578642,0.0101100047100916,0.00198800012548866));
#1291=CARTESIAN_POINT('',(0.00579289404285975,0.00921179370214095,0.00401200094545533));
#1292=CARTESIAN_POINT('',(0.00510069721993309,0.00831358269419029,0.006036001765422));
#1293=CARTESIAN_POINT('',(0.00709142411836871,0.0116196018897889,-3.60006944780165E-5));
#1294=CARTESIAN_POINT('',(0.00642667848479034,0.0106066651121733,0.00198800012548866));
#1295=CARTESIAN_POINT('',(0.00576193285121198,0.00959372833455763,0.00401200094545533));
#1296=CARTESIAN_POINT('',(0.00509718721763361,0.00858079155694197,0.006036001765422));
#1297=CARTESIAN_POINT('',(0.00697532689214589,0.0124457866943824,-3.60006944780165E-5));
#1298=CARTESIAN_POINT('',(0.00634725444197578,0.0113077821444574,0.00198800012548866));
#1299=CARTESIAN_POINT('',(0.00571918199180566,0.0101697775945323,0.00401200094545533));
#1300=CARTESIAN_POINT('',(0.00509110954163555,0.00903177304460725,0.006036001765422));
#1301=CARTESIAN_POINT('',(0.00696767783972949,0.01271552326756,-3.60006944780165E-5));
#1302=CARTESIAN_POINT('',(0.00634926691113831,0.0115412868554686,0.00198800012548865));
#1303=CARTESIAN_POINT('',(0.00573085598254713,0.0103670504433771,0.00401200094545533));
#1304=CARTESIAN_POINT('',(0.00511244505395594,0.00919281403128559,0.006036001765422));
#1305=CARTESIAN_POINT('',(0.00679060269339608,0.0131440539705681,-3.60006944780165E-5));
#1306=CARTESIAN_POINT('',(0.00620120353293222,0.011942006793881,0.00198800012548865));
#1307=CARTESIAN_POINT('',(0.00561180437246835,0.0107399596171939,0.00401200094545533));
#1308=CARTESIAN_POINT('',(0.00502240521200448,0.00953791244050677,0.006036001765422));
#1309=CARTESIAN_POINT('',(0.00663243047515874,0.0132979517682314,-3.60006944780165E-5));
#1310=CARTESIAN_POINT('',(0.00605251752531362,0.0121010803604989,0.00198800012548866));
#1311=CARTESIAN_POINT('',(0.0054726045754685,0.0109042089527664,0.00401200094545533));
#1312=CARTESIAN_POINT('',(0.00489269162562338,0.00970733754503394,0.006036001765422));
#1313=CARTESIAN_POINT('',(0.00626150458194621,0.0134765802638612,-3.60006944780165E-5));
#1314=CARTESIAN_POINT('',(0.00568732264510934,0.0122769489457238,0.00198800012548866));
#1315=CARTESIAN_POINT('',(0.00511314070827247,0.0110773176275864,0.00401200094545533));
#1316=CARTESIAN_POINT('',(0.00453895877143561,0.00987768630944906,0.006036001765422));
#1317=CARTESIAN_POINT('',(0.00604256367364212,0.0135042905763593,-3.60006944780165E-5));
#1318=CARTESIAN_POINT('',(0.00547024971326964,0.0122940156009509,0.00198800012548866));
#1319=CARTESIAN_POINT('',(0.00489793575289717,0.0110837406255425,0.00401200094545533));
#1320=CARTESIAN_POINT('',(0.0043256217925247,0.00987346565013412,0.006036001765422));
#1321=CARTESIAN_POINT('',(0.00559712033092474,0.0133755489774165,-3.60006944780165E-5));
#1322=CARTESIAN_POINT('',(0.00506463824342591,0.0121599314164314,0.00198800012548866));
#1323=CARTESIAN_POINT('',(0.00453215615592708,0.0109443138554463,0.00401200094545533));
#1324=CARTESIAN_POINT('',(0.00399967406842825,0.00972869629446117,0.006036001765422));
#1325=CARTESIAN_POINT('',(0.00538146267986591,0.0132133512448421,-3.60006944780165E-5));
#1326=CARTESIAN_POINT('',(0.00488333166305214,0.0120127701986812,0.00198800012548866));
#1327=CARTESIAN_POINT('',(0.00438520064623838,0.0108121891525202,0.00401200094545533));
#1328=CARTESIAN_POINT('',(0.00388706962942461,0.00961160810635928,0.006036001765422));
#1329=CARTESIAN_POINT('',(0.00466313995272403,0.0127890019112156,-3.60006944780165E-5));
#1330=CARTESIAN_POINT('',(0.00428565621360063,0.0116377270962799,0.00198800012548866));
#1331=CARTESIAN_POINT('',(0.00390817247447723,0.0104864522813442,0.00401200094545533));
#1332=CARTESIAN_POINT('',(0.00353068873535383,0.00933517746640843,0.006036001765422));
#1333=CARTESIAN_POINT('',(0.004131603935246,0.0124749397106265,-3.60006944780165E-5));
#1334=CARTESIAN_POINT('',(0.00386093195130462,0.0113737330390236,0.00198800012548866));
#1335=CARTESIAN_POINT('',(0.00359025996736324,0.0102725263674207,0.00401200094545533));
#1336=CARTESIAN_POINT('',(0.00331958798342186,0.00917131969581775,0.006036001765422));
#1337=CARTESIAN_POINT('',(0.00364292511438144,0.0121862419370434,-3.60006944780165E-5));
#1338=CARTESIAN_POINT('',(0.00345759303712502,0.0111211058731366,0.00198800012548866));
#1339=CARTESIAN_POINT('',(0.00327226095986861,0.0100559698092297,0.00401200094545533));
#1340=CARTESIAN_POINT('',(0.00308692888261219,0.0089908337453229,0.006036001765422));
#1341=CARTESIAN_POINT('',(0.00708493882404752,0.0115634828633022,0.));
#1342=CARTESIAN_POINT('',(0.0072435041033887,0.0104317615149212,0.));
#1343=CARTESIAN_POINT('',(0.00692637354470634,0.0126952042116831,4.33680868994202E-19));
#1344=CARTESIAN_POINT('',(0.00605488595458604,0.0125731002385032,0.));
#1345=CARTESIAN_POINT('',(0.00560698706006604,0.0133305872550836,0.));
#1346=CARTESIAN_POINT('',(0.00462330784592253,0.0127489418632375,0.));
#1347=CARTESIAN_POINT('',(0.00356307771702087,0.00937551399887896,0.006));
#1348=CARTESIAN_POINT('',(0.00403592997076381,0.00974124822319579,0.006));
#1349=CARTESIAN_POINT('',(0.00443972611958357,0.00921918628223636,0.006));
#1350=CARTESIAN_POINT('',(0.00509965336164297,0.00922898603671651,0.006));
#1351=CARTESIAN_POINT('',(0.00510852938885068,0.00863126369913206,0.006));
#1352=CARTESIAN_POINT('',(0.00511740541605839,0.00803354136154762,0.006));
#1353=CARTESIAN_POINT('',(0.00618045475972354,0.00923265143823441,0.003));
#1354=CARTESIAN_POINT('',(0.00855838417591838,0.00938317964750702,0.));
#1355=CARTESIAN_POINT('',(0.00669339387442552,0.00677673250481402,0.006));
#1356=CARTESIAN_POINT('',(0.00835113827248402,0.00957220832724116,0.));
#1357=CARTESIAN_POINT('',(0.00645391996856496,0.00701326141803779,0.006));
#1358=CARTESIAN_POINT('',(0.00813762760521302,0.00975436823386992,0.));
#1359=CARTESIAN_POINT('',(0.00620189775482045,0.00723708385320777,0.006));
#1360=CARTESIAN_POINT('',(0.00769901336199881,0.010104151420818,0.));
#1361=CARTESIAN_POINT('',(0.00567558297058842,0.0076568058878082,0.006));
#1362=CARTESIAN_POINT('',(0.00747390999145522,0.0102717745373367,0.));
#1363=CARTESIAN_POINT('',(0.00540129201278853,0.00785270420116318,0.006));
#1364=CARTESIAN_POINT('',(0.0072435041033887,0.0104317615149212,0.));
#1365=CARTESIAN_POINT('',(0.00511740541605839,0.00803354136154762,0.006));
#1366=CARTESIAN_POINT('',(1.43114686768087E-17,2.55871712706579E-17,0.006));
#1367=CARTESIAN_POINT('',(0.00669339387442552,0.00677673250481402,0.006));
#1368=CARTESIAN_POINT('',(0.00762588902517195,0.00807995607616052,0.003));
#1369=CARTESIAN_POINT('',(0.00855838417591838,0.00938317964750702,2.16840434497101E-19));
#1370=CARTESIAN_POINT('',(-5.11743425413158E-17,-8.15320033709099E-17,0.));
#1371=CARTESIAN_POINT('',(0.0110700803102392,0.00626328331324714,-3.60006944780201E-5));
#1372=CARTESIAN_POINT('',(0.0100728896981881,0.00584558282637612,0.00198800012548865));
#1373=CARTESIAN_POINT('',(0.00907569908613705,0.0054278823395051,0.00401200094545532));
#1374=CARTESIAN_POINT('',(0.00807850847408596,0.00501018185263408,0.006036001765422));
#1375=CARTESIAN_POINT('',(0.0112427985602666,0.00680395123400891,-3.60006944780201E-5));
#1376=CARTESIAN_POINT('',(0.0102294316217026,0.00629502402477482,0.00198800012548865));
#1377=CARTESIAN_POINT('',(0.00921606468313851,0.00578609681554074,0.00401200094545532));
#1378=CARTESIAN_POINT('',(0.00820269774457445,0.00527716960630665,0.006036001765422));
#1379=CARTESIAN_POINT('',(0.0114307086747416,0.00739204594797368,-3.60006944780201E-5));
#1380=CARTESIAN_POINT('',(0.0103922967572519,0.00676784376724763,0.00198800012548865));
#1381=CARTESIAN_POINT('',(0.00935388483976214,0.00614364158652158,0.00401200094545532));
#1382=CARTESIAN_POINT('',(0.0083154729222724,0.00551943940579554,0.006036001765422));
#1383=CARTESIAN_POINT('',(0.0116845768404842,0.00818678543466116,-3.60006944780201E-5));
#1384=CARTESIAN_POINT('',(0.0106249414468394,0.00743398918676393,0.00198800012548865));
#1385=CARTESIAN_POINT('',(0.00956530605319469,0.00668119293886669,0.00401200094545532));
#1386=CARTESIAN_POINT('',(0.00850567065954995,0.00592839669096946,0.006036001765422));
#1387=CARTESIAN_POINT('',(0.0117947195953351,0.00843312848909202,-3.60006944780201E-5));
#1388=CARTESIAN_POINT('',(0.0107280685160176,0.00764349648424847,0.00198800012548865));
#1389=CARTESIAN_POINT('',(0.00966141743670007,0.00685386447940492,0.00401200094545532));
#1390=CARTESIAN_POINT('',(0.00859476635738256,0.00606423247456137,0.006036001765422));
#1391=CARTESIAN_POINT('',(0.0118211129049573,0.00889605133803857,-3.60006944780201E-5));
#1392=CARTESIAN_POINT('',(0.0107685338869948,0.0080687749656683,0.00198800012548865));
#1393=CARTESIAN_POINT('',(0.00971595486903233,0.00724149859329802,0.00401200094545532));
#1394=CARTESIAN_POINT('',(0.00866337585106985,0.00641422222092774,0.006036001765422));
#1395=CARTESIAN_POINT('',(0.0117453784124505,0.00910333681604536,-3.60006944780201E-5));
#1396=CARTESIAN_POINT('',(0.0107035918569167,0.0082766077378373,0.00198800012548865));
#1397=CARTESIAN_POINT('',(0.00966180530138293,0.00744987865962925,0.00401200094545532));
#1398=CARTESIAN_POINT('',(0.00862001874584913,0.00662314958142119,0.006036001765422));
#1399=CARTESIAN_POINT('',(0.0114886897299639,0.00942521424301051,-3.60006944780201E-5));
#1400=CARTESIAN_POINT('',(0.010450869158486,0.00859351197809656,0.00198800012548865));
#1401=CARTESIAN_POINT('',(0.00941304858700807,0.00776180971318262,0.00401200094545532));
#1402=CARTESIAN_POINT('',(0.00837522801553018,0.00693010744826867,0.006036001765422));
#1403=CARTESIAN_POINT('',(0.0113034538416704,0.00954517527183194,-3.60006944780201E-5));
#1404=CARTESIAN_POINT('',(0.0102626981490183,0.00870307291846321,0.00198800012548865));
#1405=CARTESIAN_POINT('',(0.00922194245636613,0.00786097056509449,0.00401200094545532));
#1406=CARTESIAN_POINT('',(0.008181186763714,0.00701886821172576,0.006036001765422));
#1407=CARTESIAN_POINT('',(0.0108462643711384,0.00962245372228375,-3.60006944780201E-5));
#1408=CARTESIAN_POINT('',(0.00983907789488905,0.00875825546369781,0.00198800012548865));
#1409=CARTESIAN_POINT('',(0.00883189141863973,0.00789405720511188,0.00401200094545532));
#1410=CARTESIAN_POINT('',(0.0078247049423904,0.00702985894652595,0.006036001765422));
#1411=CARTESIAN_POINT('',(0.0105815885827236,0.00956988896280057,-3.60006944780201E-5));
#1412=CARTESIAN_POINT('',(0.00961187545101588,0.00870433376496144,0.00198800012548865));
#1413=CARTESIAN_POINT('',(0.00864216231930812,0.00783877856712231,0.00401200094545532));
#1414=CARTESIAN_POINT('',(0.00767244918760037,0.00697322336928318,0.006036001765422));
#1415=CARTESIAN_POINT('',(0.00975028389289614,0.00949923197483343,-3.60006944780201E-5));
#1416=CARTESIAN_POINT('',(0.00891066337435037,0.00862575326436315,0.00198800012548865));
#1417=CARTESIAN_POINT('',(0.0080710428558046,0.00775227455389288,0.00401200094545532));
#1418=CARTESIAN_POINT('',(0.00723142233725883,0.00687879584342261,0.006036001765422));
#1419=CARTESIAN_POINT('',(0.0091351200070725,0.0094468965442567,-3.60006944780201E-5));
#1420=CARTESIAN_POINT('',(0.00841345730791166,0.00857218378848289,0.00198800012548865));
#1421=CARTESIAN_POINT('',(0.00769179460875082,0.00769747103270909,0.00401200094545532));
#1422=CARTESIAN_POINT('',(0.00697013190958999,0.00682275827693529,0.006036001765422));
#1423=CARTESIAN_POINT('',(0.00856957433359313,0.00939881863204988,-3.60006944780201E-5));
#1424=CARTESIAN_POINT('',(0.00794045068368456,0.00851957677304815,0.00198800012548865));
#1425=CARTESIAN_POINT('',(0.00731132703377599,0.00764033491404641,0.00401200094545532));
#1426=CARTESIAN_POINT('',(0.00668220338386741,0.00676109305504468,0.006036001765422));
#1427=CARTESIAN_POINT('',(0.0114005164934113,0.00734429831596147,0.));
#1428=CARTESIAN_POINT('',(0.0110523433833533,0.00625585371763491,0.));
#1429=CARTESIAN_POINT('',(0.0117486896034694,0.00843274291428803,-2.16840434497101E-19));
#1430=CARTESIAN_POINT('',(0.0109105274875633,0.00870085533000172,0.));
#1431=CARTESIAN_POINT('',(0.0108356458267197,0.00957766359688184,2.16840434497101E-19));
#1432=CARTESIAN_POINT('',(0.00969701500131906,0.00948042162219443,0.));
#1433=CARTESIAN_POINT('',(0.00727810516693525,0.00690108475094578,0.006));
#1434=CARTESIAN_POINT('',(0.00786281645944497,0.00702543699707754,0.006));
#1435=CARTESIAN_POINT('',(0.00800011003151602,0.00637987485826519,0.006));
#1436=CARTESIAN_POINT('',(0.00859893588580853,0.00610237243263462,0.006));
#1437=CARTESIAN_POINT('',(0.0083475909072081,0.00555999205094779,0.006));
#1438=CARTESIAN_POINT('',(0.00809624592860767,0.00501761166926095,0.006));
#1439=CARTESIAN_POINT('',(0.00957429465598049,0.00563673269344793,0.003));
#1440=CARTESIAN_POINT('',(0.0117820467723233,0.00474060901728741,0.));
#1441=CARTESIAN_POINT('',(0.00897085353965436,0.0032014702513175,0.006));
#1442=CARTESIAN_POINT('',(0.0116773411356921,0.00500083860036745,0.));
#1443=CARTESIAN_POINT('',(0.00885772105507793,0.00351847927218677,0.006));
#1444=CARTESIAN_POINT('',(0.0115640108929213,0.005257597811877,0.));
#1445=CARTESIAN_POINT('',(0.00872776980154423,0.00382948465865319,0.006));
#1446=CARTESIAN_POINT('',(0.0113205983518002,0.00576304916170896,0.));
#1447=CARTESIAN_POINT('',(0.00843568713199686,0.00443600057153629,0.006));
#1448=CARTESIAN_POINT('',(0.0111905161674382,0.00601174106333245,0.));
#1449=CARTESIAN_POINT('',(0.0082735566109573,0.00473150923952006,0.006));
#1450=CARTESIAN_POINT('',(0.0110523433833533,0.00625585371763491,0.));
#1451=CARTESIAN_POINT('',(0.00809624592860767,0.00501761166926095,0.006));
#1452=CARTESIAN_POINT('',(7.28583859910259E-17,4.46691295064028E-17,0.006));
#1453=CARTESIAN_POINT('',(0.00897085353965436,0.0032014702513175,0.006));
#1454=CARTESIAN_POINT('',(0.0103764501559888,0.00397103963430246,0.003));
#1455=CARTESIAN_POINT('',(0.0117820467723233,0.00474060901728741,4.33680868994202E-19));
#1456=CARTESIAN_POINT('',(-1.89084858881472E-16,-9.62771529167128E-17,0.));
#1457=CARTESIAN_POINT('',(0.0126913345078094,0.000839895438750114,-3.60006944780101E-5));
#1458=CARTESIAN_POINT('',(0.0116116633619119,0.0008962250953413,0.00198800012548866));
#1459=CARTESIAN_POINT('',(0.0105319922160145,0.000952554751932487,0.00401200094545532));
#1460=CARTESIAN_POINT('',(0.00945232107011714,0.00100888440852367,0.00603600176542199));
#1461=CARTESIAN_POINT('',(0.0130815352930837,0.00125208076309426,-3.60006944780101E-5));
#1462=CARTESIAN_POINT('',(0.0119477079891947,0.00123323662794819,0.00198800012548866));
#1463=CARTESIAN_POINT('',(0.0108138806853058,0.00121439249280211,0.00401200094545532));
#1464=CARTESIAN_POINT('',(0.00968005338141683,0.00119554835765603,0.00603600176542199));
#1465=CARTESIAN_POINT('',(0.0135060011896399,0.00170040464866808,-3.60006944780101E-5));
#1466=CARTESIAN_POINT('',(0.0122995932037841,0.0015885679620618,0.00198800012548866));
#1467=CARTESIAN_POINT('',(0.0110931852179282,0.00147673127545552,0.00401200094545532));
#1468=CARTESIAN_POINT('',(0.00988677723207233,0.00136489458884924,0.00603600176542199));
#1469=CARTESIAN_POINT('',(0.0140795530436338,0.00230629091527096,-3.60006944780101E-5));
#1470=CARTESIAN_POINT('',(0.012798228491801,0.00208780349873769,0.00198800012548866));
#1471=CARTESIAN_POINT('',(0.0115169039399683,0.00186931608220442,0.00401200094545532));
#1472=CARTESIAN_POINT('',(0.0102355793881355,0.00165082866567114,0.00603600176542199));
#1473=CARTESIAN_POINT('',(0.0142856724823416,0.00248044918782573,-3.60006944780101E-5));
#1474=CARTESIAN_POINT('',(0.0129820445801736,0.00223181789299038,0.00198800012548866));
#1475=CARTESIAN_POINT('',(0.0116784166780056,0.00198318659815503,0.00401200094545532));
#1476=CARTESIAN_POINT('',(0.0103747887758376,0.00173455530331968,0.00603600176542199));
#1477=CARTESIAN_POINT('',(0.0145103067292559,0.00288607663510069,-3.60006944780101E-5));
#1478=CARTESIAN_POINT('',(0.0132030240373368,0.00259742329847408,0.00198800012548866));
#1479=CARTESIAN_POINT('',(0.0118957413454177,0.00230876996184747,0.00401200094545532));
#1480=CARTESIAN_POINT('',(0.0105884586534986,0.00202011662522086,0.00603600176542199));
#1481=CARTESIAN_POINT('',(0.0145320101075434,0.0031056943623421,-3.60006944780101E-5));
#1482=CARTESIAN_POINT('',(0.013234688550318,0.0028128514467644,0.00198800012548866));
#1483=CARTESIAN_POINT('',(0.0119373669930926,0.00252000853118669,0.00401200094545532));
#1484=CARTESIAN_POINT('',(0.0106400454358673,0.00222716561560898,0.00603600176542199));
#1485=CARTESIAN_POINT('',(0.0144403989774291,0.00350706894866472,-3.60006944780101E-5));
#1486=CARTESIAN_POINT('',(0.0131444928635254,0.00320802457069926,0.00198800012548866));
#1487=CARTESIAN_POINT('',(0.0118485867496217,0.0029089801927338,0.00401200094545532));
#1488=CARTESIAN_POINT('',(0.0105526806357181,0.00260993581476835,0.00603600176542199));
#1489=CARTESIAN_POINT('',(0.0143255563485919,0.0036955209408259,-3.60006944780101E-5));
#1490=CARTESIAN_POINT('',(0.0130224933526208,0.00338837990828911,0.00198800012548866));
#1491=CARTESIAN_POINT('',(0.0117194303566497,0.00308123887575232,0.00401200094545532));
#1492=CARTESIAN_POINT('',(0.0104163673606786,0.00277409784321553,0.00603600176542199));
#1493=CARTESIAN_POINT('',(0.013947172731945,0.00396351349580233,-3.60006944780101E-5));
#1494=CARTESIAN_POINT('',(0.0126647675008979,0.00362189960342461,0.00198800012548866));
#1495=CARTESIAN_POINT('',(0.0113823622698508,0.0032802857110469,0.00401200094545532));
#1496=CARTESIAN_POINT('',(0.0100999570388037,0.00293867181866918,0.00603600176542199));
#1497=CARTESIAN_POINT('',(0.0136859010921054,0.00403099280469048,-3.60006944780101E-5));
#1498=CARTESIAN_POINT('',(0.0124366694239895,0.00367189727744307,0.00198800012548866));
#1499=CARTESIAN_POINT('',(0.0111874377558736,0.00331280175019565,0.00401200094545532));
#1500=CARTESIAN_POINT('',(0.00993820608775765,0.00295370622294824,0.00603600176542199));
#1501=CARTESIAN_POINT('',(0.0129062645286956,0.00432802264540064,-3.60006944780101E-5));
#1502=CARTESIAN_POINT('',(0.0117708043716954,0.00390534321051784,0.00198800012548866));
#1503=CARTESIAN_POINT('',(0.0106353442146951,0.00348266377563504,0.00401200094545532));
#1504=CARTESIAN_POINT('',(0.00949988405769487,0.00305998434075224,0.00603600176542199));
#1505=CARTESIAN_POINT('',(0.0123293135266037,0.00454777965871399,-3.60006944780101E-5));
#1506=CARTESIAN_POINT('',(0.0112995942604044,0.00407280840769824,0.00198800012548866));
#1507=CARTESIAN_POINT('',(0.0102698749942051,0.00359783715668248,0.00401200094545532));
#1508=CARTESIAN_POINT('',(0.00924015572800577,0.00312286590566673,0.00603600176542199));
#1509=CARTESIAN_POINT('',(0.0117989142571046,0.0047498440280329,-3.60006944780101E-5));
#1510=CARTESIAN_POINT('',(0.0108506046891035,0.0042306410073053,0.00198800012548866));
#1511=CARTESIAN_POINT('',(0.00990229512110239,0.00371143798657771,0.00401200094545532));
#1512=CARTESIAN_POINT('',(0.00895398555310129,0.00319223496585011,0.00603600176542199));
#1513=CARTESIAN_POINT('',(0.0134580820530958,0.00167048541523672,0.));
#1514=CARTESIAN_POINT('',(0.0126721305081485,0.000840897368560116,0.));
#1515=CARTESIAN_POINT('',(0.0142440335980431,0.00250007346191334,-2.16840434497101E-19));
#1516=CARTESIAN_POINT('',(0.0136052052427902,0.0031052993144055,0.));
#1517=CARTESIAN_POINT('',(0.0139181720469165,0.0039277662009821,2.16840434497101E-19));
#1518=CARTESIAN_POINT('',(0.0128501094096199,0.00433418760913475,0.));
#1519=CARTESIAN_POINT('',(0.00955161462843592,0.00305981103183757,0.006));
#1520=CARTESIAN_POINT('',(0.0101323757172175,0.00291815181235765,0.006));
#1521=CARTESIAN_POINT('',(0.00997597403679598,0.00227695097458423,0.006));
#1522=CARTESIAN_POINT('',(0.0103950936987618,0.00176710912758298,0.006));
#1523=CARTESIAN_POINT('',(0.00993330966990894,0.00138749578824569,0.006));
#1524=CARTESIAN_POINT('',(0.00947152564105606,0.0010078824489084,0.006));
#1525=CARTESIAN_POINT('',(0.0110718280746023,0.000924389908734258,0.003));
#1526=CARTESIAN_POINT('',(0.0126721305081485,-0.000840897368560137,0.));
#1527=CARTESIAN_POINT('',(0.00947152564105606,-0.0010078824489084,0.006));
#1528=CARTESIAN_POINT('',(0.0126907033737857,-0.000561008542569601,0.));
#1529=CARTESIAN_POINT('',(0.00950714185381301,-0.000673180844837273,0.006));
#1530=CARTESIAN_POINT('',(0.0127,-0.000280504336963793,0.));
#1531=CARTESIAN_POINT('',(0.009525,-0.000336590938094869,0.006));
#1532=CARTESIAN_POINT('',(0.0127,0.000280504336963778,0.));
#1533=CARTESIAN_POINT('',(0.009525,0.000336590938094867,0.006));
#1534=CARTESIAN_POINT('',(0.0126907033737857,0.000561008542569572,0.));
#1535=CARTESIAN_POINT('',(0.00950714185381301,0.000673180844837266,0.006));
#1536=CARTESIAN_POINT('',(0.0126721305081485,0.000840897368560118,0.));
#1537=CARTESIAN_POINT('',(0.00947152564105606,0.0010078824489084,0.006));
#1538=CARTESIAN_POINT('',(3.08780778723872E-16,-1.19262238973405E-18,0.006));
#1539=CARTESIAN_POINT('',(0.00947152564105606,-0.0010078824489084,0.006));
#1540=CARTESIAN_POINT('',(0.0110718280746023,-0.000924389908734268,0.003));
#1541=CARTESIAN_POINT('',(0.0126721305081485,-0.00084089736856013,0.));
#1542=CARTESIAN_POINT('',(1.56125112837912E-16,-7.53520509877426E-18,0.));
#1543=CARTESIAN_POINT('',(0.0117989142571046,-0.00474984402803292,-3.60006944780073E-5));
#1544=CARTESIAN_POINT('',(0.0108506046891035,-0.00423064100730532,0.00198800012548866));
#1545=CARTESIAN_POINT('',(0.00990229512110238,-0.00371143798657772,0.00401200094545533));
#1546=CARTESIAN_POINT('',(0.00895398555310127,-0.00319223496585012,0.006036001765422));
#1547=CARTESIAN_POINT('',(0.0123293135266037,-0.00454777965871401,-3.60006944780073E-5));
#1548=CARTESIAN_POINT('',(0.0112995942604044,-0.00407280840769825,0.00198800012548866));
#1549=CARTESIAN_POINT('',(0.0102698749942051,-0.00359783715668249,0.00401200094545533));
#1550=CARTESIAN_POINT('',(0.00924015572800576,-0.00312286590566673,0.006036001765422));
#1551=CARTESIAN_POINT('',(0.0129062645286956,-0.00432802264540065,-3.60006944780073E-5));
#1552=CARTESIAN_POINT('',(0.0117708043716954,-0.00390534321051785,0.00198800012548866));
#1553=CARTESIAN_POINT('',(0.0106353442146951,-0.00348266377563505,0.00401200094545533));
#1554=CARTESIAN_POINT('',(0.00949988405769487,-0.00305998434075224,0.006036001765422));
#1555=CARTESIAN_POINT('',(0.0136859010921054,-0.00403099280469049,-3.60006944780073E-5));
#1556=CARTESIAN_POINT('',(0.0124366694239895,-0.00367189727744308,0.00198800012548866));
#1557=CARTESIAN_POINT('',(0.0111874377558736,-0.00331280175019566,0.00401200094545533));
#1558=CARTESIAN_POINT('',(0.00993820608775765,-0.00295370622294824,0.006036001765422));
#1559=CARTESIAN_POINT('',(0.013947172731945,-0.00396351349580234,-3.60006944780073E-5));
#1560=CARTESIAN_POINT('',(0.0126647675008979,-0.00362189960342462,0.00198800012548866));
#1561=CARTESIAN_POINT('',(0.0113823622698508,-0.0032802857110469,0.00401200094545533));
#1562=CARTESIAN_POINT('',(0.0100999570388037,-0.00293867181866919,0.006036001765422));
#1563=CARTESIAN_POINT('',(0.0143255563485919,-0.00369552094082591,-3.60006944780073E-5));
#1564=CARTESIAN_POINT('',(0.0130224933526208,-0.00338837990828912,0.00198800012548866));
#1565=CARTESIAN_POINT('',(0.0117194303566497,-0.00308123887575233,0.00401200094545533));
#1566=CARTESIAN_POINT('',(0.0104163673606786,-0.00277409784321554,0.006036001765422));
#1567=CARTESIAN_POINT('',(0.0144403989774292,-0.00350706894866474,-3.60006944780073E-5));
#1568=CARTESIAN_POINT('',(0.0131444928635255,-0.00320802457069928,0.00198800012548866));
#1569=CARTESIAN_POINT('',(0.0118485867496218,-0.00290898019273382,0.00401200094545533));
#1570=CARTESIAN_POINT('',(0.0105526806357181,-0.00260993581476837,0.006036001765422));
#1571=CARTESIAN_POINT('',(0.0145320101075433,-0.00310569436234213,-3.60006944780073E-5));
#1572=CARTESIAN_POINT('',(0.0132346885503179,-0.00281285144676441,0.00198800012548866));
#1573=CARTESIAN_POINT('',(0.0119373669930926,-0.0025200085311867,0.00401200094545533));
#1574=CARTESIAN_POINT('',(0.0106400454358673,-0.00222716561560898,0.006036001765422));
#1575=CARTESIAN_POINT('',(0.0145103067292559,-0.00288607663510071,-3.60006944780073E-5));
#1576=CARTESIAN_POINT('',(0.0132030240373368,-0.0025974232984741,0.00198800012548866));
#1577=CARTESIAN_POINT('',(0.0118957413454177,-0.00230876996184748,0.00401200094545533));
#1578=CARTESIAN_POINT('',(0.0105884586534986,-0.00202011662522087,0.006036001765422));
#1579=CARTESIAN_POINT('',(0.0142856724823416,-0.00248044918782578,-3.60006944780073E-5));
#1580=CARTESIAN_POINT('',(0.0129820445801736,-0.00223181789299042,0.00198800012548866));
#1581=CARTESIAN_POINT('',(0.0116784166780056,-0.00198318659815506,0.00401200094545533));
#1582=CARTESIAN_POINT('',(0.0103747887758376,-0.0017345553033197,0.006036001765422));
#1583=CARTESIAN_POINT('',(0.0140795530436338,-0.00230629091527099,-3.60006944780073E-5));
#1584=CARTESIAN_POINT('',(0.012798228491801,-0.00208780349873771,0.00198800012548866));
#1585=CARTESIAN_POINT('',(0.0115169039399683,-0.00186931608220444,0.00401200094545533));
#1586=CARTESIAN_POINT('',(0.0102355793881355,-0.00165082866567116,0.006036001765422));
#1587=CARTESIAN_POINT('',(0.0135060011896399,-0.0017004046486681,-3.60006944780073E-5));
#1588=CARTESIAN_POINT('',(0.0122995932037841,-0.00158856796206182,0.00198800012548866));
#1589=CARTESIAN_POINT('',(0.0110931852179282,-0.00147673127545554,0.00401200094545533));
#1590=CARTESIAN_POINT('',(0.00988677723207235,-0.00136489458884925,0.006036001765422));
#1591=CARTESIAN_POINT('',(0.0130815352930837,-0.00125208076309428,-3.60006944780073E-5));
#1592=CARTESIAN_POINT('',(0.0119477079891947,-0.0012332366279482,0.00198800012548866));
#1593=CARTESIAN_POINT('',(0.0108138806853058,-0.00121439249280212,0.00401200094545533));
#1594=CARTESIAN_POINT('',(0.00968005338141682,-0.00119554835765604,0.006036001765422));
#1595=CARTESIAN_POINT('',(0.0126913345078094,-0.000839895438750131,-3.60006944780073E-5));
#1596=CARTESIAN_POINT('',(0.0116116633619119,-0.000896225095341315,0.00198800012548866));
#1597=CARTESIAN_POINT('',(0.0105319922160145,-0.000952554751932497,0.00401200094545533));
#1598=CARTESIAN_POINT('',(0.00945232107011713,-0.00100888440852368,0.006036001765422));
#1599=CARTESIAN_POINT('',(0.0128501094096199,-0.00433418760913478,0.));
#1600=CARTESIAN_POINT('',(0.0117820467723233,-0.00474060901728743,2.16840434497101E-19));
#1601=CARTESIAN_POINT('',(0.0139181720469165,-0.00392776620098212,2.16840434497101E-19));
#1602=CARTESIAN_POINT('',(0.0136052052427902,-0.00310529931440553,0.));
#1603=CARTESIAN_POINT('',(0.0142440335980431,-0.00250007346191336,0.));
#1604=CARTESIAN_POINT('',(0.0134580820530958,-0.00167048541523675,0.));
#1605=CARTESIAN_POINT('',(0.00993330966990894,-0.0013874957882457,0.006));
#1606=CARTESIAN_POINT('',(0.0103950936987618,-0.00176710912758299,0.006));
#1607=CARTESIAN_POINT('',(0.00997597403679598,-0.00227695097458424,0.006));
#1608=CARTESIAN_POINT('',(0.0101323757172175,-0.00291815181235766,0.006));
#1609=CARTESIAN_POINT('',(0.00955161462843591,-0.00305981103183759,0.006));
#1610=CARTESIAN_POINT('',(0.00897085353965435,-0.00320147025131751,0.006));
#1611=CARTESIAN_POINT('',(0.0103764501559888,-0.00397103963430247,0.003));
#1612=CARTESIAN_POINT('',(0.0110523433833533,-0.00625585371763491,0.));
#1613=CARTESIAN_POINT('',(0.00809624592860767,-0.00501761166926095,0.006));
#1614=CARTESIAN_POINT('',(0.0111905161674382,-0.00601174106333245,0.));
#1615=CARTESIAN_POINT('',(0.0082735566109573,-0.00473150923952006,0.006));
#1616=CARTESIAN_POINT('',(0.0113205983518002,-0.00576304916170897,0.));
#1617=CARTESIAN_POINT('',(0.00843568713199686,-0.00443600057153629,0.006));
#1618=CARTESIAN_POINT('',(0.0115640108929213,-0.00525759781187702,0.));
#1619=CARTESIAN_POINT('',(0.00872776980154424,-0.00382948465865319,0.006));
#1620=CARTESIAN_POINT('',(0.0116773411356921,-0.0050008386003675,0.));
#1621=CARTESIAN_POINT('',(0.00885772105507793,-0.00351847927218679,0.006));
#1622=CARTESIAN_POINT('',(0.0117820467723233,-0.00474060901728743,0.));
#1623=CARTESIAN_POINT('',(0.00897085353965435,-0.00320147025131751,0.006));
#1624=CARTESIAN_POINT('',(1.79543879763599E-16,-9.32413868337534E-17,0.006));
#1625=CARTESIAN_POINT('',(0.00809624592860767,-0.00501761166926095,0.006));
#1626=CARTESIAN_POINT('',(0.00957429465598049,-0.00563673269344793,0.003));
#1627=CARTESIAN_POINT('',(0.0110523433833533,-0.00625585371763491,0.));
#1628=CARTESIAN_POINT('',(-1.30971622436249E-16,7.19910242530375E-17,0.));
#1629=CARTESIAN_POINT('',(0.00856957433359312,-0.00939881863204989,-3.60006944780026E-5));
#1630=CARTESIAN_POINT('',(0.00794045068368455,-0.00851957677304815,0.00198800012548866));
#1631=CARTESIAN_POINT('',(0.00731132703377598,-0.00764033491404641,0.00401200094545533));
#1632=CARTESIAN_POINT('',(0.00668220338386741,-0.00676109305504468,0.00603600176542199));
#1633=CARTESIAN_POINT('',(0.00913512000707248,-0.0094468965442567,-3.60006944780026E-5));
#1634=CARTESIAN_POINT('',(0.00841345730791165,-0.00857218378848289,0.00198800012548866));
#1635=CARTESIAN_POINT('',(0.00769179460875082,-0.00769747103270909,0.00401200094545533));
#1636=CARTESIAN_POINT('',(0.00697013190958998,-0.00682275827693529,0.00603600176542199));
#1637=CARTESIAN_POINT('',(0.00975028389289613,-0.00949923197483343,-3.60006944780026E-5));
#1638=CARTESIAN_POINT('',(0.00891066337435036,-0.00862575326436316,0.00198800012548866));
#1639=CARTESIAN_POINT('',(0.00807104285580459,-0.00775227455389288,0.00401200094545533));
#1640=CARTESIAN_POINT('',(0.00723142233725883,-0.00687879584342261,0.00603600176542199));
#1641=CARTESIAN_POINT('',(0.0105815885827236,-0.00956988896280057,-3.60006944780026E-5));
#1642=CARTESIAN_POINT('',(0.00961187545101586,-0.00870433376496144,0.00198800012548866));
#1643=CARTESIAN_POINT('',(0.00864216231930811,-0.00783877856712231,0.00401200094545533));
#1644=CARTESIAN_POINT('',(0.00767244918760037,-0.00697322336928318,0.00603600176542199));
#1645=CARTESIAN_POINT('',(0.0108462643711384,-0.00962245372228374,-3.60006944780026E-5));
#1646=CARTESIAN_POINT('',(0.00983907789488905,-0.00875825546369781,0.00198800012548866));
#1647=CARTESIAN_POINT('',(0.00883189141863973,-0.00789405720511189,0.00401200094545533));
#1648=CARTESIAN_POINT('',(0.00782470494239041,-0.00702985894652595,0.00603600176542199));
#1649=CARTESIAN_POINT('',(0.0113034538416704,-0.00954517527183194,-3.60006944780026E-5));
#1650=CARTESIAN_POINT('',(0.0102626981490182,-0.00870307291846321,0.00198800012548866));
#1651=CARTESIAN_POINT('',(0.00922194245636611,-0.00786097056509448,0.00401200094545533));
#1652=CARTESIAN_POINT('',(0.00818118676371399,-0.00701886821172576,0.00603600176542199));
#1653=CARTESIAN_POINT('',(0.0114886897299638,-0.00942521424301051,-3.60006944780026E-5));
#1654=CARTESIAN_POINT('',(0.010450869158486,-0.00859351197809657,0.00198800012548866));
#1655=CARTESIAN_POINT('',(0.00941304858700808,-0.00776180971318262,0.00401200094545533));
#1656=CARTESIAN_POINT('',(0.00837522801553021,-0.00693010744826867,0.00603600176542199));
#1657=CARTESIAN_POINT('',(0.0117453784124505,-0.00910333681604537,-3.60006944780026E-5));
#1658=CARTESIAN_POINT('',(0.0107035918569167,-0.00827660773783731,0.00198800012548866));
#1659=CARTESIAN_POINT('',(0.00966180530138289,-0.00744987865962925,0.00401200094545533));
#1660=CARTESIAN_POINT('',(0.0086200187458491,-0.00662314958142119,0.00603600176542199));
#1661=CARTESIAN_POINT('',(0.0118211129049572,-0.00889605133803856,-3.60006944780026E-5));
#1662=CARTESIAN_POINT('',(0.0107685338869948,-0.0080687749656683,0.00198800012548866));
#1663=CARTESIAN_POINT('',(0.0097159548690323,-0.00724149859329804,0.00401200094545533));
#1664=CARTESIAN_POINT('',(0.00866337585106984,-0.00641422222092777,0.00603600176542199));
#1665=CARTESIAN_POINT('',(0.0117947195953351,-0.00843312848909205,-3.60006944780026E-5));
#1666=CARTESIAN_POINT('',(0.0107280685160176,-0.00764349648424849,0.00198800012548866));
#1667=CARTESIAN_POINT('',(0.00966141743670009,-0.00685386447940492,0.00401200094545533));
#1668=CARTESIAN_POINT('',(0.00859476635738256,-0.00606423247456136,0.00603600176542199));
#1669=CARTESIAN_POINT('',(0.0116845768404842,-0.00818678543466117,-3.60006944780026E-5));
#1670=CARTESIAN_POINT('',(0.0106249414468394,-0.00743398918676394,0.00198800012548866));
#1671=CARTESIAN_POINT('',(0.00956530605319469,-0.0066811929388667,0.00401200094545533));
#1672=CARTESIAN_POINT('',(0.00850567065954995,-0.00592839669096947,0.00603600176542199));
#1673=CARTESIAN_POINT('',(0.0114307086747416,-0.00739204594797368,-3.60006944780026E-5));
#1674=CARTESIAN_POINT('',(0.0103922967572519,-0.00676784376724764,0.00198800012548866));
#1675=CARTESIAN_POINT('',(0.00935388483976214,-0.00614364158652159,0.00401200094545533));
#1676=CARTESIAN_POINT('',(0.0083154729222724,-0.00551943940579554,0.00603600176542199));
#1677=CARTESIAN_POINT('',(0.0112427985602666,-0.00680395123400891,-3.60006944780026E-5));
#1678=CARTESIAN_POINT('',(0.0102294316217026,-0.00629502402477482,0.00198800012548866));
#1679=CARTESIAN_POINT('',(0.00921606468313851,-0.00578609681554074,0.00401200094545533));
#1680=CARTESIAN_POINT('',(0.00820269774457444,-0.00527716960630666,0.00603600176542199));
#1681=CARTESIAN_POINT('',(0.0110700803102392,-0.00626328331324713,-3.60006944780026E-5));
#1682=CARTESIAN_POINT('',(0.0100728896981881,-0.00584558282637611,0.00198800012548866));
#1683=CARTESIAN_POINT('',(0.00907569908613704,-0.0054278823395051,0.00401200094545533));
#1684=CARTESIAN_POINT('',(0.00807850847408595,-0.00501018185263408,0.00603600176542199));
#1685=CARTESIAN_POINT('',(0.00969701500131906,-0.00948042162219444,0.));
#1686=CARTESIAN_POINT('',(0.00855838417591837,-0.00938317964750703,2.16840434497101E-19));
#1687=CARTESIAN_POINT('',(0.0108356458267197,-0.00957766359688185,4.33680868994202E-19));
#1688=CARTESIAN_POINT('',(0.0109105274875633,-0.00870085533000173,0.));
#1689=CARTESIAN_POINT('',(0.0117486896034694,-0.00843274291428804,0.));
#1690=CARTESIAN_POINT('',(0.0114005164934113,-0.00734429831596147,0.));
#1691=CARTESIAN_POINT('',(0.0083475909072081,-0.00555999205094779,0.006));
#1692=CARTESIAN_POINT('',(0.00859893588580852,-0.00610237243263463,0.006));
#1693=CARTESIAN_POINT('',(0.00800011003151602,-0.0063798748582652,0.006));
#1694=CARTESIAN_POINT('',(0.00786281645944497,-0.00702543699707755,0.006));
#1695=CARTESIAN_POINT('',(0.00727810516693525,-0.00690108475094578,0.006));
#1696=CARTESIAN_POINT('',(0.00669339387442552,-0.00677673250481402,0.006));
#1697=CARTESIAN_POINT('',(0.00762588902517194,-0.00807995607616053,0.003));
#1698=CARTESIAN_POINT('',(0.00724350410338871,-0.0104317615149212,0.));
#1699=CARTESIAN_POINT('',(0.00511740541605838,-0.00803354136154762,0.006));
#1700=CARTESIAN_POINT('',(0.00747390999145523,-0.0102717745373367,0.));
#1701=CARTESIAN_POINT('',(0.00540129201278853,-0.00785270420116318,0.006));
#1702=CARTESIAN_POINT('',(0.00769901336199881,-0.010104151420818,0.));
#1703=CARTESIAN_POINT('',(0.00567558297058842,-0.0076568058878082,0.006));
#1704=CARTESIAN_POINT('',(0.00813762760521302,-0.00975436823386992,0.));
#1705=CARTESIAN_POINT('',(0.00620189775482044,-0.00723708385320778,0.006));
#1706=CARTESIAN_POINT('',(0.00835113827248401,-0.00957220832724117,0.));
#1707=CARTESIAN_POINT('',(0.00645391996856496,-0.00701326141803779,0.006));
#1708=CARTESIAN_POINT('',(0.00855838417591837,-0.00938317964750703,0.));
#1709=CARTESIAN_POINT('',(0.00669339387442552,-0.00677673250481402,0.006));
#1710=CARTESIAN_POINT('',(1.34441069388203E-17,-3.20923843055709E-17,0.006));
#1711=CARTESIAN_POINT('',(0.00511740541605839,-0.00803354136154762,0.006));
#1712=CARTESIAN_POINT('',(0.00618045475972355,-0.00923265143823441,0.003));
#1713=CARTESIAN_POINT('',(0.00724350410338871,-0.0104317615149212,2.16840434497101E-19));
#1714=CARTESIAN_POINT('',(-1.06685493772574E-16,1.36175792864179E-16,0.));
#1715=CARTESIAN_POINT('',(0.00364292511438143,-0.0121862419370434,-3.60006944780112E-5));
#1716=CARTESIAN_POINT('',(0.00345759303712502,-0.0111211058731366,0.00198800012548866));
#1717=CARTESIAN_POINT('',(0.00327226095986861,-0.0100559698092297,0.00401200094545533));
#1718=CARTESIAN_POINT('',(0.0030869288826122,-0.0089908337453229,0.006036001765422));
#1719=CARTESIAN_POINT('',(0.004131603935246,-0.0124749397106265,-3.60006944780112E-5));
#1720=CARTESIAN_POINT('',(0.00386093195130462,-0.0113737330390236,0.00198800012548866));
#1721=CARTESIAN_POINT('',(0.00359025996736324,-0.0102725263674206,0.00401200094545533));
#1722=CARTESIAN_POINT('',(0.00331958798342186,-0.00917131969581774,0.006036001765422));
#1723=CARTESIAN_POINT('',(0.00466313995272403,-0.0127890019112156,-3.60006944780112E-5));
#1724=CARTESIAN_POINT('',(0.00428565621360063,-0.0116377270962799,0.00198800012548866));
#1725=CARTESIAN_POINT('',(0.00390817247447723,-0.0104864522813441,0.00401200094545533));
#1726=CARTESIAN_POINT('',(0.00353068873535383,-0.00933517746640842,0.006036001765422));
#1727=CARTESIAN_POINT('',(0.0053814626798659,-0.0132133512448421,-3.60006944780112E-5));
#1728=CARTESIAN_POINT('',(0.00488333166305214,-0.0120127701986811,0.00198800012548866));
#1729=CARTESIAN_POINT('',(0.00438520064623837,-0.0108121891525202,0.00401200094545533));
#1730=CARTESIAN_POINT('',(0.00388706962942461,-0.00961160810635927,0.006036001765422));
#1731=CARTESIAN_POINT('',(0.00559712033092475,-0.0133755489774165,-3.60006944780112E-5));
#1732=CARTESIAN_POINT('',(0.00506463824342591,-0.0121599314164314,0.00198800012548866));
#1733=CARTESIAN_POINT('',(0.00453215615592708,-0.0109443138554462,0.00401200094545533));
#1734=CARTESIAN_POINT('',(0.00399967406842824,-0.00972869629446114,0.006036001765422));
#1735=CARTESIAN_POINT('',(0.00604256367364209,-0.0135042905763593,-3.60006944780112E-5));
#1736=CARTESIAN_POINT('',(0.00547024971326963,-0.0122940156009509,0.00198800012548866));
#1737=CARTESIAN_POINT('',(0.00489793575289717,-0.0110837406255425,0.00401200094545533));
#1738=CARTESIAN_POINT('',(0.00432562179252471,-0.00987346565013415,0.006036001765422));
#1739=CARTESIAN_POINT('',(0.00626150458194617,-0.0134765802638612,-3.60006944780112E-5));
#1740=CARTESIAN_POINT('',(0.00568732264510932,-0.0122769489457238,0.00198800012548866));
#1741=CARTESIAN_POINT('',(0.00511314070827246,-0.0110773176275865,0.00401200094545533));
#1742=CARTESIAN_POINT('',(0.00453895877143561,-0.00987768630944907,0.006036001765422));
#1743=CARTESIAN_POINT('',(0.00663243047515878,-0.0132979517682314,-3.60006944780112E-5));
#1744=CARTESIAN_POINT('',(0.00605251752531365,-0.0121010803604989,0.00198800012548866));
#1745=CARTESIAN_POINT('',(0.00547260457546852,-0.0109042089527664,0.00401200094545533));
#1746=CARTESIAN_POINT('',(0.00489269162562338,-0.00970733754503391,0.006036001765422));
#1747=CARTESIAN_POINT('',(0.0067906026933961,-0.0131440539705681,-3.60006944780112E-5));
#1748=CARTESIAN_POINT('',(0.00620120353293222,-0.011942006793881,0.00198800012548866));
#1749=CARTESIAN_POINT('',(0.00561180437246834,-0.0107399596171939,0.00401200094545533));
#1750=CARTESIAN_POINT('',(0.00502240521200446,-0.00953791244050676,0.006036001765422));
#1751=CARTESIAN_POINT('',(0.0069676778397295,-0.01271552326756,-3.60006944780112E-5));
#1752=CARTESIAN_POINT('',(0.00634926691113832,-0.0115412868554685,0.00198800012548866));
#1753=CARTESIAN_POINT('',(0.00573085598254715,-0.0103670504433771,0.00401200094545533));
#1754=CARTESIAN_POINT('',(0.00511244505395597,-0.00919281403128558,0.006036001765422));
#1755=CARTESIAN_POINT('',(0.00697532689214589,-0.0124457866943824,-3.60006944780112E-5));
#1756=CARTESIAN_POINT('',(0.00634725444197578,-0.0113077821444573,0.00198800012548866));
#1757=CARTESIAN_POINT('',(0.00571918199180566,-0.0101697775945323,0.00401200094545533));
#1758=CARTESIAN_POINT('',(0.00509110954163555,-0.00903177304460724,0.006036001765422));
#1759=CARTESIAN_POINT('',(0.00709142411836871,-0.0116196018897889,-3.60006944780112E-5));
#1760=CARTESIAN_POINT('',(0.00642667848479034,-0.0106066651121733,0.00198800012548866));
#1761=CARTESIAN_POINT('',(0.00576193285121198,-0.00959372833455762,0.00401200094545533));
#1762=CARTESIAN_POINT('',(0.00509718721763362,-0.00858079155694197,0.006036001765422));
#1763=CARTESIAN_POINT('',(0.00717728768871308,-0.0110082157180423,-3.60006944780112E-5));
#1764=CARTESIAN_POINT('',(0.00648509086578642,-0.0101100047100916,0.00198800012548866));
#1765=CARTESIAN_POINT('',(0.00579289404285975,-0.00921179370214095,0.00401200094545533));
#1766=CARTESIAN_POINT('',(0.00510069721993309,-0.00831358269419029,0.006036001765422));
#1767=CARTESIAN_POINT('',(0.00725626094160081,-0.0104461511134266,-3.60006944780112E-5));
#1768=CARTESIAN_POINT('',(0.00653905669385305,-0.00963715118727852,0.00198800012548866));
#1769=CARTESIAN_POINT('',(0.00582185244610528,-0.00882815126113039,0.00401200094545533));
#1770=CARTESIAN_POINT('',(0.00510464819835751,-0.00801915133498227,0.006036001765422));
#1771=CARTESIAN_POINT('',(0.00462330784592254,-0.0127489418632375,0.));
#1772=CARTESIAN_POINT('',(0.00363962863177902,-0.0121672964713914,0.));
#1773=CARTESIAN_POINT('',(0.00560698706006605,-0.0133305872550836,0.));
#1774=CARTESIAN_POINT('',(0.00605488595458605,-0.0125731002385032,0.));
#1775=CARTESIAN_POINT('',(0.00692637354470635,-0.0126952042116831,4.33680868994202E-19));
#1776=CARTESIAN_POINT('',(0.00708493882404753,-0.0115634828633022,0.));
#1777=CARTESIAN_POINT('',(0.00510852938885068,-0.00863126369913206,0.006));
#1778=CARTESIAN_POINT('',(0.00509965336164297,-0.0092289860367165,0.006));
#1779=CARTESIAN_POINT('',(0.00443972611958357,-0.00921918628223635,0.006));
#1780=CARTESIAN_POINT('',(0.00403592997076381,-0.00974124822319579,0.006));
#1781=CARTESIAN_POINT('',(0.00356307771702088,-0.00937551399887895,0.006));
#1782=CARTESIAN_POINT('',(0.00309022546327795,-0.00900977977456212,0.006));
#1783=CARTESIAN_POINT('',(0.00336492704752849,-0.0105885381229768,0.003));
#1784=CARTESIAN_POINT('',(0.002,-0.0125415310070182,0.));
#1785=CARTESIAN_POINT('',(0.001125,-0.00945832966226067,0.006));
#1786=CARTESIAN_POINT('',(0.00227700428017383,-0.0124973570891738,0.));
#1787=CARTESIAN_POINT('',(0.00145923528898763,-0.00941857478866905,0.006));
#1788=CARTESIAN_POINT('',(0.00255254435365113,-0.0124440025717491,0.));
#1789=CARTESIAN_POINT('',(0.00179135999539775,-0.00936108689343797,0.006));
#1790=CARTESIAN_POINT('',(0.00309948736883923,-0.0123191663976692,0.));
#1791=CARTESIAN_POINT('',(0.00244766379647004,-0.00921128983362577,0.006));
#1792=CARTESIAN_POINT('',(0.00337089005442087,-0.0122476847994737,0.));
#1793=CARTESIAN_POINT('',(0.00277184088014365,-0.00911898112803966,0.006));
#1794=CARTESIAN_POINT('',(0.00363962863177902,-0.0121672964713914,0.));
#1795=CARTESIAN_POINT('',(0.00309022546327795,-0.00900977977456212,0.006));
#1796=CARTESIAN_POINT('',(1.88651178012478E-17,-1.52655665885959E-16,0.006));
#1797=CARTESIAN_POINT('',(0.001125,-0.00945832966226067,0.006));
#1798=CARTESIAN_POINT('',(0.0015625,-0.0109999303346395,0.003));
#1799=CARTESIAN_POINT('',(0.002,-0.0125415310070182,2.16840434497101E-19));
#1800=CARTESIAN_POINT('',(7.15573433840433E-18,-7.19910242530375E-17,0.));
#1801=CARTESIAN_POINT('',(-0.00200525010127804,-0.012560030571956,-3.60006944780199E-5));
#1802=CARTESIAN_POINT('',(-0.0017100833150329,-0.0115199635636374,0.00198800012548865));
#1803=CARTESIAN_POINT('',(-0.00141491652878777,-0.0104798965553188,0.00401200094545532));
#1804=CARTESIAN_POINT('',(-0.00111974974254263,-0.00943982954700021,0.006036001765422));
#1805=CARTESIAN_POINT('',(-0.00169022696675295,-0.0130321680722114,-3.60006944780199E-5));
#1806=CARTESIAN_POINT('',(-0.00145629832948125,-0.0119225749715039,0.00198800012548865));
#1807=CARTESIAN_POINT('',(-0.00122236969220954,-0.0108129818707964,0.00401200094545532));
#1808=CARTESIAN_POINT('',(-0.000988441054937838,-0.00970338877008887,0.006036001765422));
#1809=CARTESIAN_POINT('',(-0.00134759604474352,-0.0135457531722662,-3.60006944780199E-5));
#1810=CARTESIAN_POINT('',(-0.00118817772037691,-0.012344706349422,0.00198800012548865));
#1811=CARTESIAN_POINT('',(-0.0010287593960103,-0.0111436595265779,0.00401200094545533));
#1812=CARTESIAN_POINT('',(-0.000869341071643693,-0.00994261270373373,0.006036001765422));
#1813=CARTESIAN_POINT('',(-0.000884527906047817,-0.0142397472617242,-3.60006944780199E-5));
#1814=CARTESIAN_POINT('',(-0.00081241585091162,-0.0129419301675939,0.00198800012548865));
#1815=CARTESIAN_POINT('',(-0.000740303795775423,-0.0116441130734636,0.00401200094545533));
#1816=CARTESIAN_POINT('',(-0.000668191740639227,-0.0103462959793333,0.006036001765422));
#1817=CARTESIAN_POINT('',(-0.000760602035004611,-0.0144794527172288,-3.60006944780199E-5));
#1818=CARTESIAN_POINT('',(-0.000712915125859569,-0.0131531838203687,0.00198800012548865));
#1819=CARTESIAN_POINT('',(-0.000665228216714526,-0.0118269149235085,0.00401200094545532));
#1820=CARTESIAN_POINT('',(-0.000617541307569483,-0.0105006460266483,0.006036001765422));
#1821=CARTESIAN_POINT('',(-0.000415130337131148,-0.0147887155129835,-3.60006944780199E-5));
#1822=CARTESIAN_POINT('',(-0.000405648766402082,-0.0134499777174636,0.00198800012548865));
#1823=CARTESIAN_POINT('',(-0.000396167195673016,-0.0121112399219437,0.00401200094545532));
#1824=CARTESIAN_POINT('',(-0.00038668562494395,-0.0107725021264238,0.006036001765422));
#1825=CARTESIAN_POINT('',(-0.000205848340840086,-0.0148587442840436,-3.60006944780199E-5));
#1826=CARTESIAN_POINT('',(-0.000202667868566053,-0.0135287856077526,0.00198800012548865));
#1827=CARTESIAN_POINT('',(-0.00019948739629202,-0.0121988269314615,0.00401200094545532));
#1828=CARTESIAN_POINT('',(-0.000196306924017987,-0.0108688682551705,0.006036001765422));
#1829=CARTESIAN_POINT('',(0.000205848340840077,-0.0148587442840436,-3.60006944780199E-5));
#1830=CARTESIAN_POINT('',(0.000202667868566046,-0.0135287856077526,0.00198800012548865));
#1831=CARTESIAN_POINT('',(0.000199487396292015,-0.0121988269314615,0.00401200094545532));
#1832=CARTESIAN_POINT('',(0.000196306924017984,-0.0108688682551705,0.006036001765422));
#1833=CARTESIAN_POINT('',(0.000415130337131134,-0.0147887155129835,-3.60006944780199E-5));
#1834=CARTESIAN_POINT('',(0.000405648766402072,-0.0134499777174636,0.00198800012548865));
#1835=CARTESIAN_POINT('',(0.00039616719567301,-0.0121112399219437,0.00401200094545532));
#1836=CARTESIAN_POINT('',(0.000386685624943949,-0.0107725021264238,0.006036001765422));
#1837=CARTESIAN_POINT('',(0.000760602035004606,-0.0144794527172288,-3.60006944780199E-5));
#1838=CARTESIAN_POINT('',(0.000712915125859565,-0.0131531838203687,0.00198800012548865));
#1839=CARTESIAN_POINT('',(0.000665228216714523,-0.0118269149235085,0.00401200094545532));
#1840=CARTESIAN_POINT('',(0.000617541307569482,-0.0105006460266483,0.006036001765422));
#1841=CARTESIAN_POINT('',(0.000884527906047807,-0.0142397472617242,-3.60006944780199E-5));
#1842=CARTESIAN_POINT('',(0.000812415850911613,-0.0129419301675939,0.00198800012548865));
#1843=CARTESIAN_POINT('',(0.000740303795775419,-0.0116441130734636,0.00401200094545532));
#1844=CARTESIAN_POINT('',(0.000668191740639225,-0.0103462959793333,0.006036001765422));
#1845=CARTESIAN_POINT('',(0.00134759604474351,-0.0135457531722662,-3.60006944780199E-5));
#1846=CARTESIAN_POINT('',(0.0011881777203769,-0.012344706349422,0.00198800012548865));
#1847=CARTESIAN_POINT('',(0.0010287593960103,-0.0111436595265779,0.00401200094545532));
#1848=CARTESIAN_POINT('',(0.000869341071643693,-0.00994261270373374,0.006036001765422));
#1849=CARTESIAN_POINT('',(0.00169022696675294,-0.0130321680722114,-3.60006944780199E-5));
#1850=CARTESIAN_POINT('',(0.00145629832948124,-0.0119225749715039,0.00198800012548865));
#1851=CARTESIAN_POINT('',(0.00122236969220954,-0.0108129818707964,0.00401200094545532));
#1852=CARTESIAN_POINT('',(0.000988441054937838,-0.00970338877008887,0.006036001765422));
#1853=CARTESIAN_POINT('',(0.00200525010127804,-0.012560030571956,-3.60006944780199E-5));
#1854=CARTESIAN_POINT('',(0.0017100833150329,-0.0115199635636374,0.00198800012548865));
#1855=CARTESIAN_POINT('',(0.00141491652878777,-0.0104798965553188,0.00401200094545532));
#1856=CARTESIAN_POINT('',(0.00111974974254263,-0.00943982954700021,0.006036001765422));
#1857=CARTESIAN_POINT('',(-0.00136610212950865,-0.0134923778127553,0.));
#1858=CARTESIAN_POINT('',(-0.002,-0.0125415310070182,0.));
#1859=CARTESIAN_POINT('',(-0.000732204259017309,-0.0144432246184923,-2.16840434497101E-19));
#1860=CARTESIAN_POINT('',(-3.63207727782644E-18,-0.0139550884458141,0.));
#1861=CARTESIAN_POINT('',(0.0007322042590173,-0.0144432246184923,0.));
#1862=CARTESIAN_POINT('',(0.00136610212950865,-0.0134923778127553,0.));
#1863=CARTESIAN_POINT('',(0.000857660973029972,-0.00999300771620073,0.006));
#1864=CARTESIAN_POINT('',(0.000590321946059943,-0.0105276857701408,0.006));
#1865=CARTESIAN_POINT('',(4.87890977618477E-19,-0.0102325247971108,0.006));
#1866=CARTESIAN_POINT('',(-0.000590321946059945,-0.0105276857701408,0.006));
#1867=CARTESIAN_POINT('',(-0.000857660973029974,-0.00999300771620073,0.006));
#1868=CARTESIAN_POINT('',(-0.001125,-0.00945832966226067,0.006));
#1869=CARTESIAN_POINT('',(-0.0015625,-0.0109999303346395,0.003));
#1870=CARTESIAN_POINT('',(-0.00363962863177904,-0.0121672964713914,0.));
#1871=CARTESIAN_POINT('',(-0.00309022546327796,-0.00900977977456211,0.006));
#1872=CARTESIAN_POINT('',(-0.00337089005442088,-0.0122476847994737,0.));
#1873=CARTESIAN_POINT('',(-0.00277184088014366,-0.00911898112803966,0.006));
#1874=CARTESIAN_POINT('',(-0.00309948736883925,-0.0123191663976692,0.));
#1875=CARTESIAN_POINT('',(-0.00244766379647005,-0.00921128983362577,0.006));
#1876=CARTESIAN_POINT('',(-0.00255254435365115,-0.0124440025717491,0.));
#1877=CARTESIAN_POINT('',(-0.00179135999539776,-0.00936108689343797,0.006));
#1878=CARTESIAN_POINT('',(-0.00227700428017384,-0.0124973570891738,0.));
#1879=CARTESIAN_POINT('',(-0.00145923528898763,-0.00941857478866905,0.006));
#1880=CARTESIAN_POINT('',(-0.002,-0.0125415310070182,0.));
#1881=CARTESIAN_POINT('',(-0.001125,-0.00945832966226067,0.006));
#1882=CARTESIAN_POINT('',(-2.12503625807159E-17,-1.49186218934005E-16,0.006));
#1883=CARTESIAN_POINT('',(-0.00309022546327795,-0.00900977977456212,0.006));
#1884=CARTESIAN_POINT('',(-0.0033649270475285,-0.0105885381229768,0.003));
#1885=CARTESIAN_POINT('',(-0.00363962863177904,-0.0121672964713914,0.));
#1886=CARTESIAN_POINT('',(-2.47198095326695E-17,-7.63278329429795E-17,0.));
#1887=CARTESIAN_POINT('',(-0.00725626094160083,-0.0104461511134266,-3.60006944780196E-5));
#1888=CARTESIAN_POINT('',(-0.00653905669385305,-0.00963715118727851,0.00198800012548865));
#1889=CARTESIAN_POINT('',(-0.00582185244610528,-0.00882815126113039,0.00401200094545533));
#1890=CARTESIAN_POINT('',(-0.00510464819835751,-0.00801915133498226,0.006036001765422));
#1891=CARTESIAN_POINT('',(-0.00717728768871309,-0.0110082157180423,-3.60006944780196E-5));
#1892=CARTESIAN_POINT('',(-0.00648509086578643,-0.0101100047100916,0.00198800012548865));
#1893=CARTESIAN_POINT('',(-0.00579289404285976,-0.00921179370214094,0.00401200094545533));
#1894=CARTESIAN_POINT('',(-0.0051006972199331,-0.00831358269419028,0.006036001765422));
#1895=CARTESIAN_POINT('',(-0.00709142411836872,-0.0116196018897889,-3.60006944780197E-5));
#1896=CARTESIAN_POINT('',(-0.00642667848479035,-0.0106066651121733,0.00198800012548865));
#1897=CARTESIAN_POINT('',(-0.00576193285121199,-0.00959372833455761,0.00401200094545533));
#1898=CARTESIAN_POINT('',(-0.00509718721763362,-0.00858079155694196,0.006036001765422));
#1899=CARTESIAN_POINT('',(-0.00697532689214591,-0.0124457866943824,-3.60006944780197E-5));
#1900=CARTESIAN_POINT('',(-0.00634725444197579,-0.0113077821444573,0.00198800012548865));
#1901=CARTESIAN_POINT('',(-0.00571918199180567,-0.0101697775945323,0.00401200094545533));
#1902=CARTESIAN_POINT('',(-0.00509110954163555,-0.00903177304460724,0.006036001765422));
#1903=CARTESIAN_POINT('',(-0.00696767783972952,-0.01271552326756,-3.60006944780196E-5));
#1904=CARTESIAN_POINT('',(-0.00634926691113833,-0.0115412868554686,0.00198800012548865));
#1905=CARTESIAN_POINT('',(-0.00573085598254715,-0.0103670504433771,0.00401200094545533));
#1906=CARTESIAN_POINT('',(-0.00511244505395596,-0.00919281403128561,0.006036001765422));
#1907=CARTESIAN_POINT('',(-0.00679060269339611,-0.0131440539705681,-3.60006944780196E-5));
#1908=CARTESIAN_POINT('',(-0.00620120353293223,-0.0119420067938809,0.00198800012548865));
#1909=CARTESIAN_POINT('',(-0.00561180437246836,-0.0107399596171938,0.00401200094545533));
#1910=CARTESIAN_POINT('',(-0.00502240521200448,-0.00953791244050672,0.006036001765422));
#1911=CARTESIAN_POINT('',(-0.00663243047515875,-0.0132979517682314,-3.60006944780196E-5));
#1912=CARTESIAN_POINT('',(-0.00605251752531364,-0.0121010803604989,0.00198800012548865));
#1913=CARTESIAN_POINT('',(-0.00547260457546853,-0.0109042089527664,0.00401200094545533));
#1914=CARTESIAN_POINT('',(-0.00489269162562342,-0.00970733754503391,0.006036001765422));
#1915=CARTESIAN_POINT('',(-0.00626150458194622,-0.0134765802638612,-3.60006944780196E-5));
#1916=CARTESIAN_POINT('',(-0.00568732264510935,-0.0122769489457238,0.00198800012548865));
#1917=CARTESIAN_POINT('',(-0.00511314070827247,-0.0110773176275864,0.00401200094545533));
#1918=CARTESIAN_POINT('',(-0.00453895877143559,-0.00987768630944908,0.006036001765422));
#1919=CARTESIAN_POINT('',(-0.00604256367364212,-0.0135042905763592,-3.60006944780196E-5));
#1920=CARTESIAN_POINT('',(-0.00547024971326965,-0.0122940156009508,0.00198800012548865));
#1921=CARTESIAN_POINT('',(-0.00489793575289718,-0.0110837406255425,0.00401200094545533));
#1922=CARTESIAN_POINT('',(-0.00432562179252471,-0.00987346565013411,0.006036001765422));
#1923=CARTESIAN_POINT('',(-0.00559712033092476,-0.0133755489774165,-3.60006944780196E-5));
#1924=CARTESIAN_POINT('',(-0.00506463824342592,-0.0121599314164314,0.00198800012548865));
#1925=CARTESIAN_POINT('',(-0.00453215615592709,-0.0109443138554463,0.00401200094545533));
#1926=CARTESIAN_POINT('',(-0.00399967406842825,-0.00972869629446118,0.006036001765422));
#1927=CARTESIAN_POINT('',(-0.00538146267986592,-0.0132133512448421,-3.60006944780196E-5));
#1928=CARTESIAN_POINT('',(-0.00488333166305215,-0.0120127701986811,0.00198800012548865));
#1929=CARTESIAN_POINT('',(-0.00438520064623838,-0.0108121891525202,0.00401200094545533));
#1930=CARTESIAN_POINT('',(-0.00388706962942461,-0.00961160810635927,0.006036001765422));
#1931=CARTESIAN_POINT('',(-0.00466313995272404,-0.0127890019112156,-3.60006944780196E-5));
#1932=CARTESIAN_POINT('',(-0.00428565621360064,-0.0116377270962799,0.00198800012548865));
#1933=CARTESIAN_POINT('',(-0.00390817247447723,-0.0104864522813441,0.00401200094545533));
#1934=CARTESIAN_POINT('',(-0.00353068873535383,-0.00933517746640842,0.006036001765422));
#1935=CARTESIAN_POINT('',(-0.00413160393524601,-0.0124749397106264,-3.60006944780196E-5));
#1936=CARTESIAN_POINT('',(-0.00386093195130463,-0.0113737330390235,0.00198800012548865));
#1937=CARTESIAN_POINT('',(-0.00359025996736325,-0.0102725263674206,0.00401200094545533));
#1938=CARTESIAN_POINT('',(-0.00331958798342187,-0.00917131969581774,0.006036001765422));
#1939=CARTESIAN_POINT('',(-0.00364292511438145,-0.0121862419370434,-3.60006944780196E-5));
#1940=CARTESIAN_POINT('',(-0.00345759303712503,-0.0111211058731366,0.00198800012548865));
#1941=CARTESIAN_POINT('',(-0.00327226095986862,-0.0100559698092297,0.00401200094545533));
#1942=CARTESIAN_POINT('',(-0.0030869288826122,-0.0089908337453229,0.006036001765422));
#1943=CARTESIAN_POINT('',(-0.00708493882404753,-0.0115634828633021,0.));
#1944=CARTESIAN_POINT('',(-0.00724350410338872,-0.0104317615149212,2.16840434497101E-19));
#1945=CARTESIAN_POINT('',(-0.00692637354470636,-0.0126952042116831,-4.33680868994202E-19));
#1946=CARTESIAN_POINT('',(-0.00605488595458605,-0.0125731002385032,0.));
#1947=CARTESIAN_POINT('',(-0.00560698706006605,-0.0133305872550836,4.33680868994202E-19));
#1948=CARTESIAN_POINT('',(-0.00462330784592254,-0.0127489418632375,0.));
#1949=CARTESIAN_POINT('',(-0.00356307771702088,-0.00937551399887895,0.006));
#1950=CARTESIAN_POINT('',(-0.00403592997076381,-0.00974124822319579,0.006));
#1951=CARTESIAN_POINT('',(-0.00443972611958357,-0.00921918628223635,0.006));
#1952=CARTESIAN_POINT('',(-0.00509965336164297,-0.0092289860367165,0.006));
#1953=CARTESIAN_POINT('',(-0.00510852938885068,-0.00863126369913206,0.006));
#1954=CARTESIAN_POINT('',(-0.00511740541605839,-0.00803354136154761,0.006));
#1955=CARTESIAN_POINT('',(-0.00618045475972356,-0.0092326514382344,0.003));
#1956=CARTESIAN_POINT('',(-0.00855838417591837,-0.00938317964750703,0.));
#1957=CARTESIAN_POINT('',(-0.00669339387442552,-0.00677673250481402,0.006));
#1958=CARTESIAN_POINT('',(-0.00835113827248403,-0.00957220832724115,0.));
#1959=CARTESIAN_POINT('',(-0.00645391996856496,-0.00701326141803779,0.006));
#1960=CARTESIAN_POINT('',(-0.00813762760521303,-0.00975436823386991,0.));
#1961=CARTESIAN_POINT('',(-0.00620189775482045,-0.00723708385320777,0.006));
#1962=CARTESIAN_POINT('',(-0.00769901336199882,-0.010104151420818,0.));
#1963=CARTESIAN_POINT('',(-0.00567558297058842,-0.0076568058878082,0.006));
#1964=CARTESIAN_POINT('',(-0.00747390999145522,-0.0102717745373367,0.));
#1965=CARTESIAN_POINT('',(-0.00540129201278854,-0.00785270420116317,0.006));
#1966=CARTESIAN_POINT('',(-0.00724350410338872,-0.0104317615149212,0.));
#1967=CARTESIAN_POINT('',(-0.00511740541605839,-0.00803354136154761,0.006));
#1968=CARTESIAN_POINT('',(-3.51281503885303E-17,-5.160802341031E-17,0.006));
#1969=CARTESIAN_POINT('',(-0.00669339387442552,-0.00677673250481402,0.006));
#1970=CARTESIAN_POINT('',(-0.00762588902517195,-0.00807995607616052,0.003));
#1971=CARTESIAN_POINT('',(-0.00855838417591837,-0.00938317964750703,4.33680868994202E-19));
#1972=CARTESIAN_POINT('',(4.81385764583564E-17,3.81639164714897E-17,0.));
#1973=CARTESIAN_POINT('',(-0.0110700803102392,-0.00626328331324712,-3.60006944780205E-5));
#1974=CARTESIAN_POINT('',(-0.0100728896981881,-0.00584558282637611,0.00198800012548865));
#1975=CARTESIAN_POINT('',(-0.00907569908613704,-0.0054278823395051,0.00401200094545532));
#1976=CARTESIAN_POINT('',(-0.00807850847408595,-0.00501018185263408,0.006036001765422));
#1977=CARTESIAN_POINT('',(-0.0112427985602666,-0.00680395123400891,-3.60006944780205E-5));
#1978=CARTESIAN_POINT('',(-0.0102294316217026,-0.00629502402477483,0.00198800012548865));
#1979=CARTESIAN_POINT('',(-0.00921606468313851,-0.00578609681554074,0.00401200094545532));
#1980=CARTESIAN_POINT('',(-0.00820269774457444,-0.00527716960630666,0.006036001765422));
#1981=CARTESIAN_POINT('',(-0.0114307086747416,-0.00739204594797368,-3.60006944780205E-5));
#1982=CARTESIAN_POINT('',(-0.0103922967572519,-0.00676784376724764,0.00198800012548865));
#1983=CARTESIAN_POINT('',(-0.00935388483976214,-0.00614364158652159,0.00401200094545532));
#1984=CARTESIAN_POINT('',(-0.0083154729222724,-0.00551943940579554,0.006036001765422));
#1985=CARTESIAN_POINT('',(-0.0116845768404842,-0.00818678543466117,-3.60006944780205E-5));
#1986=CARTESIAN_POINT('',(-0.0106249414468394,-0.00743398918676393,0.00198800012548865));
#1987=CARTESIAN_POINT('',(-0.0095653060531947,-0.0066811929388667,0.00401200094545532));
#1988=CARTESIAN_POINT('',(-0.00850567065954996,-0.00592839669096947,0.00603600176542199));
#1989=CARTESIAN_POINT('',(-0.0117947195953351,-0.00843312848909205,-3.60006944780205E-5));
#1990=CARTESIAN_POINT('',(-0.0107280685160176,-0.00764349648424848,0.00198800012548865));
#1991=CARTESIAN_POINT('',(-0.00966141743670008,-0.00685386447940492,0.00401200094545532));
#1992=CARTESIAN_POINT('',(-0.00859476635738256,-0.00606423247456136,0.006036001765422));
#1993=CARTESIAN_POINT('',(-0.0118211129049573,-0.00889605133803856,-3.60006944780205E-5));
#1994=CARTESIAN_POINT('',(-0.0107685338869948,-0.0080687749656683,0.00198800012548865));
#1995=CARTESIAN_POINT('',(-0.00971595486903232,-0.00724149859329803,0.00401200094545532));
#1996=CARTESIAN_POINT('',(-0.00866337585106984,-0.00641422222092777,0.006036001765422));
#1997=CARTESIAN_POINT('',(-0.0117453784124505,-0.00910333681604536,-3.60006944780205E-5));
#1998=CARTESIAN_POINT('',(-0.0107035918569167,-0.0082766077378373,0.00198800012548865));
#1999=CARTESIAN_POINT('',(-0.00966180530138293,-0.00744987865962925,0.00401200094545532));
#2000=CARTESIAN_POINT('',(-0.00862001874584914,-0.00662314958142119,0.006036001765422));
#2001=CARTESIAN_POINT('',(-0.0114886897299639,-0.00942521424301051,-3.60006944780205E-5));
#2002=CARTESIAN_POINT('',(-0.010450869158486,-0.00859351197809656,0.00198800012548865));
#2003=CARTESIAN_POINT('',(-0.00941304858700807,-0.00776180971318262,0.00401200094545532));
#2004=CARTESIAN_POINT('',(-0.00837522801553017,-0.00693010744826867,0.006036001765422));
#2005=CARTESIAN_POINT('',(-0.0113034538416704,-0.0095451752718319,-3.60006944780205E-5));
#2006=CARTESIAN_POINT('',(-0.0102626981490183,-0.0087030729184632,0.00198800012548865));
#2007=CARTESIAN_POINT('',(-0.00922194245636612,-0.00786097056509449,0.00401200094545532));
#2008=CARTESIAN_POINT('',(-0.00818118676371398,-0.00701886821172578,0.006036001765422));
#2009=CARTESIAN_POINT('',(-0.0108462643711384,-0.00962245372228378,-3.60006944780205E-5));
#2010=CARTESIAN_POINT('',(-0.00983907789488905,-0.00875825546369783,0.00198800012548865));
#2011=CARTESIAN_POINT('',(-0.00883189141863973,-0.00789405720511188,0.00401200094545532));
#2012=CARTESIAN_POINT('',(-0.00782470494239041,-0.00702985894652593,0.006036001765422));
#2013=CARTESIAN_POINT('',(-0.0105815885827236,-0.00956988896280057,-3.60006944780205E-5));
#2014=CARTESIAN_POINT('',(-0.00961187545101588,-0.00870433376496144,0.00198800012548865));
#2015=CARTESIAN_POINT('',(-0.00864216231930812,-0.00783877856712231,0.00401200094545532));
#2016=CARTESIAN_POINT('',(-0.00767244918760037,-0.00697322336928318,0.006036001765422));
#2017=CARTESIAN_POINT('',(-0.00975028389289614,-0.00949923197483343,-3.60006944780205E-5));
#2018=CARTESIAN_POINT('',(-0.00891066337435037,-0.00862575326436315,0.00198800012548865));
#2019=CARTESIAN_POINT('',(-0.0080710428558046,-0.00775227455389288,0.00401200094545532));
#2020=CARTESIAN_POINT('',(-0.00723142233725883,-0.00687879584342261,0.006036001765422));
#2021=CARTESIAN_POINT('',(-0.00913512000707249,-0.0094468965442567,-3.60006944780205E-5));
#2022=CARTESIAN_POINT('',(-0.00841345730791165,-0.00857218378848289,0.00198800012548865));
#2023=CARTESIAN_POINT('',(-0.00769179460875082,-0.00769747103270909,0.00401200094545532));
#2024=CARTESIAN_POINT('',(-0.00697013190958998,-0.00682275827693529,0.006036001765422));
#2025=CARTESIAN_POINT('',(-0.00856957433359312,-0.00939881863204989,-3.60006944780205E-5));
#2026=CARTESIAN_POINT('',(-0.00794045068368455,-0.00851957677304815,0.00198800012548865));
#2027=CARTESIAN_POINT('',(-0.00731132703377598,-0.00764033491404641,0.00401200094545532));
#2028=CARTESIAN_POINT('',(-0.00668220338386741,-0.00676109305504468,0.006036001765422));
#2029=CARTESIAN_POINT('',(-0.0114005164934113,-0.00734429831596147,0.));
#2030=CARTESIAN_POINT('',(-0.0110523433833533,-0.0062558537176349,0.));
#2031=CARTESIAN_POINT('',(-0.0117486896034694,-0.00843274291428803,-2.16840434497101E-19));
#2032=CARTESIAN_POINT('',(-0.0109105274875633,-0.00870085533000172,0.));
#2033=CARTESIAN_POINT('',(-0.0108356458267197,-0.00957766359688184,0.));
#2034=CARTESIAN_POINT('',(-0.00969701500131906,-0.00948042162219443,0.));
#2035=CARTESIAN_POINT('',(-0.00727810516693525,-0.00690108475094578,0.006));
#2036=CARTESIAN_POINT('',(-0.00786281645944497,-0.00702543699707754,0.006));
#2037=CARTESIAN_POINT('',(-0.00800011003151602,-0.00637987485826519,0.006));
#2038=CARTESIAN_POINT('',(-0.00859893588580853,-0.00610237243263463,0.006));
#2039=CARTESIAN_POINT('',(-0.0083475909072081,-0.00555999205094779,0.006));
#2040=CARTESIAN_POINT('',(-0.00809624592860768,-0.00501761166926095,0.006));
#2041=CARTESIAN_POINT('',(-0.00957429465598049,-0.00563673269344792,0.003));
#2042=CARTESIAN_POINT('',(-0.0117820467723233,-0.00474060901728741,0.));
#2043=CARTESIAN_POINT('',(-0.00897085353965435,-0.00320147025131751,0.006));
#2044=CARTESIAN_POINT('',(-0.0116773411356921,-0.00500083860036746,0.));
#2045=CARTESIAN_POINT('',(-0.00885772105507793,-0.00351847927218678,0.006));
#2046=CARTESIAN_POINT('',(-0.0115640108929213,-0.005257597811877,0.));
#2047=CARTESIAN_POINT('',(-0.00872776980154423,-0.00382948465865319,0.006));
#2048=CARTESIAN_POINT('',(-0.0113205983518002,-0.00576304916170896,0.));
#2049=CARTESIAN_POINT('',(-0.00843568713199686,-0.00443600057153628,0.006));
#2050=CARTESIAN_POINT('',(-0.0111905161674382,-0.00601174106333244,0.));
#2051=CARTESIAN_POINT('',(-0.0082735566109573,-0.00473150923952006,0.006));
#2052=CARTESIAN_POINT('',(-0.0110523433833533,-0.0062558537176349,0.));
#2053=CARTESIAN_POINT('',(-0.00809624592860768,-0.00501761166926094,0.006));
#2054=CARTESIAN_POINT('',(-5.46437894932694E-17,-4.55364912443912E-17,0.006));
#2055=CARTESIAN_POINT('',(-0.00897085353965435,-0.00320147025131751,0.006));
#2056=CARTESIAN_POINT('',(-0.0103764501559888,-0.00397103963430246,0.003));
#2057=CARTESIAN_POINT('',(-0.0117820467723233,-0.00474060901728742,2.16840434497101E-19));
#2058=CARTESIAN_POINT('',(-7.80625564189563E-18,-6.93889390390723E-18,0.));
#2059=CARTESIAN_POINT('',(-0.0126913345078094,-0.000839895438750126,-3.60006944780253E-5));
#2060=CARTESIAN_POINT('',(-0.011611663361912,-0.000896225095341311,0.00198800012548864));
#2061=CARTESIAN_POINT('',(-0.0105319922160146,-0.000952554751932495,0.00401200094545531));
#2062=CARTESIAN_POINT('',(-0.00945232107011715,-0.00100888440852368,0.00603600176542197));
#2063=CARTESIAN_POINT('',(-0.0130815352930837,-0.00125208076309428,-3.60006944780253E-5));
#2064=CARTESIAN_POINT('',(-0.0119477079891948,-0.0012332366279482,0.00198800012548864));
#2065=CARTESIAN_POINT('',(-0.0108138806853058,-0.00121439249280212,0.00401200094545531));
#2066=CARTESIAN_POINT('',(-0.00968005338141684,-0.00119554835765604,0.00603600176542197));
#2067=CARTESIAN_POINT('',(-0.0135060011896399,-0.0017004046486681,-3.60006944780253E-5));
#2068=CARTESIAN_POINT('',(-0.0122995932037841,-0.00158856796206182,0.00198800012548864));
#2069=CARTESIAN_POINT('',(-0.0110931852179282,-0.00147673127545554,0.00401200094545531));
#2070=CARTESIAN_POINT('',(-0.00988677723207235,-0.00136489458884925,0.00603600176542197));
#2071=CARTESIAN_POINT('',(-0.0140795530436338,-0.00230629091527098,-3.60006944780253E-5));
#2072=CARTESIAN_POINT('',(-0.012798228491801,-0.00208780349873771,0.00198800012548864));
#2073=CARTESIAN_POINT('',(-0.0115169039399683,-0.00186931608220444,0.00401200094545531));
#2074=CARTESIAN_POINT('',(-0.0102355793881355,-0.00165082866567117,0.00603600176542197));
#2075=CARTESIAN_POINT('',(-0.0142856724823416,-0.00248044918782575,-3.60006944780253E-5));
#2076=CARTESIAN_POINT('',(-0.0129820445801736,-0.0022318178929904,0.00198800012548864));
#2077=CARTESIAN_POINT('',(-0.0116784166780056,-0.00198318659815505,0.00401200094545531));
#2078=CARTESIAN_POINT('',(-0.0103747887758376,-0.0017345553033197,0.00603600176542197));
#2079=CARTESIAN_POINT('',(-0.0145103067292559,-0.00288607663510073,-3.60006944780253E-5));
#2080=CARTESIAN_POINT('',(-0.0132030240373368,-0.00259742329847411,0.00198800012548864));
#2081=CARTESIAN_POINT('',(-0.0118957413454177,-0.00230876996184749,0.00401200094545531));
#2082=CARTESIAN_POINT('',(-0.0105884586534986,-0.00202011662522088,0.00603600176542197));
#2083=CARTESIAN_POINT('',(-0.0145320101075433,-0.00310569436234211,-3.60006944780253E-5));
#2084=CARTESIAN_POINT('',(-0.0132346885503179,-0.0028128514467644,0.00198800012548864));
#2085=CARTESIAN_POINT('',(-0.0119373669930926,-0.00252000853118669,0.00401200094545531));
#2086=CARTESIAN_POINT('',(-0.0106400454358672,-0.00222716561560898,0.00603600176542197));
#2087=CARTESIAN_POINT('',(-0.0144403989774292,-0.00350706894866475,-3.60006944780253E-5));
#2088=CARTESIAN_POINT('',(-0.0131444928635255,-0.00320802457069929,0.00198800012548864));
#2089=CARTESIAN_POINT('',(-0.0118485867496218,-0.00290898019273383,0.00401200094545531));
#2090=CARTESIAN_POINT('',(-0.0105526806357181,-0.00260993581476837,0.00603600176542197));
#2091=CARTESIAN_POINT('',(-0.0143255563485919,-0.00369552094082591,-3.60006944780253E-5));
#2092=CARTESIAN_POINT('',(-0.0130224933526208,-0.00338837990828912,0.00198800012548864));
#2093=CARTESIAN_POINT('',(-0.0117194303566497,-0.00308123887575233,0.00401200094545531));
#2094=CARTESIAN_POINT('',(-0.0104163673606786,-0.00277409784321553,0.00603600176542197));
#2095=CARTESIAN_POINT('',(-0.013947172731945,-0.00396351349580234,-3.60006944780253E-5));
#2096=CARTESIAN_POINT('',(-0.0126647675008979,-0.00362189960342463,0.00198800012548864));
#2097=CARTESIAN_POINT('',(-0.0113823622698508,-0.00328028571104691,0.00401200094545531));
#2098=CARTESIAN_POINT('',(-0.0100999570388037,-0.0029386718186692,0.00603600176542197));
#2099=CARTESIAN_POINT('',(-0.0136859010921055,-0.00403099280469049,-3.60006944780252E-5));
#2100=CARTESIAN_POINT('',(-0.0124366694239895,-0.00367189727744308,0.00198800012548864));
#2101=CARTESIAN_POINT('',(-0.0111874377558736,-0.00331280175019566,0.00401200094545531));
#2102=CARTESIAN_POINT('',(-0.00993820608775767,-0.00295370622294824,0.00603600176542197));
#2103=CARTESIAN_POINT('',(-0.0129062645286956,-0.00432802264540066,-3.60006944780253E-5));
#2104=CARTESIAN_POINT('',(-0.0117708043716954,-0.00390534321051785,0.00198800012548864));
#2105=CARTESIAN_POINT('',(-0.0106353442146951,-0.00348266377563505,0.00401200094545531));
#2106=CARTESIAN_POINT('',(-0.00949988405769489,-0.00305998434075225,0.00603600176542197));
#2107=CARTESIAN_POINT('',(-0.0123293135266037,-0.00454777965871401,-3.60006944780253E-5));
#2108=CARTESIAN_POINT('',(-0.0112995942604044,-0.00407280840769825,0.00198800012548864));
#2109=CARTESIAN_POINT('',(-0.0102698749942051,-0.0035978371566825,0.00401200094545531));
#2110=CARTESIAN_POINT('',(-0.00924015572800578,-0.00312286590566674,0.00603600176542197));
#2111=CARTESIAN_POINT('',(-0.0117989142571046,-0.00474984402803291,-3.60006944780253E-5));
#2112=CARTESIAN_POINT('',(-0.0108506046891035,-0.00423064100730532,0.00198800012548864));
#2113=CARTESIAN_POINT('',(-0.00990229512110239,-0.00371143798657772,0.00401200094545531));
#2114=CARTESIAN_POINT('',(-0.00895398555310128,-0.00319223496585012,0.00603600176542197));
#2115=CARTESIAN_POINT('',(-0.0134580820530958,-0.00167048541523674,0.));
#2116=CARTESIAN_POINT('',(-0.0126721305081485,-0.000840897368560121,0.));
#2117=CARTESIAN_POINT('',(-0.0142440335980431,-0.00250007346191336,2.16840434497101E-19));
#2118=CARTESIAN_POINT('',(-0.0136052052427902,-0.00310529931440552,0.));
#2119=CARTESIAN_POINT('',(-0.0139181720469165,-0.00392776620098212,-6.50521303491303E-19));
#2120=CARTESIAN_POINT('',(-0.0128501094096199,-0.00433418760913476,0.));
#2121=CARTESIAN_POINT('',(-0.00955161462843591,-0.00305981103183759,0.006));
#2122=CARTESIAN_POINT('',(-0.0101323757172175,-0.00291815181235766,0.006));
#2123=CARTESIAN_POINT('',(-0.00997597403679598,-0.00227695097458424,0.006));
#2124=CARTESIAN_POINT('',(-0.0103950936987618,-0.00176710912758299,0.006));
#2125=CARTESIAN_POINT('',(-0.00993330966990894,-0.0013874957882457,0.006));
#2126=CARTESIAN_POINT('',(-0.00947152564105606,-0.0010078824489084,0.006));
#2127=CARTESIAN_POINT('',(-0.0110718280746023,-0.00092438990873426,0.003));
#2128=CARTESIAN_POINT('',(-0.0126721305081485,0.00084089736856013,0.));
#2129=CARTESIAN_POINT('',(-0.00947152564105606,0.0010078824489084,0.006));
#2130=CARTESIAN_POINT('',(-0.0126907033737857,0.000561008542569572,0.));
#2131=CARTESIAN_POINT('',(-0.00950714185381301,0.000673180844837282,0.006));
#2132=CARTESIAN_POINT('',(-0.0127,0.000280504336963785,0.));
#2133=CARTESIAN_POINT('',(-0.009525,0.000336590938094868,0.006));
#2134=CARTESIAN_POINT('',(-0.0127,-0.000280504336963773,0.));
#2135=CARTESIAN_POINT('',(-0.009525,-0.000336590938094867,0.006));
#2136=CARTESIAN_POINT('',(-0.0126907033737857,-0.00056100854256956,0.));
#2137=CARTESIAN_POINT('',(-0.00950714185381301,-0.00067318084483728,0.006));
#2138=CARTESIAN_POINT('',(-0.0126721305081485,-0.000840897368560118,0.));
#2139=CARTESIAN_POINT('',(-0.00947152564105606,-0.0010078824489084,0.006));
#2140=CARTESIAN_POINT('',(-1.94289029309402E-16,-9.75781955236954E-19,0.006));
#2141=CARTESIAN_POINT('',(-0.00947152564105606,0.0010078824489084,0.006));
#2142=CARTESIAN_POINT('',(-0.0110718280746023,0.000924389908734268,0.003));
#2143=CARTESIAN_POINT('',(-0.0126721305081485,0.000840897368560133,2.16840434497101E-19));
#2144=CARTESIAN_POINT('',(7.11236625150491E-17,4.3910187985663E-18,0.));
#2145=CARTESIAN_POINT('',(-0.0117989142571046,0.00474984402803291,-3.60006944780165E-5));
#2146=CARTESIAN_POINT('',(-0.0108506046891035,0.00423064100730531,0.00198800012548865));
#2147=CARTESIAN_POINT('',(-0.00990229512110238,0.00371143798657772,0.00401200094545533));
#2148=CARTESIAN_POINT('',(-0.00895398555310127,0.00319223496585012,0.006036001765422));
#2149=CARTESIAN_POINT('',(-0.0123293135266037,0.00454777965871401,-3.60006944780165E-5));
#2150=CARTESIAN_POINT('',(-0.0112995942604044,0.00407280840769825,0.00198800012548865));
#2151=CARTESIAN_POINT('',(-0.0102698749942051,0.00359783715668249,0.00401200094545533));
#2152=CARTESIAN_POINT('',(-0.00924015572800576,0.00312286590566673,0.006036001765422));
#2153=CARTESIAN_POINT('',(-0.0129062645286956,0.00432802264540066,-3.60006944780165E-5));
#2154=CARTESIAN_POINT('',(-0.0117708043716954,0.00390534321051785,0.00198800012548865));
#2155=CARTESIAN_POINT('',(-0.0106353442146951,0.00348266377563505,0.00401200094545533));
#2156=CARTESIAN_POINT('',(-0.00949988405769486,0.00305998434075224,0.006036001765422));
#2157=CARTESIAN_POINT('',(-0.0136859010921054,0.0040309928046905,-3.60006944780165E-5));
#2158=CARTESIAN_POINT('',(-0.0124366694239895,0.00367189727744308,0.00198800012548865));
#2159=CARTESIAN_POINT('',(-0.0111874377558736,0.00331280175019566,0.00401200094545533));
#2160=CARTESIAN_POINT('',(-0.00993820608775765,0.00295370622294824,0.006036001765422));
#2161=CARTESIAN_POINT('',(-0.013947172731945,0.00396351349580235,-3.60006944780165E-5));
#2162=CARTESIAN_POINT('',(-0.0126647675008979,0.00362189960342464,0.00198800012548865));
#2163=CARTESIAN_POINT('',(-0.0113823622698508,0.00328028571104692,0.00401200094545533));
#2164=CARTESIAN_POINT('',(-0.0100999570388036,0.00293867181866921,0.006036001765422));
#2165=CARTESIAN_POINT('',(-0.0143255563485919,0.00369552094082591,-3.60006944780165E-5));
#2166=CARTESIAN_POINT('',(-0.0130224933526208,0.00338837990828912,0.00198800012548865));
#2167=CARTESIAN_POINT('',(-0.0117194303566497,0.00308123887575232,0.00401200094545533));
#2168=CARTESIAN_POINT('',(-0.0104163673606786,0.00277409784321552,0.006036001765422));
#2169=CARTESIAN_POINT('',(-0.0144403989774292,0.00350706894866475,-3.60006944780165E-5));
#2170=CARTESIAN_POINT('',(-0.0131444928635255,0.00320802457069929,0.00198800012548865));
#2171=CARTESIAN_POINT('',(-0.0118485867496218,0.00290898019273383,0.00401200094545533));
#2172=CARTESIAN_POINT('',(-0.010552680635718,0.00260993581476837,0.006036001765422));
#2173=CARTESIAN_POINT('',(-0.0145320101075433,0.00310569436234213,-3.60006944780165E-5));
#2174=CARTESIAN_POINT('',(-0.013234688550318,0.00281285144676441,0.00198800012548865));
#2175=CARTESIAN_POINT('',(-0.0119373669930926,0.0025200085311867,0.00401200094545533));
#2176=CARTESIAN_POINT('',(-0.0106400454358673,0.00222716561560898,0.006036001765422));
#2177=CARTESIAN_POINT('',(-0.0145103067292559,0.00288607663510072,-3.60006944780165E-5));
#2178=CARTESIAN_POINT('',(-0.0132030240373368,0.00259742329847411,0.00198800012548865));
#2179=CARTESIAN_POINT('',(-0.0118957413454177,0.00230876996184749,0.00401200094545533));
#2180=CARTESIAN_POINT('',(-0.0105884586534986,0.00202011662522088,0.006036001765422));
#2181=CARTESIAN_POINT('',(-0.0142856724823416,0.00248044918782577,-3.60006944780165E-5));
#2182=CARTESIAN_POINT('',(-0.0129820445801736,0.00223181789299041,0.00198800012548865));
#2183=CARTESIAN_POINT('',(-0.0116784166780056,0.00198318659815506,0.00401200094545533));
#2184=CARTESIAN_POINT('',(-0.0103747887758376,0.0017345553033197,0.006036001765422));
#2185=CARTESIAN_POINT('',(-0.0140795530436338,0.00230629091527099,-3.60006944780165E-5));
#2186=CARTESIAN_POINT('',(-0.012798228491801,0.00208780349873772,0.00198800012548865));
#2187=CARTESIAN_POINT('',(-0.0115169039399683,0.00186931608220444,0.00401200094545533));
#2188=CARTESIAN_POINT('',(-0.0102355793881355,0.00165082866567117,0.006036001765422));
#2189=CARTESIAN_POINT('',(-0.0135060011896399,0.00170040464866811,-3.60006944780165E-5));
#2190=CARTESIAN_POINT('',(-0.0122995932037841,0.00158856796206182,0.00198800012548865));
#2191=CARTESIAN_POINT('',(-0.0110931852179282,0.00147673127545554,0.00401200094545533));
#2192=CARTESIAN_POINT('',(-0.00988677723207235,0.00136489458884925,0.006036001765422));
#2193=CARTESIAN_POINT('',(-0.0130815352930837,0.00125208076309428,-3.60006944780165E-5));
#2194=CARTESIAN_POINT('',(-0.0119477079891947,0.0012332366279482,0.00198800012548865));
#2195=CARTESIAN_POINT('',(-0.0108138806853058,0.00121439249280212,0.00401200094545533));
#2196=CARTESIAN_POINT('',(-0.00968005338141682,0.00119554835765604,0.006036001765422));
#2197=CARTESIAN_POINT('',(-0.0126913345078094,0.000839895438750132,-3.60006944780165E-5));
#2198=CARTESIAN_POINT('',(-0.011611663361912,0.000896225095341315,0.00198800012548865));
#2199=CARTESIAN_POINT('',(-0.0105319922160145,0.000952554751932498,0.00401200094545533));
#2200=CARTESIAN_POINT('',(-0.00945232107011713,0.00100888440852368,0.006036001765422));
#2201=CARTESIAN_POINT('',(-0.0128501094096199,0.00433418760913477,0.));
#2202=CARTESIAN_POINT('',(-0.0117820467723233,0.00474060901728742,0.));
#2203=CARTESIAN_POINT('',(-0.0139181720469165,0.00392776620098212,2.16840434497101E-19));
#2204=CARTESIAN_POINT('',(-0.0136052052427902,0.00310529931440552,0.));
#2205=CARTESIAN_POINT('',(-0.0142440335980431,0.00250007346191336,0.));
#2206=CARTESIAN_POINT('',(-0.0134580820530958,0.00167048541523675,0.));
#2207=CARTESIAN_POINT('',(-0.00993330966990894,0.0013874957882457,0.006));
#2208=CARTESIAN_POINT('',(-0.0103950936987618,0.00176710912758299,0.006));
#2209=CARTESIAN_POINT('',(-0.00997597403679598,0.00227695097458424,0.006));
#2210=CARTESIAN_POINT('',(-0.0101323757172175,0.00291815181235766,0.006));
#2211=CARTESIAN_POINT('',(-0.00955161462843591,0.00305981103183759,0.006));
#2212=CARTESIAN_POINT('',(-0.00897085353965435,0.00320147025131751,0.006));
#2213=CARTESIAN_POINT('',(-0.0103764501559888,0.00397103963430246,0.003));
#2214=CARTESIAN_POINT('',(-0.0110523433833533,0.00625585371763491,0.));
#2215=CARTESIAN_POINT('',(-0.00809624592860767,0.00501761166926095,0.006));
#2216=CARTESIAN_POINT('',(-0.0111905161674382,0.00601174106333245,0.));
#2217=CARTESIAN_POINT('',(-0.0082735566109573,0.00473150923952007,0.006));
#2218=CARTESIAN_POINT('',(-0.0113205983518002,0.00576304916170897,0.));
#2219=CARTESIAN_POINT('',(-0.00843568713199686,0.00443600057153629,0.006));
#2220=CARTESIAN_POINT('',(-0.0115640108929213,0.00525759781187701,0.));
#2221=CARTESIAN_POINT('',(-0.00872776980154423,0.0038294846586532,0.006));
#2222=CARTESIAN_POINT('',(-0.0116773411356921,0.00500083860036747,0.));
#2223=CARTESIAN_POINT('',(-0.00885772105507793,0.00351847927218678,0.006));
#2224=CARTESIAN_POINT('',(-0.0117820467723233,0.00474060901728742,0.));
#2225=CARTESIAN_POINT('',(-0.00897085353965435,0.00320147025131751,0.006));
#2226=CARTESIAN_POINT('',(-2.63677968348475E-16,1.25550611573821E-16,0.006));
#2227=CARTESIAN_POINT('',(-0.00809624592860767,0.00501761166926095,0.006));
#2228=CARTESIAN_POINT('',(-0.00957429465598049,0.00563673269344793,0.003));
#2229=CARTESIAN_POINT('',(-0.0110523433833533,0.00625585371763491,0.));
#2230=CARTESIAN_POINT('',(5.72458747072346E-17,-1.90819582357449E-17,0.));
#2231=CARTESIAN_POINT('',(-0.00856957433359312,0.00939881863204989,-3.60006944780064E-5));
#2232=CARTESIAN_POINT('',(-0.00794045068368455,0.00851957677304815,0.00198800012548866));
#2233=CARTESIAN_POINT('',(-0.00731132703377598,0.00764033491404641,0.00401200094545533));
#2234=CARTESIAN_POINT('',(-0.00668220338386741,0.00676109305504468,0.006036001765422));
#2235=CARTESIAN_POINT('',(-0.00913512000707248,0.00944689654425669,-3.60006944780064E-5));
#2236=CARTESIAN_POINT('',(-0.00841345730791165,0.00857218378848289,0.00198800012548866));
#2237=CARTESIAN_POINT('',(-0.00769179460875081,0.00769747103270909,0.00401200094545533));
#2238=CARTESIAN_POINT('',(-0.00697013190958998,0.00682275827693529,0.006036001765422));
#2239=CARTESIAN_POINT('',(-0.00975028389289613,0.00949923197483342,-3.60006944780064E-5));
#2240=CARTESIAN_POINT('',(-0.00891066337435036,0.00862575326436315,0.00198800012548866));
#2241=CARTESIAN_POINT('',(-0.00807104285580459,0.00775227455389288,0.00401200094545533));
#2242=CARTESIAN_POINT('',(-0.00723142233725883,0.00687879584342261,0.006036001765422));
#2243=CARTESIAN_POINT('',(-0.0105815885827236,0.00956988896280057,-3.60006944780064E-5));
#2244=CARTESIAN_POINT('',(-0.00961187545101587,0.00870433376496144,0.00198800012548866));
#2245=CARTESIAN_POINT('',(-0.00864216231930812,0.00783877856712231,0.00401200094545533));
#2246=CARTESIAN_POINT('',(-0.00767244918760036,0.00697322336928318,0.006036001765422));
#2247=CARTESIAN_POINT('',(-0.0108462643711383,0.00962245372228373,-3.60006944780064E-5));
#2248=CARTESIAN_POINT('',(-0.00983907789488903,0.00875825546369781,0.00198800012548866));
#2249=CARTESIAN_POINT('',(-0.00883189141863972,0.0078940572051119,0.00401200094545533));
#2250=CARTESIAN_POINT('',(-0.0078247049423904,0.00702985894652598,0.006036001765422));
#2251=CARTESIAN_POINT('',(-0.0113034538416704,0.00954517527183195,-3.60006944780064E-5));
#2252=CARTESIAN_POINT('',(-0.0102626981490183,0.00870307291846322,0.00198800012548866));
#2253=CARTESIAN_POINT('',(-0.00922194245636613,0.00786097056509448,0.00401200094545533));
#2254=CARTESIAN_POINT('',(-0.00818118676371399,0.00701886821172574,0.006036001765422));
#2255=CARTESIAN_POINT('',(-0.0114886897299639,0.00942521424301054,-3.60006944780064E-5));
#2256=CARTESIAN_POINT('',(-0.010450869158486,0.00859351197809658,0.00198800012548866));
#2257=CARTESIAN_POINT('',(-0.00941304858700809,0.00776180971318263,0.00401200094545533));
#2258=CARTESIAN_POINT('',(-0.00837522801553018,0.00693010744826867,0.006036001765422));
#2259=CARTESIAN_POINT('',(-0.0117453784124504,0.00910333681604533,-3.60006944780064E-5));
#2260=CARTESIAN_POINT('',(-0.0107035918569167,0.00827660773783728,0.00198800012548866));
#2261=CARTESIAN_POINT('',(-0.0096618053013829,0.00744987865962924,0.00401200094545533));
#2262=CARTESIAN_POINT('',(-0.00862001874584913,0.00662314958142119,0.006036001765422));
#2263=CARTESIAN_POINT('',(-0.0118211129049573,0.00889605133803855,-3.60006944780064E-5));
#2264=CARTESIAN_POINT('',(-0.0107685338869948,0.00806877496566828,0.00198800012548866));
#2265=CARTESIAN_POINT('',(-0.00971595486903233,0.00724149859329801,0.00401200094545533));
#2266=CARTESIAN_POINT('',(-0.00866337585106984,0.00641422222092774,0.006036001765422));
#2267=CARTESIAN_POINT('',(-0.0117947195953351,0.00843312848909204,-3.60006944780064E-5));
#2268=CARTESIAN_POINT('',(-0.0107280685160176,0.00764349648424848,0.00198800012548866));
#2269=CARTESIAN_POINT('',(-0.00966141743670007,0.00685386447940493,0.00401200094545533));
#2270=CARTESIAN_POINT('',(-0.00859476635738256,0.00606423247456138,0.006036001765422));
#2271=CARTESIAN_POINT('',(-0.0116845768404842,0.00818678543466117,-3.60006944780064E-5));
#2272=CARTESIAN_POINT('',(-0.0106249414468394,0.00743398918676393,0.00198800012548866));
#2273=CARTESIAN_POINT('',(-0.00956530605319469,0.00668119293886669,0.00401200094545533));
#2274=CARTESIAN_POINT('',(-0.00850567065954995,0.00592839669096946,0.006036001765422));
#2275=CARTESIAN_POINT('',(-0.0114307086747416,0.00739204594797368,-3.60006944780064E-5));
#2276=CARTESIAN_POINT('',(-0.0103922967572519,0.00676784376724763,0.00198800012548866));
#2277=CARTESIAN_POINT('',(-0.00935388483976214,0.00614364158652159,0.00401200094545533));
#2278=CARTESIAN_POINT('',(-0.0083154729222724,0.00551943940579554,0.006036001765422));
#2279=CARTESIAN_POINT('',(-0.0112427985602666,0.00680395123400891,-3.60006944780064E-5));
#2280=CARTESIAN_POINT('',(-0.0102294316217026,0.00629502402477482,0.00198800012548866));
#2281=CARTESIAN_POINT('',(-0.00921606468313851,0.00578609681554074,0.00401200094545533));
#2282=CARTESIAN_POINT('',(-0.00820269774457445,0.00527716960630666,0.006036001765422));
#2283=CARTESIAN_POINT('',(-0.0110700803102392,0.00626328331324713,-3.60006944780064E-5));
#2284=CARTESIAN_POINT('',(-0.0100728896981881,0.00584558282637612,0.00198800012548866));
#2285=CARTESIAN_POINT('',(-0.00907569908613704,0.0054278823395051,0.00401200094545533));
#2286=CARTESIAN_POINT('',(-0.00807850847408595,0.00501018185263408,0.006036001765422));
#2287=CARTESIAN_POINT('',(-0.00969701500131906,0.00948042162219443,0.));
#2288=CARTESIAN_POINT('',(-0.00855838417591837,0.00938317964750703,0.));
#2289=CARTESIAN_POINT('',(-0.0108356458267197,0.00957766359688184,2.16840434497101E-19));
#2290=CARTESIAN_POINT('',(-0.0109105274875633,0.00870085533000172,0.));
#2291=CARTESIAN_POINT('',(-0.0117486896034694,0.00843274291428804,6.50521303491303E-19));
#2292=CARTESIAN_POINT('',(-0.0114005164934113,0.00734429831596147,0.));
#2293=CARTESIAN_POINT('',(-0.0083475909072081,0.00555999205094779,0.006));
#2294=CARTESIAN_POINT('',(-0.00859893588580853,0.00610237243263463,0.006));
#2295=CARTESIAN_POINT('',(-0.00800011003151602,0.0063798748582652,0.006));
#2296=CARTESIAN_POINT('',(-0.00786281645944497,0.00702543699707754,0.006));
#2297=CARTESIAN_POINT('',(-0.00727810516693525,0.00690108475094578,0.006));
#2298=CARTESIAN_POINT('',(-0.00669339387442552,0.00677673250481402,0.006));
#2299=CARTESIAN_POINT('',(-0.00762588902517195,0.00807995607616053,0.003));
#2300=CARTESIAN_POINT('',(-0.0072435041033887,0.0104317615149212,0.));
#2301=CARTESIAN_POINT('',(-0.00511740541605839,0.00803354136154761,0.006));
#2302=CARTESIAN_POINT('',(-0.00747390999145522,0.0102717745373367,0.));
#2303=CARTESIAN_POINT('',(-0.00540129201278853,0.00785270420116317,0.006));
#2304=CARTESIAN_POINT('',(-0.00769901336199881,0.010104151420818,0.));
#2305=CARTESIAN_POINT('',(-0.00567558297058842,0.0076568058878082,0.006));
#2306=CARTESIAN_POINT('',(-0.00813762760521302,0.00975436823386992,0.));
#2307=CARTESIAN_POINT('',(-0.00620189775482045,0.00723708385320777,0.006));
#2308=CARTESIAN_POINT('',(-0.00835113827248402,0.00957220832724116,0.));
#2309=CARTESIAN_POINT('',(-0.00645391996856496,0.00701326141803779,0.006));
#2310=CARTESIAN_POINT('',(-0.00855838417591837,0.00938317964750703,0.));
#2311=CARTESIAN_POINT('',(-0.00669339387442552,0.00677673250481402,0.006));
#2312=CARTESIAN_POINT('',(-1.25767452008318E-17,1.95156391047391E-17,0.006));
#2313=CARTESIAN_POINT('',(-0.00511740541605839,0.00803354136154761,0.006));
#2314=CARTESIAN_POINT('',(-0.00618045475972355,0.00923265143823441,0.003));
#2315=CARTESIAN_POINT('',(-0.00724350410338871,0.0104317615149212,2.16840434497101E-19));
#2316=CARTESIAN_POINT('',(9.54097911787244E-18,7.80625564189563E-18,0.));
#2317=CARTESIAN_POINT('',(-0.00364292511438144,0.0121862419370434,-3.60006944780095E-5));
#2318=CARTESIAN_POINT('',(-0.00345759303712503,0.0111211058731366,0.00198800012548866));
#2319=CARTESIAN_POINT('',(-0.00327226095986861,0.0100559698092297,0.00401200094545533));
#2320=CARTESIAN_POINT('',(-0.0030869288826122,0.0089908337453229,0.006036001765422));
#2321=CARTESIAN_POINT('',(-0.004131603935246,0.0124749397106265,-3.60006944780095E-5));
#2322=CARTESIAN_POINT('',(-0.00386093195130462,0.0113737330390236,0.00198800012548866));
#2323=CARTESIAN_POINT('',(-0.00359025996736324,0.0102725263674206,0.00401200094545533));
#2324=CARTESIAN_POINT('',(-0.00331958798342186,0.00917131969581774,0.006036001765422));
#2325=CARTESIAN_POINT('',(-0.00466313995272403,0.0127890019112156,-3.60006944780095E-5));
#2326=CARTESIAN_POINT('',(-0.00428565621360063,0.0116377270962799,0.00198800012548866));
#2327=CARTESIAN_POINT('',(-0.00390817247447723,0.0104864522813441,0.00401200094545533));
#2328=CARTESIAN_POINT('',(-0.00353068873535383,0.00933517746640842,0.006036001765422));
#2329=CARTESIAN_POINT('',(-0.00538146267986591,0.0132133512448421,-3.60006944780095E-5));
#2330=CARTESIAN_POINT('',(-0.00488333166305214,0.0120127701986811,0.00198800012548866));
#2331=CARTESIAN_POINT('',(-0.00438520064623838,0.0108121891525202,0.00401200094545533));
#2332=CARTESIAN_POINT('',(-0.00388706962942461,0.00961160810635927,0.006036001765422));
#2333=CARTESIAN_POINT('',(-0.00559712033092476,0.0133755489774165,-3.60006944780095E-5));
#2334=CARTESIAN_POINT('',(-0.00506463824342592,0.0121599314164314,0.00198800012548866));
#2335=CARTESIAN_POINT('',(-0.00453215615592708,0.0109443138554463,0.00401200094545533));
#2336=CARTESIAN_POINT('',(-0.00399967406842824,0.00972869629446116,0.006036001765422));
#2337=CARTESIAN_POINT('',(-0.00604256367364209,0.0135042905763593,-3.60006944780095E-5));
#2338=CARTESIAN_POINT('',(-0.00547024971326963,0.0122940156009509,0.00198800012548866));
#2339=CARTESIAN_POINT('',(-0.00489793575289717,0.0110837406255425,0.00401200094545533));
#2340=CARTESIAN_POINT('',(-0.00432562179252471,0.00987346565013414,0.006036001765422));
#2341=CARTESIAN_POINT('',(-0.00626150458194618,0.0134765802638612,-3.60006944780095E-5));
#2342=CARTESIAN_POINT('',(-0.00568732264510932,0.0122769489457238,0.00198800012548866));
#2343=CARTESIAN_POINT('',(-0.00511314070827246,0.0110773176275864,0.00401200094545533));
#2344=CARTESIAN_POINT('',(-0.0045389587714356,0.00987768630944908,0.006036001765422));
#2345=CARTESIAN_POINT('',(-0.00663243047515878,0.0132979517682315,-3.60006944780095E-5));
#2346=CARTESIAN_POINT('',(-0.00605251752531365,0.0121010803604989,0.00198800012548866));
#2347=CARTESIAN_POINT('',(-0.00547260457546852,0.0109042089527664,0.00401200094545533));
#2348=CARTESIAN_POINT('',(-0.00489269162562339,0.00970733754503391,0.006036001765422));
#2349=CARTESIAN_POINT('',(-0.00679060269339611,0.0131440539705681,-3.60006944780095E-5));
#2350=CARTESIAN_POINT('',(-0.00620120353293224,0.011942006793881,0.00198800012548866));
#2351=CARTESIAN_POINT('',(-0.00561180437246838,0.0107399596171939,0.00401200094545533));
#2352=CARTESIAN_POINT('',(-0.00502240521200451,0.00953791244050674,0.006036001765422));
#2353=CARTESIAN_POINT('',(-0.0069676778397295,0.01271552326756,-3.60006944780095E-5));
#2354=CARTESIAN_POINT('',(-0.00634926691113831,0.0115412868554685,0.00198800012548866));
#2355=CARTESIAN_POINT('',(-0.00573085598254712,0.0103670504433771,0.00401200094545533));
#2356=CARTESIAN_POINT('',(-0.00511244505395594,0.00919281403128559,0.006036001765422));
#2357=CARTESIAN_POINT('',(-0.00697532689214589,0.0124457866943824,-3.60006944780095E-5));
#2358=CARTESIAN_POINT('',(-0.00634725444197578,0.0113077821444573,0.00198800012548866));
#2359=CARTESIAN_POINT('',(-0.00571918199180566,0.0101697775945323,0.00401200094545533));
#2360=CARTESIAN_POINT('',(-0.00509110954163555,0.00903177304460724,0.006036001765422));
#2361=CARTESIAN_POINT('',(-0.00709142411836871,0.0116196018897889,-3.60006944780095E-5));
#2362=CARTESIAN_POINT('',(-0.00642667848479034,0.0106066651121733,0.00198800012548866));
#2363=CARTESIAN_POINT('',(-0.00576193285121198,0.00959372833455761,0.00401200094545533));
#2364=CARTESIAN_POINT('',(-0.00509718721763362,0.00858079155694196,0.006036001765422));
#2365=CARTESIAN_POINT('',(-0.00717728768871308,0.0110082157180423,-3.60006944780095E-5));
#2366=CARTESIAN_POINT('',(-0.00648509086578642,0.0101100047100916,0.00198800012548866));
#2367=CARTESIAN_POINT('',(-0.00579289404285976,0.00921179370214094,0.00401200094545533));
#2368=CARTESIAN_POINT('',(-0.0051006972199331,0.00831358269419028,0.006036001765422));
#2369=CARTESIAN_POINT('',(-0.00725626094160081,0.0104461511134266,-3.60006944780095E-5));
#2370=CARTESIAN_POINT('',(-0.00653905669385304,0.00963715118727851,0.00198800012548866));
#2371=CARTESIAN_POINT('',(-0.00582185244610528,0.00882815126113039,0.00401200094545533));
#2372=CARTESIAN_POINT('',(-0.00510464819835751,0.00801915133498226,0.006036001765422));
#2373=CARTESIAN_POINT('',(-0.00462330784592254,0.0127489418632375,0.));
#2374=CARTESIAN_POINT('',(-0.00363962863177903,0.0121672964713914,0.));
#2375=CARTESIAN_POINT('',(-0.00560698706006605,0.0133305872550836,0.));
#2376=CARTESIAN_POINT('',(-0.00605488595458605,0.0125731002385032,0.));
#2377=CARTESIAN_POINT('',(-0.00692637354470635,0.0126952042116831,-2.16840434497101E-19));
#2378=CARTESIAN_POINT('',(-0.00708493882404753,0.0115634828633022,0.));
#2379=CARTESIAN_POINT('',(-0.00510852938885068,0.00863126369913206,0.006));
#2380=CARTESIAN_POINT('',(-0.00509965336164297,0.00922898603671651,0.006));
#2381=CARTESIAN_POINT('',(-0.00443972611958357,0.00921918628223635,0.006));
#2382=CARTESIAN_POINT('',(-0.00403592997076381,0.00974124822319579,0.006));
#2383=CARTESIAN_POINT('',(-0.00356307771702088,0.00937551399887895,0.006));
#2384=CARTESIAN_POINT('',(-0.00309022546327795,0.00900977977456212,0.006));
#2385=CARTESIAN_POINT('',(-0.00336492704752849,0.0105885381229768,0.003));
#2386=CARTESIAN_POINT('',(-0.002,0.0125415310070182,0.));
#2387=CARTESIAN_POINT('',(-0.001125,0.00945832966226067,0.006));
#2388=CARTESIAN_POINT('',(-0.00227700428017382,0.0124973570891738,0.));
#2389=CARTESIAN_POINT('',(-0.00145923528898763,0.00941857478866905,0.006));
#2390=CARTESIAN_POINT('',(-0.00255254435365114,0.0124440025717491,0.));
#2391=CARTESIAN_POINT('',(-0.00179135999539775,0.00936108689343797,0.006));
#2392=CARTESIAN_POINT('',(-0.00309948736883923,0.0123191663976692,0.));
#2393=CARTESIAN_POINT('',(-0.00244766379647004,0.00921128983362577,0.006));
#2394=CARTESIAN_POINT('',(-0.00337089005442087,0.0122476847994737,0.));
#2395=CARTESIAN_POINT('',(-0.00277184088014365,0.00911898112803966,0.006));
#2396=CARTESIAN_POINT('',(-0.00363962863177903,0.0121672964713914,0.));
#2397=CARTESIAN_POINT('',(-0.00309022546327795,0.00900977977456212,0.006));
#2398=CARTESIAN_POINT('',(-1.36609473733174E-17,1.11022302462516E-16,0.006));
#2399=CARTESIAN_POINT('',(-1.45283091113058E-17,1.0842021724855E-16,0.));
#2400=CARTESIAN_POINT('',(0.,5.12357801198959E-5,0.006));
#2401=CARTESIAN_POINT('',(3.46944695195361E-18,0.00221092551529408,0.));
#2402=CARTESIAN_POINT('',(0.,-3.88825358729284E-19,0.));
#2403=CARTESIAN_POINT('',(-0.00635,-3.88825358729284E-19,0.));
#2404=CARTESIAN_POINT('',(0.,-3.88825358729284E-19,0.0025));
#2405=CARTESIAN_POINT('',(0.,-3.88825358729284E-19,0.0025));
#2406=CARTESIAN_POINT('',(-0.00635,-3.88825358729284E-19,0.0025));
#2407=CARTESIAN_POINT('',(3.46944695195361E-18,0.,0.0025));
#2408=MECHANICAL_DESIGN_GEOMETRIC_PRESENTATION_REPRESENTATION('',(#911),
#2409);
#2409=(
GEOMETRIC_REPRESENTATION_CONTEXT(3)
GLOBAL_UNCERTAINTY_ASSIGNED_CONTEXT((#2410))
GLOBAL_UNIT_ASSIGNED_CONTEXT((#2413,#2412,#2411))
REPRESENTATION_CONTEXT('Part 1','TOP_LEVEL_ASSEMBLY_PART')
);
#2410=UNCERTAINTY_MEASURE_WITH_UNIT(LENGTH_MEASURE(1.E-8),#2413,
'DISTANCE_ACCURACY_VALUE','Maximum Tolerance applied to model');
#2411=(
NAMED_UNIT(*)
SI_UNIT($,.STERADIAN.)
SOLID_ANGLE_UNIT()
);
#2412=(
NAMED_UNIT(*)
PLANE_ANGLE_UNIT()
SI_UNIT($,.RADIAN.)
);
#2413=(
LENGTH_UNIT()
NAMED_UNIT(*)
SI_UNIT($,.METRE.)
);
#2414=PRODUCT_DEFINITION_SHAPE('','',#2415);
#2415=PRODUCT_DEFINITION('','',#2417,#2416);
#2416=PRODUCT_DEFINITION_CONTEXT('',#2423,'design');
#2417=PRODUCT_DEFINITION_FORMATION_WITH_SPECIFIED_SOURCE('','',#2419,
 .NOT_KNOWN.);
#2418=PRODUCT_RELATED_PRODUCT_CATEGORY('','',(#2419));
#2419=PRODUCT('Part 1','Part 1','Part 1',(#2421));
#2420=PRODUCT_CATEGORY('','');
#2421=PRODUCT_CONTEXT('',#2423,'mechanical');
#2422=APPLICATION_PROTOCOL_DEFINITION('international standard',
'ap242_managed_model_based_3d_engineering',2020,#2423);
#2423=APPLICATION_CONTEXT('managed model based 3d engineering');
ENDSEC;
END-ISO-10303-21;
