ISO-10303-21;
HEADER;
/* Generated by software containing ST-Developer
 * from STEP Tools, Inc. (www.steptools.com) 
 */
/* OPTION: using custom renumber hook */

FILE_DESCRIPTION(
/* description */ ('STEP AP242 Edition 2',
'CAx-IF Rec.Pracs.---Representation and Presentation of Product Manufa
cturing Information (PMI)---4.0---2014-10-13',
'CAx-IF Rec.Pracs.---3D Tessellated Geometry---0.4---2014-09-14','2;1',
'CAx-IF Rec.Pracs.---User Defined Attributes---1.5---2016-08-15'),
/* implementation_level */ '2;1');

FILE_NAME(
/* name */ 'Part Studio 1',
/* time_stamp */ '2026-08-29T03:45:57Z',
/* author */ (''),
/* organization */ (''),
/* preprocessor_version */ 'ST-DEVELOPER v20',
/* originating_system */ 'ONSHAPE BY PTC INC, 1.220',
/* authorisation */ '  ');

FILE_SCHEMA (('AP242_MANAGED_MODEL_BASED_3D_ENGINEERING_MIM_LF { 1 0 10303 442 3 1 4 }'));
ENDSEC;

DATA;
#10=SHAPE_REPRESENTATION_RELATIONSHIP('','',#1283,#11);
#11=ADVANCED_BREP_SHAPE_REPRESENTATION('',(#1281),#2215);
#12=CYLINDRICAL_SURFACE('',#1348,0.0127);
#13=CIRCLE('',#1287,0.01905);
#14=CIRCLE('',#1288,0.0381000000000005);
#15=CIRCLE('',#1291,0.0190499999999995);
#16=CIRCLE('',#1292,0.0381);
#17=CIRCLE('',#1295,0.0190499999999988);
#18=CIRCLE('',#1296,0.0380999999999979);
#19=CIRCLE('',#1299,0.0190500000000004);
#20=CIRCLE('',#1300,0.0380999999999924);
#21=CIRCLE('',#1303,0.0190500000000009);
#22=CIRCLE('',#1304,0.0381000000000018);
#23=CIRCLE('',#1307,0.0190499999999997);
#24=CIRCLE('',#1308,0.0380999999999994);
#25=CIRCLE('',#1311,0.0190499999999997);
#26=CIRCLE('',#1312,0.0381);
#27=CIRCLE('',#1315,0.01905);
#28=CIRCLE('',#1316,0.0380999999999976);
#29=CIRCLE('',#1319,0.01905);
#30=CIRCLE('',#1320,0.0381);
#31=CIRCLE('',#1323,0.01905);
#32=CIRCLE('',#1324,0.0381000000000005);
#33=CIRCLE('',#1327,0.01905);
#34=CIRCLE('',#1328,0.0381);
#35=CIRCLE('',#1331,0.01905);
#36=CIRCLE('',#1332,0.0380999999999979);
#37=CIRCLE('',#1335,0.0190500000000006);
#38=CIRCLE('',#1336,0.0380999999999992);
#39=CIRCLE('',#1339,0.01905);
#40=CIRCLE('',#1340,0.0381);
#41=CIRCLE('',#1343,0.01905);
#42=CIRCLE('',#1344,0.0381000000000008);
#43=CIRCLE('',#1347,0.0127);
#44=CIRCLE('',#1349,0.0127);
#45=CONICAL_SURFACE('',#1286,0.0381000000000005,0.785398163397448);
#46=CONICAL_SURFACE('',#1290,0.0381,0.785398163397448);
#47=CONICAL_SURFACE('',#1294,0.0380999999999979,0.785398163397448);
#48=CONICAL_SURFACE('',#1298,0.0380999999999924,0.785398163397448);
#49=CONICAL_SURFACE('',#1302,0.0381000000000018,0.785398163397448);
#50=CONICAL_SURFACE('',#1306,0.0380999999999994,0.785398163397448);
#51=CONICAL_SURFACE('',#1310,0.0381,0.785398163397448);
#52=CONICAL_SURFACE('',#1314,0.0380999999999976,0.785398163397448);
#53=CONICAL_SURFACE('',#1318,0.0381,0.785398163397448);
#54=CONICAL_SURFACE('',#1322,0.0381000000000005,0.785398163397448);
#55=CONICAL_SURFACE('',#1326,0.0381,0.785398163397448);
#56=CONICAL_SURFACE('',#1330,0.0380999999999979,0.785398163397448);
#57=CONICAL_SURFACE('',#1334,0.0380999999999992,0.785398163397448);
#58=CONICAL_SURFACE('',#1338,0.0381,0.785398163397449);
#59=CONICAL_SURFACE('',#1342,0.0381000000000008,0.785398163397449);
#60=B_SPLINE_SURFACE_WITH_KNOTS('',3,1,((#1645,#1646),(#1647,#1648),(#1649,
#1650),(#1651,#1652)),.RULED_SURF.,.F.,.F.,.F.,(4,4),(2,2),(0.,1.),(0.,
1.),.PIECEWISE_BEZIER_KNOTS.);
#61=B_SPLINE_SURFACE_WITH_KNOTS('',3,1,((#1664,#1665),(#1666,#1667),(#1668,
#1669),(#1670,#1671)),.RULED_SURF.,.F.,.F.,.F.,(4,4),(2,2),(0.,1.),(0.,
1.),.PIECEWISE_BEZIER_KNOTS.);
#62=B_SPLINE_SURFACE_WITH_KNOTS('',3,1,((#1683,#1684),(#1685,#1686),(#1687,
#1688),(#1689,#1690)),.RULED_SURF.,.F.,.F.,.F.,(4,4),(2,2),(0.,1.),(0.,
1.),.PIECEWISE_BEZIER_KNOTS.);
#63=B_SPLINE_SURFACE_WITH_KNOTS('',3,1,((#1702,#1703),(#1704,#1705),(#1706,
#1707),(#1708,#1709)),.RULED_SURF.,.F.,.F.,.F.,(4,4),(2,2),(0.,1.),(0.,
1.),.PIECEWISE_BEZIER_KNOTS.);
#64=B_SPLINE_SURFACE_WITH_KNOTS('',3,1,((#1721,#1722),(#1723,#1724),(#1725,
#1726),(#1727,#1728)),.RULED_SURF.,.F.,.F.,.F.,(4,4),(2,2),(0.,1.),(0.,
1.),.PIECEWISE_BEZIER_KNOTS.);
#65=B_SPLINE_SURFACE_WITH_KNOTS('',3,1,((#1740,#1741),(#1742,#1743),(#1744,
#1745),(#1746,#1747)),.RULED_SURF.,.F.,.F.,.F.,(4,4),(2,2),(0.,1.),(0.,
1.),.PIECEWISE_BEZIER_KNOTS.);
#66=B_SPLINE_SURFACE_WITH_KNOTS('',3,1,((#1759,#1760),(#1761,#1762),(#1763,
#1764),(#1765,#1766)),.RULED_SURF.,.F.,.F.,.F.,(4,4),(2,2),(0.,1.),(0.,
1.),.PIECEWISE_BEZIER_KNOTS.);
#67=B_SPLINE_SURFACE_WITH_KNOTS('',3,1,((#1778,#1779),(#1780,#1781),(#1782,
#1783),(#1784,#1785)),.RULED_SURF.,.F.,.F.,.F.,(4,4),(2,2),(0.,1.),(0.,
1.),.PIECEWISE_BEZIER_KNOTS.);
#68=B_SPLINE_SURFACE_WITH_KNOTS('',3,1,((#1797,#1798),(#1799,#1800),(#1801,
#1802),(#1803,#1804)),.RULED_SURF.,.F.,.F.,.F.,(4,4),(2,2),(0.,1.),(0.,
1.),.PIECEWISE_BEZIER_KNOTS.);
#69=B_SPLINE_SURFACE_WITH_KNOTS('',3,1,((#1816,#1817),(#1818,#1819),(#1820,
#1821),(#1822,#1823)),.RULED_SURF.,.F.,.F.,.F.,(4,4),(2,2),(0.,1.),(0.,
1.),.PIECEWISE_BEZIER_KNOTS.);
#70=B_SPLINE_SURFACE_WITH_KNOTS('',3,1,((#1835,#1836),(#1837,#1838),(#1839,
#1840),(#1841,#1842)),.RULED_SURF.,.F.,.F.,.F.,(4,4),(2,2),(0.,1.),(0.,
1.),.PIECEWISE_BEZIER_KNOTS.);
#71=B_SPLINE_SURFACE_WITH_KNOTS('',3,1,((#1854,#1855),(#1856,#1857),(#1858,
#1859),(#1860,#1861)),.RULED_SURF.,.F.,.F.,.F.,(4,4),(2,2),(0.,1.),(0.,
1.),.PIECEWISE_BEZIER_KNOTS.);
#72=B_SPLINE_SURFACE_WITH_KNOTS('',3,1,((#1873,#1874),(#1875,#1876),(#1877,
#1878),(#1879,#1880)),.RULED_SURF.,.F.,.F.,.F.,(4,4),(2,2),(0.,1.),(0.,
1.),.PIECEWISE_BEZIER_KNOTS.);
#73=B_SPLINE_SURFACE_WITH_KNOTS('',3,1,((#1892,#1893),(#1894,#1895),(#1896,
#1897),(#1898,#1899)),.RULED_SURF.,.F.,.F.,.F.,(4,4),(2,2),(0.,1.),(0.,
1.),.PIECEWISE_BEZIER_KNOTS.);
#74=B_SPLINE_SURFACE_WITH_KNOTS('',3,1,((#1911,#1912),(#1913,#1914),(#1915,
#1916),(#1917,#1918)),.RULED_SURF.,.F.,.F.,.F.,(4,4),(2,2),(0.,1.),(0.,
1.),.PIECEWISE_BEZIER_KNOTS.);
#75=B_SPLINE_SURFACE_WITH_KNOTS('',3,1,((#1930,#1931),(#1932,#1933),(#1934,
#1935),(#1936,#1937)),.RULED_SURF.,.F.,.F.,.F.,(4,4),(2,2),(0.,1.),(0.,
1.),.PIECEWISE_BEZIER_KNOTS.);
#76=B_SPLINE_SURFACE_WITH_KNOTS('',3,1,((#1949,#1950),(#1951,#1952),(#1953,
#1954),(#1955,#1956)),.RULED_SURF.,.F.,.F.,.F.,(4,4),(2,2),(0.,1.),(0.,
1.),.PIECEWISE_BEZIER_KNOTS.);
#77=B_SPLINE_SURFACE_WITH_KNOTS('',3,1,((#1968,#1969),(#1970,#1971),(#1972,
#1973),(#1974,#1975)),.RULED_SURF.,.F.,.F.,.F.,(4,4),(2,2),(0.,1.),(0.,
1.),.PIECEWISE_BEZIER_KNOTS.);
#78=B_SPLINE_SURFACE_WITH_KNOTS('',3,1,((#1987,#1988),(#1989,#1990),(#1991,
#1992),(#1993,#1994)),.RULED_SURF.,.F.,.F.,.F.,(4,4),(2,2),(0.,1.),(0.,
1.),.PIECEWISE_BEZIER_KNOTS.);
#79=B_SPLINE_SURFACE_WITH_KNOTS('',3,1,((#2006,#2007),(#2008,#2009),(#2010,
#2011),(#2012,#2013)),.RULED_SURF.,.F.,.F.,.F.,(4,4),(2,2),(0.,1.),(0.,
1.),.PIECEWISE_BEZIER_KNOTS.);
#80=B_SPLINE_SURFACE_WITH_KNOTS('',3,1,((#2025,#2026),(#2027,#2028),(#2029,
#2030),(#2031,#2032)),.RULED_SURF.,.F.,.F.,.F.,(4,4),(2,2),(0.,1.),(0.,
1.),.PIECEWISE_BEZIER_KNOTS.);
#81=B_SPLINE_SURFACE_WITH_KNOTS('',3,1,((#2044,#2045),(#2046,#2047),(#2048,
#2049),(#2050,#2051)),.RULED_SURF.,.F.,.F.,.F.,(4,4),(2,2),(0.,1.),(0.,
1.),.PIECEWISE_BEZIER_KNOTS.);
#82=B_SPLINE_SURFACE_WITH_KNOTS('',3,1,((#2063,#2064),(#2065,#2066),(#2067,
#2068),(#2069,#2070)),.RULED_SURF.,.F.,.F.,.F.,(4,4),(2,2),(0.,1.),(0.,
1.),.PIECEWISE_BEZIER_KNOTS.);
#83=B_SPLINE_SURFACE_WITH_KNOTS('',3,1,((#2082,#2083),(#2084,#2085),(#2086,
#2087),(#2088,#2089)),.RULED_SURF.,.F.,.F.,.F.,(4,4),(2,2),(0.,1.),(0.,
1.),.PIECEWISE_BEZIER_KNOTS.);
#84=B_SPLINE_SURFACE_WITH_KNOTS('',3,1,((#2101,#2102),(#2103,#2104),(#2105,
#2106),(#2107,#2108)),.RULED_SURF.,.F.,.F.,.F.,(4,4),(2,2),(0.,1.),(0.,
1.),.PIECEWISE_BEZIER_KNOTS.);
#85=B_SPLINE_SURFACE_WITH_KNOTS('',3,1,((#2120,#2121),(#2122,#2123),(#2124,
#2125),(#2126,#2127)),.RULED_SURF.,.F.,.F.,.F.,(4,4),(2,2),(0.,1.),(0.,
1.),.PIECEWISE_BEZIER_KNOTS.);
#86=B_SPLINE_SURFACE_WITH_KNOTS('',3,1,((#2139,#2140),(#2141,#2142),(#2143,
#2144),(#2145,#2146)),.RULED_SURF.,.F.,.F.,.F.,(4,4),(2,2),(0.,1.),(0.,
1.),.PIECEWISE_BEZIER_KNOTS.);
#87=B_SPLINE_SURFACE_WITH_KNOTS('',3,1,((#2158,#2159),(#2160,#2161),(#2162,
#2163),(#2164,#2165)),.RULED_SURF.,.F.,.F.,.F.,(4,4),(2,2),(0.,1.),(0.,
1.),.PIECEWISE_BEZIER_KNOTS.);
#88=B_SPLINE_SURFACE_WITH_KNOTS('',3,1,((#2177,#2178),(#2179,#2180),(#2181,
#2182),(#2183,#2184)),.RULED_SURF.,.F.,.F.,.F.,(4,4),(2,2),(0.,1.),(0.,
1.),.PIECEWISE_BEZIER_KNOTS.);
#89=B_SPLINE_SURFACE_WITH_KNOTS('',3,1,((#2196,#2197),(#2198,#2199),(#2200,
#2201),(#2202,#2203)),.RULED_SURF.,.F.,.F.,.F.,(4,4),(2,2),(0.,1.),(0.,
1.),.PIECEWISE_BEZIER_KNOTS.);
#90=ORIENTED_EDGE('',*,*,#454,.T.);
#91=ORIENTED_EDGE('',*,*,#455,.T.);
#92=ORIENTED_EDGE('',*,*,#456,.F.);
#93=ORIENTED_EDGE('',*,*,#457,.F.);
#94=ORIENTED_EDGE('',*,*,#457,.T.);
#95=ORIENTED_EDGE('',*,*,#458,.F.);
#96=ORIENTED_EDGE('',*,*,#459,.F.);
#97=ORIENTED_EDGE('',*,*,#460,.T.);
#98=ORIENTED_EDGE('',*,*,#459,.T.);
#99=ORIENTED_EDGE('',*,*,#461,.F.);
#100=ORIENTED_EDGE('',*,*,#462,.F.);
#101=ORIENTED_EDGE('',*,*,#463,.T.);
#102=ORIENTED_EDGE('',*,*,#462,.T.);
#103=ORIENTED_EDGE('',*,*,#464,.F.);
#104=ORIENTED_EDGE('',*,*,#465,.F.);
#105=ORIENTED_EDGE('',*,*,#466,.T.);
#106=ORIENTED_EDGE('',*,*,#467,.T.);
#107=ORIENTED_EDGE('',*,*,#465,.T.);
#108=ORIENTED_EDGE('',*,*,#468,.F.);
#109=ORIENTED_EDGE('',*,*,#469,.F.);
#110=ORIENTED_EDGE('',*,*,#469,.T.);
#111=ORIENTED_EDGE('',*,*,#470,.F.);
#112=ORIENTED_EDGE('',*,*,#471,.F.);
#113=ORIENTED_EDGE('',*,*,#472,.T.);
#114=ORIENTED_EDGE('',*,*,#471,.T.);
#115=ORIENTED_EDGE('',*,*,#473,.F.);
#116=ORIENTED_EDGE('',*,*,#474,.F.);
#117=ORIENTED_EDGE('',*,*,#475,.T.);
#118=ORIENTED_EDGE('',*,*,#474,.T.);
#119=ORIENTED_EDGE('',*,*,#476,.F.);
#120=ORIENTED_EDGE('',*,*,#477,.F.);
#121=ORIENTED_EDGE('',*,*,#478,.T.);
#122=ORIENTED_EDGE('',*,*,#479,.T.);
#123=ORIENTED_EDGE('',*,*,#477,.T.);
#124=ORIENTED_EDGE('',*,*,#480,.F.);
#125=ORIENTED_EDGE('',*,*,#481,.F.);
#126=ORIENTED_EDGE('',*,*,#481,.T.);
#127=ORIENTED_EDGE('',*,*,#482,.F.);
#128=ORIENTED_EDGE('',*,*,#483,.F.);
#129=ORIENTED_EDGE('',*,*,#484,.T.);
#130=ORIENTED_EDGE('',*,*,#483,.T.);
#131=ORIENTED_EDGE('',*,*,#485,.F.);
#132=ORIENTED_EDGE('',*,*,#486,.F.);
#133=ORIENTED_EDGE('',*,*,#487,.T.);
#134=ORIENTED_EDGE('',*,*,#486,.T.);
#135=ORIENTED_EDGE('',*,*,#488,.F.);
#136=ORIENTED_EDGE('',*,*,#489,.F.);
#137=ORIENTED_EDGE('',*,*,#490,.T.);
#138=ORIENTED_EDGE('',*,*,#491,.T.);
#139=ORIENTED_EDGE('',*,*,#489,.T.);
#140=ORIENTED_EDGE('',*,*,#492,.F.);
#141=ORIENTED_EDGE('',*,*,#493,.F.);
#142=ORIENTED_EDGE('',*,*,#493,.T.);
#143=ORIENTED_EDGE('',*,*,#494,.F.);
#144=ORIENTED_EDGE('',*,*,#495,.F.);
#145=ORIENTED_EDGE('',*,*,#496,.T.);
#146=ORIENTED_EDGE('',*,*,#495,.T.);
#147=ORIENTED_EDGE('',*,*,#497,.F.);
#148=ORIENTED_EDGE('',*,*,#498,.F.);
#149=ORIENTED_EDGE('',*,*,#499,.T.);
#150=ORIENTED_EDGE('',*,*,#498,.T.);
#151=ORIENTED_EDGE('',*,*,#500,.F.);
#152=ORIENTED_EDGE('',*,*,#501,.F.);
#153=ORIENTED_EDGE('',*,*,#502,.T.);
#154=ORIENTED_EDGE('',*,*,#503,.T.);
#155=ORIENTED_EDGE('',*,*,#501,.T.);
#156=ORIENTED_EDGE('',*,*,#504,.F.);
#157=ORIENTED_EDGE('',*,*,#505,.F.);
#158=ORIENTED_EDGE('',*,*,#505,.T.);
#159=ORIENTED_EDGE('',*,*,#506,.F.);
#160=ORIENTED_EDGE('',*,*,#507,.F.);
#161=ORIENTED_EDGE('',*,*,#508,.T.);
#162=ORIENTED_EDGE('',*,*,#507,.T.);
#163=ORIENTED_EDGE('',*,*,#509,.F.);
#164=ORIENTED_EDGE('',*,*,#510,.F.);
#165=ORIENTED_EDGE('',*,*,#511,.T.);
#166=ORIENTED_EDGE('',*,*,#510,.T.);
#167=ORIENTED_EDGE('',*,*,#512,.F.);
#168=ORIENTED_EDGE('',*,*,#513,.F.);
#169=ORIENTED_EDGE('',*,*,#514,.T.);
#170=ORIENTED_EDGE('',*,*,#515,.T.);
#171=ORIENTED_EDGE('',*,*,#513,.T.);
#172=ORIENTED_EDGE('',*,*,#516,.F.);
#173=ORIENTED_EDGE('',*,*,#517,.F.);
#174=ORIENTED_EDGE('',*,*,#517,.T.);
#175=ORIENTED_EDGE('',*,*,#518,.F.);
#176=ORIENTED_EDGE('',*,*,#519,.F.);
#177=ORIENTED_EDGE('',*,*,#520,.T.);
#178=ORIENTED_EDGE('',*,*,#519,.T.);
#179=ORIENTED_EDGE('',*,*,#521,.F.);
#180=ORIENTED_EDGE('',*,*,#522,.F.);
#181=ORIENTED_EDGE('',*,*,#523,.T.);
#182=ORIENTED_EDGE('',*,*,#522,.T.);
#183=ORIENTED_EDGE('',*,*,#524,.F.);
#184=ORIENTED_EDGE('',*,*,#525,.F.);
#185=ORIENTED_EDGE('',*,*,#526,.T.);
#186=ORIENTED_EDGE('',*,*,#527,.T.);
#187=ORIENTED_EDGE('',*,*,#525,.T.);
#188=ORIENTED_EDGE('',*,*,#528,.F.);
#189=ORIENTED_EDGE('',*,*,#529,.F.);
#190=ORIENTED_EDGE('',*,*,#529,.T.);
#191=ORIENTED_EDGE('',*,*,#530,.F.);
#192=ORIENTED_EDGE('',*,*,#531,.F.);
#193=ORIENTED_EDGE('',*,*,#532,.T.);
#194=ORIENTED_EDGE('',*,*,#531,.T.);
#195=ORIENTED_EDGE('',*,*,#533,.F.);
#196=ORIENTED_EDGE('',*,*,#534,.F.);
#197=ORIENTED_EDGE('',*,*,#535,.T.);
#198=ORIENTED_EDGE('',*,*,#534,.T.);
#199=ORIENTED_EDGE('',*,*,#536,.F.);
#200=ORIENTED_EDGE('',*,*,#537,.F.);
#201=ORIENTED_EDGE('',*,*,#538,.T.);
#202=ORIENTED_EDGE('',*,*,#539,.T.);
#203=ORIENTED_EDGE('',*,*,#537,.T.);
#204=ORIENTED_EDGE('',*,*,#540,.F.);
#205=ORIENTED_EDGE('',*,*,#541,.F.);
#206=ORIENTED_EDGE('',*,*,#541,.T.);
#207=ORIENTED_EDGE('',*,*,#542,.F.);
#208=ORIENTED_EDGE('',*,*,#543,.F.);
#209=ORIENTED_EDGE('',*,*,#544,.T.);
#210=ORIENTED_EDGE('',*,*,#543,.T.);
#211=ORIENTED_EDGE('',*,*,#545,.F.);
#212=ORIENTED_EDGE('',*,*,#546,.F.);
#213=ORIENTED_EDGE('',*,*,#547,.T.);
#214=ORIENTED_EDGE('',*,*,#546,.T.);
#215=ORIENTED_EDGE('',*,*,#548,.F.);
#216=ORIENTED_EDGE('',*,*,#549,.F.);
#217=ORIENTED_EDGE('',*,*,#550,.T.);
#218=ORIENTED_EDGE('',*,*,#551,.T.);
#219=ORIENTED_EDGE('',*,*,#549,.T.);
#220=ORIENTED_EDGE('',*,*,#552,.F.);
#221=ORIENTED_EDGE('',*,*,#553,.F.);
#222=ORIENTED_EDGE('',*,*,#553,.T.);
#223=ORIENTED_EDGE('',*,*,#554,.F.);
#224=ORIENTED_EDGE('',*,*,#555,.F.);
#225=ORIENTED_EDGE('',*,*,#556,.T.);
#226=ORIENTED_EDGE('',*,*,#555,.T.);
#227=ORIENTED_EDGE('',*,*,#557,.F.);
#228=ORIENTED_EDGE('',*,*,#558,.F.);
#229=ORIENTED_EDGE('',*,*,#559,.T.);
#230=ORIENTED_EDGE('',*,*,#558,.T.);
#231=ORIENTED_EDGE('',*,*,#560,.F.);
#232=ORIENTED_EDGE('',*,*,#561,.F.);
#233=ORIENTED_EDGE('',*,*,#562,.T.);
#234=ORIENTED_EDGE('',*,*,#563,.T.);
#235=ORIENTED_EDGE('',*,*,#561,.T.);
#236=ORIENTED_EDGE('',*,*,#564,.F.);
#237=ORIENTED_EDGE('',*,*,#565,.F.);
#238=ORIENTED_EDGE('',*,*,#565,.T.);
#239=ORIENTED_EDGE('',*,*,#566,.F.);
#240=ORIENTED_EDGE('',*,*,#567,.F.);
#241=ORIENTED_EDGE('',*,*,#568,.T.);
#242=ORIENTED_EDGE('',*,*,#567,.T.);
#243=ORIENTED_EDGE('',*,*,#569,.F.);
#244=ORIENTED_EDGE('',*,*,#570,.F.);
#245=ORIENTED_EDGE('',*,*,#571,.T.);
#246=ORIENTED_EDGE('',*,*,#570,.T.);
#247=ORIENTED_EDGE('',*,*,#572,.F.);
#248=ORIENTED_EDGE('',*,*,#573,.F.);
#249=ORIENTED_EDGE('',*,*,#574,.T.);
#250=ORIENTED_EDGE('',*,*,#575,.T.);
#251=ORIENTED_EDGE('',*,*,#573,.T.);
#252=ORIENTED_EDGE('',*,*,#576,.F.);
#253=ORIENTED_EDGE('',*,*,#577,.F.);
#254=ORIENTED_EDGE('',*,*,#577,.T.);
#255=ORIENTED_EDGE('',*,*,#578,.F.);
#256=ORIENTED_EDGE('',*,*,#579,.F.);
#257=ORIENTED_EDGE('',*,*,#580,.T.);
#258=ORIENTED_EDGE('',*,*,#579,.T.);
#259=ORIENTED_EDGE('',*,*,#581,.F.);
#260=ORIENTED_EDGE('',*,*,#582,.F.);
#261=ORIENTED_EDGE('',*,*,#583,.T.);
#262=ORIENTED_EDGE('',*,*,#582,.T.);
#263=ORIENTED_EDGE('',*,*,#584,.F.);
#264=ORIENTED_EDGE('',*,*,#585,.F.);
#265=ORIENTED_EDGE('',*,*,#586,.T.);
#266=ORIENTED_EDGE('',*,*,#587,.T.);
#267=ORIENTED_EDGE('',*,*,#585,.T.);
#268=ORIENTED_EDGE('',*,*,#588,.F.);
#269=ORIENTED_EDGE('',*,*,#589,.F.);
#270=ORIENTED_EDGE('',*,*,#589,.T.);
#271=ORIENTED_EDGE('',*,*,#590,.F.);
#272=ORIENTED_EDGE('',*,*,#591,.F.);
#273=ORIENTED_EDGE('',*,*,#592,.T.);
#274=ORIENTED_EDGE('',*,*,#591,.T.);
#275=ORIENTED_EDGE('',*,*,#593,.F.);
#276=ORIENTED_EDGE('',*,*,#594,.F.);
#277=ORIENTED_EDGE('',*,*,#595,.T.);
#278=ORIENTED_EDGE('',*,*,#594,.T.);
#279=ORIENTED_EDGE('',*,*,#596,.F.);
#280=ORIENTED_EDGE('',*,*,#597,.F.);
#281=ORIENTED_EDGE('',*,*,#598,.T.);
#282=ORIENTED_EDGE('',*,*,#599,.T.);
#283=ORIENTED_EDGE('',*,*,#597,.T.);
#284=ORIENTED_EDGE('',*,*,#600,.F.);
#285=ORIENTED_EDGE('',*,*,#601,.F.);
#286=ORIENTED_EDGE('',*,*,#601,.T.);
#287=ORIENTED_EDGE('',*,*,#602,.F.);
#288=ORIENTED_EDGE('',*,*,#603,.F.);
#289=ORIENTED_EDGE('',*,*,#604,.T.);
#290=ORIENTED_EDGE('',*,*,#603,.T.);
#291=ORIENTED_EDGE('',*,*,#605,.F.);
#292=ORIENTED_EDGE('',*,*,#606,.F.);
#293=ORIENTED_EDGE('',*,*,#607,.T.);
#294=ORIENTED_EDGE('',*,*,#606,.T.);
#295=ORIENTED_EDGE('',*,*,#608,.F.);
#296=ORIENTED_EDGE('',*,*,#609,.F.);
#297=ORIENTED_EDGE('',*,*,#610,.T.);
#298=ORIENTED_EDGE('',*,*,#611,.T.);
#299=ORIENTED_EDGE('',*,*,#609,.T.);
#300=ORIENTED_EDGE('',*,*,#612,.F.);
#301=ORIENTED_EDGE('',*,*,#613,.F.);
#302=ORIENTED_EDGE('',*,*,#613,.T.);
#303=ORIENTED_EDGE('',*,*,#614,.F.);
#304=ORIENTED_EDGE('',*,*,#615,.F.);
#305=ORIENTED_EDGE('',*,*,#616,.T.);
#306=ORIENTED_EDGE('',*,*,#615,.T.);
#307=ORIENTED_EDGE('',*,*,#617,.F.);
#308=ORIENTED_EDGE('',*,*,#618,.F.);
#309=ORIENTED_EDGE('',*,*,#619,.T.);
#310=ORIENTED_EDGE('',*,*,#618,.T.);
#311=ORIENTED_EDGE('',*,*,#620,.F.);
#312=ORIENTED_EDGE('',*,*,#621,.F.);
#313=ORIENTED_EDGE('',*,*,#622,.T.);
#314=ORIENTED_EDGE('',*,*,#623,.T.);
#315=ORIENTED_EDGE('',*,*,#621,.T.);
#316=ORIENTED_EDGE('',*,*,#624,.F.);
#317=ORIENTED_EDGE('',*,*,#625,.F.);
#318=ORIENTED_EDGE('',*,*,#625,.T.);
#319=ORIENTED_EDGE('',*,*,#626,.F.);
#320=ORIENTED_EDGE('',*,*,#627,.F.);
#321=ORIENTED_EDGE('',*,*,#628,.T.);
#322=ORIENTED_EDGE('',*,*,#627,.T.);
#323=ORIENTED_EDGE('',*,*,#629,.F.);
#324=ORIENTED_EDGE('',*,*,#630,.F.);
#325=ORIENTED_EDGE('',*,*,#631,.T.);
#326=ORIENTED_EDGE('',*,*,#630,.T.);
#327=ORIENTED_EDGE('',*,*,#632,.F.);
#328=ORIENTED_EDGE('',*,*,#455,.F.);
#329=ORIENTED_EDGE('',*,*,#633,.T.);
#330=ORIENTED_EDGE('',*,*,#488,.T.);
#331=ORIENTED_EDGE('',*,*,#485,.T.);
#332=ORIENTED_EDGE('',*,*,#482,.T.);
#333=ORIENTED_EDGE('',*,*,#480,.T.);
#334=ORIENTED_EDGE('',*,*,#476,.T.);
#335=ORIENTED_EDGE('',*,*,#473,.T.);
#336=ORIENTED_EDGE('',*,*,#470,.T.);
#337=ORIENTED_EDGE('',*,*,#468,.T.);
#338=ORIENTED_EDGE('',*,*,#464,.T.);
#339=ORIENTED_EDGE('',*,*,#461,.T.);
#340=ORIENTED_EDGE('',*,*,#458,.T.);
#341=ORIENTED_EDGE('',*,*,#456,.T.);
#342=ORIENTED_EDGE('',*,*,#632,.T.);
#343=ORIENTED_EDGE('',*,*,#629,.T.);
#344=ORIENTED_EDGE('',*,*,#626,.T.);
#345=ORIENTED_EDGE('',*,*,#624,.T.);
#346=ORIENTED_EDGE('',*,*,#620,.T.);
#347=ORIENTED_EDGE('',*,*,#617,.T.);
#348=ORIENTED_EDGE('',*,*,#614,.T.);
#349=ORIENTED_EDGE('',*,*,#612,.T.);
#350=ORIENTED_EDGE('',*,*,#608,.T.);
#351=ORIENTED_EDGE('',*,*,#605,.T.);
#352=ORIENTED_EDGE('',*,*,#602,.T.);
#353=ORIENTED_EDGE('',*,*,#600,.T.);
#354=ORIENTED_EDGE('',*,*,#596,.T.);
#355=ORIENTED_EDGE('',*,*,#593,.T.);
#356=ORIENTED_EDGE('',*,*,#590,.T.);
#357=ORIENTED_EDGE('',*,*,#588,.T.);
#358=ORIENTED_EDGE('',*,*,#584,.T.);
#359=ORIENTED_EDGE('',*,*,#581,.T.);
#360=ORIENTED_EDGE('',*,*,#578,.T.);
#361=ORIENTED_EDGE('',*,*,#576,.T.);
#362=ORIENTED_EDGE('',*,*,#572,.T.);
#363=ORIENTED_EDGE('',*,*,#569,.T.);
#364=ORIENTED_EDGE('',*,*,#566,.T.);
#365=ORIENTED_EDGE('',*,*,#564,.T.);
#366=ORIENTED_EDGE('',*,*,#560,.T.);
#367=ORIENTED_EDGE('',*,*,#557,.T.);
#368=ORIENTED_EDGE('',*,*,#554,.T.);
#369=ORIENTED_EDGE('',*,*,#552,.T.);
#370=ORIENTED_EDGE('',*,*,#548,.T.);
#371=ORIENTED_EDGE('',*,*,#545,.T.);
#372=ORIENTED_EDGE('',*,*,#542,.T.);
#373=ORIENTED_EDGE('',*,*,#540,.T.);
#374=ORIENTED_EDGE('',*,*,#536,.T.);
#375=ORIENTED_EDGE('',*,*,#533,.T.);
#376=ORIENTED_EDGE('',*,*,#530,.T.);
#377=ORIENTED_EDGE('',*,*,#528,.T.);
#378=ORIENTED_EDGE('',*,*,#524,.T.);
#379=ORIENTED_EDGE('',*,*,#521,.T.);
#380=ORIENTED_EDGE('',*,*,#518,.T.);
#381=ORIENTED_EDGE('',*,*,#516,.T.);
#382=ORIENTED_EDGE('',*,*,#512,.T.);
#383=ORIENTED_EDGE('',*,*,#509,.T.);
#384=ORIENTED_EDGE('',*,*,#506,.T.);
#385=ORIENTED_EDGE('',*,*,#504,.T.);
#386=ORIENTED_EDGE('',*,*,#500,.T.);
#387=ORIENTED_EDGE('',*,*,#497,.T.);
#388=ORIENTED_EDGE('',*,*,#494,.T.);
#389=ORIENTED_EDGE('',*,*,#492,.T.);
#390=ORIENTED_EDGE('',*,*,#634,.T.);
#391=ORIENTED_EDGE('',*,*,#490,.F.);
#392=ORIENTED_EDGE('',*,*,#491,.F.);
#393=ORIENTED_EDGE('',*,*,#496,.F.);
#394=ORIENTED_EDGE('',*,*,#499,.F.);
#395=ORIENTED_EDGE('',*,*,#502,.F.);
#396=ORIENTED_EDGE('',*,*,#503,.F.);
#397=ORIENTED_EDGE('',*,*,#508,.F.);
#398=ORIENTED_EDGE('',*,*,#511,.F.);
#399=ORIENTED_EDGE('',*,*,#514,.F.);
#400=ORIENTED_EDGE('',*,*,#515,.F.);
#401=ORIENTED_EDGE('',*,*,#520,.F.);
#402=ORIENTED_EDGE('',*,*,#523,.F.);
#403=ORIENTED_EDGE('',*,*,#526,.F.);
#404=ORIENTED_EDGE('',*,*,#527,.F.);
#405=ORIENTED_EDGE('',*,*,#532,.F.);
#406=ORIENTED_EDGE('',*,*,#535,.F.);
#407=ORIENTED_EDGE('',*,*,#538,.F.);
#408=ORIENTED_EDGE('',*,*,#539,.F.);
#409=ORIENTED_EDGE('',*,*,#544,.F.);
#410=ORIENTED_EDGE('',*,*,#547,.F.);
#411=ORIENTED_EDGE('',*,*,#550,.F.);
#412=ORIENTED_EDGE('',*,*,#551,.F.);
#413=ORIENTED_EDGE('',*,*,#556,.F.);
#414=ORIENTED_EDGE('',*,*,#559,.F.);
#415=ORIENTED_EDGE('',*,*,#562,.F.);
#416=ORIENTED_EDGE('',*,*,#563,.F.);
#417=ORIENTED_EDGE('',*,*,#568,.F.);
#418=ORIENTED_EDGE('',*,*,#571,.F.);
#419=ORIENTED_EDGE('',*,*,#574,.F.);
#420=ORIENTED_EDGE('',*,*,#575,.F.);
#421=ORIENTED_EDGE('',*,*,#580,.F.);
#422=ORIENTED_EDGE('',*,*,#583,.F.);
#423=ORIENTED_EDGE('',*,*,#586,.F.);
#424=ORIENTED_EDGE('',*,*,#587,.F.);
#425=ORIENTED_EDGE('',*,*,#592,.F.);
#426=ORIENTED_EDGE('',*,*,#595,.F.);
#427=ORIENTED_EDGE('',*,*,#598,.F.);
#428=ORIENTED_EDGE('',*,*,#599,.F.);
#429=ORIENTED_EDGE('',*,*,#604,.F.);
#430=ORIENTED_EDGE('',*,*,#607,.F.);
#431=ORIENTED_EDGE('',*,*,#610,.F.);
#432=ORIENTED_EDGE('',*,*,#611,.F.);
#433=ORIENTED_EDGE('',*,*,#616,.F.);
#434=ORIENTED_EDGE('',*,*,#619,.F.);
#435=ORIENTED_EDGE('',*,*,#622,.F.);
#436=ORIENTED_EDGE('',*,*,#623,.F.);
#437=ORIENTED_EDGE('',*,*,#628,.F.);
#438=ORIENTED_EDGE('',*,*,#631,.F.);
#439=ORIENTED_EDGE('',*,*,#633,.F.);
#440=ORIENTED_EDGE('',*,*,#454,.F.);
#441=ORIENTED_EDGE('',*,*,#460,.F.);
#442=ORIENTED_EDGE('',*,*,#463,.F.);
#443=ORIENTED_EDGE('',*,*,#466,.F.);
#444=ORIENTED_EDGE('',*,*,#467,.F.);
#445=ORIENTED_EDGE('',*,*,#472,.F.);
#446=ORIENTED_EDGE('',*,*,#475,.F.);
#447=ORIENTED_EDGE('',*,*,#478,.F.);
#448=ORIENTED_EDGE('',*,*,#479,.F.);
#449=ORIENTED_EDGE('',*,*,#484,.F.);
#450=ORIENTED_EDGE('',*,*,#487,.F.);
#451=ORIENTED_EDGE('',*,*,#635,.T.);
#452=ORIENTED_EDGE('',*,*,#634,.F.);
#453=ORIENTED_EDGE('',*,*,#635,.F.);
#454=EDGE_CURVE('',#636,#637,#758,.F.);
#455=EDGE_CURVE('',#637,#638,#759,.T.);
#456=EDGE_CURVE('',#639,#638,#760,.T.);
#457=EDGE_CURVE('',#636,#639,#761,.T.);
#458=EDGE_CURVE('',#640,#639,#762,.T.);
#459=EDGE_CURVE('',#641,#640,#763,.T.);
#460=EDGE_CURVE('',#641,#636,#764,.F.);
#461=EDGE_CURVE('',#642,#640,#13,.T.);
#462=EDGE_CURVE('',#643,#642,#765,.T.);
#463=EDGE_CURVE('',#643,#641,#14,.T.);
#464=EDGE_CURVE('',#644,#642,#766,.F.);
#465=EDGE_CURVE('',#645,#644,#767,.T.);
#466=EDGE_CURVE('',#645,#643,#768,.T.);
#467=EDGE_CURVE('',#646,#645,#769,.F.);
#468=EDGE_CURVE('',#647,#644,#770,.T.);
#469=EDGE_CURVE('',#646,#647,#771,.T.);
#470=EDGE_CURVE('',#648,#647,#772,.T.);
#471=EDGE_CURVE('',#649,#648,#773,.T.);
#472=EDGE_CURVE('',#649,#646,#774,.F.);
#473=EDGE_CURVE('',#650,#648,#15,.T.);
#474=EDGE_CURVE('',#651,#650,#775,.T.);
#475=EDGE_CURVE('',#651,#649,#16,.T.);
#476=EDGE_CURVE('',#652,#650,#776,.F.);
#477=EDGE_CURVE('',#653,#652,#777,.T.);
#478=EDGE_CURVE('',#653,#651,#778,.T.);
#479=EDGE_CURVE('',#654,#653,#779,.F.);
#480=EDGE_CURVE('',#655,#652,#780,.T.);
#481=EDGE_CURVE('',#654,#655,#781,.T.);
#482=EDGE_CURVE('',#656,#655,#782,.T.);
#483=EDGE_CURVE('',#657,#656,#783,.T.);
#484=EDGE_CURVE('',#657,#654,#784,.F.);
#485=EDGE_CURVE('',#658,#656,#17,.T.);
#486=EDGE_CURVE('',#659,#658,#785,.T.);
#487=EDGE_CURVE('',#659,#657,#18,.T.);
#488=EDGE_CURVE('',#660,#658,#786,.F.);
#489=EDGE_CURVE('',#661,#660,#787,.T.);
#490=EDGE_CURVE('',#661,#659,#788,.T.);
#491=EDGE_CURVE('',#662,#661,#789,.F.);
#492=EDGE_CURVE('',#663,#660,#790,.T.);
#493=EDGE_CURVE('',#662,#663,#791,.T.);
#494=EDGE_CURVE('',#664,#663,#792,.T.);
#495=EDGE_CURVE('',#665,#664,#793,.T.);
#496=EDGE_CURVE('',#665,#662,#794,.F.);
#497=EDGE_CURVE('',#666,#664,#19,.T.);
#498=EDGE_CURVE('',#667,#666,#795,.T.);
#499=EDGE_CURVE('',#667,#665,#20,.T.);
#500=EDGE_CURVE('',#668,#666,#796,.F.);
#501=EDGE_CURVE('',#669,#668,#797,.T.);
#502=EDGE_CURVE('',#669,#667,#798,.T.);
#503=EDGE_CURVE('',#670,#669,#799,.F.);
#504=EDGE_CURVE('',#671,#668,#800,.T.);
#505=EDGE_CURVE('',#670,#671,#801,.T.);
#506=EDGE_CURVE('',#672,#671,#802,.T.);
#507=EDGE_CURVE('',#673,#672,#803,.T.);
#508=EDGE_CURVE('',#673,#670,#804,.F.);
#509=EDGE_CURVE('',#674,#672,#21,.T.);
#510=EDGE_CURVE('',#675,#674,#805,.T.);
#511=EDGE_CURVE('',#675,#673,#22,.T.);
#512=EDGE_CURVE('',#676,#674,#806,.F.);
#513=EDGE_CURVE('',#677,#676,#807,.T.);
#514=EDGE_CURVE('',#677,#675,#808,.T.);
#515=EDGE_CURVE('',#678,#677,#809,.F.);
#516=EDGE_CURVE('',#679,#676,#810,.T.);
#517=EDGE_CURVE('',#678,#679,#811,.T.);
#518=EDGE_CURVE('',#680,#679,#812,.T.);
#519=EDGE_CURVE('',#681,#680,#813,.T.);
#520=EDGE_CURVE('',#681,#678,#814,.F.);
#521=EDGE_CURVE('',#682,#680,#23,.T.);
#522=EDGE_CURVE('',#683,#682,#815,.T.);
#523=EDGE_CURVE('',#683,#681,#24,.T.);
#524=EDGE_CURVE('',#684,#682,#816,.F.);
#525=EDGE_CURVE('',#685,#684,#817,.T.);
#526=EDGE_CURVE('',#685,#683,#818,.T.);
#527=EDGE_CURVE('',#686,#685,#819,.F.);
#528=EDGE_CURVE('',#687,#684,#820,.T.);
#529=EDGE_CURVE('',#686,#687,#821,.T.);
#530=EDGE_CURVE('',#688,#687,#822,.T.);
#531=EDGE_CURVE('',#689,#688,#823,.T.);
#532=EDGE_CURVE('',#689,#686,#824,.F.);
#533=EDGE_CURVE('',#690,#688,#25,.T.);
#534=EDGE_CURVE('',#691,#690,#825,.T.);
#535=EDGE_CURVE('',#691,#689,#26,.T.);
#536=EDGE_CURVE('',#692,#690,#826,.F.);
#537=EDGE_CURVE('',#693,#692,#827,.T.);
#538=EDGE_CURVE('',#693,#691,#828,.T.);
#539=EDGE_CURVE('',#694,#693,#829,.F.);
#540=EDGE_CURVE('',#695,#692,#830,.T.);
#541=EDGE_CURVE('',#694,#695,#831,.T.);
#542=EDGE_CURVE('',#696,#695,#832,.T.);
#543=EDGE_CURVE('',#697,#696,#833,.T.);
#544=EDGE_CURVE('',#697,#694,#834,.F.);
#545=EDGE_CURVE('',#698,#696,#27,.T.);
#546=EDGE_CURVE('',#699,#698,#835,.T.);
#547=EDGE_CURVE('',#699,#697,#28,.T.);
#548=EDGE_CURVE('',#700,#698,#836,.F.);
#549=EDGE_CURVE('',#701,#700,#837,.T.);
#550=EDGE_CURVE('',#701,#699,#838,.T.);
#551=EDGE_CURVE('',#702,#701,#839,.F.);
#552=EDGE_CURVE('',#703,#700,#840,.T.);
#553=EDGE_CURVE('',#702,#703,#841,.T.);
#554=EDGE_CURVE('',#704,#703,#842,.T.);
#555=EDGE_CURVE('',#705,#704,#843,.T.);
#556=EDGE_CURVE('',#705,#702,#844,.F.);
#557=EDGE_CURVE('',#706,#704,#29,.T.);
#558=EDGE_CURVE('',#707,#706,#845,.T.);
#559=EDGE_CURVE('',#707,#705,#30,.T.);
#560=EDGE_CURVE('',#708,#706,#846,.F.);
#561=EDGE_CURVE('',#709,#708,#847,.T.);
#562=EDGE_CURVE('',#709,#707,#848,.T.);
#563=EDGE_CURVE('',#710,#709,#849,.F.);
#564=EDGE_CURVE('',#711,#708,#850,.T.);
#565=EDGE_CURVE('',#710,#711,#851,.T.);
#566=EDGE_CURVE('',#712,#711,#852,.T.);
#567=EDGE_CURVE('',#713,#712,#853,.T.);
#568=EDGE_CURVE('',#713,#710,#854,.F.);
#569=EDGE_CURVE('',#714,#712,#31,.T.);
#570=EDGE_CURVE('',#715,#714,#855,.T.);
#571=EDGE_CURVE('',#715,#713,#32,.T.);
#572=EDGE_CURVE('',#716,#714,#856,.F.);
#573=EDGE_CURVE('',#717,#716,#857,.T.);
#574=EDGE_CURVE('',#717,#715,#858,.T.);
#575=EDGE_CURVE('',#718,#717,#859,.F.);
#576=EDGE_CURVE('',#719,#716,#860,.T.);
#577=EDGE_CURVE('',#718,#719,#861,.T.);
#578=EDGE_CURVE('',#720,#719,#862,.T.);
#579=EDGE_CURVE('',#721,#720,#863,.T.);
#580=EDGE_CURVE('',#721,#718,#864,.F.);
#581=EDGE_CURVE('',#722,#720,#33,.T.);
#582=EDGE_CURVE('',#723,#722,#865,.T.);
#583=EDGE_CURVE('',#723,#721,#34,.T.);
#584=EDGE_CURVE('',#724,#722,#866,.F.);
#585=EDGE_CURVE('',#725,#724,#867,.T.);
#586=EDGE_CURVE('',#725,#723,#868,.T.);
#587=EDGE_CURVE('',#726,#725,#869,.F.);
#588=EDGE_CURVE('',#727,#724,#870,.T.);
#589=EDGE_CURVE('',#726,#727,#871,.T.);
#590=EDGE_CURVE('',#728,#727,#872,.T.);
#591=EDGE_CURVE('',#729,#728,#873,.T.);
#592=EDGE_CURVE('',#729,#726,#874,.F.);
#593=EDGE_CURVE('',#730,#728,#35,.T.);
#594=EDGE_CURVE('',#731,#730,#875,.T.);
#595=EDGE_CURVE('',#731,#729,#36,.T.);
#596=EDGE_CURVE('',#732,#730,#876,.F.);
#597=EDGE_CURVE('',#733,#732,#877,.T.);
#598=EDGE_CURVE('',#733,#731,#878,.T.);
#599=EDGE_CURVE('',#734,#733,#879,.F.);
#600=EDGE_CURVE('',#735,#732,#880,.T.);
#601=EDGE_CURVE('',#734,#735,#881,.T.);
#602=EDGE_CURVE('',#736,#735,#882,.T.);
#603=EDGE_CURVE('',#737,#736,#883,.T.);
#604=EDGE_CURVE('',#737,#734,#884,.F.);
#605=EDGE_CURVE('',#738,#736,#37,.T.);
#606=EDGE_CURVE('',#739,#738,#885,.T.);
#607=EDGE_CURVE('',#739,#737,#38,.T.);
#608=EDGE_CURVE('',#740,#738,#886,.F.);
#609=EDGE_CURVE('',#741,#740,#887,.T.);
#610=EDGE_CURVE('',#741,#739,#888,.T.);
#611=EDGE_CURVE('',#742,#741,#889,.F.);
#612=EDGE_CURVE('',#743,#740,#890,.T.);
#613=EDGE_CURVE('',#742,#743,#891,.T.);
#614=EDGE_CURVE('',#744,#743,#892,.T.);
#615=EDGE_CURVE('',#745,#744,#893,.T.);
#616=EDGE_CURVE('',#745,#742,#894,.F.);
#617=EDGE_CURVE('',#746,#744,#39,.T.);
#618=EDGE_CURVE('',#747,#746,#895,.T.);
#619=EDGE_CURVE('',#747,#745,#40,.T.);
#620=EDGE_CURVE('',#748,#746,#896,.F.);
#621=EDGE_CURVE('',#749,#748,#897,.T.);
#622=EDGE_CURVE('',#749,#747,#898,.T.);
#623=EDGE_CURVE('',#750,#749,#899,.F.);
#624=EDGE_CURVE('',#751,#748,#900,.T.);
#625=EDGE_CURVE('',#750,#751,#901,.T.);
#626=EDGE_CURVE('',#752,#751,#902,.T.);
#627=EDGE_CURVE('',#753,#752,#903,.T.);
#628=EDGE_CURVE('',#753,#750,#904,.F.);
#629=EDGE_CURVE('',#754,#752,#41,.T.);
#630=EDGE_CURVE('',#755,#754,#905,.T.);
#631=EDGE_CURVE('',#755,#753,#42,.T.);
#632=EDGE_CURVE('',#638,#754,#906,.F.);
#633=EDGE_CURVE('',#637,#755,#907,.T.);
#634=EDGE_CURVE('',#756,#756,#43,.T.);
#635=EDGE_CURVE('',#757,#757,#44,.T.);
#636=VERTEX_POINT('',#1638);
#637=VERTEX_POINT('',#1639);
#638=VERTEX_POINT('',#1641);
#639=VERTEX_POINT('',#1643);
#640=VERTEX_POINT('',#1654);
#641=VERTEX_POINT('',#1656);
#642=VERTEX_POINT('',#1660);
#643=VERTEX_POINT('',#1662);
#644=VERTEX_POINT('',#1673);
#645=VERTEX_POINT('',#1675);
#646=VERTEX_POINT('',#1679);
#647=VERTEX_POINT('',#1681);
#648=VERTEX_POINT('',#1692);
#649=VERTEX_POINT('',#1694);
#650=VERTEX_POINT('',#1698);
#651=VERTEX_POINT('',#1700);
#652=VERTEX_POINT('',#1711);
#653=VERTEX_POINT('',#1713);
#654=VERTEX_POINT('',#1717);
#655=VERTEX_POINT('',#1719);
#656=VERTEX_POINT('',#1730);
#657=VERTEX_POINT('',#1732);
#658=VERTEX_POINT('',#1736);
#659=VERTEX_POINT('',#1738);
#660=VERTEX_POINT('',#1749);
#661=VERTEX_POINT('',#1751);
#662=VERTEX_POINT('',#1755);
#663=VERTEX_POINT('',#1757);
#664=VERTEX_POINT('',#1768);
#665=VERTEX_POINT('',#1770);
#666=VERTEX_POINT('',#1774);
#667=VERTEX_POINT('',#1776);
#668=VERTEX_POINT('',#1787);
#669=VERTEX_POINT('',#1789);
#670=VERTEX_POINT('',#1793);
#671=VERTEX_POINT('',#1795);
#672=VERTEX_POINT('',#1806);
#673=VERTEX_POINT('',#1808);
#674=VERTEX_POINT('',#1812);
#675=VERTEX_POINT('',#1814);
#676=VERTEX_POINT('',#1825);
#677=VERTEX_POINT('',#1827);
#678=VERTEX_POINT('',#1831);
#679=VERTEX_POINT('',#1833);
#680=VERTEX_POINT('',#1844);
#681=VERTEX_POINT('',#1846);
#682=VERTEX_POINT('',#1850);
#683=VERTEX_POINT('',#1852);
#684=VERTEX_POINT('',#1863);
#685=VERTEX_POINT('',#1865);
#686=VERTEX_POINT('',#1869);
#687=VERTEX_POINT('',#1871);
#688=VERTEX_POINT('',#1882);
#689=VERTEX_POINT('',#1884);
#690=VERTEX_POINT('',#1888);
#691=VERTEX_POINT('',#1890);
#692=VERTEX_POINT('',#1901);
#693=VERTEX_POINT('',#1903);
#694=VERTEX_POINT('',#1907);
#695=VERTEX_POINT('',#1909);
#696=VERTEX_POINT('',#1920);
#697=VERTEX_POINT('',#1922);
#698=VERTEX_POINT('',#1926);
#699=VERTEX_POINT('',#1928);
#700=VERTEX_POINT('',#1939);
#701=VERTEX_POINT('',#1941);
#702=VERTEX_POINT('',#1945);
#703=VERTEX_POINT('',#1947);
#704=VERTEX_POINT('',#1958);
#705=VERTEX_POINT('',#1960);
#706=VERTEX_POINT('',#1964);
#707=VERTEX_POINT('',#1966);
#708=VERTEX_POINT('',#1977);
#709=VERTEX_POINT('',#1979);
#710=VERTEX_POINT('',#1983);
#711=VERTEX_POINT('',#1985);
#712=VERTEX_POINT('',#1996);
#713=VERTEX_POINT('',#1998);
#714=VERTEX_POINT('',#2002);
#715=VERTEX_POINT('',#2004);
#716=VERTEX_POINT('',#2015);
#717=VERTEX_POINT('',#2017);
#718=VERTEX_POINT('',#2021);
#719=VERTEX_POINT('',#2023);
#720=VERTEX_POINT('',#2034);
#721=VERTEX_POINT('',#2036);
#722=VERTEX_POINT('',#2040);
#723=VERTEX_POINT('',#2042);
#724=VERTEX_POINT('',#2053);
#725=VERTEX_POINT('',#2055);
#726=VERTEX_POINT('',#2059);
#727=VERTEX_POINT('',#2061);
#728=VERTEX_POINT('',#2072);
#729=VERTEX_POINT('',#2074);
#730=VERTEX_POINT('',#2078);
#731=VERTEX_POINT('',#2080);
#732=VERTEX_POINT('',#2091);
#733=VERTEX_POINT('',#2093);
#734=VERTEX_POINT('',#2097);
#735=VERTEX_POINT('',#2099);
#736=VERTEX_POINT('',#2110);
#737=VERTEX_POINT('',#2112);
#738=VERTEX_POINT('',#2116);
#739=VERTEX_POINT('',#2118);
#740=VERTEX_POINT('',#2129);
#741=VERTEX_POINT('',#2131);
#742=VERTEX_POINT('',#2135);
#743=VERTEX_POINT('',#2137);
#744=VERTEX_POINT('',#2148);
#745=VERTEX_POINT('',#2150);
#746=VERTEX_POINT('',#2154);
#747=VERTEX_POINT('',#2156);
#748=VERTEX_POINT('',#2167);
#749=VERTEX_POINT('',#2169);
#750=VERTEX_POINT('',#2173);
#751=VERTEX_POINT('',#2175);
#752=VERTEX_POINT('',#2186);
#753=VERTEX_POINT('',#2188);
#754=VERTEX_POINT('',#2192);
#755=VERTEX_POINT('',#2194);
#756=VERTEX_POINT('',#2209);
#757=VERTEX_POINT('',#2212);
#758=LINE('',#1637,#908);
#759=LINE('',#1640,#909);
#760=LINE('',#1642,#910);
#761=LINE('',#1644,#911);
#762=LINE('',#1653,#912);
#763=LINE('',#1655,#913);
#764=LINE('',#1657,#914);
#765=LINE('',#1661,#915);
#766=LINE('',#1672,#916);
#767=LINE('',#1674,#917);
#768=LINE('',#1676,#918);
#769=LINE('',#1678,#919);
#770=LINE('',#1680,#920);
#771=LINE('',#1682,#921);
#772=LINE('',#1691,#922);
#773=LINE('',#1693,#923);
#774=LINE('',#1695,#924);
#775=LINE('',#1699,#925);
#776=LINE('',#1710,#926);
#777=LINE('',#1712,#927);
#778=LINE('',#1714,#928);
#779=LINE('',#1716,#929);
#780=LINE('',#1718,#930);
#781=LINE('',#1720,#931);
#782=LINE('',#1729,#932);
#783=LINE('',#1731,#933);
#784=LINE('',#1733,#934);
#785=LINE('',#1737,#935);
#786=LINE('',#1748,#936);
#787=LINE('',#1750,#937);
#788=LINE('',#1752,#938);
#789=LINE('',#1754,#939);
#790=LINE('',#1756,#940);
#791=LINE('',#1758,#941);
#792=LINE('',#1767,#942);
#793=LINE('',#1769,#943);
#794=LINE('',#1771,#944);
#795=LINE('',#1775,#945);
#796=LINE('',#1786,#946);
#797=LINE('',#1788,#947);
#798=LINE('',#1790,#948);
#799=LINE('',#1792,#949);
#800=LINE('',#1794,#950);
#801=LINE('',#1796,#951);
#802=LINE('',#1805,#952);
#803=LINE('',#1807,#953);
#804=LINE('',#1809,#954);
#805=LINE('',#1813,#955);
#806=LINE('',#1824,#956);
#807=LINE('',#1826,#957);
#808=LINE('',#1828,#958);
#809=LINE('',#1830,#959);
#810=LINE('',#1832,#960);
#811=LINE('',#1834,#961);
#812=LINE('',#1843,#962);
#813=LINE('',#1845,#963);
#814=LINE('',#1847,#964);
#815=LINE('',#1851,#965);
#816=LINE('',#1862,#966);
#817=LINE('',#1864,#967);
#818=LINE('',#1866,#968);
#819=LINE('',#1868,#969);
#820=LINE('',#1870,#970);
#821=LINE('',#1872,#971);
#822=LINE('',#1881,#972);
#823=LINE('',#1883,#973);
#824=LINE('',#1885,#974);
#825=LINE('',#1889,#975);
#826=LINE('',#1900,#976);
#827=LINE('',#1902,#977);
#828=LINE('',#1904,#978);
#829=LINE('',#1906,#979);
#830=LINE('',#1908,#980);
#831=LINE('',#1910,#981);
#832=LINE('',#1919,#982);
#833=LINE('',#1921,#983);
#834=LINE('',#1923,#984);
#835=LINE('',#1927,#985);
#836=LINE('',#1938,#986);
#837=LINE('',#1940,#987);
#838=LINE('',#1942,#988);
#839=LINE('',#1944,#989);
#840=LINE('',#1946,#990);
#841=LINE('',#1948,#991);
#842=LINE('',#1957,#992);
#843=LINE('',#1959,#993);
#844=LINE('',#1961,#994);
#845=LINE('',#1965,#995);
#846=LINE('',#1976,#996);
#847=LINE('',#1978,#997);
#848=LINE('',#1980,#998);
#849=LINE('',#1982,#999);
#850=LINE('',#1984,#1000);
#851=LINE('',#1986,#1001);
#852=LINE('',#1995,#1002);
#853=LINE('',#1997,#1003);
#854=LINE('',#1999,#1004);
#855=LINE('',#2003,#1005);
#856=LINE('',#2014,#1006);
#857=LINE('',#2016,#1007);
#858=LINE('',#2018,#1008);
#859=LINE('',#2020,#1009);
#860=LINE('',#2022,#1010);
#861=LINE('',#2024,#1011);
#862=LINE('',#2033,#1012);
#863=LINE('',#2035,#1013);
#864=LINE('',#2037,#1014);
#865=LINE('',#2041,#1015);
#866=LINE('',#2052,#1016);
#867=LINE('',#2054,#1017);
#868=LINE('',#2056,#1018);
#869=LINE('',#2058,#1019);
#870=LINE('',#2060,#1020);
#871=LINE('',#2062,#1021);
#872=LINE('',#2071,#1022);
#873=LINE('',#2073,#1023);
#874=LINE('',#2075,#1024);
#875=LINE('',#2079,#1025);
#876=LINE('',#2090,#1026);
#877=LINE('',#2092,#1027);
#878=LINE('',#2094,#1028);
#879=LINE('',#2096,#1029);
#880=LINE('',#2098,#1030);
#881=LINE('',#2100,#1031);
#882=LINE('',#2109,#1032);
#883=LINE('',#2111,#1033);
#884=LINE('',#2113,#1034);
#885=LINE('',#2117,#1035);
#886=LINE('',#2128,#1036);
#887=LINE('',#2130,#1037);
#888=LINE('',#2132,#1038);
#889=LINE('',#2134,#1039);
#890=LINE('',#2136,#1040);
#891=LINE('',#2138,#1041);
#892=LINE('',#2147,#1042);
#893=LINE('',#2149,#1043);
#894=LINE('',#2151,#1044);
#895=LINE('',#2155,#1045);
#896=LINE('',#2166,#1046);
#897=LINE('',#2168,#1047);
#898=LINE('',#2170,#1048);
#899=LINE('',#2172,#1049);
#900=LINE('',#2174,#1050);
#901=LINE('',#2176,#1051);
#902=LINE('',#2185,#1052);
#903=LINE('',#2187,#1053);
#904=LINE('',#2189,#1054);
#905=LINE('',#2193,#1055);
#906=LINE('',#2204,#1056);
#907=LINE('',#2205,#1057);
#908=VECTOR('',#1355,1.);
#909=VECTOR('',#1356,1.);
#910=VECTOR('',#1357,1.);
#911=VECTOR('',#1358,1.);
#912=VECTOR('',#1359,1.);
#913=VECTOR('',#1360,1.);
#914=VECTOR('',#1361,1.);
#915=VECTOR('',#1366,1.);
#916=VECTOR('',#1369,1.);
#917=VECTOR('',#1370,1.);
#918=VECTOR('',#1371,1.);
#919=VECTOR('',#1374,1.);
#920=VECTOR('',#1375,1.);
#921=VECTOR('',#1376,1.);
#922=VECTOR('',#1377,1.);
#923=VECTOR('',#1378,1.);
#924=VECTOR('',#1379,1.);
#925=VECTOR('',#1384,1.);
#926=VECTOR('',#1387,1.);
#927=VECTOR('',#1388,1.);
#928=VECTOR('',#1389,1.);
#929=VECTOR('',#1392,1.);
#930=VECTOR('',#1393,1.);
#931=VECTOR('',#1394,1.);
#932=VECTOR('',#1395,1.);
#933=VECTOR('',#1396,1.);
#934=VECTOR('',#1397,1.);
#935=VECTOR('',#1402,1.);
#936=VECTOR('',#1405,1.);
#937=VECTOR('',#1406,1.);
#938=VECTOR('',#1407,1.);
#939=VECTOR('',#1410,1.);
#940=VECTOR('',#1411,1.);
#941=VECTOR('',#1412,1.);
#942=VECTOR('',#1413,1.);
#943=VECTOR('',#1414,1.);
#944=VECTOR('',#1415,1.);
#945=VECTOR('',#1420,1.);
#946=VECTOR('',#1423,1.);
#947=VECTOR('',#1424,1.);
#948=VECTOR('',#1425,1.);
#949=VECTOR('',#1428,1.);
#950=VECTOR('',#1429,1.);
#951=VECTOR('',#1430,1.);
#952=VECTOR('',#1431,1.);
#953=VECTOR('',#1432,1.);
#954=VECTOR('',#1433,1.);
#955=VECTOR('',#1438,1.);
#956=VECTOR('',#1441,1.);
#957=VECTOR('',#1442,1.);
#958=VECTOR('',#1443,1.);
#959=VECTOR('',#1446,1.);
#960=VECTOR('',#1447,1.);
#961=VECTOR('',#1448,1.);
#962=VECTOR('',#1449,1.);
#963=VECTOR('',#1450,1.);
#964=VECTOR('',#1451,1.);
#965=VECTOR('',#1456,1.);
#966=VECTOR('',#1459,1.);
#967=VECTOR('',#1460,1.);
#968=VECTOR('',#1461,1.);
#969=VECTOR('',#1464,1.);
#970=VECTOR('',#1465,1.);
#971=VECTOR('',#1466,1.);
#972=VECTOR('',#1467,1.);
#973=VECTOR('',#1468,1.);
#974=VECTOR('',#1469,1.);
#975=VECTOR('',#1474,1.);
#976=VECTOR('',#1477,1.);
#977=VECTOR('',#1478,1.);
#978=VECTOR('',#1479,1.);
#979=VECTOR('',#1482,1.);
#980=VECTOR('',#1483,1.);
#981=VECTOR('',#1484,1.);
#982=VECTOR('',#1485,1.);
#983=VECTOR('',#1486,1.);
#984=VECTOR('',#1487,1.);
#985=VECTOR('',#1492,1.);
#986=VECTOR('',#1495,1.);
#987=VECTOR('',#1496,1.);
#988=VECTOR('',#1497,1.);
#989=VECTOR('',#1500,1.);
#990=VECTOR('',#1501,1.);
#991=VECTOR('',#1502,1.);
#992=VECTOR('',#1503,1.);
#993=VECTOR('',#1504,1.);
#994=VECTOR('',#1505,1.);
#995=VECTOR('',#1510,1.);
#996=VECTOR('',#1513,1.);
#997=VECTOR('',#1514,1.);
#998=VECTOR('',#1515,1.);
#999=VECTOR('',#1518,1.);
#1000=VECTOR('',#1519,1.);
#1001=VECTOR('',#1520,1.);
#1002=VECTOR('',#1521,1.);
#1003=VECTOR('',#1522,1.);
#1004=VECTOR('',#1523,1.);
#1005=VECTOR('',#1528,1.);
#1006=VECTOR('',#1531,1.);
#1007=VECTOR('',#1532,1.);
#1008=VECTOR('',#1533,1.);
#1009=VECTOR('',#1536,1.);
#1010=VECTOR('',#1537,1.);
#1011=VECTOR('',#1538,1.);
#1012=VECTOR('',#1539,1.);
#1013=VECTOR('',#1540,1.);
#1014=VECTOR('',#1541,1.);
#1015=VECTOR('',#1546,1.);
#1016=VECTOR('',#1549,1.);
#1017=VECTOR('',#1550,1.);
#1018=VECTOR('',#1551,1.);
#1019=VECTOR('',#1554,1.);
#1020=VECTOR('',#1555,1.);
#1021=VECTOR('',#1556,1.);
#1022=VECTOR('',#1557,1.);
#1023=VECTOR('',#1558,1.);
#1024=VECTOR('',#1559,1.);
#1025=VECTOR('',#1564,1.);
#1026=VECTOR('',#1567,1.);
#1027=VECTOR('',#1568,1.);
#1028=VECTOR('',#1569,1.);
#1029=VECTOR('',#1572,1.);
#1030=VECTOR('',#1573,1.);
#1031=VECTOR('',#1574,1.);
#1032=VECTOR('',#1575,1.);
#1033=VECTOR('',#1576,1.);
#1034=VECTOR('',#1577,1.);
#1035=VECTOR('',#1582,1.);
#1036=VECTOR('',#1585,1.);
#1037=VECTOR('',#1586,1.);
#1038=VECTOR('',#1587,1.);
#1039=VECTOR('',#1590,1.);
#1040=VECTOR('',#1591,1.);
#1041=VECTOR('',#1592,1.);
#1042=VECTOR('',#1593,1.);
#1043=VECTOR('',#1594,1.);
#1044=VECTOR('',#1595,1.);
#1045=VECTOR('',#1600,1.);
#1046=VECTOR('',#1603,1.);
#1047=VECTOR('',#1604,1.);
#1048=VECTOR('',#1605,1.);
#1049=VECTOR('',#1608,1.);
#1050=VECTOR('',#1609,1.);
#1051=VECTOR('',#1610,1.);
#1052=VECTOR('',#1611,1.);
#1053=VECTOR('',#1612,1.);
#1054=VECTOR('',#1613,1.);
#1055=VECTOR('',#1618,1.);
#1056=VECTOR('',#1621,1.);
#1057=VECTOR('',#1622,1.);
#1058=EDGE_LOOP('',(#90,#91,#92,#93));
#1059=EDGE_LOOP('',(#94,#95,#96,#97));
#1060=EDGE_LOOP('',(#98,#99,#100,#101));
#1061=EDGE_LOOP('',(#102,#103,#104,#105));
#1062=EDGE_LOOP('',(#106,#107,#108,#109));
#1063=EDGE_LOOP('',(#110,#111,#112,#113));
#1064=EDGE_LOOP('',(#114,#115,#116,#117));
#1065=EDGE_LOOP('',(#118,#119,#120,#121));
#1066=EDGE_LOOP('',(#122,#123,#124,#125));
#1067=EDGE_LOOP('',(#126,#127,#128,#129));
#1068=EDGE_LOOP('',(#130,#131,#132,#133));
#1069=EDGE_LOOP('',(#134,#135,#136,#137));
#1070=EDGE_LOOP('',(#138,#139,#140,#141));
#1071=EDGE_LOOP('',(#142,#143,#144,#145));
#1072=EDGE_LOOP('',(#146,#147,#148,#149));
#1073=EDGE_LOOP('',(#150,#151,#152,#153));
#1074=EDGE_LOOP('',(#154,#155,#156,#157));
#1075=EDGE_LOOP('',(#158,#159,#160,#161));
#1076=EDGE_LOOP('',(#162,#163,#164,#165));
#1077=EDGE_LOOP('',(#166,#167,#168,#169));
#1078=EDGE_LOOP('',(#170,#171,#172,#173));
#1079=EDGE_LOOP('',(#174,#175,#176,#177));
#1080=EDGE_LOOP('',(#178,#179,#180,#181));
#1081=EDGE_LOOP('',(#182,#183,#184,#185));
#1082=EDGE_LOOP('',(#186,#187,#188,#189));
#1083=EDGE_LOOP('',(#190,#191,#192,#193));
#1084=EDGE_LOOP('',(#194,#195,#196,#197));
#1085=EDGE_LOOP('',(#198,#199,#200,#201));
#1086=EDGE_LOOP('',(#202,#203,#204,#205));
#1087=EDGE_LOOP('',(#206,#207,#208,#209));
#1088=EDGE_LOOP('',(#210,#211,#212,#213));
#1089=EDGE_LOOP('',(#214,#215,#216,#217));
#1090=EDGE_LOOP('',(#218,#219,#220,#221));
#1091=EDGE_LOOP('',(#222,#223,#224,#225));
#1092=EDGE_LOOP('',(#226,#227,#228,#229));
#1093=EDGE_LOOP('',(#230,#231,#232,#233));
#1094=EDGE_LOOP('',(#234,#235,#236,#237));
#1095=EDGE_LOOP('',(#238,#239,#240,#241));
#1096=EDGE_LOOP('',(#242,#243,#244,#245));
#1097=EDGE_LOOP('',(#246,#247,#248,#249));
#1098=EDGE_LOOP('',(#250,#251,#252,#253));
#1099=EDGE_LOOP('',(#254,#255,#256,#257));
#1100=EDGE_LOOP('',(#258,#259,#260,#261));
#1101=EDGE_LOOP('',(#262,#263,#264,#265));
#1102=EDGE_LOOP('',(#266,#267,#268,#269));
#1103=EDGE_LOOP('',(#270,#271,#272,#273));
#1104=EDGE_LOOP('',(#274,#275,#276,#277));
#1105=EDGE_LOOP('',(#278,#279,#280,#281));
#1106=EDGE_LOOP('',(#282,#283,#284,#285));
#1107=EDGE_LOOP('',(#286,#287,#288,#289));
#1108=EDGE_LOOP('',(#290,#291,#292,#293));
#1109=EDGE_LOOP('',(#294,#295,#296,#297));
#1110=EDGE_LOOP('',(#298,#299,#300,#301));
#1111=EDGE_LOOP('',(#302,#303,#304,#305));
#1112=EDGE_LOOP('',(#306,#307,#308,#309));
#1113=EDGE_LOOP('',(#310,#311,#312,#313));
#1114=EDGE_LOOP('',(#314,#315,#316,#317));
#1115=EDGE_LOOP('',(#318,#319,#320,#321));
#1116=EDGE_LOOP('',(#322,#323,#324,#325));
#1117=EDGE_LOOP('',(#326,#327,#328,#329));
#1118=EDGE_LOOP('',(#330,#331,#332,#333,#334,#335,#336,#337,#338,#339,#340,
#341,#342,#343,#344,#345,#346,#347,#348,#349,#350,#351,#352,#353,#354,#355,
#356,#357,#358,#359,#360,#361,#362,#363,#364,#365,#366,#367,#368,#369,#370,
#371,#372,#373,#374,#375,#376,#377,#378,#379,#380,#381,#382,#383,#384,#385,
#386,#387,#388,#389));
#1119=EDGE_LOOP('',(#390));
#1120=EDGE_LOOP('',(#391,#392,#393,#394,#395,#396,#397,#398,#399,#400,#401,
#402,#403,#404,#405,#406,#407,#408,#409,#410,#411,#412,#413,#414,#415,#416,
#417,#418,#419,#420,#421,#422,#423,#424,#425,#426,#427,#428,#429,#430,#431,
#432,#433,#434,#435,#436,#437,#438,#439,#440,#441,#442,#443,#444,#445,#446,
#447,#448,#449,#450));
#1121=EDGE_LOOP('',(#451));
#1122=EDGE_LOOP('',(#452));
#1123=EDGE_LOOP('',(#453));
#1124=FACE_BOUND('',#1058,.T.);
#1125=FACE_BOUND('',#1059,.T.);
#1126=FACE_BOUND('',#1060,.T.);
#1127=FACE_BOUND('',#1061,.T.);
#1128=FACE_BOUND('',#1062,.T.);
#1129=FACE_BOUND('',#1063,.T.);
#1130=FACE_BOUND('',#1064,.T.);
#1131=FACE_BOUND('',#1065,.T.);
#1132=FACE_BOUND('',#1066,.T.);
#1133=FACE_BOUND('',#1067,.T.);
#1134=FACE_BOUND('',#1068,.T.);
#1135=FACE_BOUND('',#1069,.T.);
#1136=FACE_BOUND('',#1070,.T.);
#1137=FACE_BOUND('',#1071,.T.);
#1138=FACE_BOUND('',#1072,.T.);
#1139=FACE_BOUND('',#1073,.T.);
#1140=FACE_BOUND('',#1074,.T.);
#1141=FACE_BOUND('',#1075,.T.);
#1142=FACE_BOUND('',#1076,.T.);
#1143=FACE_BOUND('',#1077,.T.);
#1144=FACE_BOUND('',#1078,.T.);
#1145=FACE_BOUND('',#1079,.T.);
#1146=FACE_BOUND('',#1080,.T.);
#1147=FACE_BOUND('',#1081,.T.);
#1148=FACE_BOUND('',#1082,.T.);
#1149=FACE_BOUND('',#1083,.T.);
#1150=FACE_BOUND('',#1084,.T.);
#1151=FACE_BOUND('',#1085,.T.);
#1152=FACE_BOUND('',#1086,.T.);
#1153=FACE_BOUND('',#1087,.T.);
#1154=FACE_BOUND('',#1088,.T.);
#1155=FACE_BOUND('',#1089,.T.);
#1156=FACE_BOUND('',#1090,.T.);
#1157=FACE_BOUND('',#1091,.T.);
#1158=FACE_BOUND('',#1092,.T.);
#1159=FACE_BOUND('',#1093,.T.);
#1160=FACE_BOUND('',#1094,.T.);
#1161=FACE_BOUND('',#1095,.T.);
#1162=FACE_BOUND('',#1096,.T.);
#1163=FACE_BOUND('',#1097,.T.);
#1164=FACE_BOUND('',#1098,.T.);
#1165=FACE_BOUND('',#1099,.T.);
#1166=FACE_BOUND('',#1100,.T.);
#1167=FACE_BOUND('',#1101,.T.);
#1168=FACE_BOUND('',#1102,.T.);
#1169=FACE_BOUND('',#1103,.T.);
#1170=FACE_BOUND('',#1104,.T.);
#1171=FACE_BOUND('',#1105,.T.);
#1172=FACE_BOUND('',#1106,.T.);
#1173=FACE_BOUND('',#1107,.T.);
#1174=FACE_BOUND('',#1108,.T.);
#1175=FACE_BOUND('',#1109,.T.);
#1176=FACE_BOUND('',#1110,.T.);
#1177=FACE_BOUND('',#1111,.T.);
#1178=FACE_BOUND('',#1112,.T.);
#1179=FACE_BOUND('',#1113,.T.);
#1180=FACE_BOUND('',#1114,.T.);
#1181=FACE_BOUND('',#1115,.T.);
#1182=FACE_BOUND('',#1116,.T.);
#1183=FACE_BOUND('',#1117,.T.);
#1184=FACE_BOUND('',#1118,.T.);
#1185=FACE_BOUND('',#1119,.T.);
#1186=FACE_BOUND('',#1120,.T.);
#1187=FACE_BOUND('',#1121,.T.);
#1188=FACE_BOUND('',#1122,.T.);
#1189=FACE_BOUND('',#1123,.T.);
#1190=PLANE('',#1285);
#1191=PLANE('',#1289);
#1192=PLANE('',#1293);
#1193=PLANE('',#1297);
#1194=PLANE('',#1301);
#1195=PLANE('',#1305);
#1196=PLANE('',#1309);
#1197=PLANE('',#1313);
#1198=PLANE('',#1317);
#1199=PLANE('',#1321);
#1200=PLANE('',#1325);
#1201=PLANE('',#1329);
#1202=PLANE('',#1333);
#1203=PLANE('',#1337);
#1204=PLANE('',#1341);
#1205=PLANE('',#1345);
#1206=PLANE('',#1346);
#1207=PLANE('',#1350);
#1208=ADVANCED_FACE('',(#1124),#1190,.F.);
#1209=ADVANCED_FACE('',(#1125),#60,.T.);
#1210=ADVANCED_FACE('',(#1126),#45,.T.);
#1211=ADVANCED_FACE('',(#1127),#61,.T.);
#1212=ADVANCED_FACE('',(#1128),#1191,.F.);
#1213=ADVANCED_FACE('',(#1129),#62,.T.);
#1214=ADVANCED_FACE('',(#1130),#46,.T.);
#1215=ADVANCED_FACE('',(#1131),#63,.T.);
#1216=ADVANCED_FACE('',(#1132),#1192,.F.);
#1217=ADVANCED_FACE('',(#1133),#64,.T.);
#1218=ADVANCED_FACE('',(#1134),#47,.T.);
#1219=ADVANCED_FACE('',(#1135),#65,.T.);
#1220=ADVANCED_FACE('',(#1136),#1193,.F.);
#1221=ADVANCED_FACE('',(#1137),#66,.T.);
#1222=ADVANCED_FACE('',(#1138),#48,.T.);
#1223=ADVANCED_FACE('',(#1139),#67,.T.);
#1224=ADVANCED_FACE('',(#1140),#1194,.F.);
#1225=ADVANCED_FACE('',(#1141),#68,.T.);
#1226=ADVANCED_FACE('',(#1142),#49,.T.);
#1227=ADVANCED_FACE('',(#1143),#69,.T.);
#1228=ADVANCED_FACE('',(#1144),#1195,.F.);
#1229=ADVANCED_FACE('',(#1145),#70,.T.);
#1230=ADVANCED_FACE('',(#1146),#50,.T.);
#1231=ADVANCED_FACE('',(#1147),#71,.T.);
#1232=ADVANCED_FACE('',(#1148),#1196,.F.);
#1233=ADVANCED_FACE('',(#1149),#72,.T.);
#1234=ADVANCED_FACE('',(#1150),#51,.T.);
#1235=ADVANCED_FACE('',(#1151),#73,.T.);
#1236=ADVANCED_FACE('',(#1152),#1197,.F.);
#1237=ADVANCED_FACE('',(#1153),#74,.T.);
#1238=ADVANCED_FACE('',(#1154),#52,.T.);
#1239=ADVANCED_FACE('',(#1155),#75,.T.);
#1240=ADVANCED_FACE('',(#1156),#1198,.F.);
#1241=ADVANCED_FACE('',(#1157),#76,.T.);
#1242=ADVANCED_FACE('',(#1158),#53,.T.);
#1243=ADVANCED_FACE('',(#1159),#77,.T.);
#1244=ADVANCED_FACE('',(#1160),#1199,.F.);
#1245=ADVANCED_FACE('',(#1161),#78,.T.);
#1246=ADVANCED_FACE('',(#1162),#54,.T.);
#1247=ADVANCED_FACE('',(#1163),#79,.T.);
#1248=ADVANCED_FACE('',(#1164),#1200,.F.);
#1249=ADVANCED_FACE('',(#1165),#80,.T.);
#1250=ADVANCED_FACE('',(#1166),#55,.T.);
#1251=ADVANCED_FACE('',(#1167),#81,.T.);
#1252=ADVANCED_FACE('',(#1168),#1201,.F.);
#1253=ADVANCED_FACE('',(#1169),#82,.T.);
#1254=ADVANCED_FACE('',(#1170),#56,.T.);
#1255=ADVANCED_FACE('',(#1171),#83,.T.);
#1256=ADVANCED_FACE('',(#1172),#1202,.F.);
#1257=ADVANCED_FACE('',(#1173),#84,.T.);
#1258=ADVANCED_FACE('',(#1174),#57,.T.);
#1259=ADVANCED_FACE('',(#1175),#85,.T.);
#1260=ADVANCED_FACE('',(#1176),#1203,.F.);
#1261=ADVANCED_FACE('',(#1177),#86,.T.);
#1262=ADVANCED_FACE('',(#1178),#58,.T.);
#1263=ADVANCED_FACE('',(#1179),#87,.T.);
#1264=ADVANCED_FACE('',(#1180),#1204,.F.);
#1265=ADVANCED_FACE('',(#1181),#88,.T.);
#1266=ADVANCED_FACE('',(#1182),#59,.T.);
#1267=ADVANCED_FACE('',(#1183),#89,.T.);
#1268=ADVANCED_FACE('',(#1184),#1205,.T.);
#1269=ADVANCED_FACE('',(#1185,#1186),#1206,.F.);
#1270=ADVANCED_FACE('',(#1187,#1188),#12,.T.);
#1271=ADVANCED_FACE('',(#1189),#1207,.F.);
#1272=CLOSED_SHELL('',(#1208,#1209,#1210,#1211,#1212,#1213,#1214,#1215,
#1216,#1217,#1218,#1219,#1220,#1221,#1222,#1223,#1224,#1225,#1226,#1227,
#1228,#1229,#1230,#1231,#1232,#1233,#1234,#1235,#1236,#1237,#1238,#1239,
#1240,#1241,#1242,#1243,#1244,#1245,#1246,#1247,#1248,#1249,#1250,#1251,
#1252,#1253,#1254,#1255,#1256,#1257,#1258,#1259,#1260,#1261,#1262,#1263,
#1264,#1265,#1266,#1267,#1268,#1269,#1270,#1271));
#1273=STYLED_ITEM('',(#1274),#1281);
#1274=PRESENTATION_STYLE_ASSIGNMENT((#1275));
#1275=SURFACE_STYLE_USAGE(.BOTH.,#1276);
#1276=SURFACE_SIDE_STYLE('',(#1277));
#1277=SURFACE_STYLE_FILL_AREA(#1278);
#1278=FILL_AREA_STYLE('',(#1279));
#1279=FILL_AREA_STYLE_COLOUR('',#1280);
#1280=COLOUR_RGB('',0.615686274509804,0.811764705882353,0.929411764705882);
#1281=MANIFOLD_SOLID_BREP('Part 1',#1272);
#1282=SHAPE_DEFINITION_REPRESENTATION(#2220,#1283);
#1283=SHAPE_REPRESENTATION('Part 1',(#1284),#2215);
#1284=AXIS2_PLACEMENT_3D('',#1635,#1351,#1352);
#1285=AXIS2_PLACEMENT_3D('',#1636,#1353,#1354);
#1286=AXIS2_PLACEMENT_3D('',#1658,#1362,#1363);
#1287=AXIS2_PLACEMENT_3D('',#1659,#1364,#1365);
#1288=AXIS2_PLACEMENT_3D('',#1663,#1367,#1368);
#1289=AXIS2_PLACEMENT_3D('',#1677,#1372,#1373);
#1290=AXIS2_PLACEMENT_3D('',#1696,#1380,#1381);
#1291=AXIS2_PLACEMENT_3D('',#1697,#1382,#1383);
#1292=AXIS2_PLACEMENT_3D('',#1701,#1385,#1386);
#1293=AXIS2_PLACEMENT_3D('',#1715,#1390,#1391);
#1294=AXIS2_PLACEMENT_3D('',#1734,#1398,#1399);
#1295=AXIS2_PLACEMENT_3D('',#1735,#1400,#1401);
#1296=AXIS2_PLACEMENT_3D('',#1739,#1403,#1404);
#1297=AXIS2_PLACEMENT_3D('',#1753,#1408,#1409);
#1298=AXIS2_PLACEMENT_3D('',#1772,#1416,#1417);
#1299=AXIS2_PLACEMENT_3D('',#1773,#1418,#1419);
#1300=AXIS2_PLACEMENT_3D('',#1777,#1421,#1422);
#1301=AXIS2_PLACEMENT_3D('',#1791,#1426,#1427);
#1302=AXIS2_PLACEMENT_3D('',#1810,#1434,#1435);
#1303=AXIS2_PLACEMENT_3D('',#1811,#1436,#1437);
#1304=AXIS2_PLACEMENT_3D('',#1815,#1439,#1440);
#1305=AXIS2_PLACEMENT_3D('',#1829,#1444,#1445);
#1306=AXIS2_PLACEMENT_3D('',#1848,#1452,#1453);
#1307=AXIS2_PLACEMENT_3D('',#1849,#1454,#1455);
#1308=AXIS2_PLACEMENT_3D('',#1853,#1457,#1458);
#1309=AXIS2_PLACEMENT_3D('',#1867,#1462,#1463);
#1310=AXIS2_PLACEMENT_3D('',#1886,#1470,#1471);
#1311=AXIS2_PLACEMENT_3D('',#1887,#1472,#1473);
#1312=AXIS2_PLACEMENT_3D('',#1891,#1475,#1476);
#1313=AXIS2_PLACEMENT_3D('',#1905,#1480,#1481);
#1314=AXIS2_PLACEMENT_3D('',#1924,#1488,#1489);
#1315=AXIS2_PLACEMENT_3D('',#1925,#1490,#1491);
#1316=AXIS2_PLACEMENT_3D('',#1929,#1493,#1494);
#1317=AXIS2_PLACEMENT_3D('',#1943,#1498,#1499);
#1318=AXIS2_PLACEMENT_3D('',#1962,#1506,#1507);
#1319=AXIS2_PLACEMENT_3D('',#1963,#1508,#1509);
#1320=AXIS2_PLACEMENT_3D('',#1967,#1511,#1512);
#1321=AXIS2_PLACEMENT_3D('',#1981,#1516,#1517);
#1322=AXIS2_PLACEMENT_3D('',#2000,#1524,#1525);
#1323=AXIS2_PLACEMENT_3D('',#2001,#1526,#1527);
#1324=AXIS2_PLACEMENT_3D('',#2005,#1529,#1530);
#1325=AXIS2_PLACEMENT_3D('',#2019,#1534,#1535);
#1326=AXIS2_PLACEMENT_3D('',#2038,#1542,#1543);
#1327=AXIS2_PLACEMENT_3D('',#2039,#1544,#1545);
#1328=AXIS2_PLACEMENT_3D('',#2043,#1547,#1548);
#1329=AXIS2_PLACEMENT_3D('',#2057,#1552,#1553);
#1330=AXIS2_PLACEMENT_3D('',#2076,#1560,#1561);
#1331=AXIS2_PLACEMENT_3D('',#2077,#1562,#1563);
#1332=AXIS2_PLACEMENT_3D('',#2081,#1565,#1566);
#1333=AXIS2_PLACEMENT_3D('',#2095,#1570,#1571);
#1334=AXIS2_PLACEMENT_3D('',#2114,#1578,#1579);
#1335=AXIS2_PLACEMENT_3D('',#2115,#1580,#1581);
#1336=AXIS2_PLACEMENT_3D('',#2119,#1583,#1584);
#1337=AXIS2_PLACEMENT_3D('',#2133,#1588,#1589);
#1338=AXIS2_PLACEMENT_3D('',#2152,#1596,#1597);
#1339=AXIS2_PLACEMENT_3D('',#2153,#1598,#1599);
#1340=AXIS2_PLACEMENT_3D('',#2157,#1601,#1602);
#1341=AXIS2_PLACEMENT_3D('',#2171,#1606,#1607);
#1342=AXIS2_PLACEMENT_3D('',#2190,#1614,#1615);
#1343=AXIS2_PLACEMENT_3D('',#2191,#1616,#1617);
#1344=AXIS2_PLACEMENT_3D('',#2195,#1619,#1620);
#1345=AXIS2_PLACEMENT_3D('',#2206,#1623,#1624);
#1346=AXIS2_PLACEMENT_3D('',#2207,#1625,#1626);
#1347=AXIS2_PLACEMENT_3D('',#2208,#1627,#1628);
#1348=AXIS2_PLACEMENT_3D('',#2210,#1629,#1630);
#1349=AXIS2_PLACEMENT_3D('',#2211,#1631,#1632);
#1350=AXIS2_PLACEMENT_3D('',#2213,#1633,#1634);
#1351=DIRECTION('',(0.,0.,1.));
#1352=DIRECTION('',(1.,0.,0.));
#1353=DIRECTION('',(0.,0.72501524163162,-0.688732821493099));
#1354=DIRECTION('',(0.,0.688732821493099,0.72501524163162));
#1355=DIRECTION('',(1.,0.,0.));
#1356=DIRECTION('',(0.0412887305549127,-0.688145509248546,-0.724396989799256));
#1357=DIRECTION('',(-1.,0.,0.));
#1358=DIRECTION('',(-0.0412887305549127,-0.688145509248546,-0.724396989799256));
#1359=DIRECTION('',(-0.219512195121951,0.,0.975609756097561));
#1360=DIRECTION('',(-0.117851130197758,-0.707106781186548,-0.697216688778396));
#1361=DIRECTION('',(0.447213595499958,0.,-0.894427190999916));
#1362=DIRECTION('',(0.,1.,0.));
#1363=DIRECTION('',(0.,0.,1.));
#1364=DIRECTION('',(0.,-1.,0.));
#1365=DIRECTION('',(0.,0.,-1.));
#1366=DIRECTION('',(-0.175921210819941,-0.707106781186548,-0.684873512105444));
#1367=DIRECTION('',(0.,-1.,0.));
#1368=DIRECTION('',(0.,0.,-1.));
#1369=DIRECTION('',(0.597350605897937,0.,0.80198020775663));
#1370=DIRECTION('',(-0.256919667634894,-0.688145509248546,-0.67856321922385));
#1371=DIRECTION('',(-0.772346261908026,0.,-0.635201740958493));
#1372=DIRECTION('',(-0.280132875790226,0.72501524163162,-0.629188740604393));
#1373=DIRECTION('',(0.,0.655431404871176,0.755254707703697));
#1374=DIRECTION('',(0.913545457642601,0.,-0.406736643075799));
#1375=DIRECTION('',(-0.913545457642601,0.,0.406736643075799));
#1376=DIRECTION('',(-0.332357932135434,-0.688145509248546,-0.644975939898317));
#1377=DIRECTION('',(0.196281868396307,0.,0.980547514472835));
#1378=DIRECTION('',(-0.391245940160358,-0.707106781186548,-0.589004765946794));
#1379=DIRECTION('',(0.0447536356219789,0.,-0.998998054101516));
#1380=DIRECTION('',(0.,1.,0.));
#1381=DIRECTION('',(0.,0.,1.));
#1382=DIRECTION('',(0.,-1.,0.));
#1383=DIRECTION('',(0.,0.,-1.));
#1384=DIRECTION('',(-0.439275176292846,-0.707106781186548,-0.55410948330893));
#1385=DIRECTION('',(0.,-1.,0.));
#1386=DIRECTION('',(0.,0.,-1.));
#1387=DIRECTION('',(0.87190167015428,0.,0.489680995733117));
#1388=DIRECTION('',(-0.510704321248721,-0.688145509248546,-0.515399703491321));
#1389=DIRECTION('',(-0.96393324308668,0.,-0.26614413927869));
#1390=DIRECTION('',(-0.511828232429042,0.72501524163162,-0.460852210464924));
#1391=DIRECTION('',(-0.816939849678032,-0.576722881467378,0.));
#1392=DIRECTION('',(0.669130606358858,0.,-0.743144825477394));
#1393=DIRECTION('',(-0.669130606358859,0.,0.743144825477394));
#1394=DIRECTION('',(-0.565959427872714,-0.688145509248546,-0.454032690566494));
#1395=DIRECTION('',(0.57813701370405,0.,0.815939699601241));
#1396=DIRECTION('',(-0.596990772711451,-0.707106781186548,-0.378948568142677));
#1397=DIRECTION('',(-0.365444634429057,0.,-0.930833078036558));
#1398=DIRECTION('',(0.,1.,0.));
#1399=DIRECTION('',(0.,0.,1.));
#1400=DIRECTION('',(0.,-1.,0.));
#1401=DIRECTION('',(0.,0.,-1.));
#1402=DIRECTION('',(-0.626674473095022,-0.707106781186548,-0.327534890921679));
#1403=DIRECTION('',(0.,-1.,0.));
#1404=DIRECTION('',(0.,0.,-1.));
#1405=DIRECTION('',(0.995693014662943,0.,0.0927114909351589));
#1406=DIRECTION('',(-0.67618355811554,-0.688145509248546,-0.26311889676583));
#1407=DIRECTION('',(-0.988847409477051,0.,0.148932201925999));
#1408=DIRECTION('',(-0.655023837867359,0.72501524163162,-0.212830146425174));
#1409=DIRECTION('',(-0.742015398914013,-0.670382836724269,0.));
#1410=DIRECTION('',(0.309016994374947,0.,-0.951056516295154));
#1411=DIRECTION('',(-0.309016994374948,0.,0.951056516295154));
#1412=DIRECTION('',(-0.701701396950812,-0.688145509248546,-0.184583064278221));
#1413=DIRECTION('',(0.860027017132479,0.,0.510248498089129));
#1414=DIRECTION('',(-0.699510477169826,-0.707106781186548,-0.103368720267027));
#1415=DIRECTION('',(-0.71245420722703,0.,-0.701718606426041));
#1416=DIRECTION('',(0.,1.,0.));
#1417=DIRECTION('',(0.,0.,1.));
#1418=DIRECTION('',(0.,-1.,0.));
#1419=DIRECTION('',(0.,0.,-1.));
#1420=DIRECTION('',(-0.70571606034021,-0.707106781186548,-0.0443265403329994));
#1421=DIRECTION('',(0.,-1.,0.));
#1422=DIRECTION('',(0.,0.,-1.));
#1423=DIRECTION('',(0.947319991349318,0.,-0.320288672902942));
#1424=DIRECTION('',(-0.724744514849405,-0.688145509248546,0.0346575575706091));
#1425=DIRECTION('',(-0.842780875372144,0.,0.538256812411105));
#1426=DIRECTION('',(-0.684959871033655,0.72501524163162,0.0719921834326696));
#1427=DIRECTION('',(-0.726901408124708,-0.686741831306582,0.));
#1428=DIRECTION('',(-0.104528463267655,0.,-0.994521895368273));
#1429=DIRECTION('',(0.104528463267654,0.,0.994521895368273));
#1430=DIRECTION('',(-0.71611281973905,-0.688145509248546,0.116782650708252));
#1431=DIRECTION('',(0.993210536198532,0.,0.116330695795324));
#1432=DIRECTION('',(-0.681078465272354,-0.707106781186548,0.190084518418136));
#1433=DIRECTION('',(-0.93627397515217,0.,-0.351270612851052));
#1434=DIRECTION('',(0.,1.,0.));
#1435=DIRECTION('',(0.,0.,1.));
#1436=DIRECTION('',(0.,-1.,0.));
#1437=DIRECTION('',(0.,0.,-1.));
#1438=DIRECTION('',(-0.662732929523439,-0.707106781186548,0.246546271773233));
#1439=DIRECTION('',(0.,-1.,0.));
#1440=DIRECTION('',(0.,0.,-1.));
#1441=DIRECTION('',(0.735146735399452,0.,-0.677908015464877));
#1442=DIRECTION('',(-0.647990560868589,-0.688145509248546,0.326441405349064));
#1443=DIRECTION('',(-0.550989871491504,0.,0.8345119301207));
#1444=DIRECTION('',(-0.596460119833156,0.72501524163162,0.34436641074655));
#1445=DIRECTION('',(-0.772249636508183,-0.635319210250233,0.));
#1446=DIRECTION('',(-0.5,0.,-0.866025403784438));
#1447=DIRECTION('',(0.5,0.,0.866025403784438));
#1448=DIRECTION('',(-0.606701830313676,-0.688145509248546,0.397955584450193));
#1449=DIRECTION('',(0.954658930521403,0.,-0.297701740632685));
#1450=DIRECTION('',(-0.544881799325681,-0.707106781186548,0.450670417005164));
#1451=DIRECTION('',(-0.998203466991462,0.,0.0599152608792171));
#1452=DIRECTION('',(0.,1.,0.));
#1453=DIRECTION('',(0.,0.,1.));
#1454=DIRECTION('',(0.,-1.,0.));
#1455=DIRECTION('',(0.,0.,-1.));
#1456=DIRECTION('',(-0.505157254452413,-0.707106781186548,0.494788993687309));
#1457=DIRECTION('',(0.,-1.,0.));
#1458=DIRECTION('',(0.,0.,-1.));
#1459=DIRECTION('',(0.395859930300595,0.,-0.918310903551955));
#1460=DIRECTION('',(-0.459193152104156,-0.688145509248546,0.561780568515598));
#1461=DIRECTION('',(-0.163927713244144,0.,0.986472353809546));
#1462=DIRECTION('',(-0.404826995243429,0.72501524163162,0.557196557171724));
#1463=DIRECTION('',(0.,-0.609362030786487,0.792892120931826));
#1464=DIRECTION('',(-0.809016994374947,0.,-0.587785252292474));
#1465=DIRECTION('',(0.809016994374948,0.,0.587785252292472));
#1466=DIRECTION('',(-0.39238658271397,-0.688145509248546,0.610318382327709));
#1467=DIRECTION('',(0.751038122953011,0.,-0.660258841569894));
#1468=DIRECTION('',(-0.314470120179851,-0.707106781186548,0.633331306279794));
#1469=DIRECTION('',(-0.887534510994123,0.,0.460741241690412));
#1470=DIRECTION('',(0.,1.,0.));
#1471=DIRECTION('',(0.,0.,1.));
#1472=DIRECTION('',(0.,-1.,0.));
#1473=DIRECTION('',(0.,0.,-1.));
#1474=DIRECTION('',(-0.260235300876979,-0.707106781186547,0.657478203575957));
#1475=DIRECTION('',(0.,-1.,0.));
#1476=DIRECTION('',(0.,0.,-1.));
#1477=DIRECTION('',(-0.0118746530218023,0.,-0.999929493822245));
#1478=DIRECTION('',(-0.19099707570209,-0.688145509248546,0.699982767769542));
#1479=DIRECTION('',(0.251479035859652,0.,0.967862745704731));
#1480=DIRECTION('',(-0.143195605438317,0.72501524163162,0.673682356890099));
#1481=DIRECTION('',(0.,-0.680697346932081,0.732564756099846));
#1482=DIRECTION('',(-0.978147600733805,0.,-0.20791169081776));
#1483=DIRECTION('',(0.978147600733806,0.,0.207911690817759));
#1484=DIRECTION('',(-0.110224130242826,-0.688145509248546,0.717151587332324));
#1485=DIRECTION('',(0.417556000958894,0.,-0.9086511905364));
#1486=DIRECTION('',(-0.029683700383572,-0.707106781186547,0.706483459064357));
#1487=DIRECTION('',(-0.623402775047994,0.,0.78190087611056));
#1488=DIRECTION('',(0.,1.,0.));
#1489=DIRECTION('',(0.,0.,1.));
#1490=DIRECTION('',(0.,-1.,0.));
#1491=DIRECTION('',(0.,0.,-1.));
#1492=DIRECTION('',(0.0296837003835716,-0.707106781186548,0.706483459064357));
#1493=DIRECTION('',(0.,-1.,0.));
#1494=DIRECTION('',(0.,0.,-1.));
#1495=DIRECTION('',(-0.417556000958894,0.,-0.9086511905364));
#1496=DIRECTION('',(0.110224130242826,-0.688145509248546,0.717151587332324));
#1497=DIRECTION('',(0.623402775047994,0.,0.781900876110559));
#1498=DIRECTION('',(0.143195605438317,0.72501524163162,0.673682356890099));
#1499=DIRECTION('',(0.,-0.680697346932081,0.732564756099846));
#1500=DIRECTION('',(-0.978147600733806,0.,0.20791169081776));
#1501=DIRECTION('',(0.978147600733806,0.,-0.207911690817759));
#1502=DIRECTION('',(0.190997075702091,-0.688145509248546,0.699982767769542));
#1503=DIRECTION('',(0.0118746530218021,0.,-0.999929493822245));
#1504=DIRECTION('',(0.26023530087698,-0.707106781186548,0.657478203575957));
#1505=DIRECTION('',(-0.251479035859651,0.,0.967862745704731));
#1506=DIRECTION('',(0.,1.,0.));
#1507=DIRECTION('',(0.,0.,1.));
#1508=DIRECTION('',(0.,-1.,0.));
#1509=DIRECTION('',(0.,0.,-1.));
#1510=DIRECTION('',(0.314470120179852,-0.707106781186548,0.633331306279794));
#1511=DIRECTION('',(0.,-1.,0.));
#1512=DIRECTION('',(0.,0.,-1.));
#1513=DIRECTION('',(-0.751038122953011,0.,-0.660258841569894));
#1514=DIRECTION('',(0.392386582713971,-0.688145509248546,0.610318382327708));
#1515=DIRECTION('',(0.887534510994123,0.,0.460741241690412));
#1516=DIRECTION('',(0.404826995243428,0.72501524163162,0.557196557171723));
#1517=DIRECTION('',(0.,-0.609362030786487,0.792892120931826));
#1518=DIRECTION('',(-0.809016994374947,0.,0.587785252292474));
#1519=DIRECTION('',(0.809016994374948,0.,-0.587785252292473));
#1520=DIRECTION('',(0.459193152104156,-0.688145509248546,0.561780568515598));
#1521=DIRECTION('',(-0.395859930300595,0.,-0.918310903551955));
#1522=DIRECTION('',(0.505157254452413,-0.707106781186548,0.494788993687309));
#1523=DIRECTION('',(0.163927713244144,0.,0.986472353809546));
#1524=DIRECTION('',(0.,1.,0.));
#1525=DIRECTION('',(0.,0.,1.));
#1526=DIRECTION('',(0.,-1.,0.));
#1527=DIRECTION('',(0.,0.,-1.));
#1528=DIRECTION('',(0.544881799325681,-0.707106781186548,0.450670417005164));
#1529=DIRECTION('',(0.,-1.,0.));
#1530=DIRECTION('',(0.,0.,-1.));
#1531=DIRECTION('',(-0.954658930521404,0.,-0.297701740632684));
#1532=DIRECTION('',(0.606701830313676,-0.688145509248546,0.397955584450193));
#1533=DIRECTION('',(0.998203466991462,0.,0.0599152608792161));
#1534=DIRECTION('',(0.596460119833157,0.72501524163162,0.344366410746549));
#1535=DIRECTION('',(-0.772249636508183,0.635319210250233,0.));
#1536=DIRECTION('',(-0.5,0.,0.866025403784439));
#1537=DIRECTION('',(0.5,0.,-0.866025403784438));
#1538=DIRECTION('',(0.647990560868589,-0.688145509248546,0.326441405349063));
#1539=DIRECTION('',(-0.735146735399452,0.,-0.677908015464877));
#1540=DIRECTION('',(0.662732929523439,-0.707106781186547,0.246546271773232));
#1541=DIRECTION('',(0.550989871491504,0.,0.8345119301207));
#1542=DIRECTION('',(0.,1.,0.));
#1543=DIRECTION('',(0.,0.,1.));
#1544=DIRECTION('',(0.,-1.,0.));
#1545=DIRECTION('',(0.,0.,-1.));
#1546=DIRECTION('',(0.681078465272355,-0.707106781186548,0.190084518418135));
#1547=DIRECTION('',(0.,-1.,0.));
#1548=DIRECTION('',(0.,0.,-1.));
#1549=DIRECTION('',(-0.993210536198532,0.,0.116330695795325));
#1550=DIRECTION('',(0.71611281973905,-0.688145509248546,0.116782650708252));
#1551=DIRECTION('',(0.936273975152169,0.,-0.351270612851053));
#1552=DIRECTION('',(0.684959871033655,0.72501524163162,0.0719921834326681));
#1553=DIRECTION('',(-0.726901408124708,0.686741831306582,0.));
#1554=DIRECTION('',(-0.104528463267653,0.,0.994521895368274));
#1555=DIRECTION('',(0.104528463267654,0.,-0.994521895368273));
#1556=DIRECTION('',(0.724744514849405,-0.688145509248547,0.0346575575706082));
#1557=DIRECTION('',(-0.947319991349318,0.,-0.320288672902941));
#1558=DIRECTION('',(0.70571606034021,-0.707106781186548,-0.044326540333));
#1559=DIRECTION('',(0.842780875372144,0.,0.538256812411104));
#1560=DIRECTION('',(0.,1.,0.));
#1561=DIRECTION('',(0.,0.,1.));
#1562=DIRECTION('',(0.,-1.,0.));
#1563=DIRECTION('',(0.,0.,-1.));
#1564=DIRECTION('',(0.699510477169826,-0.707106781186548,-0.103368720267027));
#1565=DIRECTION('',(0.,-1.,0.));
#1566=DIRECTION('',(0.,0.,-1.));
#1567=DIRECTION('',(-0.860027017132478,0.,0.510248498089129));
#1568=DIRECTION('',(0.701701396950812,-0.688145509248546,-0.184583064278221));
#1569=DIRECTION('',(0.71245420722703,0.,-0.701718606426041));
#1570=DIRECTION('',(0.655023837867359,0.72501524163162,-0.212830146425174));
#1571=DIRECTION('',(-0.742015398914014,0.670382836724269,0.));
#1572=DIRECTION('',(0.309016994374947,0.,0.951056516295154));
#1573=DIRECTION('',(-0.309016994374948,0.,-0.951056516295154));
#1574=DIRECTION('',(0.67618355811554,-0.688145509248546,-0.26311889676583));
#1575=DIRECTION('',(-0.995693014662943,0.,0.0927114909351588));
#1576=DIRECTION('',(0.626674473095022,-0.707106781186548,-0.32753489092168));
#1577=DIRECTION('',(0.988847409477051,0.,0.148932201925999));
#1578=DIRECTION('',(0.,1.,0.));
#1579=DIRECTION('',(0.,0.,1.));
#1580=DIRECTION('',(0.,-1.,0.));
#1581=DIRECTION('',(0.,0.,-1.));
#1582=DIRECTION('',(0.59699077271145,-0.707106781186548,-0.378948568142677));
#1583=DIRECTION('',(0.,-1.,0.));
#1584=DIRECTION('',(0.,0.,-1.));
#1585=DIRECTION('',(-0.57813701370405,0.,0.815939699601241));
#1586=DIRECTION('',(0.565959427872714,-0.688145509248546,-0.454032690566494));
#1587=DIRECTION('',(0.365444634429057,0.,-0.930833078036558));
#1588=DIRECTION('',(0.511828232429042,0.72501524163162,-0.460852210464924));
#1589=DIRECTION('',(-0.816939849678032,0.576722881467377,0.));
#1590=DIRECTION('',(0.669130606358858,0.,0.743144825477394));
#1591=DIRECTION('',(-0.669130606358858,0.,-0.743144825477395));
#1592=DIRECTION('',(0.510704321248721,-0.688145509248546,-0.515399703491321));
#1593=DIRECTION('',(-0.87190167015428,0.,0.489680995733117));
#1594=DIRECTION('',(0.439275176292846,-0.707106781186547,-0.55410948330893));
#1595=DIRECTION('',(0.96393324308668,0.,-0.26614413927869));
#1596=DIRECTION('',(0.,1.,0.));
#1597=DIRECTION('',(0.,0.,1.));
#1598=DIRECTION('',(0.,-1.,0.));
#1599=DIRECTION('',(0.,0.,-1.));
#1600=DIRECTION('',(0.391245940160358,-0.707106781186548,-0.589004765946794));
#1601=DIRECTION('',(0.,-1.,0.));
#1602=DIRECTION('',(0.,0.,-1.));
#1603=DIRECTION('',(-0.196281868396307,0.,0.980547514472835));
#1604=DIRECTION('',(0.332357932135434,-0.688145509248546,-0.644975939898317));
#1605=DIRECTION('',(-0.0447536356219784,0.,-0.998998054101516));
#1606=DIRECTION('',(0.280132875790227,0.72501524163162,-0.629188740604393));
#1607=DIRECTION('',(0.,0.655431404871176,0.755254707703697));
#1608=DIRECTION('',(0.913545457642601,0.,0.406736643075799));
#1609=DIRECTION('',(-0.913545457642601,0.,-0.4067366430758));
#1610=DIRECTION('',(0.256919667634894,-0.688145509248546,-0.67856321922385));
#1611=DIRECTION('',(-0.597350605897937,0.,0.80198020775663));
#1612=DIRECTION('',(0.175921210819942,-0.707106781186547,-0.684873512105444));
#1613=DIRECTION('',(0.772346261908026,0.,-0.635201740958493));
#1614=DIRECTION('',(0.,1.,0.));
#1615=DIRECTION('',(0.,0.,1.));
#1616=DIRECTION('',(0.,-1.,0.));
#1617=DIRECTION('',(0.,0.,-1.));
#1618=DIRECTION('',(0.117851130197758,-0.707106781186548,-0.697216688778396));
#1619=DIRECTION('',(0.,-1.,0.));
#1620=DIRECTION('',(0.,0.,-1.));
#1621=DIRECTION('',(0.219512195121951,0.,0.975609756097561));
#1622=DIRECTION('',(-0.447213595499958,0.,-0.894427190999916));
#1623=DIRECTION('',(0.,-1.,0.));
#1624=DIRECTION('',(1.,0.,0.));
#1625=DIRECTION('',(0.,-1.,0.));
#1626=DIRECTION('',(1.,0.,0.));
#1627=DIRECTION('',(0.,-1.,0.));
#1628=DIRECTION('',(0.,0.,-1.));
#1629=DIRECTION('',(0.,-1.,0.));
#1630=DIRECTION('',(0.,0.,-1.));
#1631=DIRECTION('',(0.,-1.,0.));
#1632=DIRECTION('',(0.,0.,-1.));
#1633=DIRECTION('',(0.,-1.,0.));
#1634=DIRECTION('',(1.,0.,0.));
#1635=CARTESIAN_POINT('',(0.,0.,0.));
#1636=CARTESIAN_POINT('',(0.,-0.0219296467640985,0.0208322068598094));
#1637=CARTESIAN_POINT('',(0.0015875,0.,0.0439171066226825));
#1638=CARTESIAN_POINT('',(0.003175,-1.7347234759768E-18,0.0439171066226825));
#1639=CARTESIAN_POINT('',(-0.003175,-1.7347234759768E-18,0.0439171066226825));
#1640=CARTESIAN_POINT('',(-0.0026035,-0.009525,0.033890329967012));
#1641=CARTESIAN_POINT('',(-0.002032,-0.01905,0.0238635533113413));
#1642=CARTESIAN_POINT('',(0.001016,-0.01905,0.0238635533113413));
#1643=CARTESIAN_POINT('',(0.002032,-0.01905,0.0238635533113413));
#1644=CARTESIAN_POINT('',(0.0026035,-0.009525,0.033890329967012));
#1645=CARTESIAN_POINT('',(0.00635,0.,0.0375671066226825));
#1646=CARTESIAN_POINT('',(0.003175,-0.01905,0.0187835533113413));
#1647=CARTESIAN_POINT('',(0.00529166666666667,0.,0.0396837732893493));
#1648=CARTESIAN_POINT('',(0.002794,-0.01905,0.0204768866446746));
#1649=CARTESIAN_POINT('',(0.00423333333333335,0.,0.0418004399560159));
#1650=CARTESIAN_POINT('',(0.002413,-0.01905,0.022170219978008));
#1651=CARTESIAN_POINT('',(0.003175,0.,0.0439171066226825));
#1652=CARTESIAN_POINT('',(0.002032,-0.01905,0.0238635533113413));
#1653=CARTESIAN_POINT('',(0.0026035,-0.01905,0.0213235533113413));
#1654=CARTESIAN_POINT('',(0.003175,-0.01905,0.0187835533113413));
#1655=CARTESIAN_POINT('',(0.00635,0.,0.0375671066226825));
#1656=CARTESIAN_POINT('',(0.00635,0.,0.0375671066226825));
#1657=CARTESIAN_POINT('',(0.0047625,0.,0.0407421066226826));
#1658=CARTESIAN_POINT('',(-1.49186218934005E-16,0.,-4.19803081186388E-16));
#1659=CARTESIAN_POINT('',(-7.84962372879505E-17,-0.01905,-1.99493199737333E-16));
#1660=CARTESIAN_POINT('',(0.00473945259087502,-0.01905,0.0184510186477292));
#1661=CARTESIAN_POINT('',(0.00710917888631253,-0.009525,0.0276765279715937));
#1662=CARTESIAN_POINT('',(0.00947890518175004,-8.67361737988404E-19,0.0369020372954583));
#1663=CARTESIAN_POINT('',(-1.49186218934005E-16,0.,-4.19803081186388E-16));
#1664=CARTESIAN_POINT('',(0.0149621896932966,0.,0.0414116621097231));
#1665=CARTESIAN_POINT('',(0.00784985719578558,-0.01905,0.0226269295895179));
#1666=CARTESIAN_POINT('',(0.0131344281894477,0.,0.0399084538383015));
#1667=CARTESIAN_POINT('',(0.0068130556608154,-0.01905,0.0212349592755883));
#1668=CARTESIAN_POINT('',(0.0113066666855989,0.,0.0384052455668799));
#1669=CARTESIAN_POINT('',(0.0057762541258452,-0.01905,0.0198429889616587));
#1670=CARTESIAN_POINT('',(0.00947890518175004,0.,0.0369020372954583));
#1671=CARTESIAN_POINT('',(0.00473945259087502,-0.01905,0.0184510186477292));
#1672=CARTESIAN_POINT('',(0.0062946548933303,-0.01905,0.0205389741186235));
#1673=CARTESIAN_POINT('',(0.00784985719578558,-0.01905,0.0226269295895179));
#1674=CARTESIAN_POINT('',(0.0149621896932966,0.,0.0414116621097231));
#1675=CARTESIAN_POINT('',(0.0149621896932966,0.,0.0414116621097231));
#1676=CARTESIAN_POINT('',(0.0122205474375233,0.,0.0391568497025907));
#1677=CARTESIAN_POINT('',(0.00847322188601952,-0.0219296467640985,0.01903116794945));
#1678=CARTESIAN_POINT('',(0.0193129499353196,0.,0.0394745788470746));
#1679=CARTESIAN_POINT('',(0.0207632033493272,8.67361737988404E-19,0.0388288844261918));
#1680=CARTESIAN_POINT('',(0.0106343437506802,-0.01905,0.0213871963014229));
#1681=CARTESIAN_POINT('',(0.0115625059356451,-0.01905,0.0209739518720579));
#1682=CARTESIAN_POINT('',(0.0161628546424862,-0.009525,0.0299014181491248));
#1683=CARTESIAN_POINT('',(0.0210809324938111,0.,0.0317364819283956));
#1684=CARTESIAN_POINT('',(0.0105404662469055,-0.01905,0.0158682409641978));
#1685=CARTESIAN_POINT('',(0.0209750227789831,0.,0.0341006160943277));
#1686=CARTESIAN_POINT('',(0.0108811461431521,-0.01905,0.0175701446001512));
#1687=CARTESIAN_POINT('',(0.0208691130641551,0.,0.0364647502602597));
#1688=CARTESIAN_POINT('',(0.0112218260393986,-0.01905,0.0192720482361045));
#1689=CARTESIAN_POINT('',(0.0207632033493272,0.,0.0388288844261918));
#1690=CARTESIAN_POINT('',(0.0115625059356451,-0.01905,0.0209739518720579));
#1691=CARTESIAN_POINT('',(0.0110514860912753,-0.01905,0.0184210964181278));
#1692=CARTESIAN_POINT('',(0.0105404662469055,-0.01905,0.0158682409641978));
#1693=CARTESIAN_POINT('',(0.0210809324938111,0.,0.0317364819283956));
#1694=CARTESIAN_POINT('',(0.0210809324938111,0.,0.0317364819283956));
#1695=CARTESIAN_POINT('',(0.0209220679215691,0.,0.0352826831772937));
#1696=CARTESIAN_POINT('',(1.76941794549634E-16,0.,2.08166817117217E-16));
#1697=CARTESIAN_POINT('',(2.81892564846231E-16,-0.01905,4.09394740330527E-16));
#1698=CARTESIAN_POINT('',(0.0118344107722127,-0.01905,0.0149281352376825));
#1699=CARTESIAN_POINT('',(0.017751616158319,-0.009525,0.0223922028565237));
#1700=CARTESIAN_POINT('',(0.0236688215444253,-8.67361737988404E-19,0.0298562704753649));
#1701=CARTESIAN_POINT('',(1.76941794549634E-16,0.,2.08166817117217E-16));
#1702=CARTESIAN_POINT('',(0.0305122808613961,0.,0.031745765004853));
#1703=CARTESIAN_POINT('',(0.016374402768706,-0.01905,0.0174779041824648));
#1704=CARTESIAN_POINT('',(0.0282311277557392,0.,0.0311159334950236));
#1705=CARTESIAN_POINT('',(0.0148610721032082,-0.01905,0.0166279812008707));
#1706=CARTESIAN_POINT('',(0.0259499746500823,0.,0.0304861019851943));
#1707=CARTESIAN_POINT('',(0.0133477414377104,-0.01905,0.0157780582192765));
#1708=CARTESIAN_POINT('',(0.0236688215444253,0.,0.0298562704753649));
#1709=CARTESIAN_POINT('',(0.0118344107722127,-0.01905,0.0149281352376825));
#1710=CARTESIAN_POINT('',(0.0141044067704593,-0.01905,0.0162030197100736));
#1711=CARTESIAN_POINT('',(0.016374402768706,-0.01905,0.0174779041824648));
#1712=CARTESIAN_POINT('',(0.0305122808613961,0.,0.031745765004853));
#1713=CARTESIAN_POINT('',(0.0305122808613961,0.,0.031745765004853));
#1714=CARTESIAN_POINT('',(0.0270905512029108,0.,0.0308010177401089));
#1715=CARTESIAN_POINT('',(0.015481346731142,-0.0219296467640985,0.0139394672078974));
#1716=CARTESIAN_POINT('',(0.0336990153741803,0.,0.0282065377735168));
#1717=CARTESIAN_POINT('',(0.0347612602117749,-8.67361737988404E-19,0.0270267953630715));
#1718=CARTESIAN_POINT('',(0.0184139128568878,-0.01905,0.0152127987544097));
#1719=CARTESIAN_POINT('',(0.0190937495529484,-0.01905,0.0144577636117247));
#1720=CARTESIAN_POINT('',(0.0269275048823617,-0.009525,0.0207422794873981));
#1721=CARTESIAN_POINT('',(0.0321667802451829,0.,0.020418331191802));
#1722=CARTESIAN_POINT('',(0.0160833901225914,-0.01905,0.010209165595901));
#1723=CARTESIAN_POINT('',(0.0330316069007136,0.,0.0226211525822252));
#1724=CARTESIAN_POINT('',(0.0170868432660438,-0.01905,0.0116253649345089));
#1725=CARTESIAN_POINT('',(0.0338964335562442,0.,0.0248239739726483));
#1726=CARTESIAN_POINT('',(0.0180902964094961,-0.01905,0.0130415642731168));
#1727=CARTESIAN_POINT('',(0.0347612602117749,0.,0.0270267953630715));
#1728=CARTESIAN_POINT('',(0.0190937495529484,-0.01905,0.0144577636117247));
#1729=CARTESIAN_POINT('',(0.0175885698377699,-0.01905,0.0123334646038128));
#1730=CARTESIAN_POINT('',(0.0160833901225914,-0.01905,0.010209165595901));
#1731=CARTESIAN_POINT('',(0.0321667802451829,0.,0.020418331191802));
#1732=CARTESIAN_POINT('',(0.0321667802451829,0.,0.020418331191802));
#1733=CARTESIAN_POINT('',(0.0334640202284789,0.,0.0237225632774368));
#1734=CARTESIAN_POINT('',(1.77635683940025E-15,0.,1.08073272553355E-15));
#1735=CARTESIAN_POINT('',(9.87057657830803E-16,-0.01905,5.64652491430451E-16));
#1736=CARTESIAN_POINT('',(0.0168830918187881,-0.01905,0.00882404162718939));
#1737=CARTESIAN_POINT('',(0.0253246377281821,-0.009525,0.0132360624407841));
#1738=CARTESIAN_POINT('',(0.0337661836375761,-8.67361737988404E-19,0.0176480832543787));
#1739=CARTESIAN_POINT('',(1.77635683940025E-15,0.,1.08073272553355E-15));
#1740=CARTESIAN_POINT('',(0.0407865214731908,0.,0.0165907367294225));
#1741=CARTESIAN_POINT('',(0.022067665346138,-0.01905,0.00930679036048876));
#1742=CARTESIAN_POINT('',(0.0384464088613194,0.,0.0169431855710747));
#1743=CARTESIAN_POINT('',(0.0203394741703547,-0.01905,0.00914587411605564));
#1744=CARTESIAN_POINT('',(0.0361062962494477,0.,0.0172956344127267));
#1745=CARTESIAN_POINT('',(0.0186112829945714,-0.01905,0.00898495787162252));
#1746=CARTESIAN_POINT('',(0.0337661836375761,0.,0.0176480832543787));
#1747=CARTESIAN_POINT('',(0.0168830918187881,-0.01905,0.00882404162718939));
#1748=CARTESIAN_POINT('',(0.0194753785824631,-0.01905,0.00906541599383908));
#1749=CARTESIAN_POINT('',(0.022067665346138,-0.01905,0.00930679036048876));
#1750=CARTESIAN_POINT('',(0.0407865214731908,0.,0.0165907367294225));
#1751=CARTESIAN_POINT('',(0.0407865214731908,0.,0.0165907367294225));
#1752=CARTESIAN_POINT('',(0.0372763525553835,0.,0.0171194099919007));
#1753=CARTESIAN_POINT('',(0.0198126060828304,-0.0219296467640985,0.00643750595001545));
#1754=CARTESIAN_POINT('',(0.0422582149089016,0.,0.0120613300705669));
#1755=CARTESIAN_POINT('',(0.0427487793874717,-8.67361737988404E-19,0.0105515278509483));
#1756=CARTESIAN_POINT('',(0.0230095491449928,-0.01905,0.00640797009882112));
#1757=CARTESIAN_POINT('',(0.0233235104112778,-0.01905,0.00544169667826525));
#1758=CARTESIAN_POINT('',(0.0330361448993748,-0.009525,0.0079966122646068));
#1759=CARTESIAN_POINT('',(0.037690699466138,0.,0.00556966549743031));
#1760=CARTESIAN_POINT('',(0.018845349733069,-0.01905,0.00278483274871515));
#1761=CARTESIAN_POINT('',(0.0393767261065826,0.,0.00723028628193634));
#1762=CARTESIAN_POINT('',(0.0203380699591386,-0.01905,0.00367045405856519));
#1763=CARTESIAN_POINT('',(0.0410627527470272,0.,0.00889090706644232));
#1764=CARTESIAN_POINT('',(0.0218307901852082,-0.01905,0.0045560753684152));
#1765=CARTESIAN_POINT('',(0.0427487793874717,0.,0.0105515278509483));
#1766=CARTESIAN_POINT('',(0.0233235104112778,-0.01905,0.00544169667826525));
#1767=CARTESIAN_POINT('',(0.0210844300721734,-0.01905,0.0041132647134902));
#1768=CARTESIAN_POINT('',(0.018845349733069,-0.01905,0.00278483274871515));
#1769=CARTESIAN_POINT('',(0.037690699466138,0.,0.00556966549743031));
#1770=CARTESIAN_POINT('',(0.037690699466138,0.,0.00556966549743031));
#1771=CARTESIAN_POINT('',(0.0402197394268049,0.,0.00806059667418933));
#1772=CARTESIAN_POINT('',(7.55992490830693E-15,0.,7.75421393761633E-16));
#1773=CARTESIAN_POINT('',(-3.59087759527199E-16,-0.01905,-1.62630325872825E-18));
#1774=CARTESIAN_POINT('',(0.019012532911821,-0.01905,0.00119419105545372));
#1775=CARTESIAN_POINT('',(0.0285187993677314,-0.009525,0.00179128658318057));
#1776=CARTESIAN_POINT('',(0.0380250658236419,0.,0.00238838211090743));
#1777=CARTESIAN_POINT('',(7.55992490830693E-15,0.,7.75421393761633E-16));
#1778=CARTESIAN_POINT('',(0.0440084019883556,0.,-0.00143298064863646));
#1779=CARTESIAN_POINT('',(0.0239452281067769,-0.01905,-0.000473552064351908));
#1780=CARTESIAN_POINT('',(0.0420139566001176,0.,-0.000159193062121793));
#1781=CARTESIAN_POINT('',(0.0223009963751249,-0.01905,8.23623089166248E-5));
#1782=CARTESIAN_POINT('',(0.0400195112118799,0.,0.00111459452439276));
#1783=CARTESIAN_POINT('',(0.0206567646434729,-0.01905,0.000638276682185182));
#1784=CARTESIAN_POINT('',(0.0380250658236419,0.,0.00238838211090743));
#1785=CARTESIAN_POINT('',(0.019012532911821,-0.01905,0.00119419105545371));
#1786=CARTESIAN_POINT('',(0.0214788805092989,-0.01905,0.000360319495550902));
#1787=CARTESIAN_POINT('',(0.0239452281067769,-0.01905,-0.000473552064351908));
#1788=CARTESIAN_POINT('',(0.0440084019883556,0.,-0.00143298064863646));
#1789=CARTESIAN_POINT('',(0.0440084019883556,0.,-0.00143298064863646));
#1790=CARTESIAN_POINT('',(0.0410167339059987,0.,0.000477700731135477));
#1791=CARTESIAN_POINT('',(0.0207180858509216,-0.0219296467640985,-0.00217755856952977));
#1792=CARTESIAN_POINT('',(0.0435105851820434,0.,-0.00616939117532787));
#1793=CARTESIAN_POINT('',(0.043344646246606,1.7347234759768E-18,-0.007748194684225));
#1794=CARTESIAN_POINT('',(0.023626625350737,-0.01905,-0.00350485480143442));
#1795=CARTESIAN_POINT('',(0.0235204244320571,-0.01905,-0.00451528904712858));
#1796=CARTESIAN_POINT('',(0.0334325353393316,-0.009525,-0.00613174186567679));
#1797=CARTESIAN_POINT('',(0.0366975543401427,0.,-0.0102420459602697));
#1798=CARTESIAN_POINT('',(0.0183487771700713,-0.01905,-0.00512102298013484));
#1799=CARTESIAN_POINT('',(0.0389132516422971,0.,-0.00941076220158812));
#1800=CARTESIAN_POINT('',(0.0200726595907333,-0.01905,-0.00491911166913275));
#1801=CARTESIAN_POINT('',(0.0411289489444515,0.,-0.00857947844290655));
#1802=CARTESIAN_POINT('',(0.0217965420113952,-0.01905,-0.00471720035813067));
#1803=CARTESIAN_POINT('',(0.043344646246606,0.,-0.007748194684225));
#1804=CARTESIAN_POINT('',(0.0235204244320571,-0.01905,-0.00451528904712858));
#1805=CARTESIAN_POINT('',(0.0209346008010642,-0.01905,-0.00481815601363171));
#1806=CARTESIAN_POINT('',(0.0183487771700713,-0.01905,-0.00512102298013484));
#1807=CARTESIAN_POINT('',(0.0366975543401427,0.,-0.0102420459602697));
#1808=CARTESIAN_POINT('',(0.0366975543401427,0.,-0.0102420459602697));
#1809=CARTESIAN_POINT('',(0.0400211002933743,0.,-0.00899512032224733));
#1810=CARTESIAN_POINT('',(-1.65145674912992E-15,0.,5.68989300120393E-16));
#1811=CARTESIAN_POINT('',(-8.2572837456496E-16,-0.01905,2.84494650060197E-16));
#1812=CARTESIAN_POINT('',(0.0178545343409608,-0.01905,-0.00664214599865505));
#1813=CARTESIAN_POINT('',(0.0267818015114413,-0.009525,-0.00996321899798258));
#1814=CARTESIAN_POINT('',(0.0357090686819217,0.,-0.0132842919973101));
#1815=CARTESIAN_POINT('',(-1.65145674912992E-15,0.,5.68989300120393E-16));
#1816=CARTESIAN_POINT('',(0.0396208299959529,0.,-0.0192089226543257));
#1817=CARTESIAN_POINT('',(0.0216824433921858,-0.01905,-0.0101720130351807));
#1818=CARTESIAN_POINT('',(0.0383169095579425,0.,-0.0172340457686538));
#1819=CARTESIAN_POINT('',(0.0204064737084442,-0.01905,-0.00899539068967211));
#1820=CARTESIAN_POINT('',(0.0370129891199321,0.,-0.0152591688829819));
#1821=CARTESIAN_POINT('',(0.0191305040247025,-0.01905,-0.0078187683441636));
#1822=CARTESIAN_POINT('',(0.0357090686819217,0.,-0.0132842919973101));
#1823=CARTESIAN_POINT('',(0.0178545343409608,-0.01905,-0.00664214599865505));
#1824=CARTESIAN_POINT('',(0.0197684888665733,-0.01905,-0.00840707951691786));
#1825=CARTESIAN_POINT('',(0.0216824433921858,-0.01905,-0.0101720130351807));
#1826=CARTESIAN_POINT('',(0.0396208299959529,0.,-0.0192089226543257));
#1827=CARTESIAN_POINT('',(0.0396208299959529,0.,-0.0192089226543257));
#1828=CARTESIAN_POINT('',(0.0376649493389373,0.,-0.0162466073258179));
#1829=CARTESIAN_POINT('',(0.0180412203574874,-0.0219296467640985,-0.0104161034299047));
#1830=CARTESIAN_POINT('',(0.0372395799959529,0.,-0.0233333686398491));
#1831=CARTESIAN_POINT('',(0.0364458299959529,0.,-0.0247081839683569));
#1832=CARTESIAN_POINT('',(0.0201584433921858,-0.01905,-0.0128116584659156));
#1833=CARTESIAN_POINT('',(0.0196504433921858,-0.01905,-0.0136915402761606));
#1834=CARTESIAN_POINT('',(0.0280481366940693,-0.009525,-0.0191998621222587));
#1835=CARTESIAN_POINT('',(0.0293590686819217,0.,-0.0242828146253725));
#1836=CARTESIAN_POINT('',(0.0146795343409608,-0.01905,-0.0121414073126862));
#1837=CARTESIAN_POINT('',(0.0317213224532654,0.,-0.0244246044063673));
#1838=CARTESIAN_POINT('',(0.0163365040247025,-0.01905,-0.012658118300511));
#1839=CARTESIAN_POINT('',(0.0340835762246092,0.,-0.0245663941873621));
#1840=CARTESIAN_POINT('',(0.0179934737084441,-0.01905,-0.0131748292883358));
#1841=CARTESIAN_POINT('',(0.0364458299959529,0.,-0.0247081839683569));
#1842=CARTESIAN_POINT('',(0.0196504433921858,-0.01905,-0.0136915402761606));
#1843=CARTESIAN_POINT('',(0.0171649888665734,-0.01905,-0.0129164737944234));
#1844=CARTESIAN_POINT('',(0.0146795343409608,-0.01905,-0.0121414073126862));
#1845=CARTESIAN_POINT('',(0.0293590686819217,0.,-0.0242828146253725));
#1846=CARTESIAN_POINT('',(0.0293590686819217,0.,-0.0242828146253725));
#1847=CARTESIAN_POINT('',(0.0329024493389373,0.,-0.0244954992968647));
#1848=CARTESIAN_POINT('',(4.40619762898109E-16,0.,-4.11129463806503E-16));
#1849=CARTESIAN_POINT('',(2.20309881449055E-16,-0.01905,-2.05564731903251E-16));
#1850=CARTESIAN_POINT('',(0.0136093245791963,-0.01905,-0.0133299956675943));
#1851=CARTESIAN_POINT('',(0.0204139868687945,-0.009525,-0.0199949935013914));
#1852=CARTESIAN_POINT('',(0.0272186491583926,8.67361737988404E-19,-0.0266599913351886));
#1853=CARTESIAN_POINT('',(4.40619762898109E-16,0.,-4.11129463806503E-16));
#1854=CARTESIAN_POINT('',(0.0283824565533094,0.,-0.0336634674254982));
#1855=CARTESIAN_POINT('',(0.0156705672362715,-0.01905,-0.0181116405423894));
#1856=CARTESIAN_POINT('',(0.0279945207550038,0.,-0.0313289753953949));
#1857=CARTESIAN_POINT('',(0.0149834863505798,-0.01905,-0.0165177589174576));
#1858=CARTESIAN_POINT('',(0.0276065849566982,0.,-0.0289944833652918));
#1859=CARTESIAN_POINT('',(0.014296405464888,-0.01905,-0.014923877292526));
#1860=CARTESIAN_POINT('',(0.0272186491583926,0.,-0.0266599913351886));
#1861=CARTESIAN_POINT('',(0.0136093245791963,-0.01905,-0.0133299956675943));
#1862=CARTESIAN_POINT('',(0.0146399459077339,-0.01905,-0.0157208181049918));
#1863=CARTESIAN_POINT('',(0.0156705672362715,-0.01905,-0.0181116405423894));
#1864=CARTESIAN_POINT('',(0.0283824565533094,0.,-0.0336634674254982));
#1865=CARTESIAN_POINT('',(0.0283824565533094,0.,-0.0336634674254982));
#1866=CARTESIAN_POINT('',(0.027800552855851,0.,-0.0301617293803434));
#1867=CARTESIAN_POINT('',(0.0122448639649021,-0.0219296467640985,-0.0168536093799202));
#1868=CARTESIAN_POINT('',(0.0245295131175987,0.,-0.036462794689541));
#1869=CARTESIAN_POINT('',(0.0232451986390284,-8.67361737988404E-19,-0.0373959037775553));
#1870=CARTESIAN_POINT('',(0.0132046834374167,-0.01905,-0.0199032099913768));
#1871=CARTESIAN_POINT('',(0.0123827221711317,-0.01905,-0.0205003998077059));
#1872=CARTESIAN_POINT('',(0.0178139604050801,-0.009525,-0.0289481517926307));
#1873=CARTESIAN_POINT('',(0.0169441333298307,0.,-0.034124864039303));
#1874=CARTESIAN_POINT('',(0.00847206666491538,-0.01905,-0.0170624320196515));
#1875=CARTESIAN_POINT('',(0.0190444884328967,0.,-0.0352152106187205));
#1876=CARTESIAN_POINT('',(0.00977561850032084,-0.01905,-0.0182084212823364));
#1877=CARTESIAN_POINT('',(0.0211448435359625,0.,-0.0363055571981379));
#1878=CARTESIAN_POINT('',(0.0110791703357263,-0.01905,-0.0193544105450211));
#1879=CARTESIAN_POINT('',(0.0232451986390284,0.,-0.0373959037775553));
#1880=CARTESIAN_POINT('',(0.0123827221711317,-0.01905,-0.0205003998077059));
#1881=CARTESIAN_POINT('',(0.0104273944180235,-0.01905,-0.0187814159136787));
#1882=CARTESIAN_POINT('',(0.00847206666491537,-0.01905,-0.0170624320196516));
#1883=CARTESIAN_POINT('',(0.0169441333298307,0.,-0.034124864039303));
#1884=CARTESIAN_POINT('',(0.0169441333298307,0.,-0.034124864039303));
#1885=CARTESIAN_POINT('',(0.0200946659844296,0.,-0.0357603839084292));
#1886=CARTESIAN_POINT('',(-1.62196645003831E-16,0.,1.76941794549634E-16));
#1887=CARTESIAN_POINT('',(1.2490009027033E-16,-0.01905,-2.58473797920545E-16));
#1888=CARTESIAN_POINT('',(0.00701093896085633,-0.01905,-0.0177129679863976));
#1889=CARTESIAN_POINT('',(0.0105164084412845,-0.009525,-0.0265694519795964));
#1890=CARTESIAN_POINT('',(0.0140218779217126,-1.7347234759768E-18,-0.0354259359727952));
#1891=CARTESIAN_POINT('',(-1.62196645003831E-16,0.,1.76941794549634E-16));
#1892=CARTESIAN_POINT('',(0.0122364985260756,0.,-0.0422972928558013));
#1893=CARTESIAN_POINT('',(0.0069491076425718,-0.01905,-0.02291960086073));
#1894=CARTESIAN_POINT('',(0.0128316249912879,0.,-0.040006840561466));
#1895=CARTESIAN_POINT('',(0.00696971808199998,-0.01905,-0.0211840565692859));
#1896=CARTESIAN_POINT('',(0.0134267514565003,0.,-0.0377163882671306));
#1897=CARTESIAN_POINT('',(0.00699032852142815,-0.01905,-0.0194485122778418));
#1898=CARTESIAN_POINT('',(0.0140218779217126,0.,-0.0354259359727952));
#1899=CARTESIAN_POINT('',(0.00701093896085633,-0.01905,-0.0177129679863976));
#1900=CARTESIAN_POINT('',(0.00698002330171406,-0.01905,-0.0203162844235639));
#1901=CARTESIAN_POINT('',(0.0069491076425718,-0.01905,-0.02291960086073));
#1902=CARTESIAN_POINT('',(0.0122364985260756,0.,-0.0422972928558013));
#1903=CARTESIAN_POINT('',(0.0122364985260756,0.,-0.0422972928558013));
#1904=CARTESIAN_POINT('',(0.0131291882238941,0.,-0.0388616144142983));
#1905=CARTESIAN_POINT('',(0.00433125935168832,-0.0219296467640985,-0.0203769731579129));
#1906=CARTESIAN_POINT('',(0.00757807057758082,0.,-0.0432874722833209));
#1907=CARTESIAN_POINT('',(0.0060252612614159,0.,-0.043617532092494));
#1908=CARTESIAN_POINT('',(0.00396771375553515,-0.01905,-0.0235533156943426));
#1909=CARTESIAN_POINT('',(0.0029739157931896,-0.01905,-0.0237645539722134));
#1910=CARTESIAN_POINT('',(0.00449958852730275,-0.009525,-0.0336910430323537));
#1911=CARTESIAN_POINT('',(0.0015994033923933,0.,-0.0380664144461808));
#1912=CARTESIAN_POINT('',(0.00079970169619664,-0.01905,-0.0190332072230904));
#1913=CARTESIAN_POINT('',(0.00307468934873417,0.,-0.0399167869949519));
#1914=CARTESIAN_POINT('',(0.00152443972852763,-0.01905,-0.0206103228061314));
#1915=CARTESIAN_POINT('',(0.00454997530507502,0.,-0.0417671595437229));
#1916=CARTESIAN_POINT('',(0.00224917776085861,-0.01905,-0.0221874383891724));
#1917=CARTESIAN_POINT('',(0.0060252612614159,0.,-0.043617532092494));
#1918=CARTESIAN_POINT('',(0.0029739157931896,-0.01905,-0.0237645539722134));
#1919=CARTESIAN_POINT('',(0.00188680874469312,-0.01905,-0.0213988805976519));
#1920=CARTESIAN_POINT('',(0.000799701696196633,-0.01905,-0.0190332072230904));
#1921=CARTESIAN_POINT('',(0.0015994033923933,0.,-0.0380664144461808));
#1922=CARTESIAN_POINT('',(0.0015994033923933,0.,-0.0380664144461808));
#1923=CARTESIAN_POINT('',(0.00381233232690459,0.,-0.0408419732693375));
#1924=CARTESIAN_POINT('',(-6.93889390390723E-18,0.,-2.42861286636753E-15));
#1925=CARTESIAN_POINT('',(5.00901403688303E-17,-0.01905,-1.35308431126191E-16));
#1926=CARTESIAN_POINT('',(-0.000799701696196652,-0.01905,-0.0190332072230904));
#1927=CARTESIAN_POINT('',(-0.00119955254429498,-0.009525,-0.0285498108346356));
#1928=CARTESIAN_POINT('',(-0.00159940339239331,-8.67361737988404E-19,-0.0380664144461808));
#1929=CARTESIAN_POINT('',(-6.93889390390723E-18,0.,-2.42861286636753E-15));
#1930=CARTESIAN_POINT('',(-0.00602526126141591,0.,-0.043617532092494));
#1931=CARTESIAN_POINT('',(-0.0029739157931896,-0.01905,-0.0237645539722134));
#1932=CARTESIAN_POINT('',(-0.00454997530507506,0.,-0.041767159543723));
#1933=CARTESIAN_POINT('',(-0.00224917776085862,-0.01905,-0.0221874383891724));
#1934=CARTESIAN_POINT('',(-0.00307468934873415,0.,-0.0399167869949519));
#1935=CARTESIAN_POINT('',(-0.00152443972852764,-0.01905,-0.0206103228061314));
#1936=CARTESIAN_POINT('',(-0.00159940339239331,0.,-0.0380664144461808));
#1937=CARTESIAN_POINT('',(-0.000799701696196648,-0.01905,-0.0190332072230904));
#1938=CARTESIAN_POINT('',(-0.00188680874469313,-0.01905,-0.0213988805976519));
#1939=CARTESIAN_POINT('',(-0.00297391579318961,-0.01905,-0.0237645539722134));
#1940=CARTESIAN_POINT('',(-0.00602526126141591,0.,-0.043617532092494));
#1941=CARTESIAN_POINT('',(-0.00602526126141591,0.,-0.043617532092494));
#1942=CARTESIAN_POINT('',(-0.0038123323269046,0.,-0.0408419732693375));
#1943=CARTESIAN_POINT('',(-0.00433125935168832,-0.0219296467640985,-0.0203769731579129));
#1944=CARTESIAN_POINT('',(-0.0106836892099107,0.,-0.0426273526649745));
#1945=CARTESIAN_POINT('',(-0.0122364985260756,-1.7347234759768E-18,-0.0422972928558013));
#1946=CARTESIAN_POINT('',(-0.00595530968022626,-0.01905,-0.0231308391386009));
#1947=CARTESIAN_POINT('',(-0.0069491076425718,-0.01905,-0.02291960086073));
#1948=CARTESIAN_POINT('',(-0.00959280308432369,-0.009525,-0.0326084468582657));
#1949=CARTESIAN_POINT('',(-0.0140218779217126,0.,-0.0354259359727952));
#1950=CARTESIAN_POINT('',(-0.00701093896085633,-0.01905,-0.0177129679863976));
#1951=CARTESIAN_POINT('',(-0.0134267514565003,0.,-0.0377163882671306));
#1952=CARTESIAN_POINT('',(-0.00699032852142815,-0.01905,-0.0194485122778418));
#1953=CARTESIAN_POINT('',(-0.0128316249912879,0.,-0.040006840561466));
#1954=CARTESIAN_POINT('',(-0.00696971808199998,-0.01905,-0.0211840565692859));
#1955=CARTESIAN_POINT('',(-0.0122364985260756,0.,-0.0422972928558013));
#1956=CARTESIAN_POINT('',(-0.00694910764257181,-0.01905,-0.02291960086073));
#1957=CARTESIAN_POINT('',(-0.00698002330171407,-0.01905,-0.0203162844235639));
#1958=CARTESIAN_POINT('',(-0.00701093896085634,-0.01905,-0.0177129679863976));
#1959=CARTESIAN_POINT('',(-0.0140218779217127,0.,-0.0354259359727952));
#1960=CARTESIAN_POINT('',(-0.0140218779217127,0.,-0.0354259359727952));
#1961=CARTESIAN_POINT('',(-0.0131291882238941,0.,-0.0388616144142983));
#1962=CARTESIAN_POINT('',(1.06685493772574E-16,0.,1.7347234759768E-16));
#1963=CARTESIAN_POINT('',(5.33427468862868E-17,-0.01905,8.67361737988404E-17));
#1964=CARTESIAN_POINT('',(-0.00847206666491539,-0.01905,-0.0170624320196515));
#1965=CARTESIAN_POINT('',(-0.0127080999973731,-0.009525,-0.0255936480294773));
#1966=CARTESIAN_POINT('',(-0.0169441333298308,8.67361737988404E-19,-0.034124864039303));
#1967=CARTESIAN_POINT('',(1.06685493772574E-16,0.,1.7347234759768E-16));
#1968=CARTESIAN_POINT('',(-0.0232451986390284,0.,-0.0373959037775553));
#1969=CARTESIAN_POINT('',(-0.0123827221711317,-0.01905,-0.0205003998077059));
#1970=CARTESIAN_POINT('',(-0.0211448435359625,0.,-0.0363055571981379));
#1971=CARTESIAN_POINT('',(-0.0110791703357263,-0.01905,-0.0193544105450211));
#1972=CARTESIAN_POINT('',(-0.0190444884328967,0.,-0.0352152106187205));
#1973=CARTESIAN_POINT('',(-0.00977561850032082,-0.01905,-0.0182084212823363));
#1974=CARTESIAN_POINT('',(-0.0169441333298308,0.,-0.034124864039303));
#1975=CARTESIAN_POINT('',(-0.00847206666491539,-0.01905,-0.0170624320196515));
#1976=CARTESIAN_POINT('',(-0.0104273944180236,-0.01905,-0.0187814159136787));
#1977=CARTESIAN_POINT('',(-0.0123827221711317,-0.01905,-0.0205003998077059));
#1978=CARTESIAN_POINT('',(-0.0232451986390284,0.,-0.0373959037775553));
#1979=CARTESIAN_POINT('',(-0.0232451986390284,0.,-0.0373959037775553));
#1980=CARTESIAN_POINT('',(-0.0200946659844297,0.,-0.0357603839084292));
#1981=CARTESIAN_POINT('',(-0.0122448639649021,-0.0219296467640985,-0.0168536093799202));
#1982=CARTESIAN_POINT('',(-0.0270981420747391,0.,-0.0345965765135124));
#1983=CARTESIAN_POINT('',(-0.0283824565533094,-1.7347234759768E-18,-0.0336634674254982));
#1984=CARTESIAN_POINT('',(-0.0148486059699866,-0.01905,-0.0187088303587185));
#1985=CARTESIAN_POINT('',(-0.0156705672362715,-0.01905,-0.0181116405423894));
#1986=CARTESIAN_POINT('',(-0.0220265118947904,-0.009525,-0.0258875539839438));
#1987=CARTESIAN_POINT('',(-0.0272186491583926,0.,-0.0266599913351886));
#1988=CARTESIAN_POINT('',(-0.0136093245791963,-0.01905,-0.0133299956675943));
#1989=CARTESIAN_POINT('',(-0.0276065849566982,0.,-0.0289944833652918));
#1990=CARTESIAN_POINT('',(-0.0142964054648881,-0.01905,-0.014923877292526));
#1991=CARTESIAN_POINT('',(-0.0279945207550038,0.,-0.0313289753953949));
#1992=CARTESIAN_POINT('',(-0.0149834863505798,-0.01905,-0.0165177589174576));
#1993=CARTESIAN_POINT('',(-0.0283824565533094,0.,-0.0336634674254982));
#1994=CARTESIAN_POINT('',(-0.0156705672362715,-0.01905,-0.0181116405423894));
#1995=CARTESIAN_POINT('',(-0.0146399459077339,-0.01905,-0.0157208181049918));
#1996=CARTESIAN_POINT('',(-0.0136093245791963,-0.01905,-0.0133299956675943));
#1997=CARTESIAN_POINT('',(-0.0272186491583926,0.,-0.0266599913351886));
#1998=CARTESIAN_POINT('',(-0.0272186491583926,0.,-0.0266599913351886));
#1999=CARTESIAN_POINT('',(-0.027800552855851,0.,-0.0301617293803434));
#2000=CARTESIAN_POINT('',(3.41740524767431E-16,0.,2.53269627492614E-16));
#2001=CARTESIAN_POINT('',(1.70870262383715E-16,-0.01905,1.26634813746307E-16));
#2002=CARTESIAN_POINT('',(-0.0146795343409609,-0.01905,-0.0121414073126862));
#2003=CARTESIAN_POINT('',(-0.0220193015114413,-0.009525,-0.0182121109690293));
#2004=CARTESIAN_POINT('',(-0.0293590686819217,1.7347234759768E-18,-0.0242828146253725));
#2005=CARTESIAN_POINT('',(3.41740524767431E-16,0.,2.53269627492614E-16));
#2006=CARTESIAN_POINT('',(-0.0364458299959529,0.,-0.0247081839683569));
#2007=CARTESIAN_POINT('',(-0.0196504433921858,-0.01905,-0.0136915402761606));
#2008=CARTESIAN_POINT('',(-0.0340835762246091,0.,-0.0245663941873621));
#2009=CARTESIAN_POINT('',(-0.0179934737084441,-0.01905,-0.0131748292883358));
#2010=CARTESIAN_POINT('',(-0.0317213224532655,0.,-0.0244246044063673));
#2011=CARTESIAN_POINT('',(-0.0163365040247025,-0.01905,-0.012658118300511));
#2012=CARTESIAN_POINT('',(-0.0293590686819217,0.,-0.0242828146253725));
#2013=CARTESIAN_POINT('',(-0.0146795343409609,-0.01905,-0.0121414073126862));
#2014=CARTESIAN_POINT('',(-0.0171649888665734,-0.01905,-0.0129164737944234));
#2015=CARTESIAN_POINT('',(-0.0196504433921858,-0.01905,-0.0136915402761606));
#2016=CARTESIAN_POINT('',(-0.0364458299959529,0.,-0.0247081839683569));
#2017=CARTESIAN_POINT('',(-0.0364458299959529,0.,-0.0247081839683569));
#2018=CARTESIAN_POINT('',(-0.0329024493389374,0.,-0.0244954992968647));
#2019=CARTESIAN_POINT('',(-0.0180412203574874,-0.0219296467640985,-0.0104161034299047));
#2020=CARTESIAN_POINT('',(-0.0388270799959529,0.,-0.0205837379828334));
#2021=CARTESIAN_POINT('',(-0.0396208299959529,8.67361737988404E-19,-0.0192089226543257));
#2022=CARTESIAN_POINT('',(-0.0211744433921858,-0.01905,-0.0110518948454256));
#2023=CARTESIAN_POINT('',(-0.0216824433921858,-0.01905,-0.0101720130351806));
#2024=CARTESIAN_POINT('',(-0.0306516366940694,-0.009525,-0.0146904678447532));
#2025=CARTESIAN_POINT('',(-0.0357090686819217,0.,-0.0132842919973101));
#2026=CARTESIAN_POINT('',(-0.0178545343409608,-0.01905,-0.00664214599865504));
#2027=CARTESIAN_POINT('',(-0.0370129891199322,0.,-0.0152591688829819));
#2028=CARTESIAN_POINT('',(-0.0191305040247025,-0.01905,-0.00781876834416357));
#2029=CARTESIAN_POINT('',(-0.0383169095579425,0.,-0.0172340457686538));
#2030=CARTESIAN_POINT('',(-0.0204064737084442,-0.01905,-0.00899539068967212));
#2031=CARTESIAN_POINT('',(-0.0396208299959529,0.,-0.0192089226543257));
#2032=CARTESIAN_POINT('',(-0.0216824433921858,-0.01905,-0.0101720130351806));
#2033=CARTESIAN_POINT('',(-0.0197684888665733,-0.01905,-0.00840707951691784));
#2034=CARTESIAN_POINT('',(-0.0178545343409608,-0.01905,-0.00664214599865504));
#2035=CARTESIAN_POINT('',(-0.0357090686819217,0.,-0.0132842919973101));
#2036=CARTESIAN_POINT('',(-0.0357090686819217,0.,-0.0132842919973101));
#2037=CARTESIAN_POINT('',(-0.0376649493389374,0.,-0.0162466073258179));
#2038=CARTESIAN_POINT('',(-2.32452945780892E-16,0.,-8.67361737988404E-18));
#2039=CARTESIAN_POINT('',(-1.16226472890446E-16,-0.01905,-4.33680868994202E-18));
#2040=CARTESIAN_POINT('',(-0.0183487771700713,-0.01905,-0.00512102298013482));
#2041=CARTESIAN_POINT('',(-0.027523165755107,-0.009525,-0.00768153447020223));
#2042=CARTESIAN_POINT('',(-0.0366975543401427,-8.67361737988404E-19,-0.0102420459602696));
#2043=CARTESIAN_POINT('',(-2.32452945780892E-16,0.,-8.67361737988404E-18));
#2044=CARTESIAN_POINT('',(-0.043344646246606,0.,-0.00774819468422496));
#2045=CARTESIAN_POINT('',(-0.0235204244320571,-0.01905,-0.00451528904712856));
#2046=CARTESIAN_POINT('',(-0.0411289489444515,0.,-0.00857947844290653));
#2047=CARTESIAN_POINT('',(-0.0217965420113952,-0.01905,-0.00471720035813065));
#2048=CARTESIAN_POINT('',(-0.0389132516422971,0.,-0.00941076220158807));
#2049=CARTESIAN_POINT('',(-0.0200726595907333,-0.01905,-0.00491911166913273));
#2050=CARTESIAN_POINT('',(-0.0366975543401427,0.,-0.0102420459602696));
#2051=CARTESIAN_POINT('',(-0.0183487771700713,-0.01905,-0.00512102298013482));
#2052=CARTESIAN_POINT('',(-0.0209346008010642,-0.01905,-0.00481815601363169));
#2053=CARTESIAN_POINT('',(-0.0235204244320571,-0.01905,-0.00451528904712856));
#2054=CARTESIAN_POINT('',(-0.043344646246606,0.,-0.00774819468422496));
#2055=CARTESIAN_POINT('',(-0.043344646246606,0.,-0.00774819468422496));
#2056=CARTESIAN_POINT('',(-0.0400211002933743,0.,-0.0089951203222473));
#2057=CARTESIAN_POINT('',(-0.0207180858509216,-0.0219296467640985,-0.00217755856952973));
#2058=CARTESIAN_POINT('',(-0.0438424630529182,0.,-0.00301178415753355));
#2059=CARTESIAN_POINT('',(-0.0440084019883556,2.60208521396521E-18,-0.00143298064863641));
#2060=CARTESIAN_POINT('',(-0.0238390271880969,-0.01905,-0.00148398631004605));
#2061=CARTESIAN_POINT('',(-0.0239452281067769,-0.01905,-0.000473552064351886));
#2062=CARTESIAN_POINT('',(-0.0339768150475662,-0.009525,-0.000953266356494149));
#2063=CARTESIAN_POINT('',(-0.0380250658236419,0.,0.00238838211090746));
#2064=CARTESIAN_POINT('',(-0.019012532911821,-0.01905,0.00119419105545373));
#2065=CARTESIAN_POINT('',(-0.0400195112118798,0.,0.00111459452439286));
#2066=CARTESIAN_POINT('',(-0.0206567646434729,-0.01905,0.000638276682185185));
#2067=CARTESIAN_POINT('',(-0.0420139566001178,0.,-0.000159193062121816));
#2068=CARTESIAN_POINT('',(-0.0223009963751249,-0.01905,8.23623089166603E-5));
#2069=CARTESIAN_POINT('',(-0.0440084019883556,0.,-0.00143298064863641));
#2070=CARTESIAN_POINT('',(-0.0239452281067769,-0.01905,-0.000473552064351886));
#2071=CARTESIAN_POINT('',(-0.0214788805092989,-0.01905,0.000360319495550922));
#2072=CARTESIAN_POINT('',(-0.019012532911821,-0.01905,0.00119419105545373));
#2073=CARTESIAN_POINT('',(-0.0380250658236419,0.,0.00238838211090746));
#2074=CARTESIAN_POINT('',(-0.0380250658236419,0.,0.00238838211090746));
#2075=CARTESIAN_POINT('',(-0.0410167339059987,0.,0.000477700731135518));
#2076=CARTESIAN_POINT('',(-2.08513761812412E-15,0.,2.07516295813725E-16));
#2077=CARTESIAN_POINT('',(5.72458747072346E-17,-0.01905,2.20093041014557E-17));
#2078=CARTESIAN_POINT('',(-0.018845349733069,-0.01905,0.00278483274871515));
#2079=CARTESIAN_POINT('',(-0.0282680245996035,-0.009525,0.00417724912307274));
#2080=CARTESIAN_POINT('',(-0.037690699466138,8.67361737988404E-19,0.00556966549743032));
#2081=CARTESIAN_POINT('',(-2.08513761812412E-15,0.,2.07516295813725E-16));
#2082=CARTESIAN_POINT('',(-0.0427487793874717,0.,0.0105515278509483));
#2083=CARTESIAN_POINT('',(-0.0233235104112778,-0.01905,0.00544169667826525));
#2084=CARTESIAN_POINT('',(-0.0410627527470272,0.,0.00889090706644236));
#2085=CARTESIAN_POINT('',(-0.0218307901852082,-0.01905,0.00455607536841522));
#2086=CARTESIAN_POINT('',(-0.0393767261065825,0.,0.00723028628193632));
#2087=CARTESIAN_POINT('',(-0.0203380699591386,-0.01905,0.00367045405856517));
#2088=CARTESIAN_POINT('',(-0.037690699466138,0.,0.00556966549743032));
#2089=CARTESIAN_POINT('',(-0.018845349733069,-0.01905,0.00278483274871516));
#2090=CARTESIAN_POINT('',(-0.0210844300721734,-0.01905,0.0041132647134902));
#2091=CARTESIAN_POINT('',(-0.0233235104112778,-0.01905,0.00544169667826525));
#2092=CARTESIAN_POINT('',(-0.0427487793874717,0.,0.0105515278509483));
#2093=CARTESIAN_POINT('',(-0.0427487793874717,0.,0.0105515278509483));
#2094=CARTESIAN_POINT('',(-0.0402197394268049,0.,0.00806059667418934));
#2095=CARTESIAN_POINT('',(-0.0198126060828304,-0.0219296467640985,0.00643750595001545));
#2096=CARTESIAN_POINT('',(-0.041277085951761,0.,0.0150809345098041));
#2097=CARTESIAN_POINT('',(-0.0407865214731908,0.,0.0165907367294226));
#2098=CARTESIAN_POINT('',(-0.022381626612423,-0.01905,0.00834051693993289));
#2099=CARTESIAN_POINT('',(-0.022067665346138,-0.01905,0.00930679036048877));
#2100=CARTESIAN_POINT('',(-0.0314270934096645,-0.009525,0.0129487635449557));
#2101=CARTESIAN_POINT('',(-0.0337661836375761,0.,0.0176480832543788));
#2102=CARTESIAN_POINT('',(-0.0168830918187881,-0.01905,0.0088240416271894));
#2103=CARTESIAN_POINT('',(-0.0361062962494476,0.,0.0172956344127267));
#2104=CARTESIAN_POINT('',(-0.0186112829945714,-0.01905,0.00898495787162252));
#2105=CARTESIAN_POINT('',(-0.0384464088613194,0.,0.0169431855710747));
#2106=CARTESIAN_POINT('',(-0.0203394741703547,-0.01905,0.00914587411605564));
#2107=CARTESIAN_POINT('',(-0.0407865214731908,0.,0.0165907367294226));
#2108=CARTESIAN_POINT('',(-0.022067665346138,-0.01905,0.00930679036048877));
#2109=CARTESIAN_POINT('',(-0.0194753785824631,-0.01905,0.00906541599383908));
#2110=CARTESIAN_POINT('',(-0.0168830918187881,-0.01905,0.00882404162718939));
#2111=CARTESIAN_POINT('',(-0.0337661836375761,0.,0.0176480832543788));
#2112=CARTESIAN_POINT('',(-0.0337661836375761,0.,0.0176480832543788));
#2113=CARTESIAN_POINT('',(-0.0372763525553835,0.,0.0171194099919007));
#2114=CARTESIAN_POINT('',(-6.93889390390723E-16,0.,3.88578058618805E-16));
#2115=CARTESIAN_POINT('',(5.3776427755281E-16,-0.01905,-3.3133218391157E-16));
#2116=CARTESIAN_POINT('',(-0.0160833901225915,-0.01905,0.010209165595901));
#2117=CARTESIAN_POINT('',(-0.0241250851838871,-0.009525,0.0153137483938515));
#2118=CARTESIAN_POINT('',(-0.0321667802451829,0.,0.020418331191802));
#2119=CARTESIAN_POINT('',(-6.93889390390723E-16,0.,3.88578058618805E-16));
#2120=CARTESIAN_POINT('',(-0.0347612602117749,0.,0.0270267953630715));
#2121=CARTESIAN_POINT('',(-0.0190937495529484,-0.01905,0.0144577636117247));
#2122=CARTESIAN_POINT('',(-0.0338964335562443,0.,0.0248239739726483));
#2123=CARTESIAN_POINT('',(-0.0180902964094961,-0.01905,0.0130415642731168));
#2124=CARTESIAN_POINT('',(-0.0330316069007136,0.,0.0226211525822251));
#2125=CARTESIAN_POINT('',(-0.0170868432660438,-0.01905,0.0116253649345089));
#2126=CARTESIAN_POINT('',(-0.0321667802451829,0.,0.020418331191802));
#2127=CARTESIAN_POINT('',(-0.0160833901225915,-0.01905,0.010209165595901));
#2128=CARTESIAN_POINT('',(-0.0175885698377699,-0.01905,0.0123334646038128));
#2129=CARTESIAN_POINT('',(-0.0190937495529484,-0.01905,0.0144577636117247));
#2130=CARTESIAN_POINT('',(-0.0347612602117749,0.,0.0270267953630715));
#2131=CARTESIAN_POINT('',(-0.0347612602117749,0.,0.0270267953630715));
#2132=CARTESIAN_POINT('',(-0.0334640202284789,0.,0.0237225632774368));
#2133=CARTESIAN_POINT('',(-0.015481346731142,-0.0219296467640985,0.0139394672078974));
#2134=CARTESIAN_POINT('',(-0.0315745256989909,0.,0.0305660225944076));
#2135=CARTESIAN_POINT('',(-0.0305122808613961,8.67361737988404E-19,0.031745765004853));
#2136=CARTESIAN_POINT('',(-0.0170542394647666,-0.01905,0.0167228690397798));
#2137=CARTESIAN_POINT('',(-0.016374402768706,-0.01905,0.0174779041824648));
#2138=CARTESIAN_POINT('',(-0.0234433418150511,-0.009525,0.0246118345936589));
#2139=CARTESIAN_POINT('',(-0.0236688215444253,0.,0.0298562704753649));
#2140=CARTESIAN_POINT('',(-0.0118344107722127,-0.01905,0.0149281352376825));
#2141=CARTESIAN_POINT('',(-0.0259499746500823,0.,0.0304861019851943));
#2142=CARTESIAN_POINT('',(-0.0133477414377105,-0.01905,0.0157780582192766));
#2143=CARTESIAN_POINT('',(-0.0282311277557393,0.,0.0311159334950236));
#2144=CARTESIAN_POINT('',(-0.0148610721032082,-0.01905,0.0166279812008706));
#2145=CARTESIAN_POINT('',(-0.0305122808613961,0.,0.031745765004853));
#2146=CARTESIAN_POINT('',(-0.016374402768706,-0.01905,0.0174779041824648));
#2147=CARTESIAN_POINT('',(-0.0141044067704593,-0.01905,0.0162030197100736));
#2148=CARTESIAN_POINT('',(-0.0118344107722127,-0.01905,0.0149281352376825));
#2149=CARTESIAN_POINT('',(-0.0236688215444253,0.,0.0298562704753649));
#2150=CARTESIAN_POINT('',(-0.0236688215444253,0.,0.0298562704753649));
#2151=CARTESIAN_POINT('',(-0.0270905512029108,0.,0.0308010177401089));
#2152=CARTESIAN_POINT('',(1.56125112837912E-17,0.,-4.68375338513738E-17));
#2153=CARTESIAN_POINT('',(7.80625564189563E-18,-0.01905,-2.34187669256869E-17));
#2154=CARTESIAN_POINT('',(-0.0105404662469055,-0.01905,0.0158682409641978));
#2155=CARTESIAN_POINT('',(-0.0158106993703583,-0.009525,0.0238023614462967));
#2156=CARTESIAN_POINT('',(-0.0210809324938111,1.7347234759768E-18,0.0317364819283956));
#2157=CARTESIAN_POINT('',(1.56125112837912E-17,0.,-4.68375338513738E-17));
#2158=CARTESIAN_POINT('',(-0.0207632033493272,0.,0.0388288844261918));
#2159=CARTESIAN_POINT('',(-0.0115625059356451,-0.01905,0.0209739518720579));
#2160=CARTESIAN_POINT('',(-0.0208691130641551,0.,0.0364647502602597));
#2161=CARTESIAN_POINT('',(-0.0112218260393986,-0.01905,0.0192720482361045));
#2162=CARTESIAN_POINT('',(-0.0209750227789831,0.,0.0341006160943276));
#2163=CARTESIAN_POINT('',(-0.0108811461431521,-0.01905,0.0175701446001512));
#2164=CARTESIAN_POINT('',(-0.0210809324938111,0.,0.0317364819283956));
#2165=CARTESIAN_POINT('',(-0.0105404662469055,-0.01905,0.0158682409641978));
#2166=CARTESIAN_POINT('',(-0.0110514860912753,-0.01905,0.0184210964181278));
#2167=CARTESIAN_POINT('',(-0.0115625059356451,-0.01905,0.0209739518720579));
#2168=CARTESIAN_POINT('',(-0.0207632033493272,0.,0.0388288844261918));
#2169=CARTESIAN_POINT('',(-0.0207632033493272,0.,0.0388288844261918));
#2170=CARTESIAN_POINT('',(-0.0209220679215691,0.,0.0352826831772937));
#2171=CARTESIAN_POINT('',(-0.00847322188601953,-0.0219296467640985,0.01903116794945));
#2172=CARTESIAN_POINT('',(-0.0164124431073043,0.,0.0407659676888402));
#2173=CARTESIAN_POINT('',(-0.0149621896932966,8.67361737988404E-19,0.0414116621097231));
#2174=CARTESIAN_POINT('',(-0.00877801938075046,-0.01905,0.0222136851601529));
#2175=CARTESIAN_POINT('',(-0.00784985719578557,-0.01905,0.0226269295895179));
#2176=CARTESIAN_POINT('',(-0.0114060234445411,-0.009525,0.0320192958496205));
#2177=CARTESIAN_POINT('',(-0.00947890518175006,0.,0.0369020372954583));
#2178=CARTESIAN_POINT('',(-0.00473945259087502,-0.01905,0.0184510186477292));
#2179=CARTESIAN_POINT('',(-0.0113066666855989,0.,0.0384052455668798));
#2180=CARTESIAN_POINT('',(-0.00577625412584521,-0.01905,0.0198429889616587));
#2181=CARTESIAN_POINT('',(-0.0131344281894478,0.,0.0399084538383015));
#2182=CARTESIAN_POINT('',(-0.00681305566081539,-0.01905,0.0212349592755883));
#2183=CARTESIAN_POINT('',(-0.0149621896932966,0.,0.0414116621097231));
#2184=CARTESIAN_POINT('',(-0.00784985719578558,-0.01905,0.0226269295895179));
#2185=CARTESIAN_POINT('',(-0.0062946548933303,-0.01905,0.0205389741186235));
#2186=CARTESIAN_POINT('',(-0.00473945259087502,-0.01905,0.0184510186477292));
#2187=CARTESIAN_POINT('',(-0.00947890518175007,0.,0.0369020372954583));
#2188=CARTESIAN_POINT('',(-0.00947890518175007,0.,0.0369020372954583));
#2189=CARTESIAN_POINT('',(-0.0122205474375233,0.,0.0391568497025907));
#2190=CARTESIAN_POINT('',(1.56558793706907E-16,0.,-7.8756445809347E-16));
#2191=CARTESIAN_POINT('',(3.57786716920216E-17,-0.01905,1.05818132034585E-16));
#2192=CARTESIAN_POINT('',(-0.003175,-0.01905,0.0187835533113413));
#2193=CARTESIAN_POINT('',(-0.0047625,-0.009525,0.0281753299670119));
#2194=CARTESIAN_POINT('',(-0.00635,-8.67361737988404E-19,0.0375671066226825));
#2195=CARTESIAN_POINT('',(1.56558793706907E-16,0.,-7.8756445809347E-16));
#2196=CARTESIAN_POINT('',(-0.003175,0.,0.0439171066226825));
#2197=CARTESIAN_POINT('',(-0.002032,-0.01905,0.0238635533113413));
#2198=CARTESIAN_POINT('',(-0.00423333333333336,0.,0.0418004399560159));
#2199=CARTESIAN_POINT('',(-0.002413,-0.01905,0.022170219978008));
#2200=CARTESIAN_POINT('',(-0.00529166666666665,0.,0.0396837732893493));
#2201=CARTESIAN_POINT('',(-0.002794,-0.01905,0.0204768866446746));
#2202=CARTESIAN_POINT('',(-0.00635,0.,0.0375671066226825));
#2203=CARTESIAN_POINT('',(-0.003175,-0.01905,0.0187835533113413));
#2204=CARTESIAN_POINT('',(-0.0026035,-0.01905,0.0213235533113413));
#2205=CARTESIAN_POINT('',(-0.0047625,0.,0.0407421066226826));
#2206=CARTESIAN_POINT('',(-1.38777878078145E-17,-0.01905,0.00082830217242244));
#2207=CARTESIAN_POINT('',(6.93889390390723E-18,0.,0.00475457683205605));
#2208=CARTESIAN_POINT('',(0.,0.,7.77650717458569E-19));
#2209=CARTESIAN_POINT('',(0.,0.,-0.0127));
#2210=CARTESIAN_POINT('',(0.,0.03175,7.77650717458569E-19));
#2211=CARTESIAN_POINT('',(0.,0.03175,7.77650717458569E-19));
#2212=CARTESIAN_POINT('',(0.,0.03175,-0.0127));
#2213=CARTESIAN_POINT('',(0.,0.03175,4.94996695639301E-5));
#2214=MECHANICAL_DESIGN_GEOMETRIC_PRESENTATION_REPRESENTATION('',(#1273),
#2215);
#2215=(
GEOMETRIC_REPRESENTATION_CONTEXT(3)
GLOBAL_UNCERTAINTY_ASSIGNED_CONTEXT((#2216))
GLOBAL_UNIT_ASSIGNED_CONTEXT((#2219,#2218,#2217))
REPRESENTATION_CONTEXT('Part 1','TOP_LEVEL_ASSEMBLY_PART')
);
#2216=UNCERTAINTY_MEASURE_WITH_UNIT(LENGTH_MEASURE(1.E-8),#2219,
'DISTANCE_ACCURACY_VALUE','Maximum Tolerance applied to model');
#2217=(
NAMED_UNIT(*)
SI_UNIT($,.STERADIAN.)
SOLID_ANGLE_UNIT()
);
#2218=(
NAMED_UNIT(*)
PLANE_ANGLE_UNIT()
SI_UNIT($,.RADIAN.)
);
#2219=(
LENGTH_UNIT()
NAMED_UNIT(*)
SI_UNIT($,.METRE.)
);
#2220=PRODUCT_DEFINITION_SHAPE('','',#2221);
#2221=PRODUCT_DEFINITION('','',#2223,#2222);
#2222=PRODUCT_DEFINITION_CONTEXT('',#2229,'design');
#2223=PRODUCT_DEFINITION_FORMATION_WITH_SPECIFIED_SOURCE('','',#2225,
 .NOT_KNOWN.);
#2224=PRODUCT_RELATED_PRODUCT_CATEGORY('','',(#2225));
#2225=PRODUCT('Part 1','Part 1','Part 1',(#2227));
#2226=PRODUCT_CATEGORY('','');
#2227=PRODUCT_CONTEXT('',#2229,'mechanical');
#2228=APPLICATION_PROTOCOL_DEFINITION('international standard',
'ap242_managed_model_based_3d_engineering',2020,#2229);
#2229=APPLICATION_CONTEXT('managed model based 3d engineering');
ENDSEC;
END-ISO-10303-21;
