ISO-10303-21;
HEADER;
/* Generated by software containing ST-Developer
 * from STEP Tools, Inc. (www.steptools.com) 
 */
/* OPTION: using custom renumber hook */

FILE_DESCRIPTION(
/* description */ ('STEP AP242 Edition 2',
'CAx-IF Rec.Pracs.---Representation and Presentation of Product Manufa
cturing Information (PMI)---4.0---2014-10-13',
'CAx-IF Rec.Pracs.---3D Tessellated Geometry---0.4---2014-09-14','2;1',
'CAx-IF Rec.Pracs.---User Defined Attributes---1.5---2016-08-15'),
/* implementation_level */ '2;1');

FILE_NAME(
/* name */ 'Part Studio 1',
/* time_stamp */ '2026-09-03T22:00:18Z',
/* author */ (''),
/* organization */ (''),
/* preprocessor_version */ 'ST-DEVELOPER v20',
/* originating_system */ 'ONSHAPE BY PTC INC, 1.220',
/* authorisation */ '  ');

FILE_SCHEMA (('AP242_MANAGED_MODEL_BASED_3D_ENGINEERING_MIM_LF { 1 0 10303 442 3 1 4 }'));
ENDSEC;

DATA;
#10=SHAPE_REPRESENTATION_RELATIONSHIP('','',#921,#11);
#11=ADVANCED_BREP_SHAPE_REPRESENTATION('',(#919),#2353);
#12=CYLINDRICAL_SURFACE('',#982,0.00635);
#13=PLANE('',#979);
#14=PLANE('',#980);
#15=PLANE('',#984);
#16=CIRCLE('',#923,0.00088);
#17=CIRCLE('',#924,0.00066);
#18=CIRCLE('',#925,0.00508000000049957);
#19=CIRCLE('',#926,0.0127);
#20=CIRCLE('',#927,0.00088);
#21=CIRCLE('',#928,0.00066);
#22=CIRCLE('',#929,0.00508000000083309);
#23=CIRCLE('',#930,0.0127);
#24=CIRCLE('',#931,0.00088);
#25=CIRCLE('',#932,0.00066);
#26=CIRCLE('',#933,0.00508000000030774);
#27=CIRCLE('',#934,0.0127000000000002);
#28=CIRCLE('',#935,0.00088);
#29=CIRCLE('',#936,0.00066);
#30=CIRCLE('',#937,0.0050800000003368);
#31=CIRCLE('',#938,0.0126999999999998);
#32=CIRCLE('',#939,0.00088);
#33=CIRCLE('',#940,0.00066);
#34=CIRCLE('',#941,0.0050800000004255);
#35=CIRCLE('',#942,0.0127000000000001);
#36=CIRCLE('',#943,0.00088);
#37=CIRCLE('',#944,0.00066);
#38=CIRCLE('',#945,0.00508000000083256);
#39=CIRCLE('',#946,0.0127000000000002);
#40=CIRCLE('',#947,0.00088);
#41=CIRCLE('',#948,0.00066);
#42=CIRCLE('',#949,0.00508000000049535);
#43=CIRCLE('',#950,0.0127);
#44=CIRCLE('',#951,0.00088);
#45=CIRCLE('',#952,0.00066);
#46=CIRCLE('',#953,0.00508000000049526);
#47=CIRCLE('',#954,0.0127);
#48=CIRCLE('',#955,0.00088);
#49=CIRCLE('',#956,0.00066);
#50=CIRCLE('',#957,0.00508000000083238);
#51=CIRCLE('',#958,0.0127);
#52=CIRCLE('',#959,0.00088);
#53=CIRCLE('',#960,0.00066);
#54=CIRCLE('',#961,0.0050800000004255);
#55=CIRCLE('',#962,0.0127);
#56=CIRCLE('',#963,0.00088);
#57=CIRCLE('',#964,0.00066);
#58=CIRCLE('',#965,0.0050800000003383);
#59=CIRCLE('',#966,0.0127);
#60=CIRCLE('',#967,0.00088);
#61=CIRCLE('',#968,0.00066);
#62=CIRCLE('',#969,0.00508000000079735);
#63=CIRCLE('',#970,0.0127);
#64=CIRCLE('',#971,0.00088);
#65=CIRCLE('',#972,0.00066);
#66=CIRCLE('',#973,0.00508000000040315);
#67=CIRCLE('',#974,0.0127);
#68=CIRCLE('',#975,0.00088);
#69=CIRCLE('',#976,0.00066);
#70=CIRCLE('',#977,0.00508000000049642);
#71=CIRCLE('',#978,0.0127);
#72=CIRCLE('',#981,0.00635);
#73=CIRCLE('',#983,0.00635);
#74=ORIENTED_EDGE('',*,*,#358,.T.);
#75=ORIENTED_EDGE('',*,*,#359,.T.);
#76=ORIENTED_EDGE('',*,*,#360,.T.);
#77=ORIENTED_EDGE('',*,*,#361,.T.);
#78=ORIENTED_EDGE('',*,*,#362,.F.);
#79=ORIENTED_EDGE('',*,*,#363,.F.);
#80=ORIENTED_EDGE('',*,*,#364,.F.);
#81=ORIENTED_EDGE('',*,*,#365,.F.);
#82=ORIENTED_EDGE('',*,*,#365,.T.);
#83=ORIENTED_EDGE('',*,*,#366,.F.);
#84=ORIENTED_EDGE('',*,*,#367,.F.);
#85=ORIENTED_EDGE('',*,*,#368,.T.);
#86=ORIENTED_EDGE('',*,*,#369,.T.);
#87=ORIENTED_EDGE('',*,*,#370,.T.);
#88=ORIENTED_EDGE('',*,*,#371,.T.);
#89=ORIENTED_EDGE('',*,*,#367,.T.);
#90=ORIENTED_EDGE('',*,*,#372,.F.);
#91=ORIENTED_EDGE('',*,*,#373,.F.);
#92=ORIENTED_EDGE('',*,*,#374,.F.);
#93=ORIENTED_EDGE('',*,*,#375,.F.);
#94=ORIENTED_EDGE('',*,*,#375,.T.);
#95=ORIENTED_EDGE('',*,*,#376,.F.);
#96=ORIENTED_EDGE('',*,*,#377,.F.);
#97=ORIENTED_EDGE('',*,*,#378,.T.);
#98=ORIENTED_EDGE('',*,*,#379,.T.);
#99=ORIENTED_EDGE('',*,*,#380,.T.);
#100=ORIENTED_EDGE('',*,*,#381,.T.);
#101=ORIENTED_EDGE('',*,*,#377,.T.);
#102=ORIENTED_EDGE('',*,*,#382,.F.);
#103=ORIENTED_EDGE('',*,*,#383,.F.);
#104=ORIENTED_EDGE('',*,*,#384,.F.);
#105=ORIENTED_EDGE('',*,*,#385,.F.);
#106=ORIENTED_EDGE('',*,*,#385,.T.);
#107=ORIENTED_EDGE('',*,*,#386,.F.);
#108=ORIENTED_EDGE('',*,*,#387,.F.);
#109=ORIENTED_EDGE('',*,*,#388,.T.);
#110=ORIENTED_EDGE('',*,*,#389,.T.);
#111=ORIENTED_EDGE('',*,*,#390,.T.);
#112=ORIENTED_EDGE('',*,*,#391,.T.);
#113=ORIENTED_EDGE('',*,*,#387,.T.);
#114=ORIENTED_EDGE('',*,*,#392,.F.);
#115=ORIENTED_EDGE('',*,*,#393,.F.);
#116=ORIENTED_EDGE('',*,*,#394,.F.);
#117=ORIENTED_EDGE('',*,*,#395,.F.);
#118=ORIENTED_EDGE('',*,*,#395,.T.);
#119=ORIENTED_EDGE('',*,*,#396,.F.);
#120=ORIENTED_EDGE('',*,*,#397,.F.);
#121=ORIENTED_EDGE('',*,*,#398,.T.);
#122=ORIENTED_EDGE('',*,*,#399,.T.);
#123=ORIENTED_EDGE('',*,*,#400,.T.);
#124=ORIENTED_EDGE('',*,*,#401,.T.);
#125=ORIENTED_EDGE('',*,*,#397,.T.);
#126=ORIENTED_EDGE('',*,*,#402,.F.);
#127=ORIENTED_EDGE('',*,*,#403,.F.);
#128=ORIENTED_EDGE('',*,*,#404,.F.);
#129=ORIENTED_EDGE('',*,*,#405,.F.);
#130=ORIENTED_EDGE('',*,*,#405,.T.);
#131=ORIENTED_EDGE('',*,*,#406,.F.);
#132=ORIENTED_EDGE('',*,*,#407,.F.);
#133=ORIENTED_EDGE('',*,*,#408,.T.);
#134=ORIENTED_EDGE('',*,*,#409,.T.);
#135=ORIENTED_EDGE('',*,*,#410,.T.);
#136=ORIENTED_EDGE('',*,*,#411,.T.);
#137=ORIENTED_EDGE('',*,*,#407,.T.);
#138=ORIENTED_EDGE('',*,*,#412,.F.);
#139=ORIENTED_EDGE('',*,*,#413,.F.);
#140=ORIENTED_EDGE('',*,*,#414,.F.);
#141=ORIENTED_EDGE('',*,*,#415,.F.);
#142=ORIENTED_EDGE('',*,*,#415,.T.);
#143=ORIENTED_EDGE('',*,*,#416,.F.);
#144=ORIENTED_EDGE('',*,*,#417,.F.);
#145=ORIENTED_EDGE('',*,*,#418,.T.);
#146=ORIENTED_EDGE('',*,*,#419,.T.);
#147=ORIENTED_EDGE('',*,*,#420,.T.);
#148=ORIENTED_EDGE('',*,*,#421,.T.);
#149=ORIENTED_EDGE('',*,*,#417,.T.);
#150=ORIENTED_EDGE('',*,*,#422,.F.);
#151=ORIENTED_EDGE('',*,*,#423,.F.);
#152=ORIENTED_EDGE('',*,*,#424,.F.);
#153=ORIENTED_EDGE('',*,*,#425,.F.);
#154=ORIENTED_EDGE('',*,*,#425,.T.);
#155=ORIENTED_EDGE('',*,*,#426,.F.);
#156=ORIENTED_EDGE('',*,*,#427,.F.);
#157=ORIENTED_EDGE('',*,*,#428,.T.);
#158=ORIENTED_EDGE('',*,*,#429,.T.);
#159=ORIENTED_EDGE('',*,*,#430,.T.);
#160=ORIENTED_EDGE('',*,*,#431,.T.);
#161=ORIENTED_EDGE('',*,*,#427,.T.);
#162=ORIENTED_EDGE('',*,*,#432,.F.);
#163=ORIENTED_EDGE('',*,*,#433,.F.);
#164=ORIENTED_EDGE('',*,*,#434,.F.);
#165=ORIENTED_EDGE('',*,*,#435,.F.);
#166=ORIENTED_EDGE('',*,*,#435,.T.);
#167=ORIENTED_EDGE('',*,*,#436,.F.);
#168=ORIENTED_EDGE('',*,*,#437,.F.);
#169=ORIENTED_EDGE('',*,*,#438,.T.);
#170=ORIENTED_EDGE('',*,*,#439,.T.);
#171=ORIENTED_EDGE('',*,*,#440,.T.);
#172=ORIENTED_EDGE('',*,*,#441,.T.);
#173=ORIENTED_EDGE('',*,*,#437,.T.);
#174=ORIENTED_EDGE('',*,*,#442,.F.);
#175=ORIENTED_EDGE('',*,*,#443,.F.);
#176=ORIENTED_EDGE('',*,*,#444,.F.);
#177=ORIENTED_EDGE('',*,*,#445,.F.);
#178=ORIENTED_EDGE('',*,*,#445,.T.);
#179=ORIENTED_EDGE('',*,*,#446,.F.);
#180=ORIENTED_EDGE('',*,*,#447,.F.);
#181=ORIENTED_EDGE('',*,*,#448,.T.);
#182=ORIENTED_EDGE('',*,*,#449,.T.);
#183=ORIENTED_EDGE('',*,*,#450,.T.);
#184=ORIENTED_EDGE('',*,*,#451,.T.);
#185=ORIENTED_EDGE('',*,*,#447,.T.);
#186=ORIENTED_EDGE('',*,*,#452,.F.);
#187=ORIENTED_EDGE('',*,*,#453,.F.);
#188=ORIENTED_EDGE('',*,*,#454,.F.);
#189=ORIENTED_EDGE('',*,*,#455,.F.);
#190=ORIENTED_EDGE('',*,*,#455,.T.);
#191=ORIENTED_EDGE('',*,*,#456,.F.);
#192=ORIENTED_EDGE('',*,*,#457,.F.);
#193=ORIENTED_EDGE('',*,*,#458,.T.);
#194=ORIENTED_EDGE('',*,*,#459,.T.);
#195=ORIENTED_EDGE('',*,*,#460,.T.);
#196=ORIENTED_EDGE('',*,*,#461,.T.);
#197=ORIENTED_EDGE('',*,*,#457,.T.);
#198=ORIENTED_EDGE('',*,*,#462,.F.);
#199=ORIENTED_EDGE('',*,*,#463,.F.);
#200=ORIENTED_EDGE('',*,*,#464,.F.);
#201=ORIENTED_EDGE('',*,*,#465,.F.);
#202=ORIENTED_EDGE('',*,*,#465,.T.);
#203=ORIENTED_EDGE('',*,*,#466,.F.);
#204=ORIENTED_EDGE('',*,*,#467,.F.);
#205=ORIENTED_EDGE('',*,*,#468,.T.);
#206=ORIENTED_EDGE('',*,*,#469,.T.);
#207=ORIENTED_EDGE('',*,*,#470,.T.);
#208=ORIENTED_EDGE('',*,*,#471,.T.);
#209=ORIENTED_EDGE('',*,*,#467,.T.);
#210=ORIENTED_EDGE('',*,*,#472,.F.);
#211=ORIENTED_EDGE('',*,*,#473,.F.);
#212=ORIENTED_EDGE('',*,*,#474,.F.);
#213=ORIENTED_EDGE('',*,*,#475,.F.);
#214=ORIENTED_EDGE('',*,*,#475,.T.);
#215=ORIENTED_EDGE('',*,*,#476,.F.);
#216=ORIENTED_EDGE('',*,*,#477,.F.);
#217=ORIENTED_EDGE('',*,*,#478,.T.);
#218=ORIENTED_EDGE('',*,*,#479,.T.);
#219=ORIENTED_EDGE('',*,*,#480,.T.);
#220=ORIENTED_EDGE('',*,*,#481,.T.);
#221=ORIENTED_EDGE('',*,*,#477,.T.);
#222=ORIENTED_EDGE('',*,*,#482,.F.);
#223=ORIENTED_EDGE('',*,*,#483,.F.);
#224=ORIENTED_EDGE('',*,*,#484,.F.);
#225=ORIENTED_EDGE('',*,*,#485,.F.);
#226=ORIENTED_EDGE('',*,*,#485,.T.);
#227=ORIENTED_EDGE('',*,*,#486,.F.);
#228=ORIENTED_EDGE('',*,*,#487,.F.);
#229=ORIENTED_EDGE('',*,*,#488,.T.);
#230=ORIENTED_EDGE('',*,*,#489,.T.);
#231=ORIENTED_EDGE('',*,*,#490,.T.);
#232=ORIENTED_EDGE('',*,*,#491,.T.);
#233=ORIENTED_EDGE('',*,*,#487,.T.);
#234=ORIENTED_EDGE('',*,*,#492,.F.);
#235=ORIENTED_EDGE('',*,*,#493,.F.);
#236=ORIENTED_EDGE('',*,*,#494,.F.);
#237=ORIENTED_EDGE('',*,*,#495,.F.);
#238=ORIENTED_EDGE('',*,*,#495,.T.);
#239=ORIENTED_EDGE('',*,*,#496,.F.);
#240=ORIENTED_EDGE('',*,*,#361,.F.);
#241=ORIENTED_EDGE('',*,*,#497,.T.);
#242=ORIENTED_EDGE('',*,*,#393,.T.);
#243=ORIENTED_EDGE('',*,*,#392,.T.);
#244=ORIENTED_EDGE('',*,*,#386,.T.);
#245=ORIENTED_EDGE('',*,*,#384,.T.);
#246=ORIENTED_EDGE('',*,*,#383,.T.);
#247=ORIENTED_EDGE('',*,*,#382,.T.);
#248=ORIENTED_EDGE('',*,*,#376,.T.);
#249=ORIENTED_EDGE('',*,*,#374,.T.);
#250=ORIENTED_EDGE('',*,*,#373,.T.);
#251=ORIENTED_EDGE('',*,*,#372,.T.);
#252=ORIENTED_EDGE('',*,*,#366,.T.);
#253=ORIENTED_EDGE('',*,*,#364,.T.);
#254=ORIENTED_EDGE('',*,*,#363,.T.);
#255=ORIENTED_EDGE('',*,*,#362,.T.);
#256=ORIENTED_EDGE('',*,*,#496,.T.);
#257=ORIENTED_EDGE('',*,*,#494,.T.);
#258=ORIENTED_EDGE('',*,*,#493,.T.);
#259=ORIENTED_EDGE('',*,*,#492,.T.);
#260=ORIENTED_EDGE('',*,*,#486,.T.);
#261=ORIENTED_EDGE('',*,*,#484,.T.);
#262=ORIENTED_EDGE('',*,*,#483,.T.);
#263=ORIENTED_EDGE('',*,*,#482,.T.);
#264=ORIENTED_EDGE('',*,*,#476,.T.);
#265=ORIENTED_EDGE('',*,*,#474,.T.);
#266=ORIENTED_EDGE('',*,*,#473,.T.);
#267=ORIENTED_EDGE('',*,*,#472,.T.);
#268=ORIENTED_EDGE('',*,*,#466,.T.);
#269=ORIENTED_EDGE('',*,*,#464,.T.);
#270=ORIENTED_EDGE('',*,*,#463,.T.);
#271=ORIENTED_EDGE('',*,*,#462,.T.);
#272=ORIENTED_EDGE('',*,*,#456,.T.);
#273=ORIENTED_EDGE('',*,*,#454,.T.);
#274=ORIENTED_EDGE('',*,*,#453,.T.);
#275=ORIENTED_EDGE('',*,*,#452,.T.);
#276=ORIENTED_EDGE('',*,*,#446,.T.);
#277=ORIENTED_EDGE('',*,*,#444,.T.);
#278=ORIENTED_EDGE('',*,*,#443,.T.);
#279=ORIENTED_EDGE('',*,*,#442,.T.);
#280=ORIENTED_EDGE('',*,*,#436,.T.);
#281=ORIENTED_EDGE('',*,*,#434,.T.);
#282=ORIENTED_EDGE('',*,*,#433,.T.);
#283=ORIENTED_EDGE('',*,*,#432,.T.);
#284=ORIENTED_EDGE('',*,*,#426,.T.);
#285=ORIENTED_EDGE('',*,*,#424,.T.);
#286=ORIENTED_EDGE('',*,*,#423,.T.);
#287=ORIENTED_EDGE('',*,*,#422,.T.);
#288=ORIENTED_EDGE('',*,*,#416,.T.);
#289=ORIENTED_EDGE('',*,*,#414,.T.);
#290=ORIENTED_EDGE('',*,*,#413,.T.);
#291=ORIENTED_EDGE('',*,*,#412,.T.);
#292=ORIENTED_EDGE('',*,*,#406,.T.);
#293=ORIENTED_EDGE('',*,*,#404,.T.);
#294=ORIENTED_EDGE('',*,*,#403,.T.);
#295=ORIENTED_EDGE('',*,*,#402,.T.);
#296=ORIENTED_EDGE('',*,*,#396,.T.);
#297=ORIENTED_EDGE('',*,*,#394,.T.);
#298=ORIENTED_EDGE('',*,*,#498,.F.);
#299=ORIENTED_EDGE('',*,*,#389,.F.);
#300=ORIENTED_EDGE('',*,*,#398,.F.);
#301=ORIENTED_EDGE('',*,*,#401,.F.);
#302=ORIENTED_EDGE('',*,*,#400,.F.);
#303=ORIENTED_EDGE('',*,*,#399,.F.);
#304=ORIENTED_EDGE('',*,*,#408,.F.);
#305=ORIENTED_EDGE('',*,*,#411,.F.);
#306=ORIENTED_EDGE('',*,*,#410,.F.);
#307=ORIENTED_EDGE('',*,*,#409,.F.);
#308=ORIENTED_EDGE('',*,*,#418,.F.);
#309=ORIENTED_EDGE('',*,*,#421,.F.);
#310=ORIENTED_EDGE('',*,*,#420,.F.);
#311=ORIENTED_EDGE('',*,*,#419,.F.);
#312=ORIENTED_EDGE('',*,*,#428,.F.);
#313=ORIENTED_EDGE('',*,*,#431,.F.);
#314=ORIENTED_EDGE('',*,*,#430,.F.);
#315=ORIENTED_EDGE('',*,*,#429,.F.);
#316=ORIENTED_EDGE('',*,*,#438,.F.);
#317=ORIENTED_EDGE('',*,*,#441,.F.);
#318=ORIENTED_EDGE('',*,*,#440,.F.);
#319=ORIENTED_EDGE('',*,*,#439,.F.);
#320=ORIENTED_EDGE('',*,*,#448,.F.);
#321=ORIENTED_EDGE('',*,*,#451,.F.);
#322=ORIENTED_EDGE('',*,*,#450,.F.);
#323=ORIENTED_EDGE('',*,*,#449,.F.);
#324=ORIENTED_EDGE('',*,*,#458,.F.);
#325=ORIENTED_EDGE('',*,*,#461,.F.);
#326=ORIENTED_EDGE('',*,*,#460,.F.);
#327=ORIENTED_EDGE('',*,*,#459,.F.);
#328=ORIENTED_EDGE('',*,*,#468,.F.);
#329=ORIENTED_EDGE('',*,*,#471,.F.);
#330=ORIENTED_EDGE('',*,*,#470,.F.);
#331=ORIENTED_EDGE('',*,*,#469,.F.);
#332=ORIENTED_EDGE('',*,*,#478,.F.);
#333=ORIENTED_EDGE('',*,*,#481,.F.);
#334=ORIENTED_EDGE('',*,*,#480,.F.);
#335=ORIENTED_EDGE('',*,*,#479,.F.);
#336=ORIENTED_EDGE('',*,*,#488,.F.);
#337=ORIENTED_EDGE('',*,*,#491,.F.);
#338=ORIENTED_EDGE('',*,*,#490,.F.);
#339=ORIENTED_EDGE('',*,*,#489,.F.);
#340=ORIENTED_EDGE('',*,*,#497,.F.);
#341=ORIENTED_EDGE('',*,*,#360,.F.);
#342=ORIENTED_EDGE('',*,*,#359,.F.);
#343=ORIENTED_EDGE('',*,*,#358,.F.);
#344=ORIENTED_EDGE('',*,*,#368,.F.);
#345=ORIENTED_EDGE('',*,*,#371,.F.);
#346=ORIENTED_EDGE('',*,*,#370,.F.);
#347=ORIENTED_EDGE('',*,*,#369,.F.);
#348=ORIENTED_EDGE('',*,*,#378,.F.);
#349=ORIENTED_EDGE('',*,*,#381,.F.);
#350=ORIENTED_EDGE('',*,*,#380,.F.);
#351=ORIENTED_EDGE('',*,*,#379,.F.);
#352=ORIENTED_EDGE('',*,*,#388,.F.);
#353=ORIENTED_EDGE('',*,*,#391,.F.);
#354=ORIENTED_EDGE('',*,*,#390,.F.);
#355=ORIENTED_EDGE('',*,*,#499,.F.);
#356=ORIENTED_EDGE('',*,*,#498,.T.);
#357=ORIENTED_EDGE('',*,*,#499,.T.);
#358=EDGE_CURVE('',#500,#501,#614,.F.);
#359=EDGE_CURVE('',#501,#502,#16,.T.);
#360=EDGE_CURVE('',#502,#503,#615,.T.);
#361=EDGE_CURVE('',#503,#504,#616,.T.);
#362=EDGE_CURVE('',#505,#504,#617,.T.);
#363=EDGE_CURVE('',#506,#505,#17,.T.);
#364=EDGE_CURVE('',#507,#506,#618,.F.);
#365=EDGE_CURVE('',#500,#507,#619,.T.);
#366=EDGE_CURVE('',#508,#507,#18,.T.);
#367=EDGE_CURVE('',#509,#508,#620,.T.);
#368=EDGE_CURVE('',#509,#500,#19,.T.);
#369=EDGE_CURVE('',#510,#511,#621,.F.);
#370=EDGE_CURVE('',#511,#512,#20,.T.);
#371=EDGE_CURVE('',#512,#509,#622,.T.);
#372=EDGE_CURVE('',#513,#508,#623,.T.);
#373=EDGE_CURVE('',#514,#513,#21,.T.);
#374=EDGE_CURVE('',#515,#514,#624,.F.);
#375=EDGE_CURVE('',#510,#515,#625,.T.);
#376=EDGE_CURVE('',#516,#515,#22,.T.);
#377=EDGE_CURVE('',#517,#516,#626,.T.);
#378=EDGE_CURVE('',#517,#510,#23,.T.);
#379=EDGE_CURVE('',#518,#519,#627,.F.);
#380=EDGE_CURVE('',#519,#520,#24,.T.);
#381=EDGE_CURVE('',#520,#517,#628,.T.);
#382=EDGE_CURVE('',#521,#516,#629,.T.);
#383=EDGE_CURVE('',#522,#521,#25,.T.);
#384=EDGE_CURVE('',#523,#522,#630,.F.);
#385=EDGE_CURVE('',#518,#523,#631,.T.);
#386=EDGE_CURVE('',#524,#523,#26,.T.);
#387=EDGE_CURVE('',#525,#524,#632,.T.);
#388=EDGE_CURVE('',#525,#518,#27,.T.);
#389=EDGE_CURVE('',#526,#527,#633,.F.);
#390=EDGE_CURVE('',#527,#528,#28,.T.);
#391=EDGE_CURVE('',#528,#525,#634,.T.);
#392=EDGE_CURVE('',#529,#524,#635,.T.);
#393=EDGE_CURVE('',#530,#529,#29,.T.);
#394=EDGE_CURVE('',#531,#530,#636,.F.);
#395=EDGE_CURVE('',#526,#531,#637,.T.);
#396=EDGE_CURVE('',#532,#531,#30,.T.);
#397=EDGE_CURVE('',#533,#532,#638,.T.);
#398=EDGE_CURVE('',#533,#526,#31,.T.);
#399=EDGE_CURVE('',#534,#535,#639,.F.);
#400=EDGE_CURVE('',#535,#536,#32,.T.);
#401=EDGE_CURVE('',#536,#533,#640,.T.);
#402=EDGE_CURVE('',#537,#532,#641,.T.);
#403=EDGE_CURVE('',#538,#537,#33,.T.);
#404=EDGE_CURVE('',#539,#538,#642,.F.);
#405=EDGE_CURVE('',#534,#539,#643,.T.);
#406=EDGE_CURVE('',#540,#539,#34,.T.);
#407=EDGE_CURVE('',#541,#540,#644,.T.);
#408=EDGE_CURVE('',#541,#534,#35,.T.);
#409=EDGE_CURVE('',#542,#543,#645,.F.);
#410=EDGE_CURVE('',#543,#544,#36,.T.);
#411=EDGE_CURVE('',#544,#541,#646,.T.);
#412=EDGE_CURVE('',#545,#540,#647,.T.);
#413=EDGE_CURVE('',#546,#545,#37,.T.);
#414=EDGE_CURVE('',#547,#546,#648,.F.);
#415=EDGE_CURVE('',#542,#547,#649,.T.);
#416=EDGE_CURVE('',#548,#547,#38,.T.);
#417=EDGE_CURVE('',#549,#548,#650,.T.);
#418=EDGE_CURVE('',#549,#542,#39,.T.);
#419=EDGE_CURVE('',#550,#551,#651,.F.);
#420=EDGE_CURVE('',#551,#552,#40,.T.);
#421=EDGE_CURVE('',#552,#549,#652,.T.);
#422=EDGE_CURVE('',#553,#548,#653,.T.);
#423=EDGE_CURVE('',#554,#553,#41,.T.);
#424=EDGE_CURVE('',#555,#554,#654,.F.);
#425=EDGE_CURVE('',#550,#555,#655,.T.);
#426=EDGE_CURVE('',#556,#555,#42,.T.);
#427=EDGE_CURVE('',#557,#556,#656,.T.);
#428=EDGE_CURVE('',#557,#550,#43,.T.);
#429=EDGE_CURVE('',#558,#559,#657,.F.);
#430=EDGE_CURVE('',#559,#560,#44,.T.);
#431=EDGE_CURVE('',#560,#557,#658,.T.);
#432=EDGE_CURVE('',#561,#556,#659,.T.);
#433=EDGE_CURVE('',#562,#561,#45,.T.);
#434=EDGE_CURVE('',#563,#562,#660,.F.);
#435=EDGE_CURVE('',#558,#563,#661,.T.);
#436=EDGE_CURVE('',#564,#563,#46,.T.);
#437=EDGE_CURVE('',#565,#564,#662,.T.);
#438=EDGE_CURVE('',#565,#558,#47,.T.);
#439=EDGE_CURVE('',#566,#567,#663,.F.);
#440=EDGE_CURVE('',#567,#568,#48,.T.);
#441=EDGE_CURVE('',#568,#565,#664,.T.);
#442=EDGE_CURVE('',#569,#564,#665,.T.);
#443=EDGE_CURVE('',#570,#569,#49,.T.);
#444=EDGE_CURVE('',#571,#570,#666,.F.);
#445=EDGE_CURVE('',#566,#571,#667,.T.);
#446=EDGE_CURVE('',#572,#571,#50,.T.);
#447=EDGE_CURVE('',#573,#572,#668,.T.);
#448=EDGE_CURVE('',#573,#566,#51,.T.);
#449=EDGE_CURVE('',#574,#575,#669,.F.);
#450=EDGE_CURVE('',#575,#576,#52,.T.);
#451=EDGE_CURVE('',#576,#573,#670,.T.);
#452=EDGE_CURVE('',#577,#572,#671,.T.);
#453=EDGE_CURVE('',#578,#577,#53,.T.);
#454=EDGE_CURVE('',#579,#578,#672,.F.);
#455=EDGE_CURVE('',#574,#579,#673,.T.);
#456=EDGE_CURVE('',#580,#579,#54,.T.);
#457=EDGE_CURVE('',#581,#580,#674,.T.);
#458=EDGE_CURVE('',#581,#574,#55,.T.);
#459=EDGE_CURVE('',#582,#583,#675,.F.);
#460=EDGE_CURVE('',#583,#584,#56,.T.);
#461=EDGE_CURVE('',#584,#581,#676,.T.);
#462=EDGE_CURVE('',#585,#580,#677,.T.);
#463=EDGE_CURVE('',#586,#585,#57,.T.);
#464=EDGE_CURVE('',#587,#586,#678,.F.);
#465=EDGE_CURVE('',#582,#587,#679,.T.);
#466=EDGE_CURVE('',#588,#587,#58,.T.);
#467=EDGE_CURVE('',#589,#588,#680,.T.);
#468=EDGE_CURVE('',#589,#582,#59,.T.);
#469=EDGE_CURVE('',#590,#591,#681,.F.);
#470=EDGE_CURVE('',#591,#592,#60,.T.);
#471=EDGE_CURVE('',#592,#589,#682,.T.);
#472=EDGE_CURVE('',#593,#588,#683,.T.);
#473=EDGE_CURVE('',#594,#593,#61,.T.);
#474=EDGE_CURVE('',#595,#594,#684,.F.);
#475=EDGE_CURVE('',#590,#595,#685,.T.);
#476=EDGE_CURVE('',#596,#595,#62,.T.);
#477=EDGE_CURVE('',#597,#596,#686,.T.);
#478=EDGE_CURVE('',#597,#590,#63,.T.);
#479=EDGE_CURVE('',#598,#599,#687,.F.);
#480=EDGE_CURVE('',#599,#600,#64,.T.);
#481=EDGE_CURVE('',#600,#597,#688,.T.);
#482=EDGE_CURVE('',#601,#596,#689,.T.);
#483=EDGE_CURVE('',#602,#601,#65,.T.);
#484=EDGE_CURVE('',#603,#602,#690,.F.);
#485=EDGE_CURVE('',#598,#603,#691,.T.);
#486=EDGE_CURVE('',#604,#603,#66,.T.);
#487=EDGE_CURVE('',#605,#604,#692,.T.);
#488=EDGE_CURVE('',#605,#598,#67,.T.);
#489=EDGE_CURVE('',#606,#607,#693,.F.);
#490=EDGE_CURVE('',#607,#608,#68,.T.);
#491=EDGE_CURVE('',#608,#605,#694,.T.);
#492=EDGE_CURVE('',#609,#604,#695,.T.);
#493=EDGE_CURVE('',#610,#609,#69,.T.);
#494=EDGE_CURVE('',#611,#610,#696,.F.);
#495=EDGE_CURVE('',#606,#611,#697,.T.);
#496=EDGE_CURVE('',#504,#611,#70,.T.);
#497=EDGE_CURVE('',#503,#606,#71,.T.);
#498=EDGE_CURVE('',#612,#612,#72,.T.);
#499=EDGE_CURVE('',#613,#613,#73,.T.);
#500=VERTEX_POINT('',#1253);
#501=VERTEX_POINT('',#1254);
#502=VERTEX_POINT('',#1256);
#503=VERTEX_POINT('',#1258);
#504=VERTEX_POINT('',#1260);
#505=VERTEX_POINT('',#1262);
#506=VERTEX_POINT('',#1264);
#507=VERTEX_POINT('',#1266);
#508=VERTEX_POINT('',#1277);
#509=VERTEX_POINT('',#1279);
#510=VERTEX_POINT('',#1338);
#511=VERTEX_POINT('',#1339);
#512=VERTEX_POINT('',#1341);
#513=VERTEX_POINT('',#1344);
#514=VERTEX_POINT('',#1346);
#515=VERTEX_POINT('',#1348);
#516=VERTEX_POINT('',#1359);
#517=VERTEX_POINT('',#1361);
#518=VERTEX_POINT('',#1420);
#519=VERTEX_POINT('',#1421);
#520=VERTEX_POINT('',#1423);
#521=VERTEX_POINT('',#1426);
#522=VERTEX_POINT('',#1428);
#523=VERTEX_POINT('',#1430);
#524=VERTEX_POINT('',#1441);
#525=VERTEX_POINT('',#1443);
#526=VERTEX_POINT('',#1502);
#527=VERTEX_POINT('',#1503);
#528=VERTEX_POINT('',#1505);
#529=VERTEX_POINT('',#1508);
#530=VERTEX_POINT('',#1510);
#531=VERTEX_POINT('',#1512);
#532=VERTEX_POINT('',#1523);
#533=VERTEX_POINT('',#1525);
#534=VERTEX_POINT('',#1584);
#535=VERTEX_POINT('',#1585);
#536=VERTEX_POINT('',#1587);
#537=VERTEX_POINT('',#1590);
#538=VERTEX_POINT('',#1592);
#539=VERTEX_POINT('',#1594);
#540=VERTEX_POINT('',#1605);
#541=VERTEX_POINT('',#1607);
#542=VERTEX_POINT('',#1666);
#543=VERTEX_POINT('',#1667);
#544=VERTEX_POINT('',#1669);
#545=VERTEX_POINT('',#1672);
#546=VERTEX_POINT('',#1674);
#547=VERTEX_POINT('',#1676);
#548=VERTEX_POINT('',#1687);
#549=VERTEX_POINT('',#1689);
#550=VERTEX_POINT('',#1748);
#551=VERTEX_POINT('',#1749);
#552=VERTEX_POINT('',#1751);
#553=VERTEX_POINT('',#1754);
#554=VERTEX_POINT('',#1756);
#555=VERTEX_POINT('',#1758);
#556=VERTEX_POINT('',#1769);
#557=VERTEX_POINT('',#1771);
#558=VERTEX_POINT('',#1830);
#559=VERTEX_POINT('',#1831);
#560=VERTEX_POINT('',#1833);
#561=VERTEX_POINT('',#1836);
#562=VERTEX_POINT('',#1838);
#563=VERTEX_POINT('',#1840);
#564=VERTEX_POINT('',#1851);
#565=VERTEX_POINT('',#1853);
#566=VERTEX_POINT('',#1912);
#567=VERTEX_POINT('',#1913);
#568=VERTEX_POINT('',#1915);
#569=VERTEX_POINT('',#1918);
#570=VERTEX_POINT('',#1920);
#571=VERTEX_POINT('',#1922);
#572=VERTEX_POINT('',#1933);
#573=VERTEX_POINT('',#1935);
#574=VERTEX_POINT('',#1994);
#575=VERTEX_POINT('',#1995);
#576=VERTEX_POINT('',#1997);
#577=VERTEX_POINT('',#2000);
#578=VERTEX_POINT('',#2002);
#579=VERTEX_POINT('',#2004);
#580=VERTEX_POINT('',#2015);
#581=VERTEX_POINT('',#2017);
#582=VERTEX_POINT('',#2076);
#583=VERTEX_POINT('',#2077);
#584=VERTEX_POINT('',#2079);
#585=VERTEX_POINT('',#2082);
#586=VERTEX_POINT('',#2084);
#587=VERTEX_POINT('',#2086);
#588=VERTEX_POINT('',#2097);
#589=VERTEX_POINT('',#2099);
#590=VERTEX_POINT('',#2158);
#591=VERTEX_POINT('',#2159);
#592=VERTEX_POINT('',#2161);
#593=VERTEX_POINT('',#2164);
#594=VERTEX_POINT('',#2166);
#595=VERTEX_POINT('',#2168);
#596=VERTEX_POINT('',#2179);
#597=VERTEX_POINT('',#2181);
#598=VERTEX_POINT('',#2240);
#599=VERTEX_POINT('',#2241);
#600=VERTEX_POINT('',#2243);
#601=VERTEX_POINT('',#2246);
#602=VERTEX_POINT('',#2248);
#603=VERTEX_POINT('',#2250);
#604=VERTEX_POINT('',#2261);
#605=VERTEX_POINT('',#2263);
#606=VERTEX_POINT('',#2322);
#607=VERTEX_POINT('',#2323);
#608=VERTEX_POINT('',#2325);
#609=VERTEX_POINT('',#2328);
#610=VERTEX_POINT('',#2330);
#611=VERTEX_POINT('',#2332);
#612=VERTEX_POINT('',#2347);
#613=VERTEX_POINT('',#2350);
#614=LINE('',#1252,#698);
#615=LINE('',#1257,#699);
#616=LINE('',#1259,#700);
#617=LINE('',#1261,#701);
#618=LINE('',#1265,#702);
#619=LINE('',#1267,#703);
#620=LINE('',#1278,#704);
#621=LINE('',#1337,#705);
#622=LINE('',#1342,#706);
#623=LINE('',#1343,#707);
#624=LINE('',#1347,#708);
#625=LINE('',#1349,#709);
#626=LINE('',#1360,#710);
#627=LINE('',#1419,#711);
#628=LINE('',#1424,#712);
#629=LINE('',#1425,#713);
#630=LINE('',#1429,#714);
#631=LINE('',#1431,#715);
#632=LINE('',#1442,#716);
#633=LINE('',#1501,#717);
#634=LINE('',#1506,#718);
#635=LINE('',#1507,#719);
#636=LINE('',#1511,#720);
#637=LINE('',#1513,#721);
#638=LINE('',#1524,#722);
#639=LINE('',#1583,#723);
#640=LINE('',#1588,#724);
#641=LINE('',#1589,#725);
#642=LINE('',#1593,#726);
#643=LINE('',#1595,#727);
#644=LINE('',#1606,#728);
#645=LINE('',#1665,#729);
#646=LINE('',#1670,#730);
#647=LINE('',#1671,#731);
#648=LINE('',#1675,#732);
#649=LINE('',#1677,#733);
#650=LINE('',#1688,#734);
#651=LINE('',#1747,#735);
#652=LINE('',#1752,#736);
#653=LINE('',#1753,#737);
#654=LINE('',#1757,#738);
#655=LINE('',#1759,#739);
#656=LINE('',#1770,#740);
#657=LINE('',#1829,#741);
#658=LINE('',#1834,#742);
#659=LINE('',#1835,#743);
#660=LINE('',#1839,#744);
#661=LINE('',#1841,#745);
#662=LINE('',#1852,#746);
#663=LINE('',#1911,#747);
#664=LINE('',#1916,#748);
#665=LINE('',#1917,#749);
#666=LINE('',#1921,#750);
#667=LINE('',#1923,#751);
#668=LINE('',#1934,#752);
#669=LINE('',#1993,#753);
#670=LINE('',#1998,#754);
#671=LINE('',#1999,#755);
#672=LINE('',#2003,#756);
#673=LINE('',#2005,#757);
#674=LINE('',#2016,#758);
#675=LINE('',#2075,#759);
#676=LINE('',#2080,#760);
#677=LINE('',#2081,#761);
#678=LINE('',#2085,#762);
#679=LINE('',#2087,#763);
#680=LINE('',#2098,#764);
#681=LINE('',#2157,#765);
#682=LINE('',#2162,#766);
#683=LINE('',#2163,#767);
#684=LINE('',#2167,#768);
#685=LINE('',#2169,#769);
#686=LINE('',#2180,#770);
#687=LINE('',#2239,#771);
#688=LINE('',#2244,#772);
#689=LINE('',#2245,#773);
#690=LINE('',#2249,#774);
#691=LINE('',#2251,#775);
#692=LINE('',#2262,#776);
#693=LINE('',#2321,#777);
#694=LINE('',#2326,#778);
#695=LINE('',#2327,#779);
#696=LINE('',#2331,#780);
#697=LINE('',#2333,#781);
#698=VECTOR('',#987,1.);
#699=VECTOR('',#990,1.);
#700=VECTOR('',#991,1.);
#701=VECTOR('',#992,1.);
#702=VECTOR('',#995,1.);
#703=VECTOR('',#996,1.);
#704=VECTOR('',#999,1.);
#705=VECTOR('',#1002,1.);
#706=VECTOR('',#1005,1.);
#707=VECTOR('',#1006,1.);
#708=VECTOR('',#1009,1.);
#709=VECTOR('',#1010,1.);
#710=VECTOR('',#1013,1.);
#711=VECTOR('',#1016,1.);
#712=VECTOR('',#1019,1.);
#713=VECTOR('',#1020,1.);
#714=VECTOR('',#1023,1.);
#715=VECTOR('',#1024,1.);
#716=VECTOR('',#1027,1.);
#717=VECTOR('',#1030,1.);
#718=VECTOR('',#1033,1.);
#719=VECTOR('',#1034,1.);
#720=VECTOR('',#1037,1.);
#721=VECTOR('',#1038,1.);
#722=VECTOR('',#1041,1.);
#723=VECTOR('',#1044,1.);
#724=VECTOR('',#1047,1.);
#725=VECTOR('',#1048,1.);
#726=VECTOR('',#1051,1.);
#727=VECTOR('',#1052,1.);
#728=VECTOR('',#1055,1.);
#729=VECTOR('',#1058,1.);
#730=VECTOR('',#1061,1.);
#731=VECTOR('',#1062,1.);
#732=VECTOR('',#1065,1.);
#733=VECTOR('',#1066,1.);
#734=VECTOR('',#1069,1.);
#735=VECTOR('',#1072,1.);
#736=VECTOR('',#1075,1.);
#737=VECTOR('',#1076,1.);
#738=VECTOR('',#1079,1.);
#739=VECTOR('',#1080,1.);
#740=VECTOR('',#1083,1.);
#741=VECTOR('',#1086,1.);
#742=VECTOR('',#1089,1.);
#743=VECTOR('',#1090,1.);
#744=VECTOR('',#1093,1.);
#745=VECTOR('',#1094,1.);
#746=VECTOR('',#1097,1.);
#747=VECTOR('',#1100,1.);
#748=VECTOR('',#1103,1.);
#749=VECTOR('',#1104,1.);
#750=VECTOR('',#1107,1.);
#751=VECTOR('',#1108,1.);
#752=VECTOR('',#1111,1.);
#753=VECTOR('',#1114,1.);
#754=VECTOR('',#1117,1.);
#755=VECTOR('',#1118,1.);
#756=VECTOR('',#1121,1.);
#757=VECTOR('',#1122,1.);
#758=VECTOR('',#1125,1.);
#759=VECTOR('',#1128,1.);
#760=VECTOR('',#1131,1.);
#761=VECTOR('',#1132,1.);
#762=VECTOR('',#1135,1.);
#763=VECTOR('',#1136,1.);
#764=VECTOR('',#1139,1.);
#765=VECTOR('',#1142,1.);
#766=VECTOR('',#1145,1.);
#767=VECTOR('',#1146,1.);
#768=VECTOR('',#1149,1.);
#769=VECTOR('',#1150,1.);
#770=VECTOR('',#1153,1.);
#771=VECTOR('',#1156,1.);
#772=VECTOR('',#1159,1.);
#773=VECTOR('',#1160,1.);
#774=VECTOR('',#1163,1.);
#775=VECTOR('',#1164,1.);
#776=VECTOR('',#1167,1.);
#777=VECTOR('',#1170,1.);
#778=VECTOR('',#1173,1.);
#779=VECTOR('',#1174,1.);
#780=VECTOR('',#1177,1.);
#781=VECTOR('',#1178,1.);
#782=EDGE_LOOP('',(#74,#75,#76,#77,#78,#79,#80,#81));
#783=EDGE_LOOP('',(#82,#83,#84,#85));
#784=EDGE_LOOP('',(#86,#87,#88,#89,#90,#91,#92,#93));
#785=EDGE_LOOP('',(#94,#95,#96,#97));
#786=EDGE_LOOP('',(#98,#99,#100,#101,#102,#103,#104,#105));
#787=EDGE_LOOP('',(#106,#107,#108,#109));
#788=EDGE_LOOP('',(#110,#111,#112,#113,#114,#115,#116,#117));
#789=EDGE_LOOP('',(#118,#119,#120,#121));
#790=EDGE_LOOP('',(#122,#123,#124,#125,#126,#127,#128,#129));
#791=EDGE_LOOP('',(#130,#131,#132,#133));
#792=EDGE_LOOP('',(#134,#135,#136,#137,#138,#139,#140,#141));
#793=EDGE_LOOP('',(#142,#143,#144,#145));
#794=EDGE_LOOP('',(#146,#147,#148,#149,#150,#151,#152,#153));
#795=EDGE_LOOP('',(#154,#155,#156,#157));
#796=EDGE_LOOP('',(#158,#159,#160,#161,#162,#163,#164,#165));
#797=EDGE_LOOP('',(#166,#167,#168,#169));
#798=EDGE_LOOP('',(#170,#171,#172,#173,#174,#175,#176,#177));
#799=EDGE_LOOP('',(#178,#179,#180,#181));
#800=EDGE_LOOP('',(#182,#183,#184,#185,#186,#187,#188,#189));
#801=EDGE_LOOP('',(#190,#191,#192,#193));
#802=EDGE_LOOP('',(#194,#195,#196,#197,#198,#199,#200,#201));
#803=EDGE_LOOP('',(#202,#203,#204,#205));
#804=EDGE_LOOP('',(#206,#207,#208,#209,#210,#211,#212,#213));
#805=EDGE_LOOP('',(#214,#215,#216,#217));
#806=EDGE_LOOP('',(#218,#219,#220,#221,#222,#223,#224,#225));
#807=EDGE_LOOP('',(#226,#227,#228,#229));
#808=EDGE_LOOP('',(#230,#231,#232,#233,#234,#235,#236,#237));
#809=EDGE_LOOP('',(#238,#239,#240,#241));
#810=EDGE_LOOP('',(#242,#243,#244,#245,#246,#247,#248,#249,#250,#251,#252,
#253,#254,#255,#256,#257,#258,#259,#260,#261,#262,#263,#264,#265,#266,#267,
#268,#269,#270,#271,#272,#273,#274,#275,#276,#277,#278,#279,#280,#281,#282,
#283,#284,#285,#286,#287,#288,#289,#290,#291,#292,#293,#294,#295,#296,#297));
#811=EDGE_LOOP('',(#298));
#812=EDGE_LOOP('',(#299,#300,#301,#302,#303,#304,#305,#306,#307,#308,#309,
#310,#311,#312,#313,#314,#315,#316,#317,#318,#319,#320,#321,#322,#323,#324,
#325,#326,#327,#328,#329,#330,#331,#332,#333,#334,#335,#336,#337,#338,#339,
#340,#341,#342,#343,#344,#345,#346,#347,#348,#349,#350,#351,#352,#353,#354));
#813=EDGE_LOOP('',(#355));
#814=EDGE_LOOP('',(#356));
#815=EDGE_LOOP('',(#357));
#816=FACE_BOUND('',#782,.T.);
#817=FACE_BOUND('',#783,.T.);
#818=FACE_BOUND('',#784,.T.);
#819=FACE_BOUND('',#785,.T.);
#820=FACE_BOUND('',#786,.T.);
#821=FACE_BOUND('',#787,.T.);
#822=FACE_BOUND('',#788,.T.);
#823=FACE_BOUND('',#789,.T.);
#824=FACE_BOUND('',#790,.T.);
#825=FACE_BOUND('',#791,.T.);
#826=FACE_BOUND('',#792,.T.);
#827=FACE_BOUND('',#793,.T.);
#828=FACE_BOUND('',#794,.T.);
#829=FACE_BOUND('',#795,.T.);
#830=FACE_BOUND('',#796,.T.);
#831=FACE_BOUND('',#797,.T.);
#832=FACE_BOUND('',#798,.T.);
#833=FACE_BOUND('',#799,.T.);
#834=FACE_BOUND('',#800,.T.);
#835=FACE_BOUND('',#801,.T.);
#836=FACE_BOUND('',#802,.T.);
#837=FACE_BOUND('',#803,.T.);
#838=FACE_BOUND('',#804,.T.);
#839=FACE_BOUND('',#805,.T.);
#840=FACE_BOUND('',#806,.T.);
#841=FACE_BOUND('',#807,.T.);
#842=FACE_BOUND('',#808,.T.);
#843=FACE_BOUND('',#809,.T.);
#844=FACE_BOUND('',#810,.T.);
#845=FACE_BOUND('',#811,.T.);
#846=FACE_BOUND('',#812,.T.);
#847=FACE_BOUND('',#813,.T.);
#848=FACE_BOUND('',#814,.T.);
#849=FACE_BOUND('',#815,.T.);
#850=B_SPLINE_SURFACE_WITH_KNOTS('',3,3,((#1196,#1197,#1198,#1199),(#1200,
#1201,#1202,#1203),(#1204,#1205,#1206,#1207),(#1208,#1209,#1210,#1211),
(#1212,#1213,#1214,#1215),(#1216,#1217,#1218,#1219),(#1220,#1221,#1222,
#1223),(#1224,#1225,#1226,#1227),(#1228,#1229,#1230,#1231),(#1232,#1233,
#1234,#1235),(#1236,#1237,#1238,#1239),(#1240,#1241,#1242,#1243),(#1244,
#1245,#1246,#1247),(#1248,#1249,#1250,#1251)),.UNSPECIFIED.,.F.,.F.,.F.,
(4,2,2,2,2,2,4),(4,4),(0.,0.25,0.375,0.5,0.625,0.75,1.),(-0.00600012729349291,
1.00600030315306),.UNSPECIFIED.);
#851=B_SPLINE_SURFACE_WITH_KNOTS('',3,1,((#1268,#1269),(#1270,#1271),(#1272,
#1273),(#1274,#1275)),.RULED_SURF.,.F.,.F.,.F.,(4,4),(2,2),(0.,1.),(0.,
1.),.PIECEWISE_BEZIER_KNOTS.);
#852=B_SPLINE_SURFACE_WITH_KNOTS('',3,3,((#1281,#1282,#1283,#1284),(#1285,
#1286,#1287,#1288),(#1289,#1290,#1291,#1292),(#1293,#1294,#1295,#1296),
(#1297,#1298,#1299,#1300),(#1301,#1302,#1303,#1304),(#1305,#1306,#1307,
#1308),(#1309,#1310,#1311,#1312),(#1313,#1314,#1315,#1316),(#1317,#1318,
#1319,#1320),(#1321,#1322,#1323,#1324),(#1325,#1326,#1327,#1328),(#1329,
#1330,#1331,#1332),(#1333,#1334,#1335,#1336)),.UNSPECIFIED.,.F.,.F.,.F.,
(4,2,2,2,2,2,4),(4,4),(0.,0.25,0.375,0.5,0.625,0.75,1.),(-0.00600012729349114,
1.00600030315306),.UNSPECIFIED.);
#853=B_SPLINE_SURFACE_WITH_KNOTS('',3,1,((#1350,#1351),(#1352,#1353),(#1354,
#1355),(#1356,#1357)),.RULED_SURF.,.F.,.F.,.F.,(4,4),(2,2),(0.,1.),(0.,
1.),.PIECEWISE_BEZIER_KNOTS.);
#854=B_SPLINE_SURFACE_WITH_KNOTS('',3,3,((#1363,#1364,#1365,#1366),(#1367,
#1368,#1369,#1370),(#1371,#1372,#1373,#1374),(#1375,#1376,#1377,#1378),
(#1379,#1380,#1381,#1382),(#1383,#1384,#1385,#1386),(#1387,#1388,#1389,
#1390),(#1391,#1392,#1393,#1394),(#1395,#1396,#1397,#1398),(#1399,#1400,
#1401,#1402),(#1403,#1404,#1405,#1406),(#1407,#1408,#1409,#1410),(#1411,
#1412,#1413,#1414),(#1415,#1416,#1417,#1418)),.UNSPECIFIED.,.F.,.F.,.F.,
(4,2,2,2,2,2,4),(4,4),(0.,0.25,0.375,0.5,0.625,0.75,1.),(-0.00600012729349245,
1.00600030315306),.UNSPECIFIED.);
#855=B_SPLINE_SURFACE_WITH_KNOTS('',3,1,((#1432,#1433),(#1434,#1435),(#1436,
#1437),(#1438,#1439)),.RULED_SURF.,.F.,.F.,.F.,(4,4),(2,2),(0.,1.),(0.,
1.),.PIECEWISE_BEZIER_KNOTS.);
#856=B_SPLINE_SURFACE_WITH_KNOTS('',3,3,((#1445,#1446,#1447,#1448),(#1449,
#1450,#1451,#1452),(#1453,#1454,#1455,#1456),(#1457,#1458,#1459,#1460),
(#1461,#1462,#1463,#1464),(#1465,#1466,#1467,#1468),(#1469,#1470,#1471,
#1472),(#1473,#1474,#1475,#1476),(#1477,#1478,#1479,#1480),(#1481,#1482,
#1483,#1484),(#1485,#1486,#1487,#1488),(#1489,#1490,#1491,#1492),(#1493,
#1494,#1495,#1496),(#1497,#1498,#1499,#1500)),.UNSPECIFIED.,.F.,.F.,.F.,
(4,2,2,2,2,2,4),(4,4),(0.,0.25,0.375,0.5,0.625,0.75,1.),(-0.00600012729349125,
1.00600030315306),.UNSPECIFIED.);
#857=B_SPLINE_SURFACE_WITH_KNOTS('',3,1,((#1514,#1515),(#1516,#1517),(#1518,
#1519),(#1520,#1521)),.RULED_SURF.,.F.,.F.,.F.,(4,4),(2,2),(0.,1.),(0.,
1.),.PIECEWISE_BEZIER_KNOTS.);
#858=B_SPLINE_SURFACE_WITH_KNOTS('',3,3,((#1527,#1528,#1529,#1530),(#1531,
#1532,#1533,#1534),(#1535,#1536,#1537,#1538),(#1539,#1540,#1541,#1542),
(#1543,#1544,#1545,#1546),(#1547,#1548,#1549,#1550),(#1551,#1552,#1553,
#1554),(#1555,#1556,#1557,#1558),(#1559,#1560,#1561,#1562),(#1563,#1564,
#1565,#1566),(#1567,#1568,#1569,#1570),(#1571,#1572,#1573,#1574),(#1575,
#1576,#1577,#1578),(#1579,#1580,#1581,#1582)),.UNSPECIFIED.,.F.,.F.,.F.,
(4,2,2,2,2,2,4),(4,4),(0.,0.25,0.375,0.5,0.625,0.75,1.),(-0.0060001272934913,
1.00600030315306),.UNSPECIFIED.);
#859=B_SPLINE_SURFACE_WITH_KNOTS('',3,1,((#1596,#1597),(#1598,#1599),(#1600,
#1601),(#1602,#1603)),.RULED_SURF.,.F.,.F.,.F.,(4,4),(2,2),(0.,1.),(0.,
1.),.PIECEWISE_BEZIER_KNOTS.);
#860=B_SPLINE_SURFACE_WITH_KNOTS('',3,3,((#1609,#1610,#1611,#1612),(#1613,
#1614,#1615,#1616),(#1617,#1618,#1619,#1620),(#1621,#1622,#1623,#1624),
(#1625,#1626,#1627,#1628),(#1629,#1630,#1631,#1632),(#1633,#1634,#1635,
#1636),(#1637,#1638,#1639,#1640),(#1641,#1642,#1643,#1644),(#1645,#1646,
#1647,#1648),(#1649,#1650,#1651,#1652),(#1653,#1654,#1655,#1656),(#1657,
#1658,#1659,#1660),(#1661,#1662,#1663,#1664)),.UNSPECIFIED.,.F.,.F.,.F.,
(4,2,2,2,2,2,4),(4,4),(0.,0.25,0.375,0.5,0.625,0.75,1.),(-0.00600012729349026,
1.00600030315306),.UNSPECIFIED.);
#861=B_SPLINE_SURFACE_WITH_KNOTS('',3,1,((#1678,#1679),(#1680,#1681),(#1682,
#1683),(#1684,#1685)),.RULED_SURF.,.F.,.F.,.F.,(4,4),(2,2),(0.,1.),(0.,
1.),.PIECEWISE_BEZIER_KNOTS.);
#862=B_SPLINE_SURFACE_WITH_KNOTS('',3,3,((#1691,#1692,#1693,#1694),(#1695,
#1696,#1697,#1698),(#1699,#1700,#1701,#1702),(#1703,#1704,#1705,#1706),
(#1707,#1708,#1709,#1710),(#1711,#1712,#1713,#1714),(#1715,#1716,#1717,
#1718),(#1719,#1720,#1721,#1722),(#1723,#1724,#1725,#1726),(#1727,#1728,
#1729,#1730),(#1731,#1732,#1733,#1734),(#1735,#1736,#1737,#1738),(#1739,
#1740,#1741,#1742),(#1743,#1744,#1745,#1746)),.UNSPECIFIED.,.F.,.F.,.F.,
(4,2,2,2,2,2,4),(4,4),(0.,0.25,0.375,0.5,0.625,0.75,1.),(-0.00600012729349146,
1.00600030315306),.UNSPECIFIED.);
#863=B_SPLINE_SURFACE_WITH_KNOTS('',3,1,((#1760,#1761),(#1762,#1763),(#1764,
#1765),(#1766,#1767)),.RULED_SURF.,.F.,.F.,.F.,(4,4),(2,2),(0.,1.),(0.,
1.),.PIECEWISE_BEZIER_KNOTS.);
#864=B_SPLINE_SURFACE_WITH_KNOTS('',3,3,((#1773,#1774,#1775,#1776),(#1777,
#1778,#1779,#1780),(#1781,#1782,#1783,#1784),(#1785,#1786,#1787,#1788),
(#1789,#1790,#1791,#1792),(#1793,#1794,#1795,#1796),(#1797,#1798,#1799,
#1800),(#1801,#1802,#1803,#1804),(#1805,#1806,#1807,#1808),(#1809,#1810,
#1811,#1812),(#1813,#1814,#1815,#1816),(#1817,#1818,#1819,#1820),(#1821,
#1822,#1823,#1824),(#1825,#1826,#1827,#1828)),.UNSPECIFIED.,.F.,.F.,.F.,
(4,2,2,2,2,2,4),(4,4),(0.,0.25,0.375,0.5,0.625,0.75,1.),(-0.00600012729349189,
1.00600030315306),.UNSPECIFIED.);
#865=B_SPLINE_SURFACE_WITH_KNOTS('',3,1,((#1842,#1843),(#1844,#1845),(#1846,
#1847),(#1848,#1849)),.RULED_SURF.,.F.,.F.,.F.,(4,4),(2,2),(0.,1.),(0.,
1.),.PIECEWISE_BEZIER_KNOTS.);
#866=B_SPLINE_SURFACE_WITH_KNOTS('',3,3,((#1855,#1856,#1857,#1858),(#1859,
#1860,#1861,#1862),(#1863,#1864,#1865,#1866),(#1867,#1868,#1869,#1870),
(#1871,#1872,#1873,#1874),(#1875,#1876,#1877,#1878),(#1879,#1880,#1881,
#1882),(#1883,#1884,#1885,#1886),(#1887,#1888,#1889,#1890),(#1891,#1892,
#1893,#1894),(#1895,#1896,#1897,#1898),(#1899,#1900,#1901,#1902),(#1903,
#1904,#1905,#1906),(#1907,#1908,#1909,#1910)),.UNSPECIFIED.,.F.,.F.,.F.,
(4,2,2,2,2,2,4),(4,4),(0.,0.25,0.375,0.5,0.625,0.75,1.),(-0.00600012729349125,
1.00600030315306),.UNSPECIFIED.);
#867=B_SPLINE_SURFACE_WITH_KNOTS('',3,1,((#1924,#1925),(#1926,#1927),(#1928,
#1929),(#1930,#1931)),.RULED_SURF.,.F.,.F.,.F.,(4,4),(2,2),(0.,1.),(0.,
1.),.PIECEWISE_BEZIER_KNOTS.);
#868=B_SPLINE_SURFACE_WITH_KNOTS('',3,3,((#1937,#1938,#1939,#1940),(#1941,
#1942,#1943,#1944),(#1945,#1946,#1947,#1948),(#1949,#1950,#1951,#1952),
(#1953,#1954,#1955,#1956),(#1957,#1958,#1959,#1960),(#1961,#1962,#1963,
#1964),(#1965,#1966,#1967,#1968),(#1969,#1970,#1971,#1972),(#1973,#1974,
#1975,#1976),(#1977,#1978,#1979,#1980),(#1981,#1982,#1983,#1984),(#1985,
#1986,#1987,#1988),(#1989,#1990,#1991,#1992)),.UNSPECIFIED.,.F.,.F.,.F.,
(4,2,2,2,2,2,4),(4,4),(0.,0.25,0.375,0.5,0.625,0.75,1.),(-0.00600012729349089,
1.00600030315306),.UNSPECIFIED.);
#869=B_SPLINE_SURFACE_WITH_KNOTS('',3,1,((#2006,#2007),(#2008,#2009),(#2010,
#2011),(#2012,#2013)),.RULED_SURF.,.F.,.F.,.F.,(4,4),(2,2),(0.,1.),(0.,
1.),.PIECEWISE_BEZIER_KNOTS.);
#870=B_SPLINE_SURFACE_WITH_KNOTS('',3,3,((#2019,#2020,#2021,#2022),(#2023,
#2024,#2025,#2026),(#2027,#2028,#2029,#2030),(#2031,#2032,#2033,#2034),
(#2035,#2036,#2037,#2038),(#2039,#2040,#2041,#2042),(#2043,#2044,#2045,
#2046),(#2047,#2048,#2049,#2050),(#2051,#2052,#2053,#2054),(#2055,#2056,
#2057,#2058),(#2059,#2060,#2061,#2062),(#2063,#2064,#2065,#2066),(#2067,
#2068,#2069,#2070),(#2071,#2072,#2073,#2074)),.UNSPECIFIED.,.F.,.F.,.F.,
(4,2,2,2,2,2,4),(4,4),(0.,0.25,0.375,0.5,0.625,0.75,1.),(-0.00600012729349323,
1.00600030315306),.UNSPECIFIED.);
#871=B_SPLINE_SURFACE_WITH_KNOTS('',3,1,((#2088,#2089),(#2090,#2091),(#2092,
#2093),(#2094,#2095)),.RULED_SURF.,.F.,.F.,.F.,(4,4),(2,2),(0.,1.),(0.,
1.),.PIECEWISE_BEZIER_KNOTS.);
#872=B_SPLINE_SURFACE_WITH_KNOTS('',3,3,((#2101,#2102,#2103,#2104),(#2105,
#2106,#2107,#2108),(#2109,#2110,#2111,#2112),(#2113,#2114,#2115,#2116),
(#2117,#2118,#2119,#2120),(#2121,#2122,#2123,#2124),(#2125,#2126,#2127,
#2128),(#2129,#2130,#2131,#2132),(#2133,#2134,#2135,#2136),(#2137,#2138,
#2139,#2140),(#2141,#2142,#2143,#2144),(#2145,#2146,#2147,#2148),(#2149,
#2150,#2151,#2152),(#2153,#2154,#2155,#2156)),.UNSPECIFIED.,.F.,.F.,.F.,
(4,2,2,2,2,2,4),(4,4),(0.,0.25,0.375,0.5,0.625,0.75,1.),(-0.00600012729349166,
1.00600030315306),.UNSPECIFIED.);
#873=B_SPLINE_SURFACE_WITH_KNOTS('',3,1,((#2170,#2171),(#2172,#2173),(#2174,
#2175),(#2176,#2177)),.RULED_SURF.,.F.,.F.,.F.,(4,4),(2,2),(0.,1.),(0.,
1.),.PIECEWISE_BEZIER_KNOTS.);
#874=B_SPLINE_SURFACE_WITH_KNOTS('',3,3,((#2183,#2184,#2185,#2186),(#2187,
#2188,#2189,#2190),(#2191,#2192,#2193,#2194),(#2195,#2196,#2197,#2198),
(#2199,#2200,#2201,#2202),(#2203,#2204,#2205,#2206),(#2207,#2208,#2209,
#2210),(#2211,#2212,#2213,#2214),(#2215,#2216,#2217,#2218),(#2219,#2220,
#2221,#2222),(#2223,#2224,#2225,#2226),(#2227,#2228,#2229,#2230),(#2231,
#2232,#2233,#2234),(#2235,#2236,#2237,#2238)),.UNSPECIFIED.,.F.,.F.,.F.,
(4,2,2,2,2,2,4),(4,4),(0.,0.25,0.375,0.5,0.625,0.75,1.),(-0.00600012729349066,
1.00600030315306),.UNSPECIFIED.);
#875=B_SPLINE_SURFACE_WITH_KNOTS('',3,1,((#2252,#2253),(#2254,#2255),(#2256,
#2257),(#2258,#2259)),.RULED_SURF.,.F.,.F.,.F.,(4,4),(2,2),(0.,1.),(0.,
1.),.PIECEWISE_BEZIER_KNOTS.);
#876=B_SPLINE_SURFACE_WITH_KNOTS('',3,3,((#2265,#2266,#2267,#2268),(#2269,
#2270,#2271,#2272),(#2273,#2274,#2275,#2276),(#2277,#2278,#2279,#2280),
(#2281,#2282,#2283,#2284),(#2285,#2286,#2287,#2288),(#2289,#2290,#2291,
#2292),(#2293,#2294,#2295,#2296),(#2297,#2298,#2299,#2300),(#2301,#2302,
#2303,#2304),(#2305,#2306,#2307,#2308),(#2309,#2310,#2311,#2312),(#2313,
#2314,#2315,#2316),(#2317,#2318,#2319,#2320)),.UNSPECIFIED.,.F.,.F.,.F.,
(4,2,2,2,2,2,4),(4,4),(0.,0.25,0.375,0.5,0.625,0.75,1.),(-0.00600012729349123,
1.00600030315306),.UNSPECIFIED.);
#877=B_SPLINE_SURFACE_WITH_KNOTS('',3,1,((#2334,#2335),(#2336,#2337),(#2338,
#2339),(#2340,#2341)),.RULED_SURF.,.F.,.F.,.F.,(4,4),(2,2),(0.,1.),(0.,
1.),.PIECEWISE_BEZIER_KNOTS.);
#878=ADVANCED_FACE('',(#816),#850,.T.);
#879=ADVANCED_FACE('',(#817),#851,.T.);
#880=ADVANCED_FACE('',(#818),#852,.T.);
#881=ADVANCED_FACE('',(#819),#853,.T.);
#882=ADVANCED_FACE('',(#820),#854,.T.);
#883=ADVANCED_FACE('',(#821),#855,.T.);
#884=ADVANCED_FACE('',(#822),#856,.T.);
#885=ADVANCED_FACE('',(#823),#857,.T.);
#886=ADVANCED_FACE('',(#824),#858,.T.);
#887=ADVANCED_FACE('',(#825),#859,.T.);
#888=ADVANCED_FACE('',(#826),#860,.T.);
#889=ADVANCED_FACE('',(#827),#861,.T.);
#890=ADVANCED_FACE('',(#828),#862,.T.);
#891=ADVANCED_FACE('',(#829),#863,.T.);
#892=ADVANCED_FACE('',(#830),#864,.T.);
#893=ADVANCED_FACE('',(#831),#865,.T.);
#894=ADVANCED_FACE('',(#832),#866,.T.);
#895=ADVANCED_FACE('',(#833),#867,.T.);
#896=ADVANCED_FACE('',(#834),#868,.T.);
#897=ADVANCED_FACE('',(#835),#869,.T.);
#898=ADVANCED_FACE('',(#836),#870,.T.);
#899=ADVANCED_FACE('',(#837),#871,.T.);
#900=ADVANCED_FACE('',(#838),#872,.T.);
#901=ADVANCED_FACE('',(#839),#873,.T.);
#902=ADVANCED_FACE('',(#840),#874,.T.);
#903=ADVANCED_FACE('',(#841),#875,.T.);
#904=ADVANCED_FACE('',(#842),#876,.T.);
#905=ADVANCED_FACE('',(#843),#877,.T.);
#906=ADVANCED_FACE('',(#844),#13,.T.);
#907=ADVANCED_FACE('',(#845,#846),#14,.F.);
#908=ADVANCED_FACE('',(#847,#848),#12,.F.);
#909=ADVANCED_FACE('',(#849),#15,.T.);
#910=CLOSED_SHELL('',(#878,#879,#880,#881,#882,#883,#884,#885,#886,#887,
#888,#889,#890,#891,#892,#893,#894,#895,#896,#897,#898,#899,#900,#901,#902,
#903,#904,#905,#906,#907,#908,#909));
#911=STYLED_ITEM('',(#912),#919);
#912=PRESENTATION_STYLE_ASSIGNMENT((#913));
#913=SURFACE_STYLE_USAGE(.BOTH.,#914);
#914=SURFACE_SIDE_STYLE('',(#915));
#915=SURFACE_STYLE_FILL_AREA(#916);
#916=FILL_AREA_STYLE('',(#917));
#917=FILL_AREA_STYLE_COLOUR('',#918);
#918=COLOUR_RGB('',0.615686274509804,0.811764705882353,0.929411764705882);
#919=MANIFOLD_SOLID_BREP('Part 1',#910);
#920=SHAPE_DEFINITION_REPRESENTATION(#2358,#921);
#921=SHAPE_REPRESENTATION('Part 1',(#922),#2353);
#922=AXIS2_PLACEMENT_3D('',#1195,#985,#986);
#923=AXIS2_PLACEMENT_3D('',#1255,#988,#989);
#924=AXIS2_PLACEMENT_3D('',#1263,#993,#994);
#925=AXIS2_PLACEMENT_3D('',#1276,#997,#998);
#926=AXIS2_PLACEMENT_3D('',#1280,#1000,#1001);
#927=AXIS2_PLACEMENT_3D('',#1340,#1003,#1004);
#928=AXIS2_PLACEMENT_3D('',#1345,#1007,#1008);
#929=AXIS2_PLACEMENT_3D('',#1358,#1011,#1012);
#930=AXIS2_PLACEMENT_3D('',#1362,#1014,#1015);
#931=AXIS2_PLACEMENT_3D('',#1422,#1017,#1018);
#932=AXIS2_PLACEMENT_3D('',#1427,#1021,#1022);
#933=AXIS2_PLACEMENT_3D('',#1440,#1025,#1026);
#934=AXIS2_PLACEMENT_3D('',#1444,#1028,#1029);
#935=AXIS2_PLACEMENT_3D('',#1504,#1031,#1032);
#936=AXIS2_PLACEMENT_3D('',#1509,#1035,#1036);
#937=AXIS2_PLACEMENT_3D('',#1522,#1039,#1040);
#938=AXIS2_PLACEMENT_3D('',#1526,#1042,#1043);
#939=AXIS2_PLACEMENT_3D('',#1586,#1045,#1046);
#940=AXIS2_PLACEMENT_3D('',#1591,#1049,#1050);
#941=AXIS2_PLACEMENT_3D('',#1604,#1053,#1054);
#942=AXIS2_PLACEMENT_3D('',#1608,#1056,#1057);
#943=AXIS2_PLACEMENT_3D('',#1668,#1059,#1060);
#944=AXIS2_PLACEMENT_3D('',#1673,#1063,#1064);
#945=AXIS2_PLACEMENT_3D('',#1686,#1067,#1068);
#946=AXIS2_PLACEMENT_3D('',#1690,#1070,#1071);
#947=AXIS2_PLACEMENT_3D('',#1750,#1073,#1074);
#948=AXIS2_PLACEMENT_3D('',#1755,#1077,#1078);
#949=AXIS2_PLACEMENT_3D('',#1768,#1081,#1082);
#950=AXIS2_PLACEMENT_3D('',#1772,#1084,#1085);
#951=AXIS2_PLACEMENT_3D('',#1832,#1087,#1088);
#952=AXIS2_PLACEMENT_3D('',#1837,#1091,#1092);
#953=AXIS2_PLACEMENT_3D('',#1850,#1095,#1096);
#954=AXIS2_PLACEMENT_3D('',#1854,#1098,#1099);
#955=AXIS2_PLACEMENT_3D('',#1914,#1101,#1102);
#956=AXIS2_PLACEMENT_3D('',#1919,#1105,#1106);
#957=AXIS2_PLACEMENT_3D('',#1932,#1109,#1110);
#958=AXIS2_PLACEMENT_3D('',#1936,#1112,#1113);
#959=AXIS2_PLACEMENT_3D('',#1996,#1115,#1116);
#960=AXIS2_PLACEMENT_3D('',#2001,#1119,#1120);
#961=AXIS2_PLACEMENT_3D('',#2014,#1123,#1124);
#962=AXIS2_PLACEMENT_3D('',#2018,#1126,#1127);
#963=AXIS2_PLACEMENT_3D('',#2078,#1129,#1130);
#964=AXIS2_PLACEMENT_3D('',#2083,#1133,#1134);
#965=AXIS2_PLACEMENT_3D('',#2096,#1137,#1138);
#966=AXIS2_PLACEMENT_3D('',#2100,#1140,#1141);
#967=AXIS2_PLACEMENT_3D('',#2160,#1143,#1144);
#968=AXIS2_PLACEMENT_3D('',#2165,#1147,#1148);
#969=AXIS2_PLACEMENT_3D('',#2178,#1151,#1152);
#970=AXIS2_PLACEMENT_3D('',#2182,#1154,#1155);
#971=AXIS2_PLACEMENT_3D('',#2242,#1157,#1158);
#972=AXIS2_PLACEMENT_3D('',#2247,#1161,#1162);
#973=AXIS2_PLACEMENT_3D('',#2260,#1165,#1166);
#974=AXIS2_PLACEMENT_3D('',#2264,#1168,#1169);
#975=AXIS2_PLACEMENT_3D('',#2324,#1171,#1172);
#976=AXIS2_PLACEMENT_3D('',#2329,#1175,#1176);
#977=AXIS2_PLACEMENT_3D('',#2342,#1179,#1180);
#978=AXIS2_PLACEMENT_3D('',#2343,#1181,#1182);
#979=AXIS2_PLACEMENT_3D('',#2344,#1183,#1184);
#980=AXIS2_PLACEMENT_3D('',#2345,#1185,#1186);
#981=AXIS2_PLACEMENT_3D('',#2346,#1187,#1188);
#982=AXIS2_PLACEMENT_3D('',#2348,#1189,#1190);
#983=AXIS2_PLACEMENT_3D('',#2349,#1191,#1192);
#984=AXIS2_PLACEMENT_3D('',#2351,#1193,#1194);
#985=DIRECTION('',(0.,0.,1.));
#986=DIRECTION('',(1.,0.,0.));
#987=DIRECTION('',(0.55470019622523,-0.832050294337843,0.));
#988=DIRECTION('',(0.,0.,1.));
#989=DIRECTION('',(1.,0.,0.));
#990=DIRECTION('',(-0.554700196225229,-0.832050294337844,0.));
#991=DIRECTION('',(0.0900873925267818,-0.781203516798751,0.617742120183649));
#992=DIRECTION('',(-0.447213595499958,-0.894427190999916,0.));
#993=DIRECTION('',(0.,0.,1.));
#994=DIRECTION('',(1.,0.,0.));
#995=DIRECTION('',(0.447213595499958,-0.894427190999916,0.));
#996=DIRECTION('',(-0.0900873925267822,-0.781203516798751,0.617742120183649));
#997=DIRECTION('',(0.,0.,1.));
#998=DIRECTION('',(1.,0.,0.));
#999=DIRECTION('',(-0.257785566823292,-0.74292750284843,0.617742120183649));
#1000=DIRECTION('',(0.,0.,1.));
#1001=DIRECTION('',(1.,0.,0.));
#1002=DIRECTION('',(0.138754514977127,-0.990326806954887,0.));
#1003=DIRECTION('',(0.,0.,1.));
#1004=DIRECTION('',(1.,0.,0.));
#1005=DIRECTION('',(-0.860780700659463,-0.508976016499997,0.));
#1006=DIRECTION('',(-0.791002940847625,-0.611812346696607,0.));
#1007=DIRECTION('',(0.,0.,1.));
#1008=DIRECTION('',(1.,0.,0.));
#1009=DIRECTION('',(0.0148481128487097,-0.999889760696064,0.));
#1010=DIRECTION('',(-0.420117438937563,-0.664752593414688,0.617742120183649));
#1011=DIRECTION('',(0.,0.,1.));
#1012=DIRECTION('',(1.,0.,0.));
#1013=DIRECTION('',(-0.554600933131513,-0.557505585551092,0.617742120183649));
#1014=DIRECTION('',(0.,0.,1.));
#1015=DIRECTION('',(1.,0.,0.));
#1016=DIRECTION('',(-0.304673199674648,-0.952456949893281,0.));
#1017=DIRECTION('',(0.,0.,1.));
#1018=DIRECTION('',(1.,0.,0.));
#1019=DIRECTION('',(-0.996373030545586,-0.0850927964131249,0.));
#1020=DIRECTION('',(-0.978124452745981,-0.208020563744011,0.));
#1021=DIRECTION('',(0.,0.,1.));
#1022=DIRECTION('',(1.,0.,0.));
#1023=DIRECTION('',(-0.420458220652379,-0.907311900443191,0.));
#1024=DIRECTION('',(-0.666938074164499,-0.416639266249306,0.617742120183649));
#1025=DIRECTION('',(0.,0.,1.));
#1026=DIRECTION('',(1.,0.,0.));
#1027=DIRECTION('',(-0.741570782898956,-0.261662849678054,0.617742120183649));
#1028=DIRECTION('',(0.,0.,1.));
#1029=DIRECTION('',(1.,0.,0.));
#1030=DIRECTION('',(-0.687756650559277,-0.725941312787393,0.));
#1031=DIRECTION('',(0.,0.,1.));
#1032=DIRECTION('',(1.,0.,0.));
#1033=DIRECTION('',(-0.934621462018854,0.355644095598029,0.));
#1034=DIRECTION('',(-0.971516420868813,0.236972243062877,0.));
#1035=DIRECTION('',(0.,0.,1.));
#1036=DIRECTION('',(1.,0.,0.));
#1037=DIRECTION('',(-0.772487646971589,-0.635029790857325,0.));
#1038=DIRECTION('',(-0.781663444344453,-0.0860054226579747,0.617742120183649));
#1039=DIRECTION('',(0.,0.,1.));
#1040=DIRECTION('',(1.,0.,0.));
#1041=DIRECTION('',(-0.781663444344453,0.0860054226579754,0.617742120183649));
#1042=DIRECTION('',(0.,0.,1.));
#1043=DIRECTION('',(1.,0.,0.));
#1044=DIRECTION('',(-0.934621462018855,-0.355644095598028,0.));
#1045=DIRECTION('',(0.,0.,1.));
#1046=DIRECTION('',(1.,0.,0.));
#1047=DIRECTION('',(-0.687756650559277,0.725941312787394,0.));
#1048=DIRECTION('',(-0.772487646971589,0.635029790857325,0.));
#1049=DIRECTION('',(0.,0.,1.));
#1050=DIRECTION('',(1.,0.,0.));
#1051=DIRECTION('',(-0.971516420868813,-0.236972243062877,0.));
#1052=DIRECTION('',(-0.741570782898955,0.261662849678056,0.617742120183649));
#1053=DIRECTION('',(0.,0.,1.));
#1054=DIRECTION('',(1.,0.,0.));
#1055=DIRECTION('',(-0.666938074164499,0.416639266249306,0.617742120183649));
#1056=DIRECTION('',(0.,0.,1.));
#1057=DIRECTION('',(1.,0.,0.));
#1058=DIRECTION('',(-0.996373030545586,0.085092796413125,0.));
#1059=DIRECTION('',(0.,0.,1.));
#1060=DIRECTION('',(1.,0.,0.));
#1061=DIRECTION('',(-0.304673199674648,0.952456949893281,0.));
#1062=DIRECTION('',(-0.420458220652379,0.907311900443191,0.));
#1063=DIRECTION('',(0.,0.,1.));
#1064=DIRECTION('',(1.,0.,0.));
#1065=DIRECTION('',(-0.978124452745981,0.20802056374401,0.));
#1066=DIRECTION('',(-0.554600933131512,0.557505585551092,0.617742120183649));
#1067=DIRECTION('',(0.,0.,1.));
#1068=DIRECTION('',(1.,0.,0.));
#1069=DIRECTION('',(-0.420117438937564,0.664752593414687,0.617742120183649));
#1070=DIRECTION('',(0.,0.,1.));
#1071=DIRECTION('',(1.,0.,0.));
#1072=DIRECTION('',(-0.860780700659463,0.508976016499996,0.));
#1073=DIRECTION('',(0.,0.,1.));
#1074=DIRECTION('',(1.,0.,0.));
#1075=DIRECTION('',(0.138754514977126,0.990326806954887,0.));
#1076=DIRECTION('',(0.0148481128487097,0.999889760696064,0.));
#1077=DIRECTION('',(0.,0.,1.));
#1078=DIRECTION('',(1.,0.,0.));
#1079=DIRECTION('',(-0.791002940847626,0.611812346696606,0.));
#1080=DIRECTION('',(-0.257785566823293,0.74292750284843,0.617742120183649));
#1081=DIRECTION('',(0.,0.,1.));
#1082=DIRECTION('',(1.,0.,0.));
#1083=DIRECTION('',(-0.0900873925267815,0.781203516798751,0.617742120183649));
#1084=DIRECTION('',(0.,0.,1.));
#1085=DIRECTION('',(1.,0.,0.));
#1086=DIRECTION('',(-0.55470019622523,0.832050294337843,0.));
#1087=DIRECTION('',(0.,0.,1.));
#1088=DIRECTION('',(1.,0.,0.));
#1089=DIRECTION('',(0.55470019622523,0.832050294337844,0.));
#1090=DIRECTION('',(0.447213595499958,0.894427190999916,0.));
#1091=DIRECTION('',(0.,0.,1.));
#1092=DIRECTION('',(1.,0.,0.));
#1093=DIRECTION('',(-0.447213595499958,0.894427190999916,0.));
#1094=DIRECTION('',(0.0900873925267823,0.781203516798751,0.617742120183649));
#1095=DIRECTION('',(0.,0.,1.));
#1096=DIRECTION('',(1.,0.,0.));
#1097=DIRECTION('',(0.257785566823293,0.74292750284843,0.617742120183649));
#1098=DIRECTION('',(0.,0.,1.));
#1099=DIRECTION('',(1.,0.,0.));
#1100=DIRECTION('',(-0.138754514977126,0.990326806954887,0.));
#1101=DIRECTION('',(0.,0.,1.));
#1102=DIRECTION('',(1.,0.,0.));
#1103=DIRECTION('',(0.860780700659463,0.508976016499996,0.));
#1104=DIRECTION('',(0.791002940847626,0.611812346696606,0.));
#1105=DIRECTION('',(0.,0.,1.));
#1106=DIRECTION('',(1.,0.,0.));
#1107=DIRECTION('',(-0.01484811284871,0.999889760696064,0.));
#1108=DIRECTION('',(0.420117438937565,0.664752593414687,0.617742120183649));
#1109=DIRECTION('',(0.,0.,1.));
#1110=DIRECTION('',(1.,0.,0.));
#1111=DIRECTION('',(0.554600933131512,0.557505585551092,0.617742120183649));
#1112=DIRECTION('',(0.,0.,1.));
#1113=DIRECTION('',(1.,0.,0.));
#1114=DIRECTION('',(0.304673199674648,0.952456949893281,0.));
#1115=DIRECTION('',(0.,0.,1.));
#1116=DIRECTION('',(1.,0.,0.));
#1117=DIRECTION('',(0.996373030545586,0.0850927964131249,0.));
#1118=DIRECTION('',(0.978124452745981,0.208020563744011,0.));
#1119=DIRECTION('',(0.,0.,1.));
#1120=DIRECTION('',(1.,0.,0.));
#1121=DIRECTION('',(0.42045822065238,0.907311900443191,0.));
#1122=DIRECTION('',(0.6669380741645,0.416639266249305,0.617742120183649));
#1123=DIRECTION('',(0.,0.,1.));
#1124=DIRECTION('',(1.,0.,0.));
#1125=DIRECTION('',(0.741570782898956,0.261662849678055,0.617742120183649));
#1126=DIRECTION('',(0.,0.,1.));
#1127=DIRECTION('',(1.,0.,0.));
#1128=DIRECTION('',(0.687756650559277,0.725941312787394,0.));
#1129=DIRECTION('',(0.,0.,1.));
#1130=DIRECTION('',(1.,0.,0.));
#1131=DIRECTION('',(0.934621462018855,-0.355644095598028,0.));
#1132=DIRECTION('',(0.971516420868813,-0.236972243062877,0.));
#1133=DIRECTION('',(0.,0.,1.));
#1134=DIRECTION('',(1.,0.,0.));
#1135=DIRECTION('',(0.772487646971589,0.635029790857325,0.));
#1136=DIRECTION('',(0.781663444344453,0.0860054226579747,0.617742120183649));
#1137=DIRECTION('',(0.,0.,1.));
#1138=DIRECTION('',(1.,0.,0.));
#1139=DIRECTION('',(0.781663444344453,-0.0860054226579755,0.617742120183649));
#1140=DIRECTION('',(0.,0.,1.));
#1141=DIRECTION('',(1.,0.,0.));
#1142=DIRECTION('',(0.934621462018855,0.355644095598028,0.));
#1143=DIRECTION('',(0.,0.,1.));
#1144=DIRECTION('',(1.,0.,0.));
#1145=DIRECTION('',(0.687756650559277,-0.725941312787394,0.));
#1146=DIRECTION('',(0.772487646971589,-0.635029790857325,0.));
#1147=DIRECTION('',(0.,0.,1.));
#1148=DIRECTION('',(1.,0.,0.));
#1149=DIRECTION('',(0.971516420868813,0.236972243062877,0.));
#1150=DIRECTION('',(0.741570782898956,-0.261662849678055,0.617742120183649));
#1151=DIRECTION('',(0.,0.,1.));
#1152=DIRECTION('',(1.,0.,0.));
#1153=DIRECTION('',(0.666938074164499,-0.416639266249306,0.617742120183649));
#1154=DIRECTION('',(0.,0.,1.));
#1155=DIRECTION('',(1.,0.,0.));
#1156=DIRECTION('',(0.996373030545586,-0.085092796413125,0.));
#1157=DIRECTION('',(0.,0.,1.));
#1158=DIRECTION('',(1.,0.,0.));
#1159=DIRECTION('',(0.304673199674648,-0.952456949893281,0.));
#1160=DIRECTION('',(0.42045822065238,-0.907311900443191,0.));
#1161=DIRECTION('',(0.,0.,1.));
#1162=DIRECTION('',(1.,0.,0.));
#1163=DIRECTION('',(0.97812445274598,-0.208020563744012,0.));
#1164=DIRECTION('',(0.554600933131513,-0.557505585551092,0.617742120183649));
#1165=DIRECTION('',(0.,0.,1.));
#1166=DIRECTION('',(1.,0.,0.));
#1167=DIRECTION('',(0.420117438937564,-0.664752593414688,0.617742120183649));
#1168=DIRECTION('',(0.,0.,1.));
#1169=DIRECTION('',(1.,0.,0.));
#1170=DIRECTION('',(0.860780700659463,-0.508976016499996,0.));
#1171=DIRECTION('',(0.,0.,1.));
#1172=DIRECTION('',(1.,0.,0.));
#1173=DIRECTION('',(-0.138754514977126,-0.990326806954887,0.));
#1174=DIRECTION('',(-0.0148481128487097,-0.999889760696064,0.));
#1175=DIRECTION('',(0.,0.,1.));
#1176=DIRECTION('',(1.,0.,0.));
#1177=DIRECTION('',(0.791002940847626,-0.611812346696606,0.));
#1178=DIRECTION('',(0.257785566823293,-0.74292750284843,0.617742120183649));
#1179=DIRECTION('',(0.,0.,1.));
#1180=DIRECTION('',(1.,0.,0.));
#1181=DIRECTION('',(0.,0.,1.));
#1182=DIRECTION('',(1.,0.,0.));
#1183=DIRECTION('',(0.,0.,1.));
#1184=DIRECTION('',(1.,0.,0.));
#1185=DIRECTION('',(0.,0.,1.));
#1186=DIRECTION('',(1.,0.,0.));
#1187=DIRECTION('',(0.,0.,-1.));
#1188=DIRECTION('',(-1.,0.,0.));
#1189=DIRECTION('',(0.,0.,-1.));
#1190=DIRECTION('',(-1.,0.,0.));
#1191=DIRECTION('',(0.,0.,-1.));
#1192=DIRECTION('',(-1.,0.,0.));
#1193=DIRECTION('',(0.,0.,-1.));
#1194=DIRECTION('',(1.,0.,0.));
#1195=CARTESIAN_POINT('',(0.,0.,0.));
#1196=CARTESIAN_POINT('',(0.00200525011138181,0.012587057971003,-3.60007637609575E-5));
#1197=CARTESIAN_POINT('',(0.00171008331916823,0.0100274840988777,0.00198800009713215));
#1198=CARTESIAN_POINT('',(0.00141491652695465,0.00746791022675233,0.00401200095802525));
#1199=CARTESIAN_POINT('',(0.00111974973474107,0.00490833635462697,0.00603600181891835));
#1200=CARTESIAN_POINT('',(0.00169022697476048,0.0130591954736383,-3.60007637609575E-5));
#1201=CARTESIAN_POINT('',(0.00145629833275861,0.0104300955077182,0.00198800009713215));
#1202=CARTESIAN_POINT('',(0.00122236969075674,0.0078009955417981,0.00401200095802525));
#1203=CARTESIAN_POINT('',(0.000988441048754873,0.00517189557587798,0.00603600181891835));
#1204=CARTESIAN_POINT('',(0.00134759605020051,0.0135727805768236,-3.60007637609575E-5));
#1205=CARTESIAN_POINT('',(0.00118817772261038,0.0108522268869176,0.00198800009713215));
#1206=CARTESIAN_POINT('',(0.00102875939502024,0.00813167319701164,0.00401200095802525));
#1207=CARTESIAN_POINT('',(0.00086934106743011,0.00541111950710564,0.00603600181891835));
#1208=CARTESIAN_POINT('',(0.000884527908516262,0.0142667746695942,-3.60007637609575E-5));
#1209=CARTESIAN_POINT('',(0.000812415851921919,0.0114494507064453,0.00198800009713215));
#1210=CARTESIAN_POINT('',(0.000740303795327577,0.00863212674329636,0.00401200095802525));
#1211=CARTESIAN_POINT('',(0.000668191738733235,0.00581480278014745,0.00603600181891835));
#1212=CARTESIAN_POINT('',(0.000760602036636967,0.0145064801260727,-3.60007637609575E-5));
#1213=CARTESIAN_POINT('',(0.000712915126527668,0.0116607043596186,0.00198800009713215));
#1214=CARTESIAN_POINT('',(0.000665228216418369,0.00881492859316456,0.00401200095802525));
#1215=CARTESIAN_POINT('',(0.000617541306309071,0.00596915282671049,0.00603600181891835));
#1216=CARTESIAN_POINT('',(0.000415130337455705,0.0148157429222542,-3.60007637609575E-5));
#1217=CARTESIAN_POINT('',(0.000405648766534919,0.0119574982568883,0.00198800009713215));
#1218=CARTESIAN_POINT('',(0.000396167195614133,0.00909925359152233,0.00401200095802525));
#1219=CARTESIAN_POINT('',(0.000386685624693347,0.00624100892615638,0.00603600181891835));
#1220=CARTESIAN_POINT('',(0.000205848340948953,0.0148857716930138,-3.60007637609575E-5));
#1221=CARTESIAN_POINT('',(0.00020266786861061,0.0120363061470543,0.00198800009713215));
#1222=CARTESIAN_POINT('',(0.000199487396272268,0.00918684060109469,0.00401200095802525));
#1223=CARTESIAN_POINT('',(0.000196306923933925,0.00633737505513514,0.00603600181891835));
#1224=CARTESIAN_POINT('',(-0.000205848340948949,0.0148857716930138,-3.60007637609575E-5));
#1225=CARTESIAN_POINT('',(-0.000202667868610606,0.0120363061470543,0.00198800009713215));
#1226=CARTESIAN_POINT('',(-0.000199487396272264,0.00918684060109469,0.00401200095802525));
#1227=CARTESIAN_POINT('',(-0.000196306923933921,0.00633737505513514,0.00603600181891835));
#1228=CARTESIAN_POINT('',(-0.000415130337455705,0.0148157429222542,-3.60007637609575E-5));
#1229=CARTESIAN_POINT('',(-0.000405648766534918,0.0119574982568883,0.00198800009713215));
#1230=CARTESIAN_POINT('',(-0.000396167195614132,0.00909925359152233,0.00401200095802525));
#1231=CARTESIAN_POINT('',(-0.000386685624693346,0.00624100892615639,0.00603600181891835));
#1232=CARTESIAN_POINT('',(-0.000760602036636963,0.0145064801260727,-3.60007637609575E-5));
#1233=CARTESIAN_POINT('',(-0.000712915126527664,0.0116607043596186,0.00198800009713215));
#1234=CARTESIAN_POINT('',(-0.000665228216418366,0.00881492859316455,0.00401200095802525));
#1235=CARTESIAN_POINT('',(-0.000617541306309067,0.00596915282671047,0.00603600181891835));
#1236=CARTESIAN_POINT('',(-0.000884527908516257,0.0142667746695942,-3.60007637609575E-5));
#1237=CARTESIAN_POINT('',(-0.000812415851921915,0.0114494507064453,0.00198800009713215));
#1238=CARTESIAN_POINT('',(-0.000740303795327573,0.00863212674329636,0.00401200095802525));
#1239=CARTESIAN_POINT('',(-0.000668191738733231,0.00581480278014745,0.00603600181891835));
#1240=CARTESIAN_POINT('',(-0.00134759605020051,0.0135727805768236,-3.60007637609575E-5));
#1241=CARTESIAN_POINT('',(-0.00118817772261038,0.0108522268869176,0.00198800009713215));
#1242=CARTESIAN_POINT('',(-0.00102875939502024,0.00813167319701164,0.00401200095802525));
#1243=CARTESIAN_POINT('',(-0.000869341067430107,0.00541111950710564,0.00603600181891835));
#1244=CARTESIAN_POINT('',(-0.00169022697476048,0.0130591954736383,-3.60007637609575E-5));
#1245=CARTESIAN_POINT('',(-0.00145629833275861,0.0104300955077182,0.00198800009713215));
#1246=CARTESIAN_POINT('',(-0.00122236969075674,0.00780099554179811,0.00401200095802525));
#1247=CARTESIAN_POINT('',(-0.00098844104875487,0.00517189557587799,0.00603600181891835));
#1248=CARTESIAN_POINT('',(-0.00200525011138181,0.012587057971003,-3.60007637609575E-5));
#1249=CARTESIAN_POINT('',(-0.00171008331916823,0.0100274840988777,0.00198800009713215));
#1250=CARTESIAN_POINT('',(-0.00141491652695465,0.00746791022675234,0.00401200095802525));
#1251=CARTESIAN_POINT('',(-0.00111974973474107,0.00490833635462698,0.00603600181891835));
#1252=CARTESIAN_POINT('',(0.00136610212950865,0.0134923778127553,0.));
#1253=CARTESIAN_POINT('',(0.002,0.0125415310070182,-2.16840434497101E-19));
#1254=CARTESIAN_POINT('',(0.000732204259017307,0.0144432246184923,0.));
#1255=CARTESIAN_POINT('',(1.89735380184964E-18,0.0139550884458141,0.));
#1256=CARTESIAN_POINT('',(-0.000732204259017303,0.0144432246184923,-2.16840434497101E-19));
#1257=CARTESIAN_POINT('',(-0.00136610212950865,0.0134923778127553,0.));
#1258=CARTESIAN_POINT('',(-0.002,0.0125415310070182,-2.16840434497101E-19));
#1259=CARTESIAN_POINT('',(-0.0015625,0.00874769782999687,0.003));
#1260=CARTESIAN_POINT('',(-0.001125,0.00495386465297549,0.006));
#1261=CARTESIAN_POINT('',(-0.000857660973029972,0.00548854270691555,0.006));
#1262=CARTESIAN_POINT('',(-0.000590321946059943,0.00602322076085561,0.006));
#1263=CARTESIAN_POINT('',(1.7347234759768E-18,0.00572805978782564,0.006));
#1264=CARTESIAN_POINT('',(0.000590321946059946,0.00602322076085561,0.006));
#1265=CARTESIAN_POINT('',(0.000857660973029974,0.00548854270691555,0.006));
#1266=CARTESIAN_POINT('',(0.001125,0.00495386465297549,0.006));
#1267=CARTESIAN_POINT('',(0.0015625,0.00874769782999687,0.003));
#1268=CARTESIAN_POINT('',(0.00363962863177903,0.0121672964713914,0.));
#1269=CARTESIAN_POINT('',(0.00113581134232509,0.00495139703464039,0.006));
#1270=CARTESIAN_POINT('',(0.00310214659923101,0.0123280745866719,0.));
#1271=CARTESIAN_POINT('',(0.00113220846076176,0.0049522235071927,0.006));
#1272=CARTESIAN_POINT('',(0.00255401358820883,0.0124531823695355,0.));
#1273=CARTESIAN_POINT('',(0.00112860467712457,0.004953046047291,0.006));
#1274=CARTESIAN_POINT('',(0.002,0.0125415310070182,0.));
#1275=CARTESIAN_POINT('',(0.001125,0.00495386465297549,0.006));
#1276=CARTESIAN_POINT('',(-1.11089848257861E-13,-4.87060912435222E-13,0.006));
#1277=CARTESIAN_POINT('',(0.00113581134232509,0.00495139703464039,0.006));
#1278=CARTESIAN_POINT('',(0.00238771998705206,0.00855934675301591,0.003));
#1279=CARTESIAN_POINT('',(0.00363962863177903,0.0121672964713914,4.33680868994202E-19));
#1280=CARTESIAN_POINT('',(-7.37257477290143E-18,-3.64291929955129E-17,0.));
#1281=CARTESIAN_POINT('',(0.00726798769966112,0.0104705019541645,-3.60007637609468E-5));
#1282=CARTESIAN_POINT('',(0.00589149412685271,0.00829247365175206,0.00198800009713215));
#1283=CARTESIAN_POINT('',(0.0045150005540443,0.00611444534933963,0.00401200095802525));
#1284=CARTESIAN_POINT('',(0.0031385069812359,0.0039364170469272,0.00603600181891835));
#1285=CARTESIAN_POINT('',(0.00718901444591736,0.0110325665618339,-3.60007637609468E-5));
#1286=CARTESIAN_POINT('',(0.00583752829843573,0.00876532717581501,0.00198800009713215));
#1287=CARTESIAN_POINT('',(0.00448604215095409,0.00649808778979614,0.00401200095802525));
#1288=CARTESIAN_POINT('',(0.00313455600347246,0.00423084840377727,0.00603600181891835));
#1289=CARTESIAN_POINT('',(0.00710315087463332,0.0116439527375077,-3.60007637609468E-5));
#1290=CARTESIAN_POINT('',(0.00577911591705506,0.00926198757950399,0.00198800009713215));
#1291=CARTESIAN_POINT('',(0.0044550809594768,0.00688002242150032,0.00401200095802525));
#1292=CARTESIAN_POINT('',(0.00313104600189854,0.00449805726349664,0.00603600181891835));
#1293=CARTESIAN_POINT('',(0.00698705364715516,0.0124701375463823,-3.60007637609468E-5));
#1294=CARTESIAN_POINT('',(0.0056996918737267,0.00996310461354028,0.00198800009713215));
#1295=CARTESIAN_POINT('',(0.00441233010029824,0.00745607168069826,0.00401200095802525));
#1296=CARTESIAN_POINT('',(0.00312496832686978,0.00494903874785625,0.00603600181891835));
#1297=CARTESIAN_POINT('',(0.00697940459440803,0.0127398741208002,-3.60007637609468E-5));
#1298=CARTESIAN_POINT('',(0.00570170434275387,0.0101966093250591,0.00198800009713215));
#1299=CARTESIAN_POINT('',(0.00442400409109972,0.00765334452931802,0.00401200095802525));
#1300=CARTESIAN_POINT('',(0.00314630383944556,0.00511007973357695,0.00603600181891835));
#1301=CARTESIAN_POINT('',(0.00680232944708155,0.0131684048247602,-3.60007637609468E-5));
#1302=CARTESIAN_POINT('',(0.00555364096414133,0.0105973292638612,0.00198800009713215));
#1303=CARTESIAN_POINT('',(0.00430495248120111,0.00802625370296211,0.00401200095802525));
#1304=CARTESIAN_POINT('',(0.00305626399826089,0.00545517814206305,0.00603600181891835));
#1305=CARTESIAN_POINT('',(0.00664415722851948,0.0133223026222463,-3.60007637609468E-5));
#1306=CARTESIAN_POINT('',(0.00540495495638983,0.0107564028304066,0.00198800009713215));
#1307=CARTESIAN_POINT('',(0.00416575268426017,0.00819050303856679,0.00401200095802525));
#1308=CARTESIAN_POINT('',(0.00292655041213052,0.00562460324672701,0.00603600181891835));
#1309=CARTESIAN_POINT('',(0.00627323133511076,0.0135009311179707,-3.60007637609468E-5));
#1310=CARTESIAN_POINT('',(0.00503976007610525,0.0109322714156702,0.00198800009713215));
#1311=CARTESIAN_POINT('',(0.00380628881709973,0.00836361171336972,0.00401200095802525));
#1312=CARTESIAN_POINT('',(0.00257281755809422,0.00579495201106924,0.00603600181891835));
#1313=CARTESIAN_POINT('',(0.00605429042674274,0.0135286414308331,-3.60007637609468E-5));
#1314=CARTESIAN_POINT('',(0.00482268714423938,0.0109493380710464,0.00198800009713215));
#1315=CARTESIAN_POINT('',(0.00359108386173603,0.00837003471125966,0.00401200095802525));
#1316=CARTESIAN_POINT('',(0.00235948057923268,0.00579073135147297,0.00603600181891835));
#1317=CARTESIAN_POINT('',(0.00560884708266187,0.0133998998320731,-3.60007637609468E-5));
#1318=CARTESIAN_POINT('',(0.00441707567383759,0.0108152538866017,0.00198800009713215));
#1319=CARTESIAN_POINT('',(0.00322530426501331,0.00823060794113023,0.00401200095802525));
#1320=CARTESIAN_POINT('',(0.00203353285618903,0.00564596199565879,0.00603600181891835));
#1321=CARTESIAN_POINT('',(0.00539318943042718,0.013237702098984,-3.60007637609468E-5));
#1322=CARTESIAN_POINT('',(0.00423576909298256,0.0106680926686408,0.00198800009713215));
#1323=CARTESIAN_POINT('',(0.00307834875553794,0.00809848323829756,0.00401200095802525));
#1324=CARTESIAN_POINT('',(0.00192092841809332,0.00552887380795433,0.00603600181891835));
#1325=CARTESIAN_POINT('',(0.00467486669915547,0.0128133527636698,-3.60007637609468E-5));
#1326=CARTESIAN_POINT('',(0.00363809364184077,0.0102930495655487,0.00198800009713215));
#1327=CARTESIAN_POINT('',(0.00260132058452607,0.00777274636742772,0.00401200095802525));
#1328=CARTESIAN_POINT('',(0.00156454752721137,0.00525244316930669,0.00603600181891835));
#1329=CARTESIAN_POINT('',(0.0041433306780212,0.0124992905613668,-3.60007637609468E-5));
#1330=CARTESIAN_POINT('',(0.00321336937804831,0.010029055507591,0.00198800009713215));
#1331=CARTESIAN_POINT('',(0.00228340807807543,0.00755882045381516,0.00401200095802525));
#1332=CARTESIAN_POINT('',(0.00135344677810254,0.00508858540003936,0.00603600181891835));
#1333=CARTESIAN_POINT('',(0.0036546518542354,0.012210592786549,-3.60007637609468E-5));
#1334=CARTESIAN_POINT('',(0.0028100304626731,0.0097764283411986,0.00198800009713215));
#1335=CARTESIAN_POINT('',(0.0019654090711108,0.00734226389584825,0.00401200095802525));
#1336=CARTESIAN_POINT('',(0.0011207876795485,0.0049080994504979,0.00603600181891835));
#1337=CARTESIAN_POINT('',(0.00708493882404752,0.0115634828633022,0.));
#1338=CARTESIAN_POINT('',(0.0072435041033887,0.0104317615149212,2.16840434497101E-19));
#1339=CARTESIAN_POINT('',(0.00692637354470635,0.0126952042116831,0.));
#1340=CARTESIAN_POINT('',(0.00605488595458604,0.0125731002385032,0.));
#1341=CARTESIAN_POINT('',(0.00560698706006604,0.0133305872550836,6.50521303491303E-19));
#1342=CARTESIAN_POINT('',(0.00462330784592253,0.0127489418632375,0.));
#1343=CARTESIAN_POINT('',(0.00160866359606802,0.00531713125895723,0.006));
#1344=CARTESIAN_POINT('',(0.00208151584981096,0.00568286548327407,0.006));
#1345=CARTESIAN_POINT('',(0.00248531199863072,0.00516080354231463,0.006));
#1346=CARTESIAN_POINT('',(0.00314523924069012,0.00517060329679478,0.006));
#1347=CARTESIAN_POINT('',(0.00315411526789783,0.00457288095921034,0.006));
#1348=CARTESIAN_POINT('',(0.00316299129510554,0.00397515862162589,0.006));
#1349=CARTESIAN_POINT('',(0.00520324769924712,0.00720346006827355,0.003));
#1350=CARTESIAN_POINT('',(0.00855838417591838,0.00938317964750702,0.));
#1351=CARTESIAN_POINT('',(0.00317166131849073,0.0039682445086952,0.006));
#1352=CARTESIAN_POINT('',(0.00814388860736184,0.00976124043800516,0.));
#1353=CARTESIAN_POINT('',(0.0031687738273687,0.00397055236645931,0.006));
#1354=CARTESIAN_POINT('',(0.00770432006158281,0.0101117846558537,0.));
#1355=CARTESIAN_POINT('',(0.00316588381727837,0.00397285707259995,0.006));
#1356=CARTESIAN_POINT('',(0.0072435041033887,0.0104317615149212,0.));
#1357=CARTESIAN_POINT('',(0.00316299129510554,0.00397515862162589,0.006));
#1358=CARTESIAN_POINT('',(-5.1876883865043E-13,-6.51855739525198E-13,0.006));
#1359=CARTESIAN_POINT('',(0.00317166131849073,0.0039682445086952,0.006));
#1360=CARTESIAN_POINT('',(0.00586502274720455,0.00667571207810112,0.003));
#1361=CARTESIAN_POINT('',(0.00855838417591838,0.00938317964750702,4.33680868994202E-19));
#1362=CARTESIAN_POINT('',(-5.11743425413158E-17,-8.15320033709099E-17,0.));
#1363=CARTESIAN_POINT('',(0.011091211188003,0.00628013461302427,-3.60007637609547E-5));
#1364=CARTESIAN_POINT('',(0.00890602226828027,0.00491503709738171,0.00198800009713215));
#1365=CARTESIAN_POINT('',(0.00672083334855754,0.00354993958173915,0.00401200095802525));
#1366=CARTESIAN_POINT('',(0.00453564442883482,0.00218484206609659,0.00603600181891835));
#1367=CARTESIAN_POINT('',(0.0112639294385841,0.00682080253690879,-3.60007637609547E-5));
#1368=CARTESIAN_POINT('',(0.00906256419202134,0.00536447829705851,0.00198800009713215));
#1369=CARTESIAN_POINT('',(0.00686119894545855,0.00390815405720823,0.00401200095802525));
#1370=CARTESIAN_POINT('',(0.00465983369889575,0.00245182981735795,0.00603600181891835));
#1371=CARTESIAN_POINT('',(0.0114518395539164,0.00740889725481949,-3.60007637609547E-5));
#1372=CARTESIAN_POINT('',(0.00922542932792153,0.00583729804114633,0.00198800009713215));
#1373=CARTESIAN_POINT('',(0.00699901910192663,0.00426569882747316,0.00401200095802525));
#1374=CARTESIAN_POINT('',(0.00477260887593174,0.0026940996138,0.00603600181891835));
#1375=CARTESIAN_POINT('',(0.0117057077203855,0.00820363674590883,-3.60007637609547E-5));
#1376=CARTESIAN_POINT('',(0.00945807401780642,0.00650344346246424,0.00198800009713215));
#1377=CARTESIAN_POINT('',(0.00721044031522738,0.00480325017901964,0.00401200095802525));
#1378=CARTESIAN_POINT('',(0.00496280661264833,0.00310305689557505,0.00603600181891835));
#1379=CARTESIAN_POINT('',(0.0118158504754765,0.00844997980160061,-3.60007637609547E-5));
#1380=CARTESIAN_POINT('',(0.00956120108708287,0.00671295076046486,0.00198800009713215));
#1381=CARTESIAN_POINT('',(0.00730655169868919,0.0049759217193291,0.00401200095802525));
#1382=CARTESIAN_POINT('',(0.00505190231029552,0.00323889267819334,0.00603600181891835));
#1383=CARTESIAN_POINT('',(0.011842243784617,0.00891290265183575,-3.60007637609547E-5));
#1384=CARTESIAN_POINT('',(0.00960166645786293,0.00713822924241209,0.00198800009713215));
#1385=CARTESIAN_POINT('',(0.00736108913110883,0.00536355583298842,0.00401200095802525));
#1386=CARTESIAN_POINT('',(0.00512051180435473,0.00358888242356475,0.00603600181891835));
#1387=CARTESIAN_POINT('',(0.0117665092917408,0.00912018812982383,-3.60007637609547E-5));
#1388=CARTESIAN_POINT('',(0.00953672442763363,0.00734606201457345,0.00198800009713215));
#1389=CARTESIAN_POINT('',(0.00730693956352644,0.00557193589932307,0.00401200095802525));
#1390=CARTESIAN_POINT('',(0.00507715469941925,0.00379780978407269,0.00603600181891835));
#1391=CARTESIAN_POINT('',(0.0115098206091184,0.0094420655569592,-3.60007637609547E-5));
#1392=CARTESIAN_POINT('',(0.00928400172914734,0.00766296625490235,0.00198800009713215));
#1393=CARTESIAN_POINT('',(0.00705818284917626,0.00588386695284551,0.00401200095802525));
#1394=CARTESIAN_POINT('',(0.00483236396920518,0.00410476765078867,0.00603600181891835));
#1395=CARTESIAN_POINT('',(0.0113245847209254,0.0095620265861366,-3.60007637609547E-5));
#1396=CARTESIAN_POINT('',(0.00909583071972075,0.00777252719541471,0.00198800009713215));
#1397=CARTESIAN_POINT('',(0.00686707671851608,0.00598302780469281,0.00401200095802525));
#1398=CARTESIAN_POINT('',(0.00463832271731141,0.00419352841397091,0.00603600181891835));
#1399=CARTESIAN_POINT('',(0.0108673952492443,0.00963930503734483,-3.60007637609547E-5));
#1400=CARTESIAN_POINT('',(0.00867221046512122,0.00782770974095892,0.00198800009713215));
#1401=CARTESIAN_POINT('',(0.00647702568099814,0.006016114444573,0.00401200095802525));
#1402=CARTESIAN_POINT('',(0.00428184089687506,0.00420451914818708,0.00603600181891835));
#1403=CARTESIAN_POINT('',(0.0106027194595468,0.00958674027790808,-3.60007637609547E-5));
#1404=CARTESIAN_POINT('',(0.00844500802072305,0.00777378804224153,0.00198800009713215));
#1405=CARTESIAN_POINT('',(0.00628729658189927,0.00596083580657499,0.00401200095802525));
#1406=CARTESIAN_POINT('',(0.00412958514307549,0.00414788357090845,0.00603600181891835));
#1407=CARTESIAN_POINT('',(0.00977141476526617,0.00951608329021216,-3.60007637609547E-5));
#1408=CARTESIAN_POINT('',(0.00774379594223492,0.00769520754175425,0.00198800009713215));
#1409=CARTESIAN_POINT('',(0.00571617711920367,0.00587433179329635,0.00401200095802525));
#1410=CARTESIAN_POINT('',(0.00368855829617242,0.00405345604483845,0.00603600181891835));
#1411=CARTESIAN_POINT('',(0.00915625087540474,0.00946374785967767,-3.60007637609547E-5));
#1412=CARTESIAN_POINT('',(0.0072465898741436,0.00764163806589128,0.00198800009713215));
#1413=CARTESIAN_POINT('',(0.00533692887288246,0.00581952827210489,0.00401200095802525));
#1414=CARTESIAN_POINT('',(0.00342726787162132,0.0039974184783185,0.00603600181891835));
#1415=CARTESIAN_POINT('',(0.00859070519875771,0.00941566994762589,-3.60007637609547E-5));
#1416=CARTESIAN_POINT('',(0.00677358324862003,0.00758903105051999,0.00198800009713215));
#1417=CARTESIAN_POINT('',(0.00495646129848234,0.00576239215341409,0.00401200095802525));
#1418=CARTESIAN_POINT('',(0.00313933934834466,0.00393575325630819,0.00603600181891835));
#1419=CARTESIAN_POINT('',(0.0114005164934113,0.00734429831596147,0.));
#1420=CARTESIAN_POINT('',(0.0110523433833533,0.00625585371763491,6.50521303491303E-19));
#1421=CARTESIAN_POINT('',(0.0117486896034694,0.00843274291428803,0.));
#1422=CARTESIAN_POINT('',(0.0109105274875633,0.00870085533000172,0.));
#1423=CARTESIAN_POINT('',(0.0108356458267197,0.00957766359688184,0.));
#1424=CARTESIAN_POINT('',(0.00969701500131906,0.00948042162219443,0.));
#1425=CARTESIAN_POINT('',(0.00375637261100046,0.00409259675482697,0.006));
#1426=CARTESIAN_POINT('',(0.00434108390351018,0.00421694900095873,0.006));
#1427=CARTESIAN_POINT('',(0.00447837747558122,0.00357138686214639,0.006));
#1428=CARTESIAN_POINT('',(0.00507720332987373,0.00329388443651581,0.006));
#1429=CARTESIAN_POINT('',(0.0048258583512733,0.00275150405482897,0.006));
#1430=CARTESIAN_POINT('',(0.00457451337267288,0.00220912367314214,0.006));
#1431=CARTESIAN_POINT('',(0.00781342837801309,0.00423248869538852,0.003));
#1432=CARTESIAN_POINT('',(0.0117820467723233,0.00474060901728741,0.));
#1433=CARTESIAN_POINT('',(0.00457932487265588,0.00219913249047783,0.006));
#1434=CARTESIAN_POINT('',(0.0115726335985654,0.00526107290683378,0.));
#1435=CARTESIAN_POINT('',(0.00457772467500462,0.00220246463391952,0.006));
#1436=CARTESIAN_POINT('',(0.0113286914594755,0.00576762397817956,0.));
#1437=CARTESIAN_POINT('',(0.00457612084040318,0.00220579503078599,0.006));
#1438=CARTESIAN_POINT('',(0.0110523433833533,0.00625585371763491,0.));
#1439=CARTESIAN_POINT('',(0.00457451337267288,0.00220912367314214,0.006));
#1440=CARTESIAN_POINT('',(-2.77511520707652E-13,-1.33013391967474E-13,0.006));
#1441=CARTESIAN_POINT('',(0.00457932487265588,0.00219913249047783,0.006));
#1442=CARTESIAN_POINT('',(0.00818068582248958,0.00346987075388262,0.003));
#1443=CARTESIAN_POINT('',(0.0117820467723233,0.00474060901728741,4.33680868994202E-19));
#1444=CARTESIAN_POINT('',(-1.89084858881472E-16,-9.62771529167128E-17,0.));
#1445=CARTESIAN_POINT('',(0.0127176842757822,0.000845909590978022,-3.60007637609475E-5));
#1446=CARTESIAN_POINT('',(0.0101566034742797,0.000564117166900701,0.00198800009713215));
#1447=CARTESIAN_POINT('',(0.00759552267277712,0.000282324742823379,0.00401200095802525));
#1448=CARTESIAN_POINT('',(0.00503444187127455,5.3231874605736E-7,0.00603600181891835));
#1449=CARTESIAN_POINT('',(0.0131078850629104,0.00125809491789542,-3.60007637609475E-5));
#1450=CARTESIAN_POINT('',(0.0104926481023212,0.000901128700560783,0.00198800009713215));
#1451=CARTESIAN_POINT('',(0.00787741114173202,0.000544162483226142,0.00401200095802525));
#1452=CARTESIAN_POINT('',(0.00526217418114284,0.0001871962658915,0.00603600181891835));
#1453=CARTESIAN_POINT('',(0.0135323509619511,0.00170641880665245,-3.60007637609475E-5));
#1454=CARTESIAN_POINT('',(0.0108445333179274,0.00125646003597724,0.00198800009713215));
#1455=CARTESIAN_POINT('',(0.00815671567390369,0.000806501265302031,0.00401200095802525));
#1456=CARTESIAN_POINT('',(0.00546889802987998,0.000356542494626824,0.00603600181891835));
#1457=CARTESIAN_POINT('',(0.0141059028185094,0.00231230507690605,-3.60007637609475E-5));
#1458=CARTESIAN_POINT('',(0.011343168606994,0.00175569557414732,0.00198800009713215));
#1459=CARTESIAN_POINT('',(0.0085804343954785,0.00119908607138858,0.00401200095802525));
#1460=CARTESIAN_POINT('',(0.00581770018396304,0.00064247656862985,0.00603600181891835));
#1461=CARTESIAN_POINT('',(0.0143120222579807,0.00248646335049267,-3.60007637609475E-5));
#1462=CARTESIAN_POINT('',(0.011526984695679,0.00189970996882233,0.00198800009713215));
#1463=CARTESIAN_POINT('',(0.00874194713337727,0.00131295658715199,0.00401200095802525));
#1464=CARTESIAN_POINT('',(0.00595690957107558,0.000726203205481651,0.00603600181891835));
#1465=CARTESIAN_POINT('',(0.0145366565050202,0.00289209079913762,-3.60007637609475E-5));
#1466=CARTESIAN_POINT('',(0.0117479641528935,0.00226531537486675,0.00198800009713215));
#1467=CARTESIAN_POINT('',(0.00895927180076675,0.00163853995059588,0.00401200095802525));
#1468=CARTESIAN_POINT('',(0.00617057944864004,0.00101176452632501,0.00603600181891835));
#1469=CARTESIAN_POINT('',(0.0145583598829666,0.00311170852652243,-3.60007637609475E-5));
#1470=CARTESIAN_POINT('',(0.011779628665735,0.00248074352321575,0.00198800009713215));
#1471=CARTESIAN_POINT('',(0.00900089744850347,0.00184977851990906,0.00401200095802525));
#1472=CARTESIAN_POINT('',(0.00622216623127192,0.00121881351660238,0.00603600181891835));
#1473=CARTESIAN_POINT('',(0.0144667487528039,0.00351308311305732,-3.60007637609475E-5));
#1474=CARTESIAN_POINT('',(0.0116894329789227,0.00287591664723749,0.00198800009713215));
#1475=CARTESIAN_POINT('',(0.00891211720504144,0.00223875018141767,0.00401200095802525));
#1476=CARTESIAN_POINT('',(0.00613480143116022,0.00160158371559785,0.00603600181891835));
#1477=CARTESIAN_POINT('',(0.0143519061242116,0.00370153510549565,-3.60007637609475E-5));
#1478=CARTESIAN_POINT('',(0.0115674334681183,0.00305627198494078,0.00198800009713215));
#1479=CARTESIAN_POINT('',(0.00878296081202491,0.0024110088643859,0.00401200095802525));
#1480=CARTESIAN_POINT('',(0.00599848815593155,0.00176574574383102,0.00603600181891835));
#1481=CARTESIAN_POINT('',(0.0139735225068576,0.00396952766165211,-3.60007637609475E-5));
#1482=CARTESIAN_POINT('',(0.011209707616106,0.00328979168055925,0.00198800009713215));
#1483=CARTESIAN_POINT('',(0.00844589272535427,0.00261005569946639,0.00401200095802525));
#1484=CARTESIAN_POINT('',(0.00568207783460258,0.00193031971837352,0.00603600181891835));
#1485=CARTESIAN_POINT('',(0.0137122508658825,0.00403700697113867,-3.60007637609475E-5));
#1486=CARTESIAN_POINT('',(0.0109816095387328,0.00333978935482262,0.00198800009713215));
#1487=CARTESIAN_POINT('',(0.00825096821158312,0.00264257173850657,0.00401200095802525));
#1488=CARTESIAN_POINT('',(0.00552032688443343,0.00194535412219052,0.00603600181891835));
#1489=CARTESIAN_POINT('',(0.0129326142985782,0.00433403681402535,-3.60007637609475E-5));
#1490=CARTESIAN_POINT('',(0.0103157444848447,0.00357323528878821,0.00198800009713215));
#1491=CARTESIAN_POINT('',(0.00769887467111123,0.00281243376355107,0.00401200095802525));
#1492=CARTESIAN_POINT('',(0.00508200485737773,0.00205163223831393,0.00603600181891835));
#1493=CARTESIAN_POINT('',(0.0123556632928667,0.00455379382912869,-3.60007637609475E-5));
#1494=CARTESIAN_POINT('',(0.00984453437207228,0.00374070048670123,0.00198800009713215));
#1495=CARTESIAN_POINT('',(0.00733340545127787,0.00292760714427377,0.00401200095802525));
#1496=CARTESIAN_POINT('',(0.00482227653048345,0.0021145138018463,0.00603600181891835));
#1497=CARTESIAN_POINT('',(0.0118252640205809,0.00475585819996169,-3.60007637609475E-5));
#1498=CARTESIAN_POINT('',(0.00939554479963084,0.00389853308692799,0.00198800009713215));
#1499=CARTESIAN_POINT('',(0.00696582557868077,0.00304120797389429,0.00401200095802525));
#1500=CARTESIAN_POINT('',(0.00453610635773071,0.00218388286086059,0.00603600181891835));
#1501=CARTESIAN_POINT('',(0.0134580820530958,0.00167048541523672,0.));
#1502=CARTESIAN_POINT('',(0.0126721305081485,0.000840897368560116,2.16840434497101E-19));
#1503=CARTESIAN_POINT('',(0.0142440335980431,0.00250007346191334,2.16840434497101E-19));
#1504=CARTESIAN_POINT('',(0.0136052052427902,0.0031052993144055,0.));
#1505=CARTESIAN_POINT('',(0.0139181720469165,0.0039277662009821,0.));
#1506=CARTESIAN_POINT('',(0.0128501094096199,0.00433418760913475,0.));
#1507=CARTESIAN_POINT('',(0.00516008596143744,0.0020574732709979,0.006));
#1508=CARTESIAN_POINT('',(0.00574084705021901,0.00191581405151799,0.006));
#1509=CARTESIAN_POINT('',(0.00558444536979751,0.00127461321374457,0.006));
#1510=CARTESIAN_POINT('',(0.00600356503176334,0.000764771366743317,0.006));
#1511=CARTESIAN_POINT('',(0.00554178100291046,0.000385158027406021,0.006));
#1512=CARTESIAN_POINT('',(0.00507999697405759,5.54468806872392E-6,0.006));
#1513=CARTESIAN_POINT('',(0.00887606374110306,0.000423221028314421,0.003));
#1514=CARTESIAN_POINT('',(0.0126721305081485,-0.000840897368560137,0.));
#1515=CARTESIAN_POINT('',(0.00507999697405759,-5.54468806873051E-6,0.006));
#1516=CARTESIAN_POINT('',(0.0127092765765361,-0.000281114636360939,0.));
#1517=CARTESIAN_POINT('',(0.00508000100864707,-1.84823082413348E-6,0.006));
#1518=CARTESIAN_POINT('',(0.0127092765765361,0.000281114636360921,0.));
#1519=CARTESIAN_POINT('',(0.00508000100864707,1.84823082412687E-6,0.006));
#1520=CARTESIAN_POINT('',(0.0126721305081485,0.000840897368560118,0.));
#1521=CARTESIAN_POINT('',(0.00507999697405759,5.54468806872351E-6,0.006));
#1522=CARTESIAN_POINT('',(-3.36800465988718E-13,-2.87737092182286E-18,0.006));
#1523=CARTESIAN_POINT('',(0.00507999697405759,-5.54468806873041E-6,0.006));
#1524=CARTESIAN_POINT('',(0.00887606374110306,-0.000423221028314431,0.003));
#1525=CARTESIAN_POINT('',(0.0126721305081485,-0.00084089736856013,2.16840434497101E-19));
#1526=CARTESIAN_POINT('',(1.56125112837912E-16,-7.53520509877426E-18,0.));
#1527=CARTESIAN_POINT('',(0.0118252640205809,-0.00475585819996171,-3.60007637609478E-5));
#1528=CARTESIAN_POINT('',(0.00939554479963082,-0.003898533086928,0.00198800009713215));
#1529=CARTESIAN_POINT('',(0.00696582557868076,-0.0030412079738943,0.00401200095802525));
#1530=CARTESIAN_POINT('',(0.0045361063577307,-0.0021838828608606,0.00603600181891835));
#1531=CARTESIAN_POINT('',(0.0123556632928667,-0.00455379382912871,-3.60007637609478E-5));
#1532=CARTESIAN_POINT('',(0.00984453437207226,-0.00374070048670124,0.00198800009713215));
#1533=CARTESIAN_POINT('',(0.00733340545127786,-0.00292760714427377,0.00401200095802525));
#1534=CARTESIAN_POINT('',(0.00482227653048345,-0.0021145138018463,0.00603600181891835));
#1535=CARTESIAN_POINT('',(0.0129326142985782,-0.00433403681402537,-3.60007637609478E-5));
#1536=CARTESIAN_POINT('',(0.0103157444848447,-0.00357323528878823,0.00198800009713215));
#1537=CARTESIAN_POINT('',(0.00769887467111122,-0.00281243376355108,0.00401200095802525));
#1538=CARTESIAN_POINT('',(0.00508200485737772,-0.00205163223831394,0.00603600181891835));
#1539=CARTESIAN_POINT('',(0.0137122508658825,-0.00403700697113869,-3.60007637609478E-5));
#1540=CARTESIAN_POINT('',(0.0109816095387328,-0.00333978935482263,0.00198800009713215));
#1541=CARTESIAN_POINT('',(0.00825096821158312,-0.00264257173850658,0.00401200095802525));
#1542=CARTESIAN_POINT('',(0.00552032688443342,-0.00194535412219052,0.00603600181891835));
#1543=CARTESIAN_POINT('',(0.0139735225068577,-0.00396952766165213,-3.60007637609478E-5));
#1544=CARTESIAN_POINT('',(0.011209707616106,-0.00328979168055926,0.00198800009713215));
#1545=CARTESIAN_POINT('',(0.00844589272535428,-0.00261005569946639,0.00401200095802525));
#1546=CARTESIAN_POINT('',(0.0056820778346026,-0.00193031971837352,0.00603600181891835));
#1547=CARTESIAN_POINT('',(0.0143519061242117,-0.00370153510549567,-3.60007637609478E-5));
#1548=CARTESIAN_POINT('',(0.0115674334681183,-0.00305627198494078,0.00198800009713215));
#1549=CARTESIAN_POINT('',(0.00878296081202492,-0.0024110088643859,0.00401200095802525));
#1550=CARTESIAN_POINT('',(0.00599848815593155,-0.00176574574383102,0.00603600181891835));
#1551=CARTESIAN_POINT('',(0.0144667487528039,-0.00351308311305735,-3.60007637609478E-5));
#1552=CARTESIAN_POINT('',(0.0116894329789227,-0.00287591664723751,0.00198800009713215));
#1553=CARTESIAN_POINT('',(0.00891211720504146,-0.00223875018141768,0.00401200095802525));
#1554=CARTESIAN_POINT('',(0.00613480143116021,-0.00160158371559785,0.00603600181891835));
#1555=CARTESIAN_POINT('',(0.0145583598829665,-0.00311170852652245,-3.60007637609478E-5));
#1556=CARTESIAN_POINT('',(0.011779628665735,-0.00248074352321576,0.00198800009713215));
#1557=CARTESIAN_POINT('',(0.00900089744850345,-0.00184977851990907,0.00401200095802525));
#1558=CARTESIAN_POINT('',(0.00622216623127192,-0.00121881351660238,0.00603600181891835));
#1559=CARTESIAN_POINT('',(0.0145366565050201,-0.00289209079913763,-3.60007637609478E-5));
#1560=CARTESIAN_POINT('',(0.0117479641528934,-0.00226531537486676,0.00198800009713215));
#1561=CARTESIAN_POINT('',(0.00895927180076673,-0.00163853995059588,0.00401200095802525));
#1562=CARTESIAN_POINT('',(0.00617057944864003,-0.00101176452632501,0.00603600181891835));
#1563=CARTESIAN_POINT('',(0.0143120222579807,-0.00248646335049269,-3.60007637609478E-5));
#1564=CARTESIAN_POINT('',(0.011526984695679,-0.00189970996882235,0.00198800009713215));
#1565=CARTESIAN_POINT('',(0.00874194713337727,-0.001312956587152,0.00401200095802525));
#1566=CARTESIAN_POINT('',(0.00595690957107556,-0.000726203205481652,0.00603600181891835));
#1567=CARTESIAN_POINT('',(0.0141059028185094,-0.00231230507690607,-3.60007637609478E-5));
#1568=CARTESIAN_POINT('',(0.011343168606994,-0.00175569557414733,0.00198800009713215));
#1569=CARTESIAN_POINT('',(0.00858043439547849,-0.00119908607138859,0.00401200095802525));
#1570=CARTESIAN_POINT('',(0.00581770018396303,-0.000642476568629853,0.00603600181891835));
#1571=CARTESIAN_POINT('',(0.0135323509619511,-0.00170641880665246,-3.60007637609478E-5));
#1572=CARTESIAN_POINT('',(0.0108445333179274,-0.00125646003597725,0.00198800009713215));
#1573=CARTESIAN_POINT('',(0.00815671567390369,-0.00080650126530204,0.00401200095802525));
#1574=CARTESIAN_POINT('',(0.00546889802987997,-0.000356542494626828,0.00603600181891835));
#1575=CARTESIAN_POINT('',(0.0131078850629104,-0.00125809491789544,-3.60007637609478E-5));
#1576=CARTESIAN_POINT('',(0.0104926481023212,-0.000901128700560796,0.00198800009713215));
#1577=CARTESIAN_POINT('',(0.00787741114173202,-0.00054416248322615,0.00401200095802525));
#1578=CARTESIAN_POINT('',(0.00526217418114283,-0.000187196265891504,0.00603600181891835));
#1579=CARTESIAN_POINT('',(0.0127176842757822,-0.00084590959097804,-3.60007637609478E-5));
#1580=CARTESIAN_POINT('',(0.0101566034742797,-0.000564117166900714,0.00198800009713215));
#1581=CARTESIAN_POINT('',(0.00759552267277711,-0.000282324742823388,0.00401200095802525));
#1582=CARTESIAN_POINT('',(0.00503444187127455,-5.32318746062561E-7,0.00603600181891835));
#1583=CARTESIAN_POINT('',(0.0128501094096199,-0.00433418760913478,0.));
#1584=CARTESIAN_POINT('',(0.0117820467723233,-0.00474060901728743,4.33680868994202E-19));
#1585=CARTESIAN_POINT('',(0.0139181720469165,-0.00392776620098212,0.));
#1586=CARTESIAN_POINT('',(0.0136052052427902,-0.00310529931440553,0.));
#1587=CARTESIAN_POINT('',(0.0142440335980431,-0.00250007346191336,0.));
#1588=CARTESIAN_POINT('',(0.0134580820530958,-0.00167048541523675,0.));
#1589=CARTESIAN_POINT('',(0.00554178100291046,-0.000385158027406025,0.006));
#1590=CARTESIAN_POINT('',(0.00600356503176334,-0.000764771366743322,0.006));
#1591=CARTESIAN_POINT('',(0.00558444536979751,-0.00127461321374457,0.006));
#1592=CARTESIAN_POINT('',(0.005740847050219,-0.00191581405151799,0.006));
#1593=CARTESIAN_POINT('',(0.00516008596143744,-0.00205747327099791,0.006));
#1594=CARTESIAN_POINT('',(0.00457932487265588,-0.00219913249047783,0.006));
#1595=CARTESIAN_POINT('',(0.00818068582248957,-0.00346987075388264,0.003));
#1596=CARTESIAN_POINT('',(0.0110523433833533,-0.00625585371763491,0.));
#1597=CARTESIAN_POINT('',(0.00457451337267288,-0.00220912367314214,0.006));
#1598=CARTESIAN_POINT('',(0.0113286914594755,-0.00576762397817955,0.));
#1599=CARTESIAN_POINT('',(0.00457612084040317,-0.00220579503078601,0.006));
#1600=CARTESIAN_POINT('',(0.0115726335985654,-0.00526107290683382,0.));
#1601=CARTESIAN_POINT('',(0.00457772467500463,-0.00220246463391951,0.006));
#1602=CARTESIAN_POINT('',(0.0117820467723233,-0.00474060901728743,0.));
#1603=CARTESIAN_POINT('',(0.00457932487265588,-0.00219913249047783,0.006));
#1604=CARTESIAN_POINT('',(-3.83555600474983E-13,1.8422199529744E-13,0.006));
#1605=CARTESIAN_POINT('',(0.00457451337267288,-0.00220912367314214,0.006));
#1606=CARTESIAN_POINT('',(0.00781342837801309,-0.00423248869538852,0.003));
#1607=CARTESIAN_POINT('',(0.0110523433833533,-0.00625585371763491,2.16840434497101E-19));
#1608=CARTESIAN_POINT('',(-1.30971622436249E-16,7.19910242530375E-17,0.));
#1609=CARTESIAN_POINT('',(0.00859070519875769,-0.00941566994762589,-3.60007637609415E-5));
#1610=CARTESIAN_POINT('',(0.00677358324862001,-0.00758903105051999,0.00198800009713216));
#1611=CARTESIAN_POINT('',(0.00495646129848233,-0.00576239215341409,0.00401200095802526));
#1612=CARTESIAN_POINT('',(0.00313933934834464,-0.00393575325630818,0.00603600181891836));
#1613=CARTESIAN_POINT('',(0.00915625087540473,-0.00946374785967767,-3.60007637609415E-5));
#1614=CARTESIAN_POINT('',(0.00724658987414359,-0.00764163806589128,0.00198800009713216));
#1615=CARTESIAN_POINT('',(0.00533692887288245,-0.00581952827210489,0.00401200095802526));
#1616=CARTESIAN_POINT('',(0.00342726787162131,-0.0039974184783185,0.00603600181891836));
#1617=CARTESIAN_POINT('',(0.00977141476526616,-0.00951608329021216,-3.60007637609415E-5));
#1618=CARTESIAN_POINT('',(0.00774379594223491,-0.00769520754175425,0.00198800009713216));
#1619=CARTESIAN_POINT('',(0.00571617711920366,-0.00587433179329635,0.00401200095802526));
#1620=CARTESIAN_POINT('',(0.00368855829617242,-0.00405345604483844,0.00603600181891836));
#1621=CARTESIAN_POINT('',(0.0106027194595468,-0.00958674027790807,-3.60007637609415E-5));
#1622=CARTESIAN_POINT('',(0.00844500802072303,-0.00777378804224153,0.00198800009713216));
#1623=CARTESIAN_POINT('',(0.00628729658189925,-0.00596083580657499,0.00401200095802526));
#1624=CARTESIAN_POINT('',(0.00412958514307548,-0.00414788357090844,0.00603600181891836));
#1625=CARTESIAN_POINT('',(0.0108673952492443,-0.0096393050373448,-3.60007637609415E-5));
#1626=CARTESIAN_POINT('',(0.00867221046512123,-0.0078277097409589,0.00198800009713216));
#1627=CARTESIAN_POINT('',(0.00647702568099814,-0.00601611444457299,0.00401200095802526));
#1628=CARTESIAN_POINT('',(0.00428184089687505,-0.00420451914818708,0.00603600181891836));
#1629=CARTESIAN_POINT('',(0.0113245847209254,-0.00956202658613662,-3.60007637609415E-5));
#1630=CARTESIAN_POINT('',(0.00909583071972071,-0.00777252719541471,0.00198800009713216));
#1631=CARTESIAN_POINT('',(0.00686707671851605,-0.00598302780469281,0.00401200095802526));
#1632=CARTESIAN_POINT('',(0.0046383227173114,-0.0041935284139709,0.00603600181891836));
#1633=CARTESIAN_POINT('',(0.0115098206091184,-0.0094420655569592,-3.60007637609415E-5));
#1634=CARTESIAN_POINT('',(0.00928400172914731,-0.00766296625490236,0.00198800009713216));
#1635=CARTESIAN_POINT('',(0.00705818284917624,-0.00588386695284552,0.00401200095802526));
#1636=CARTESIAN_POINT('',(0.00483236396920517,-0.00410476765078868,0.00603600181891836));
#1637=CARTESIAN_POINT('',(0.0117665092917408,-0.00912018812982382,-3.60007637609415E-5));
#1638=CARTESIAN_POINT('',(0.00953672442763361,-0.00734606201457344,0.00198800009713216));
#1639=CARTESIAN_POINT('',(0.00730693956352643,-0.00557193589932306,0.00401200095802526));
#1640=CARTESIAN_POINT('',(0.00507715469941924,-0.00379780978407268,0.00603600181891836));
#1641=CARTESIAN_POINT('',(0.011842243784617,-0.00891290265183575,-3.60007637609415E-5));
#1642=CARTESIAN_POINT('',(0.00960166645786288,-0.00713822924241208,0.00198800009713216));
#1643=CARTESIAN_POINT('',(0.0073610891311088,-0.00536355583298842,0.00401200095802526));
#1644=CARTESIAN_POINT('',(0.00512051180435471,-0.00358888242356476,0.00603600181891836));
#1645=CARTESIAN_POINT('',(0.0118158504754766,-0.00844997980160063,-3.60007637609415E-5));
#1646=CARTESIAN_POINT('',(0.00956120108708289,-0.00671295076046487,0.00198800009713216));
#1647=CARTESIAN_POINT('',(0.0073065516986892,-0.00497592171932911,0.00401200095802526));
#1648=CARTESIAN_POINT('',(0.00505190231029551,-0.00323889267819335,0.00603600181891836));
#1649=CARTESIAN_POINT('',(0.0117057077203855,-0.00820363674590885,-3.60007637609415E-5));
#1650=CARTESIAN_POINT('',(0.00945807401780641,-0.00650344346246425,0.00198800009713216));
#1651=CARTESIAN_POINT('',(0.00721044031522737,-0.00480325017901965,0.00401200095802526));
#1652=CARTESIAN_POINT('',(0.00496280661264833,-0.00310305689557505,0.00603600181891836));
#1653=CARTESIAN_POINT('',(0.0114518395539164,-0.0074088972548195,-3.60007637609415E-5));
#1654=CARTESIAN_POINT('',(0.00922542932792152,-0.00583729804114633,0.00198800009713216));
#1655=CARTESIAN_POINT('',(0.00699901910192662,-0.00426569882747317,0.00401200095802526));
#1656=CARTESIAN_POINT('',(0.00477260887593173,-0.0026940996138,0.00603600181891836));
#1657=CARTESIAN_POINT('',(0.0112639294385841,-0.00682080253690879,-3.60007637609415E-5));
#1658=CARTESIAN_POINT('',(0.00906256419202133,-0.00536447829705851,0.00198800009713216));
#1659=CARTESIAN_POINT('',(0.00686119894545854,-0.00390815405720823,0.00401200095802526));
#1660=CARTESIAN_POINT('',(0.00465983369889574,-0.00245182981735795,0.00603600181891836));
#1661=CARTESIAN_POINT('',(0.011091211188003,-0.00628013461302426,-3.60007637609415E-5));
#1662=CARTESIAN_POINT('',(0.00890602226828025,-0.0049150370973817,0.00198800009713216));
#1663=CARTESIAN_POINT('',(0.00672083334855753,-0.00354993958173915,0.00401200095802526));
#1664=CARTESIAN_POINT('',(0.00453564442883481,-0.00218484206609659,0.00603600181891836));
#1665=CARTESIAN_POINT('',(0.00969701500131906,-0.00948042162219444,0.));
#1666=CARTESIAN_POINT('',(0.00855838417591837,-0.00938317964750703,6.50521303491303E-19));
#1667=CARTESIAN_POINT('',(0.0108356458267197,-0.00957766359688185,0.));
#1668=CARTESIAN_POINT('',(0.0109105274875633,-0.00870085533000173,0.));
#1669=CARTESIAN_POINT('',(0.0117486896034694,-0.00843274291428804,6.50521303491303E-19));
#1670=CARTESIAN_POINT('',(0.0114005164934113,-0.00734429831596147,0.));
#1671=CARTESIAN_POINT('',(0.0048258583512733,-0.00275150405482898,0.006));
#1672=CARTESIAN_POINT('',(0.00507720332987373,-0.00329388443651581,0.006));
#1673=CARTESIAN_POINT('',(0.00447837747558122,-0.00357138686214639,0.006));
#1674=CARTESIAN_POINT('',(0.00434108390351017,-0.00421694900095873,0.006));
#1675=CARTESIAN_POINT('',(0.00375637261100045,-0.00409259675482697,0.006));
#1676=CARTESIAN_POINT('',(0.00317166131849073,-0.00396824450869521,0.006));
#1677=CARTESIAN_POINT('',(0.00586502274720455,-0.00667571207810112,0.003));
#1678=CARTESIAN_POINT('',(0.00724350410338871,-0.0104317615149212,0.));
#1679=CARTESIAN_POINT('',(0.00316299129510553,-0.00397515862162589,0.006));
#1680=CARTESIAN_POINT('',(0.00770432006158281,-0.0101117846558537,0.));
#1681=CARTESIAN_POINT('',(0.00316588381727835,-0.00397285707259996,0.006));
#1682=CARTESIAN_POINT('',(0.00814388860736184,-0.00976124043800516,0.));
#1683=CARTESIAN_POINT('',(0.0031687738273687,-0.0039705523664593,0.006));
#1684=CARTESIAN_POINT('',(0.00855838417591837,-0.00938317964750703,0.));
#1685=CARTESIAN_POINT('',(0.00317166131849073,-0.00396824450869521,0.006));
#1686=CARTESIAN_POINT('',(-5.18438590668691E-13,6.51437237486618E-13,0.006));
#1687=CARTESIAN_POINT('',(0.00316299129510553,-0.00397515862162589,0.006));
#1688=CARTESIAN_POINT('',(0.00520324769924712,-0.00720346006827354,0.003));
#1689=CARTESIAN_POINT('',(0.00724350410338871,-0.0104317615149212,-2.16840434497101E-19));
#1690=CARTESIAN_POINT('',(-1.06685493772574E-16,1.36175792864179E-16,0.));
#1691=CARTESIAN_POINT('',(0.00365465185423539,-0.012210592786549,-3.60007637609488E-5));
#1692=CARTESIAN_POINT('',(0.00281003046267309,-0.0097764283411986,0.00198800009713215));
#1693=CARTESIAN_POINT('',(0.00196540907111079,-0.00734226389584825,0.00401200095802526));
#1694=CARTESIAN_POINT('',(0.00112078767954849,-0.00490809945049789,0.00603600181891836));
#1695=CARTESIAN_POINT('',(0.0041433306780212,-0.0124992905613668,-3.60007637609488E-5));
#1696=CARTESIAN_POINT('',(0.00321336937804831,-0.010029055507591,0.00198800009713215));
#1697=CARTESIAN_POINT('',(0.00228340807807542,-0.00755882045381516,0.00401200095802526));
#1698=CARTESIAN_POINT('',(0.00135344677810253,-0.00508858540003936,0.00603600181891836));
#1699=CARTESIAN_POINT('',(0.00467486669915546,-0.0128133527636698,-3.60007637609488E-5));
#1700=CARTESIAN_POINT('',(0.00363809364184076,-0.0102930495655487,0.00198800009713215));
#1701=CARTESIAN_POINT('',(0.00260132058452606,-0.00777274636742771,0.00401200095802526));
#1702=CARTESIAN_POINT('',(0.00156454752721136,-0.00525244316930668,0.00603600181891836));
#1703=CARTESIAN_POINT('',(0.00539318943042718,-0.013237702098984,-3.60007637609488E-5));
#1704=CARTESIAN_POINT('',(0.00423576909298256,-0.0106680926686408,0.00198800009713215));
#1705=CARTESIAN_POINT('',(0.00307834875553793,-0.00809848323829756,0.00401200095802526));
#1706=CARTESIAN_POINT('',(0.00192092841809331,-0.00552887380795432,0.00603600181891836));
#1707=CARTESIAN_POINT('',(0.00560884708266188,-0.0133998998320731,-3.60007637609488E-5));
#1708=CARTESIAN_POINT('',(0.00441707567383759,-0.0108152538866017,0.00198800009713215));
#1709=CARTESIAN_POINT('',(0.0032253042650133,-0.00823060794113023,0.00401200095802526));
#1710=CARTESIAN_POINT('',(0.00203353285618901,-0.00564596199565878,0.00603600181891836));
#1711=CARTESIAN_POINT('',(0.00605429042674272,-0.013528641430833,-3.60007637609488E-5));
#1712=CARTESIAN_POINT('',(0.00482268714423937,-0.0109493380710464,0.00198800009713215));
#1713=CARTESIAN_POINT('',(0.00359108386173603,-0.00837003471125966,0.00401200095802526));
#1714=CARTESIAN_POINT('',(0.00235948057923268,-0.00579073135147296,0.00603600181891836));
#1715=CARTESIAN_POINT('',(0.00627323133511073,-0.0135009311179707,-3.60007637609488E-5));
#1716=CARTESIAN_POINT('',(0.00503976007610523,-0.0109322714156702,0.00198800009713215));
#1717=CARTESIAN_POINT('',(0.00380628881709972,-0.00836361171336971,0.00401200095802526));
#1718=CARTESIAN_POINT('',(0.00257281755809422,-0.00579495201106923,0.00603600181891836));
#1719=CARTESIAN_POINT('',(0.00664415722851952,-0.0133223026222464,-3.60007637609488E-5));
#1720=CARTESIAN_POINT('',(0.00540495495638985,-0.0107564028304066,0.00198800009713215));
#1721=CARTESIAN_POINT('',(0.00416575268426018,-0.00819050303856679,0.00401200095802526));
#1722=CARTESIAN_POINT('',(0.00292655041213051,-0.00562460324672701,0.00603600181891836));
#1723=CARTESIAN_POINT('',(0.00680232944708157,-0.0131684048247602,-3.60007637609488E-5));
#1724=CARTESIAN_POINT('',(0.00555364096414134,-0.0105973292638612,0.00198800009713215));
#1725=CARTESIAN_POINT('',(0.00430495248120112,-0.0080262537029621,0.00401200095802526));
#1726=CARTESIAN_POINT('',(0.00305626399826089,-0.00545517814206304,0.00603600181891836));
#1727=CARTESIAN_POINT('',(0.00697940459440804,-0.0127398741208002,-3.60007637609488E-5));
#1728=CARTESIAN_POINT('',(0.00570170434275387,-0.0101966093250591,0.00198800009713215));
#1729=CARTESIAN_POINT('',(0.0044240040910997,-0.00765334452931804,0.00401200095802526));
#1730=CARTESIAN_POINT('',(0.00314630383944553,-0.00511007973357696,0.00603600181891836));
#1731=CARTESIAN_POINT('',(0.00698705364715516,-0.0124701375463823,-3.60007637609487E-5));
#1732=CARTESIAN_POINT('',(0.0056996918737267,-0.00996310461354029,0.00198800009713215));
#1733=CARTESIAN_POINT('',(0.00441233010029824,-0.00745607168069827,0.00401200095802525));
#1734=CARTESIAN_POINT('',(0.00312496832686977,-0.00494903874785625,0.00603600181891836));
#1735=CARTESIAN_POINT('',(0.00710315087463332,-0.0116439527375077,-3.60007637609488E-5));
#1736=CARTESIAN_POINT('',(0.00577911591705506,-0.009261987579504,0.00198800009713215));
#1737=CARTESIAN_POINT('',(0.0044550809594768,-0.00688002242150032,0.00401200095802526));
#1738=CARTESIAN_POINT('',(0.00313104600189853,-0.00449805726349663,0.00603600181891836));
#1739=CARTESIAN_POINT('',(0.00718901444591736,-0.0110325665618339,-3.60007637609488E-5));
#1740=CARTESIAN_POINT('',(0.00583752829843573,-0.00876532717581501,0.00198800009713215));
#1741=CARTESIAN_POINT('',(0.00448604215095409,-0.00649808778979614,0.00401200095802526));
#1742=CARTESIAN_POINT('',(0.00313455600347245,-0.00423084840377727,0.00603600181891836));
#1743=CARTESIAN_POINT('',(0.00726798769966112,-0.0104705019541645,-3.60007637609488E-5));
#1744=CARTESIAN_POINT('',(0.00589149412685271,-0.00829247365175206,0.00198800009713215));
#1745=CARTESIAN_POINT('',(0.0045150005540443,-0.00611444534933963,0.00401200095802526));
#1746=CARTESIAN_POINT('',(0.00313850698123589,-0.0039364170469272,0.00603600181891836));
#1747=CARTESIAN_POINT('',(0.00462330784592254,-0.0127489418632375,0.));
#1748=CARTESIAN_POINT('',(0.00363962863177902,-0.0121672964713914,4.33680868994202E-19));
#1749=CARTESIAN_POINT('',(0.00560698706006605,-0.0133305872550836,-2.16840434497101E-19));
#1750=CARTESIAN_POINT('',(0.00605488595458605,-0.0125731002385032,0.));
#1751=CARTESIAN_POINT('',(0.00692637354470635,-0.0126952042116831,6.50521303491303E-19));
#1752=CARTESIAN_POINT('',(0.00708493882404753,-0.0115634828633022,0.));
#1753=CARTESIAN_POINT('',(0.00315411526789782,-0.00457288095921034,0.006));
#1754=CARTESIAN_POINT('',(0.00314523924069012,-0.00517060329679478,0.006));
#1755=CARTESIAN_POINT('',(0.00248531199863071,-0.00516080354231463,0.006));
#1756=CARTESIAN_POINT('',(0.00208151584981095,-0.00568286548327407,0.006));
#1757=CARTESIAN_POINT('',(0.00160866359606802,-0.00531713125895723,0.006));
#1758=CARTESIAN_POINT('',(0.00113581134232508,-0.0049513970346404,0.006));
#1759=CARTESIAN_POINT('',(0.00238771998705206,-0.00855934675301592,0.003));
#1760=CARTESIAN_POINT('',(0.002,-0.0125415310070182,0.));
#1761=CARTESIAN_POINT('',(0.001125,-0.0049538646529755,0.006));
#1762=CARTESIAN_POINT('',(0.00255401358820881,-0.0124531823695355,0.));
#1763=CARTESIAN_POINT('',(0.00112860467712457,-0.004953046047291,0.006));
#1764=CARTESIAN_POINT('',(0.003102146599231,-0.0123280745866719,0.));
#1765=CARTESIAN_POINT('',(0.00113220846076175,-0.0049522235071927,0.006));
#1766=CARTESIAN_POINT('',(0.00363962863177902,-0.0121672964713914,0.));
#1767=CARTESIAN_POINT('',(0.00113581134232508,-0.0049513970346404,0.006));
#1768=CARTESIAN_POINT('',(-1.09475145962379E-13,4.83096635611746E-13,0.006));
#1769=CARTESIAN_POINT('',(0.001125,-0.00495386465297549,0.006));
#1770=CARTESIAN_POINT('',(0.0015625,-0.00874769782999687,0.003));
#1771=CARTESIAN_POINT('',(0.002,-0.0125415310070182,-2.16840434497101E-19));
#1772=CARTESIAN_POINT('',(7.15573433840433E-18,-7.19910242530375E-17,0.));
#1773=CARTESIAN_POINT('',(-0.00200525011138181,-0.012587057971003,-3.60007637609513E-5));
#1774=CARTESIAN_POINT('',(-0.00171008331916823,-0.0100274840988777,0.00198800009713215));
#1775=CARTESIAN_POINT('',(-0.00141491652695465,-0.00746791022675233,0.00401200095802525));
#1776=CARTESIAN_POINT('',(-0.00111974973474107,-0.00490833635462697,0.00603600181891835));
#1777=CARTESIAN_POINT('',(-0.00169022697476049,-0.0130591954736383,-3.60007637609513E-5));
#1778=CARTESIAN_POINT('',(-0.00145629833275862,-0.0104300955077182,0.00198800009713215));
#1779=CARTESIAN_POINT('',(-0.00122236969075674,-0.0078009955417981,0.00401200095802525));
#1780=CARTESIAN_POINT('',(-0.000988441048754873,-0.00517189557587799,0.00603600181891835));
#1781=CARTESIAN_POINT('',(-0.00134759605020052,-0.0135727805768236,-3.60007637609513E-5));
#1782=CARTESIAN_POINT('',(-0.00118817772261038,-0.0108522268869176,0.00198800009713215));
#1783=CARTESIAN_POINT('',(-0.00102875939502025,-0.00813167319701163,0.00401200095802525));
#1784=CARTESIAN_POINT('',(-0.000869341067430111,-0.00541111950710564,0.00603600181891835));
#1785=CARTESIAN_POINT('',(-0.000884527908516264,-0.0142667746695942,-3.60007637609513E-5));
#1786=CARTESIAN_POINT('',(-0.000812415851921922,-0.0114494507064453,0.00198800009713215));
#1787=CARTESIAN_POINT('',(-0.000740303795327579,-0.00863212674329635,0.00401200095802525));
#1788=CARTESIAN_POINT('',(-0.000668191738733236,-0.00581480278014745,0.00603600181891835));
#1789=CARTESIAN_POINT('',(-0.000760602036636969,-0.0145064801260727,-3.60007637609513E-5));
#1790=CARTESIAN_POINT('',(-0.00071291512652767,-0.0116607043596186,0.00198800009713215));
#1791=CARTESIAN_POINT('',(-0.000665228216418371,-0.00881492859316456,0.00401200095802525));
#1792=CARTESIAN_POINT('',(-0.000617541306309072,-0.00596915282671049,0.00603600181891835));
#1793=CARTESIAN_POINT('',(-0.00041513033745571,-0.0148157429222542,-3.60007637609513E-5));
#1794=CARTESIAN_POINT('',(-0.000405648766534923,-0.0119574982568883,0.00198800009713215));
#1795=CARTESIAN_POINT('',(-0.000396167195614137,-0.00909925359152232,0.00401200095802525));
#1796=CARTESIAN_POINT('',(-0.00038668562469335,-0.00624100892615638,0.00603600181891835));
#1797=CARTESIAN_POINT('',(-0.000205848340948958,-0.0148857716930138,-3.60007637609513E-5));
#1798=CARTESIAN_POINT('',(-0.000202667868610615,-0.0120363061470542,0.00198800009713215));
#1799=CARTESIAN_POINT('',(-0.000199487396272271,-0.00918684060109469,0.00401200095802525));
#1800=CARTESIAN_POINT('',(-0.000196306923933928,-0.00633737505513514,0.00603600181891835));
#1801=CARTESIAN_POINT('',(0.000205848340948946,-0.0148857716930138,-3.60007637609513E-5));
#1802=CARTESIAN_POINT('',(0.000202667868610603,-0.0120363061470542,0.00198800009713215));
#1803=CARTESIAN_POINT('',(0.000199487396272261,-0.00918684060109469,0.00401200095802525));
#1804=CARTESIAN_POINT('',(0.000196306923933919,-0.00633737505513514,0.00603600181891835));
#1805=CARTESIAN_POINT('',(0.000415130337455698,-0.0148157429222542,-3.60007637609513E-5));
#1806=CARTESIAN_POINT('',(0.000405648766534912,-0.0119574982568883,0.00198800009713215));
#1807=CARTESIAN_POINT('',(0.000396167195614126,-0.00909925359152233,0.00401200095802525));
#1808=CARTESIAN_POINT('',(0.00038668562469334,-0.0062410089261564,0.00603600181891835));
#1809=CARTESIAN_POINT('',(0.000760602036636961,-0.0145064801260727,-3.60007637609513E-5));
#1810=CARTESIAN_POINT('',(0.000712915126527663,-0.0116607043596186,0.00198800009713215));
#1811=CARTESIAN_POINT('',(0.000665228216418366,-0.00881492859316456,0.00401200095802525));
#1812=CARTESIAN_POINT('',(0.000617541306309069,-0.00596915282671049,0.00603600181891835));
#1813=CARTESIAN_POINT('',(0.000884527908516252,-0.0142667746695942,-3.60007637609513E-5));
#1814=CARTESIAN_POINT('',(0.000812415851921911,-0.0114494507064453,0.00198800009713215));
#1815=CARTESIAN_POINT('',(0.000740303795327571,-0.00863212674329636,0.00401200095802525));
#1816=CARTESIAN_POINT('',(0.000668191738733231,-0.00581480278014746,0.00603600181891835));
#1817=CARTESIAN_POINT('',(0.0013475960502005,-0.0135727805768236,-3.60007637609513E-5));
#1818=CARTESIAN_POINT('',(0.00118817772261037,-0.0108522268869176,0.00198800009713215));
#1819=CARTESIAN_POINT('',(0.00102875939502024,-0.00813167319701164,0.00401200095802525));
#1820=CARTESIAN_POINT('',(0.000869341067430106,-0.00541111950710564,0.00603600181891835));
#1821=CARTESIAN_POINT('',(0.00169022697476048,-0.0130591954736383,-3.60007637609513E-5));
#1822=CARTESIAN_POINT('',(0.00145629833275861,-0.0104300955077182,0.00198800009713215));
#1823=CARTESIAN_POINT('',(0.00122236969075674,-0.0078009955417981,0.00401200095802525));
#1824=CARTESIAN_POINT('',(0.000988441048754869,-0.00517189557587799,0.00603600181891835));
#1825=CARTESIAN_POINT('',(0.00200525011138181,-0.012587057971003,-3.60007637609513E-5));
#1826=CARTESIAN_POINT('',(0.00171008331916823,-0.0100274840988777,0.00198800009713215));
#1827=CARTESIAN_POINT('',(0.00141491652695465,-0.00746791022675233,0.00401200095802525));
#1828=CARTESIAN_POINT('',(0.00111974973474107,-0.00490833635462697,0.00603600181891835));
#1829=CARTESIAN_POINT('',(-0.00136610212950865,-0.0134923778127553,0.));
#1830=CARTESIAN_POINT('',(-0.002,-0.0125415310070182,4.33680868994202E-19));
#1831=CARTESIAN_POINT('',(-0.000732204259017309,-0.0144432246184923,0.));
#1832=CARTESIAN_POINT('',(-3.63207727782644E-18,-0.0139550884458141,0.));
#1833=CARTESIAN_POINT('',(0.0007322042590173,-0.0144432246184923,-2.16840434497101E-19));
#1834=CARTESIAN_POINT('',(0.00136610212950865,-0.0134923778127553,0.));
#1835=CARTESIAN_POINT('',(0.000857660973029972,-0.00548854270691555,0.006));
#1836=CARTESIAN_POINT('',(0.000590321946059942,-0.00602322076085561,0.006));
#1837=CARTESIAN_POINT('',(-1.68051336735253E-18,-0.00572805978782564,0.006));
#1838=CARTESIAN_POINT('',(-0.000590321946059947,-0.00602322076085561,0.006));
#1839=CARTESIAN_POINT('',(-0.000857660973029976,-0.00548854270691555,0.006));
#1840=CARTESIAN_POINT('',(-0.001125,-0.00495386465297549,0.006));
#1841=CARTESIAN_POINT('',(-0.0015625,-0.00874769782999687,0.003));
#1842=CARTESIAN_POINT('',(-0.00363962863177904,-0.0121672964713914,0.));
#1843=CARTESIAN_POINT('',(-0.00113581134232509,-0.00495139703464039,0.006));
#1844=CARTESIAN_POINT('',(-0.00310214659923102,-0.0123280745866719,0.));
#1845=CARTESIAN_POINT('',(-0.00113220846076176,-0.0049522235071927,0.006));
#1846=CARTESIAN_POINT('',(-0.00255401358820884,-0.0124531823695355,0.));
#1847=CARTESIAN_POINT('',(-0.00112860467712457,-0.004953046047291,0.006));
#1848=CARTESIAN_POINT('',(-0.002,-0.0125415310070182,0.));
#1849=CARTESIAN_POINT('',(-0.001125,-0.00495386465297549,0.006));
#1850=CARTESIAN_POINT('',(1.09449233530456E-13,4.83011634161423E-13,0.006));
#1851=CARTESIAN_POINT('',(-0.00113581134232509,-0.00495139703464039,0.006));
#1852=CARTESIAN_POINT('',(-0.00238771998705207,-0.00855934675301591,0.003));
#1853=CARTESIAN_POINT('',(-0.00363962863177904,-0.0121672964713914,-2.16840434497101E-19));
#1854=CARTESIAN_POINT('',(-2.47198095326695E-17,-7.63278329429795E-17,0.));
#1855=CARTESIAN_POINT('',(-0.00726798769966113,-0.0104705019541645,-3.60007637609475E-5));
#1856=CARTESIAN_POINT('',(-0.00589149412685272,-0.00829247365175206,0.00198800009713215));
#1857=CARTESIAN_POINT('',(-0.00451500055404431,-0.00611444534933963,0.00401200095802525));
#1858=CARTESIAN_POINT('',(-0.0031385069812359,-0.0039364170469272,0.00603600181891835));
#1859=CARTESIAN_POINT('',(-0.00718901444591737,-0.0110325665618339,-3.60007637609475E-5));
#1860=CARTESIAN_POINT('',(-0.00583752829843573,-0.00876532717581502,0.00198800009713215));
#1861=CARTESIAN_POINT('',(-0.0044860421509541,-0.00649808778979615,0.00401200095802525));
#1862=CARTESIAN_POINT('',(-0.00313455600347246,-0.00423084840377728,0.00603600181891835));
#1863=CARTESIAN_POINT('',(-0.00710315087463333,-0.0116439527375077,-3.60007637609475E-5));
#1864=CARTESIAN_POINT('',(-0.00577911591705507,-0.009261987579504,0.00198800009713215));
#1865=CARTESIAN_POINT('',(-0.0044550809594768,-0.00688002242150032,0.00401200095802525));
#1866=CARTESIAN_POINT('',(-0.00313104600189854,-0.00449805726349664,0.00603600181891835));
#1867=CARTESIAN_POINT('',(-0.00698705364715517,-0.0124701375463823,-3.60007637609475E-5));
#1868=CARTESIAN_POINT('',(-0.00569969187372671,-0.00996310461354028,0.00198800009713215));
#1869=CARTESIAN_POINT('',(-0.00441233010029825,-0.00745607168069827,0.00401200095802525));
#1870=CARTESIAN_POINT('',(-0.00312496832686978,-0.00494903874785625,0.00603600181891835));
#1871=CARTESIAN_POINT('',(-0.00697940459440805,-0.0127398741208002,-3.60007637609475E-5));
#1872=CARTESIAN_POINT('',(-0.00570170434275388,-0.0101966093250591,0.00198800009713215));
#1873=CARTESIAN_POINT('',(-0.00442400409109971,-0.00765334452931803,0.00401200095802525));
#1874=CARTESIAN_POINT('',(-0.00314630383944555,-0.00511007973357696,0.00603600181891835));
#1875=CARTESIAN_POINT('',(-0.00680232944708156,-0.0131684048247602,-3.60007637609475E-5));
#1876=CARTESIAN_POINT('',(-0.00555364096414134,-0.0105973292638612,0.00198800009713215));
#1877=CARTESIAN_POINT('',(-0.00430495248120112,-0.00802625370296211,0.00401200095802525));
#1878=CARTESIAN_POINT('',(-0.00305626399826089,-0.00545517814206305,0.00603600181891835));
#1879=CARTESIAN_POINT('',(-0.00664415722851949,-0.0133223026222464,-3.60007637609475E-5));
#1880=CARTESIAN_POINT('',(-0.00540495495638984,-0.0107564028304066,0.00198800009713215));
#1881=CARTESIAN_POINT('',(-0.00416575268426019,-0.0081905030385668,0.00401200095802525));
#1882=CARTESIAN_POINT('',(-0.00292655041213053,-0.00562460324672701,0.00603600181891835));
#1883=CARTESIAN_POINT('',(-0.00627323133511077,-0.0135009311179706,-3.60007637609475E-5));
#1884=CARTESIAN_POINT('',(-0.00503976007610525,-0.0109322714156702,0.00198800009713215));
#1885=CARTESIAN_POINT('',(-0.00380628881709973,-0.0083636117133697,0.00401200095802525));
#1886=CARTESIAN_POINT('',(-0.00257281755809421,-0.00579495201106925,0.00603600181891835));
#1887=CARTESIAN_POINT('',(-0.00605429042674273,-0.013528641430833,-3.60007637609475E-5));
#1888=CARTESIAN_POINT('',(-0.00482268714423938,-0.0109493380710463,0.00198800009713215));
#1889=CARTESIAN_POINT('',(-0.00359108386173604,-0.00837003471125964,0.00401200095802525));
#1890=CARTESIAN_POINT('',(-0.00235948057923269,-0.00579073135147297,0.00603600181891835));
#1891=CARTESIAN_POINT('',(-0.0056088470826619,-0.0133998998320732,-3.60007637609475E-5));
#1892=CARTESIAN_POINT('',(-0.0044170756738376,-0.0108152538866017,0.00198800009713215));
#1893=CARTESIAN_POINT('',(-0.00322530426501331,-0.00823060794113025,0.00401200095802525));
#1894=CARTESIAN_POINT('',(-0.00203353285618902,-0.00564596199565879,0.00603600181891835));
#1895=CARTESIAN_POINT('',(-0.0053931894304272,-0.013237702098984,-3.60007637609475E-5));
#1896=CARTESIAN_POINT('',(-0.00423576909298257,-0.0106680926686408,0.00198800009713215));
#1897=CARTESIAN_POINT('',(-0.00307834875553794,-0.00809848323829756,0.00401200095802525));
#1898=CARTESIAN_POINT('',(-0.00192092841809332,-0.00552887380795433,0.00603600181891835));
#1899=CARTESIAN_POINT('',(-0.00467486669915548,-0.0128133527636698,-3.60007637609475E-5));
#1900=CARTESIAN_POINT('',(-0.00363809364184077,-0.0102930495655487,0.00198800009713215));
#1901=CARTESIAN_POINT('',(-0.00260132058452607,-0.00777274636742771,0.00401200095802525));
#1902=CARTESIAN_POINT('',(-0.00156454752721137,-0.00525244316930669,0.00603600181891835));
#1903=CARTESIAN_POINT('',(-0.00414333067802121,-0.0124992905613668,-3.60007637609475E-5));
#1904=CARTESIAN_POINT('',(-0.00321336937804832,-0.010029055507591,0.00198800009713215));
#1905=CARTESIAN_POINT('',(-0.00228340807807543,-0.00755882045381516,0.00401200095802525));
#1906=CARTESIAN_POINT('',(-0.00135344677810254,-0.00508858540003936,0.00603600181891835));
#1907=CARTESIAN_POINT('',(-0.00365465185423541,-0.012210592786549,-3.60007637609475E-5));
#1908=CARTESIAN_POINT('',(-0.0028100304626731,-0.0097764283411986,0.00198800009713215));
#1909=CARTESIAN_POINT('',(-0.0019654090711108,-0.00734226389584825,0.00401200095802525));
#1910=CARTESIAN_POINT('',(-0.0011207876795485,-0.0049080994504979,0.00603600181891835));
#1911=CARTESIAN_POINT('',(-0.00708493882404753,-0.0115634828633021,0.));
#1912=CARTESIAN_POINT('',(-0.00724350410338872,-0.0104317615149212,2.16840434497101E-19));
#1913=CARTESIAN_POINT('',(-0.00692637354470636,-0.0126952042116831,-2.16840434497101E-19));
#1914=CARTESIAN_POINT('',(-0.00605488595458605,-0.0125731002385032,0.));
#1915=CARTESIAN_POINT('',(-0.00560698706006605,-0.0133305872550836,-2.16840434497101E-19));
#1916=CARTESIAN_POINT('',(-0.00462330784592254,-0.0127489418632375,0.));
#1917=CARTESIAN_POINT('',(-0.00160866359606802,-0.00531713125895723,0.006));
#1918=CARTESIAN_POINT('',(-0.00208151584981096,-0.00568286548327406,0.006));
#1919=CARTESIAN_POINT('',(-0.00248531199863072,-0.00516080354231463,0.006));
#1920=CARTESIAN_POINT('',(-0.00314523924069012,-0.00517060329679478,0.006));
#1921=CARTESIAN_POINT('',(-0.00315411526789783,-0.00457288095921033,0.006));
#1922=CARTESIAN_POINT('',(-0.00316299129510554,-0.00397515862162589,0.006));
#1923=CARTESIAN_POINT('',(-0.00520324769924713,-0.00720346006827354,0.003));
#1924=CARTESIAN_POINT('',(-0.00855838417591837,-0.00938317964750703,0.));
#1925=CARTESIAN_POINT('',(-0.00317166131849073,-0.0039682445086952,0.006));
#1926=CARTESIAN_POINT('',(-0.00814388860736185,-0.00976124043800515,0.));
#1927=CARTESIAN_POINT('',(-0.00316877382736871,-0.00397055236645929,0.006));
#1928=CARTESIAN_POINT('',(-0.00770432006158282,-0.0101117846558537,0.));
#1929=CARTESIAN_POINT('',(-0.00316588381727835,-0.00397285707259996,0.006));
#1930=CARTESIAN_POINT('',(-0.00724350410338872,-0.0104317615149212,0.));
#1931=CARTESIAN_POINT('',(-0.00316299129510554,-0.00397515862162589,0.006));
#1932=CARTESIAN_POINT('',(5.18326050483187E-13,6.51299760651147E-13,0.006));
#1933=CARTESIAN_POINT('',(-0.00317166131849073,-0.0039682445086952,0.006));
#1934=CARTESIAN_POINT('',(-0.00586502274720455,-0.00667571207810112,0.003));
#1935=CARTESIAN_POINT('',(-0.00855838417591837,-0.00938317964750703,-4.33680868994202E-19));
#1936=CARTESIAN_POINT('',(4.81385764583564E-17,3.81639164714897E-17,0.));
#1937=CARTESIAN_POINT('',(-0.011091211188003,-0.00628013461302426,-3.60007637609454E-5));
#1938=CARTESIAN_POINT('',(-0.00890602226828026,-0.0049150370973817,0.00198800009713215));
#1939=CARTESIAN_POINT('',(-0.00672083334855753,-0.00354993958173915,0.00401200095802525));
#1940=CARTESIAN_POINT('',(-0.00453564442883481,-0.00218484206609659,0.00603600181891836));
#1941=CARTESIAN_POINT('',(-0.0112639294385841,-0.00682080253690879,-3.60007637609454E-5));
#1942=CARTESIAN_POINT('',(-0.00906256419202133,-0.00536447829705851,0.00198800009713215));
#1943=CARTESIAN_POINT('',(-0.00686119894545854,-0.00390815405720823,0.00401200095802525));
#1944=CARTESIAN_POINT('',(-0.00465983369889574,-0.00245182981735795,0.00603600181891836));
#1945=CARTESIAN_POINT('',(-0.0114518395539164,-0.0074088972548195,-3.60007637609454E-5));
#1946=CARTESIAN_POINT('',(-0.00922542932792153,-0.00583729804114633,0.00198800009713215));
#1947=CARTESIAN_POINT('',(-0.00699901910192663,-0.00426569882747317,0.00401200095802525));
#1948=CARTESIAN_POINT('',(-0.00477260887593174,-0.0026940996138,0.00603600181891836));
#1949=CARTESIAN_POINT('',(-0.0117057077203855,-0.00820363674590885,-3.60007637609454E-5));
#1950=CARTESIAN_POINT('',(-0.00945807401780642,-0.00650344346246425,0.00198800009713215));
#1951=CARTESIAN_POINT('',(-0.00721044031522738,-0.00480325017901965,0.00401200095802525));
#1952=CARTESIAN_POINT('',(-0.00496280661264834,-0.00310305689557505,0.00603600181891835));
#1953=CARTESIAN_POINT('',(-0.0118158504754765,-0.00844997980160064,-3.60007637609454E-5));
#1954=CARTESIAN_POINT('',(-0.00956120108708287,-0.00671295076046488,0.00198800009713215));
#1955=CARTESIAN_POINT('',(-0.0073065516986892,-0.00497592171932911,0.00401200095802525));
#1956=CARTESIAN_POINT('',(-0.00505190231029553,-0.00323889267819334,0.00603600181891836));
#1957=CARTESIAN_POINT('',(-0.011842243784617,-0.00891290265183575,-3.60007637609454E-5));
#1958=CARTESIAN_POINT('',(-0.00960166645786293,-0.00713822924241209,0.00198800009713215));
#1959=CARTESIAN_POINT('',(-0.00736108913110882,-0.00536355583298843,0.00401200095802525));
#1960=CARTESIAN_POINT('',(-0.00512051180435471,-0.00358888242356477,0.00603600181891836));
#1961=CARTESIAN_POINT('',(-0.0117665092917408,-0.00912018812982382,-3.60007637609454E-5));
#1962=CARTESIAN_POINT('',(-0.00953672442763363,-0.00734606201457344,0.00198800009713215));
#1963=CARTESIAN_POINT('',(-0.00730693956352646,-0.00557193589932307,0.00401200095802525));
#1964=CARTESIAN_POINT('',(-0.00507715469941928,-0.0037978097840727,0.00603600181891836));
#1965=CARTESIAN_POINT('',(-0.0115098206091184,-0.0094420655569592,-3.60007637609454E-5));
#1966=CARTESIAN_POINT('',(-0.00928400172914732,-0.00766296625490235,0.00198800009713215));
#1967=CARTESIAN_POINT('',(-0.00705818284917623,-0.00588386695284551,0.00401200095802525));
#1968=CARTESIAN_POINT('',(-0.00483236396920514,-0.00410476765078866,0.00603600181891836));
#1969=CARTESIAN_POINT('',(-0.0113245847209254,-0.00956202658613664,-3.60007637609454E-5));
#1970=CARTESIAN_POINT('',(-0.00909583071972074,-0.00777252719541473,0.00198800009713215));
#1971=CARTESIAN_POINT('',(-0.00686707671851606,-0.00598302780469282,0.00401200095802525));
#1972=CARTESIAN_POINT('',(-0.00463832271731139,-0.0041935284139709,0.00603600181891836));
#1973=CARTESIAN_POINT('',(-0.0108673952492443,-0.00963930503734479,-3.60007637609454E-5));
#1974=CARTESIAN_POINT('',(-0.0086722104651212,-0.00782770974095888,0.00198800009713215));
#1975=CARTESIAN_POINT('',(-0.00647702568099812,-0.00601611444457298,0.00401200095802525));
#1976=CARTESIAN_POINT('',(-0.00428184089687505,-0.00420451914818707,0.00603600181891836));
#1977=CARTESIAN_POINT('',(-0.0106027194595468,-0.00958674027790807,-3.60007637609454E-5));
#1978=CARTESIAN_POINT('',(-0.00844500802072303,-0.00777378804224152,0.00198800009713215));
#1979=CARTESIAN_POINT('',(-0.00628729658189925,-0.00596083580657498,0.00401200095802525));
#1980=CARTESIAN_POINT('',(-0.00412958514307548,-0.00414788357090844,0.00603600181891836));
#1981=CARTESIAN_POINT('',(-0.00977141476526615,-0.00951608329021215,-3.60007637609454E-5));
#1982=CARTESIAN_POINT('',(-0.00774379594223491,-0.00769520754175425,0.00198800009713215));
#1983=CARTESIAN_POINT('',(-0.00571617711920367,-0.00587433179329634,0.00401200095802525));
#1984=CARTESIAN_POINT('',(-0.00368855829617242,-0.00405345604483844,0.00603600181891836));
#1985=CARTESIAN_POINT('',(-0.00915625087540473,-0.00946374785967766,-3.60007637609454E-5));
#1986=CARTESIAN_POINT('',(-0.0072465898741436,-0.00764163806589127,0.00198800009713215));
#1987=CARTESIAN_POINT('',(-0.00533692887288246,-0.00581952827210489,0.00401200095802525));
#1988=CARTESIAN_POINT('',(-0.00342726787162132,-0.0039974184783185,0.00603600181891836));
#1989=CARTESIAN_POINT('',(-0.00859070519875769,-0.00941566994762589,-3.60007637609454E-5));
#1990=CARTESIAN_POINT('',(-0.00677358324862001,-0.00758903105051998,0.00198800009713215));
#1991=CARTESIAN_POINT('',(-0.00495646129848233,-0.00576239215341408,0.00401200095802525));
#1992=CARTESIAN_POINT('',(-0.00313933934834465,-0.00393575325630818,0.00603600181891836));
#1993=CARTESIAN_POINT('',(-0.0114005164934113,-0.00734429831596147,0.));
#1994=CARTESIAN_POINT('',(-0.0110523433833533,-0.0062558537176349,-2.16840434497101E-19));
#1995=CARTESIAN_POINT('',(-0.0117486896034694,-0.00843274291428803,0.));
#1996=CARTESIAN_POINT('',(-0.0109105274875633,-0.00870085533000172,0.));
#1997=CARTESIAN_POINT('',(-0.0108356458267197,-0.00957766359688184,0.));
#1998=CARTESIAN_POINT('',(-0.00969701500131906,-0.00948042162219443,0.));
#1999=CARTESIAN_POINT('',(-0.00375637261100046,-0.00409259675482697,0.006));
#2000=CARTESIAN_POINT('',(-0.00434108390351018,-0.00421694900095873,0.006));
#2001=CARTESIAN_POINT('',(-0.00447837747558122,-0.00357138686214638,0.006));
#2002=CARTESIAN_POINT('',(-0.00507720332987373,-0.00329388443651581,0.006));
#2003=CARTESIAN_POINT('',(-0.0048258583512733,-0.00275150405482897,0.006));
#2004=CARTESIAN_POINT('',(-0.00457451337267288,-0.00220912367314214,0.006));
#2005=CARTESIAN_POINT('',(-0.00781342837801309,-0.00423248869538852,0.003));
#2006=CARTESIAN_POINT('',(-0.0117820467723233,-0.00474060901728741,0.));
#2007=CARTESIAN_POINT('',(-0.00457932487265588,-0.00219913249047783,0.006));
#2008=CARTESIAN_POINT('',(-0.0115726335985654,-0.00526107290683379,0.));
#2009=CARTESIAN_POINT('',(-0.00457772467500463,-0.00220246463391952,0.006));
#2010=CARTESIAN_POINT('',(-0.0113286914594755,-0.00576762397817955,0.));
#2011=CARTESIAN_POINT('',(-0.00457612084040318,-0.00220579503078599,0.006));
#2012=CARTESIAN_POINT('',(-0.0110523433833533,-0.0062558537176349,0.));
#2013=CARTESIAN_POINT('',(-0.00457451337267288,-0.00220912367314214,0.006));
#2014=CARTESIAN_POINT('',(3.83554299432376E-13,1.84223513180482E-13,0.006));
#2015=CARTESIAN_POINT('',(-0.00457932487265588,-0.00219913249047783,0.006));
#2016=CARTESIAN_POINT('',(-0.00818068582248958,-0.00346987075388263,0.003));
#2017=CARTESIAN_POINT('',(-0.0117820467723233,-0.00474060901728742,-2.16840434497101E-19));
#2018=CARTESIAN_POINT('',(-7.80625564189563E-18,-6.93889390390723E-18,0.));
#2019=CARTESIAN_POINT('',(-0.0127176842757823,-0.000845909590978036,-3.60007637609594E-5));
#2020=CARTESIAN_POINT('',(-0.0101566034742797,-0.000564117166900709,0.00198800009713214));
#2021=CARTESIAN_POINT('',(-0.00759552267277712,-0.000282324742823383,0.00401200095802525));
#2022=CARTESIAN_POINT('',(-0.00503444187127455,-5.3231874605577E-7,0.00603600181891835));
#2023=CARTESIAN_POINT('',(-0.0131078850629104,-0.00125809491789544,-3.60007637609594E-5));
#2024=CARTESIAN_POINT('',(-0.0104926481023212,-0.000901128700560789,0.00198800009713214));
#2025=CARTESIAN_POINT('',(-0.00787741114173202,-0.000544162483226143,0.00401200095802525));
#2026=CARTESIAN_POINT('',(-0.00526217418114284,-0.000187196265891496,0.00603600181891835));
#2027=CARTESIAN_POINT('',(-0.0135323509619511,-0.00170641880665246,-3.60007637609594E-5));
#2028=CARTESIAN_POINT('',(-0.0108445333179274,-0.00125646003597725,0.00198800009713214));
#2029=CARTESIAN_POINT('',(-0.0081567156739037,-0.000806501265302035,0.00401200095802525));
#2030=CARTESIAN_POINT('',(-0.00546889802987997,-0.000356542494626822,0.00603600181891835));
#2031=CARTESIAN_POINT('',(-0.0141059028185094,-0.00231230507690608,-3.60007637609594E-5));
#2032=CARTESIAN_POINT('',(-0.011343168606994,-0.00175569557414733,0.00198800009713214));
#2033=CARTESIAN_POINT('',(-0.0085804343954785,-0.00119908607138859,0.00401200095802525));
#2034=CARTESIAN_POINT('',(-0.00581770018396304,-0.00064247656862985,0.00603600181891835));
#2035=CARTESIAN_POINT('',(-0.0143120222579807,-0.00248646335049268,-3.60007637609594E-5));
#2036=CARTESIAN_POINT('',(-0.011526984695679,-0.00189970996882234,0.00198800009713214));
#2037=CARTESIAN_POINT('',(-0.00874194713337729,-0.001312956587152,0.00401200095802525));
#2038=CARTESIAN_POINT('',(-0.00595690957107557,-0.00072620320548165,0.00603600181891835));
#2039=CARTESIAN_POINT('',(-0.0145366565050201,-0.00289209079913765,-3.60007637609594E-5));
#2040=CARTESIAN_POINT('',(-0.0117479641528934,-0.00226531537486677,0.00198800009713214));
#2041=CARTESIAN_POINT('',(-0.00895927180076672,-0.00163853995059589,0.00401200095802525));
#2042=CARTESIAN_POINT('',(-0.00617057944864002,-0.00101176452632501,0.00603600181891835));
#2043=CARTESIAN_POINT('',(-0.0145583598829665,-0.00311170852652245,-3.60007637609594E-5));
#2044=CARTESIAN_POINT('',(-0.011779628665735,-0.00248074352321576,0.00198800009713214));
#2045=CARTESIAN_POINT('',(-0.00900089744850345,-0.00184977851990907,0.00401200095802525));
#2046=CARTESIAN_POINT('',(-0.00622216623127192,-0.00121881351660238,0.00603600181891835));
#2047=CARTESIAN_POINT('',(-0.014466748752804,-0.00351308311305735,-3.60007637609594E-5));
#2048=CARTESIAN_POINT('',(-0.0116894329789227,-0.00287591664723752,0.00198800009713214));
#2049=CARTESIAN_POINT('',(-0.00891211720504146,-0.00223875018141769,0.00401200095802525));
#2050=CARTESIAN_POINT('',(-0.00613480143116021,-0.00160158371559786,0.00603600181891835));
#2051=CARTESIAN_POINT('',(-0.0143519061242117,-0.00370153510549568,-3.60007637609594E-5));
#2052=CARTESIAN_POINT('',(-0.0115674334681183,-0.00305627198494079,0.00198800009713214));
#2053=CARTESIAN_POINT('',(-0.00878296081202492,-0.00241100886438591,0.00401200095802525));
#2054=CARTESIAN_POINT('',(-0.00599848815593155,-0.00176574574383102,0.00603600181891835));
#2055=CARTESIAN_POINT('',(-0.0139735225068576,-0.00396952766165213,-3.60007637609594E-5));
#2056=CARTESIAN_POINT('',(-0.011209707616106,-0.00328979168055926,0.00198800009713214));
#2057=CARTESIAN_POINT('',(-0.00844589272535426,-0.00261005569946639,0.00401200095802525));
#2058=CARTESIAN_POINT('',(-0.00568207783460258,-0.00193031971837352,0.00603600181891835));
#2059=CARTESIAN_POINT('',(-0.0137122508658825,-0.00403700697113869,-3.60007637609594E-5));
#2060=CARTESIAN_POINT('',(-0.0109816095387328,-0.00333978935482263,0.00198800009713214));
#2061=CARTESIAN_POINT('',(-0.00825096821158312,-0.00264257173850658,0.00401200095802525));
#2062=CARTESIAN_POINT('',(-0.00552032688443342,-0.00194535412219052,0.00603600181891835));
#2063=CARTESIAN_POINT('',(-0.0129326142985782,-0.00433403681402538,-3.60007637609594E-5));
#2064=CARTESIAN_POINT('',(-0.0103157444848447,-0.00357323528878823,0.00198800009713214));
#2065=CARTESIAN_POINT('',(-0.00769887467111122,-0.00281243376355108,0.00401200095802525));
#2066=CARTESIAN_POINT('',(-0.00508200485737772,-0.00205163223831393,0.00603600181891835));
#2067=CARTESIAN_POINT('',(-0.0123556632928667,-0.00455379382912871,-3.60007637609594E-5));
#2068=CARTESIAN_POINT('',(-0.00984453437207227,-0.00374070048670124,0.00198800009713214));
#2069=CARTESIAN_POINT('',(-0.00733340545127786,-0.00292760714427377,0.00401200095802525));
#2070=CARTESIAN_POINT('',(-0.00482227653048345,-0.0021145138018463,0.00603600181891835));
#2071=CARTESIAN_POINT('',(-0.0118252640205809,-0.0047558581999617,-3.60007637609594E-5));
#2072=CARTESIAN_POINT('',(-0.00939554479963085,-0.003898533086928,0.00198800009713214));
#2073=CARTESIAN_POINT('',(-0.00696582557868078,-0.00304120797389429,0.00401200095802525));
#2074=CARTESIAN_POINT('',(-0.0045361063577307,-0.00218388286086059,0.00603600181891835));
#2075=CARTESIAN_POINT('',(-0.0134580820530958,-0.00167048541523674,0.));
#2076=CARTESIAN_POINT('',(-0.0126721305081485,-0.000840897368560121,2.16840434497101E-19));
#2077=CARTESIAN_POINT('',(-0.0142440335980431,-0.00250007346191336,8.67361737988404E-19));
#2078=CARTESIAN_POINT('',(-0.0136052052427902,-0.00310529931440552,0.));
#2079=CARTESIAN_POINT('',(-0.0139181720469165,-0.00392776620098212,-2.16840434497101E-19));
#2080=CARTESIAN_POINT('',(-0.0128501094096199,-0.00433418760913476,0.));
#2081=CARTESIAN_POINT('',(-0.00516008596143745,-0.0020574732709979,0.006));
#2082=CARTESIAN_POINT('',(-0.00574084705021901,-0.00191581405151799,0.006));
#2083=CARTESIAN_POINT('',(-0.00558444536979751,-0.00127461321374457,0.006));
#2084=CARTESIAN_POINT('',(-0.00600356503176334,-0.000764771366743316,0.006));
#2085=CARTESIAN_POINT('',(-0.00554178100291046,-0.000385158027406018,0.006));
#2086=CARTESIAN_POINT('',(-0.00507999697405759,-5.54468806872358E-6,0.006));
#2087=CARTESIAN_POINT('',(-0.00887606374110306,-0.000423221028314421,0.003));
#2088=CARTESIAN_POINT('',(-0.0126721305081485,0.00084089736856013,0.));
#2089=CARTESIAN_POINT('',(-0.00507999697405759,5.54468806873265E-6,0.006));
#2090=CARTESIAN_POINT('',(-0.0127092765765361,0.000281114636360897,0.));
#2091=CARTESIAN_POINT('',(-0.00508000100864707,1.84823082412835E-6,0.006));
#2092=CARTESIAN_POINT('',(-0.0127092765765361,-0.000281114636360885,0.));
#2093=CARTESIAN_POINT('',(-0.00508000100864707,-1.8482308241191E-6,0.006));
#2094=CARTESIAN_POINT('',(-0.0126721305081485,-0.000840897368560118,0.));
#2095=CARTESIAN_POINT('',(-0.00507999697405759,-5.5446880687234E-6,0.006));
#2096=CARTESIAN_POINT('',(3.3829579762501E-13,4.00604232403921E-18,0.006));
#2097=CARTESIAN_POINT('',(-0.00507999697405759,5.54468806873136E-6,0.006));
#2098=CARTESIAN_POINT('',(-0.00887606374110306,0.000423221028314432,0.003));
#2099=CARTESIAN_POINT('',(-0.0126721305081485,0.000840897368560133,2.16840434497101E-19));
#2100=CARTESIAN_POINT('',(7.11236625150491E-17,4.3910187985663E-18,0.));
#2101=CARTESIAN_POINT('',(-0.0118252640205809,0.0047558581999617,-3.600076376095E-5));
#2102=CARTESIAN_POINT('',(-0.00939554479963083,0.003898533086928,0.00198800009713215));
#2103=CARTESIAN_POINT('',(-0.00696582557868077,0.0030412079738943,0.00401200095802525));
#2104=CARTESIAN_POINT('',(-0.00453610635773071,0.0021838828608606,0.00603600181891835));
#2105=CARTESIAN_POINT('',(-0.0123556632928667,0.00455379382912871,-3.600076376095E-5));
#2106=CARTESIAN_POINT('',(-0.00984453437207226,0.00374070048670124,0.00198800009713215));
#2107=CARTESIAN_POINT('',(-0.00733340545127786,0.00292760714427377,0.00401200095802525));
#2108=CARTESIAN_POINT('',(-0.00482227653048345,0.0021145138018463,0.00603600181891835));
#2109=CARTESIAN_POINT('',(-0.0129326142985782,0.00433403681402538,-3.600076376095E-5));
#2110=CARTESIAN_POINT('',(-0.0103157444848447,0.00357323528878823,0.00198800009713215));
#2111=CARTESIAN_POINT('',(-0.00769887467111122,0.00281243376355108,0.00401200095802525));
#2112=CARTESIAN_POINT('',(-0.00508200485737772,0.00205163223831394,0.00603600181891835));
#2113=CARTESIAN_POINT('',(-0.0137122508658825,0.00403700697113869,-3.600076376095E-5));
#2114=CARTESIAN_POINT('',(-0.0109816095387328,0.00333978935482264,0.00198800009713215));
#2115=CARTESIAN_POINT('',(-0.00825096821158311,0.00264257173850658,0.00401200095802525));
#2116=CARTESIAN_POINT('',(-0.00552032688443341,0.00194535412219052,0.00603600181891835));
#2117=CARTESIAN_POINT('',(-0.0139735225068576,0.00396952766165213,-3.600076376095E-5));
#2118=CARTESIAN_POINT('',(-0.011209707616106,0.00328979168055926,0.00198800009713215));
#2119=CARTESIAN_POINT('',(-0.00844589272535428,0.00261005569946639,0.00401200095802525));
#2120=CARTESIAN_POINT('',(-0.0056820778346026,0.00193031971837353,0.00603600181891835));
#2121=CARTESIAN_POINT('',(-0.0143519061242116,0.00370153510549569,-3.600076376095E-5));
#2122=CARTESIAN_POINT('',(-0.0115674334681183,0.0030562719849408,0.00198800009713215));
#2123=CARTESIAN_POINT('',(-0.00878296081202489,0.00241100886438592,0.00401200095802525));
#2124=CARTESIAN_POINT('',(-0.00599848815593152,0.00176574574383103,0.00603600181891835));
#2125=CARTESIAN_POINT('',(-0.0144667487528039,0.00351308311305737,-3.600076376095E-5));
#2126=CARTESIAN_POINT('',(-0.0116894329789227,0.00287591664723753,0.00198800009713215));
#2127=CARTESIAN_POINT('',(-0.00891211720504146,0.00223875018141769,0.00401200095802525));
#2128=CARTESIAN_POINT('',(-0.00613480143116021,0.00160158371559786,0.00603600181891835));
#2129=CARTESIAN_POINT('',(-0.0145583598829665,0.00311170852652243,-3.600076376095E-5));
#2130=CARTESIAN_POINT('',(-0.011779628665735,0.00248074352321575,0.00198800009713215));
#2131=CARTESIAN_POINT('',(-0.00900089744850345,0.00184977851990907,0.00401200095802525));
#2132=CARTESIAN_POINT('',(-0.00622216623127192,0.00121881351660239,0.00603600181891835));
#2133=CARTESIAN_POINT('',(-0.0145366565050201,0.00289209079913764,-3.600076376095E-5));
#2134=CARTESIAN_POINT('',(-0.0117479641528934,0.00226531537486676,0.00198800009713215));
#2135=CARTESIAN_POINT('',(-0.00895927180076671,0.00163853995059589,0.00401200095802525));
#2136=CARTESIAN_POINT('',(-0.00617057944864,0.00101176452632501,0.00603600181891835));
#2137=CARTESIAN_POINT('',(-0.0143120222579807,0.0024864633504927,-3.600076376095E-5));
#2138=CARTESIAN_POINT('',(-0.011526984695679,0.00189970996882235,0.00198800009713215));
#2139=CARTESIAN_POINT('',(-0.0087419471333773,0.001312956587152,0.00401200095802525));
#2140=CARTESIAN_POINT('',(-0.0059569095710756,0.000726203205481657,0.00603600181891835));
#2141=CARTESIAN_POINT('',(-0.0141059028185094,0.00231230507690608,-3.600076376095E-5));
#2142=CARTESIAN_POINT('',(-0.011343168606994,0.00175569557414734,0.00198800009713215));
#2143=CARTESIAN_POINT('',(-0.0085804343954785,0.0011990860713886,0.00401200095802525));
#2144=CARTESIAN_POINT('',(-0.00581770018396304,0.000642476568629857,0.00603600181891835));
#2145=CARTESIAN_POINT('',(-0.0135323509619511,0.00170641880665246,-3.600076376095E-5));
#2146=CARTESIAN_POINT('',(-0.0108445333179274,0.00125646003597725,0.00198800009713215));
#2147=CARTESIAN_POINT('',(-0.00815671567390369,0.000806501265302042,0.00401200095802525));
#2148=CARTESIAN_POINT('',(-0.00546889802987998,0.00035654249462683,0.00603600181891835));
#2149=CARTESIAN_POINT('',(-0.0131078850629104,0.00125809491789544,-3.600076376095E-5));
#2150=CARTESIAN_POINT('',(-0.0104926481023212,0.000901128700560793,0.00198800009713215));
#2151=CARTESIAN_POINT('',(-0.00787741114173202,0.000544162483226149,0.00401200095802525));
#2152=CARTESIAN_POINT('',(-0.00526217418114284,0.000187196265891505,0.00603600181891835));
#2153=CARTESIAN_POINT('',(-0.0127176842757823,0.000845909590978041,-3.600076376095E-5));
#2154=CARTESIAN_POINT('',(-0.0101566034742797,0.000564117166900715,0.00198800009713215));
#2155=CARTESIAN_POINT('',(-0.00759552267277712,0.000282324742823389,0.00401200095802525));
#2156=CARTESIAN_POINT('',(-0.00503444187127455,5.32318746062962E-7,0.00603600181891835));
#2157=CARTESIAN_POINT('',(-0.0128501094096199,0.00433418760913477,0.));
#2158=CARTESIAN_POINT('',(-0.0117820467723233,0.00474060901728742,4.33680868994202E-19));
#2159=CARTESIAN_POINT('',(-0.0139181720469165,0.00392776620098212,-2.16840434497101E-19));
#2160=CARTESIAN_POINT('',(-0.0136052052427902,0.00310529931440552,0.));
#2161=CARTESIAN_POINT('',(-0.0142440335980431,0.00250007346191336,8.67361737988404E-19));
#2162=CARTESIAN_POINT('',(-0.0134580820530958,0.00167048541523675,0.));
#2163=CARTESIAN_POINT('',(-0.00554178100291046,0.000385158027406026,0.006));
#2164=CARTESIAN_POINT('',(-0.00600356503176334,0.000764771366743322,0.006));
#2165=CARTESIAN_POINT('',(-0.00558444536979751,0.00127461321374457,0.006));
#2166=CARTESIAN_POINT('',(-0.005740847050219,0.00191581405151799,0.006));
#2167=CARTESIAN_POINT('',(-0.00516008596143744,0.00205747327099791,0.006));
#2168=CARTESIAN_POINT('',(-0.00457932487265588,0.00219913249047783,0.006));
#2169=CARTESIAN_POINT('',(-0.00818068582248958,0.00346987075388263,0.003));
#2170=CARTESIAN_POINT('',(-0.0110523433833533,0.00625585371763491,0.));
#2171=CARTESIAN_POINT('',(-0.00457451337267288,0.00220912367314214,0.006));
#2172=CARTESIAN_POINT('',(-0.0113286914594755,0.00576762397817955,0.));
#2173=CARTESIAN_POINT('',(-0.00457612084040318,0.00220579503078599,0.006));
#2174=CARTESIAN_POINT('',(-0.0115726335985654,0.00526107290683379,0.));
#2175=CARTESIAN_POINT('',(-0.00457772467500462,0.00220246463391953,0.006));
#2176=CARTESIAN_POINT('',(-0.0117820467723233,0.00474060901728742,0.));
#2177=CARTESIAN_POINT('',(-0.00457932487265588,0.00219913249047783,0.006));
#2178=CARTESIAN_POINT('',(7.18638690222484E-13,-3.45423993228234E-13,0.006));
#2179=CARTESIAN_POINT('',(-0.00457451337267288,0.00220912367314214,0.006));
#2180=CARTESIAN_POINT('',(-0.00781342837801309,0.00423248869538852,0.003));
#2181=CARTESIAN_POINT('',(-0.0110523433833533,0.00625585371763491,4.33680868994202E-19));
#2182=CARTESIAN_POINT('',(5.72458747072346E-17,-1.90819582357449E-17,0.));
#2183=CARTESIAN_POINT('',(-0.00859070519875769,0.0094156699476259,-3.6000763760944E-5));
#2184=CARTESIAN_POINT('',(-0.00677358324862001,0.00758903105051999,0.00198800009713215));
#2185=CARTESIAN_POINT('',(-0.00495646129848233,0.00576239215341409,0.00401200095802525));
#2186=CARTESIAN_POINT('',(-0.00313933934834465,0.00393575325630819,0.00603600181891835));
#2187=CARTESIAN_POINT('',(-0.00915625087540473,0.00946374785967767,-3.6000763760944E-5));
#2188=CARTESIAN_POINT('',(-0.00724658987414359,0.00764163806589128,0.00198800009713215));
#2189=CARTESIAN_POINT('',(-0.00533692887288246,0.00581952827210489,0.00401200095802525));
#2190=CARTESIAN_POINT('',(-0.00342726787162132,0.0039974184783185,0.00603600181891835));
#2191=CARTESIAN_POINT('',(-0.00977141476526616,0.00951608329021215,-3.6000763760944E-5));
#2192=CARTESIAN_POINT('',(-0.00774379594223491,0.00769520754175425,0.00198800009713215));
#2193=CARTESIAN_POINT('',(-0.00571617711920366,0.00587433179329635,0.00401200095802525));
#2194=CARTESIAN_POINT('',(-0.00368855829617242,0.00405345604483845,0.00603600181891835));
#2195=CARTESIAN_POINT('',(-0.0106027194595468,0.00958674027790807,-3.6000763760944E-5));
#2196=CARTESIAN_POINT('',(-0.00844500802072303,0.00777378804224153,0.00198800009713215));
#2197=CARTESIAN_POINT('',(-0.00628729658189926,0.00596083580657499,0.00401200095802525));
#2198=CARTESIAN_POINT('',(-0.00412958514307548,0.00414788357090845,0.00603600181891835));
#2199=CARTESIAN_POINT('',(-0.0108673952492443,0.0096393050373448,-3.6000763760944E-5));
#2200=CARTESIAN_POINT('',(-0.00867221046512124,0.0078277097409589,0.00198800009713215));
#2201=CARTESIAN_POINT('',(-0.00647702568099815,0.00601611444457299,0.00401200095802525));
#2202=CARTESIAN_POINT('',(-0.00428184089687506,0.00420451914818709,0.00603600181891835));
#2203=CARTESIAN_POINT('',(-0.0113245847209253,0.00956202658613664,-3.6000763760944E-5));
#2204=CARTESIAN_POINT('',(-0.00909583071972069,0.00777252719541473,0.00198800009713215));
#2205=CARTESIAN_POINT('',(-0.00686707671851604,0.00598302780469282,0.00401200095802525));
#2206=CARTESIAN_POINT('',(-0.00463832271731138,0.00419352841397091,0.00603600181891835));
#2207=CARTESIAN_POINT('',(-0.0115098206091185,0.00944206555695923,-3.6000763760944E-5));
#2208=CARTESIAN_POINT('',(-0.00928400172914735,0.00766296625490238,0.00198800009713215));
#2209=CARTESIAN_POINT('',(-0.00705818284917625,0.00588386695284553,0.00401200095802525));
#2210=CARTESIAN_POINT('',(-0.00483236396920514,0.00410476765078868,0.00603600181891835));
#2211=CARTESIAN_POINT('',(-0.0117665092917407,0.00912018812982379,-3.6000763760944E-5));
#2212=CARTESIAN_POINT('',(-0.00953672442763359,0.00734606201457342,0.00198800009713215));
#2213=CARTESIAN_POINT('',(-0.00730693956352643,0.00557193589932306,0.00401200095802525));
#2214=CARTESIAN_POINT('',(-0.00507715469941928,0.00379780978407269,0.00603600181891835));
#2215=CARTESIAN_POINT('',(-0.011842243784617,0.00891290265183575,-3.6000763760944E-5));
#2216=CARTESIAN_POINT('',(-0.00960166645786293,0.00713822924241209,0.00198800009713215));
#2217=CARTESIAN_POINT('',(-0.00736108913110883,0.00536355583298843,0.00401200095802525));
#2218=CARTESIAN_POINT('',(-0.00512051180435473,0.00358888242356477,0.00603600181891835));
#2219=CARTESIAN_POINT('',(-0.0118158504754765,0.00844997980160064,-3.6000763760944E-5));
#2220=CARTESIAN_POINT('',(-0.00956120108708286,0.00671295076046488,0.00198800009713215));
#2221=CARTESIAN_POINT('',(-0.00730655169868919,0.00497592171932911,0.00401200095802525));
#2222=CARTESIAN_POINT('',(-0.00505190231029551,0.00323889267819335,0.00603600181891835));
#2223=CARTESIAN_POINT('',(-0.0117057077203855,0.00820363674590886,-3.6000763760944E-5));
#2224=CARTESIAN_POINT('',(-0.00945807401780642,0.00650344346246426,0.00198800009713215));
#2225=CARTESIAN_POINT('',(-0.00721044031522738,0.00480325017901966,0.00401200095802525));
#2226=CARTESIAN_POINT('',(-0.00496280661264834,0.00310305689557506,0.00603600181891835));
#2227=CARTESIAN_POINT('',(-0.0114518395539164,0.0074088972548195,-3.6000763760944E-5));
#2228=CARTESIAN_POINT('',(-0.00922542932792152,0.00583729804114634,0.00198800009713215));
#2229=CARTESIAN_POINT('',(-0.00699901910192663,0.00426569882747317,0.00401200095802525));
#2230=CARTESIAN_POINT('',(-0.00477260887593174,0.00269409961380001,0.00603600181891835));
#2231=CARTESIAN_POINT('',(-0.0112639294385841,0.00682080253690879,-3.6000763760944E-5));
#2232=CARTESIAN_POINT('',(-0.00906256419202133,0.00536447829705851,0.00198800009713215));
#2233=CARTESIAN_POINT('',(-0.00686119894545854,0.00390815405720823,0.00401200095802525));
#2234=CARTESIAN_POINT('',(-0.00465983369889575,0.00245182981735795,0.00603600181891835));
#2235=CARTESIAN_POINT('',(-0.011091211188003,0.00628013461302426,-3.6000763760944E-5));
#2236=CARTESIAN_POINT('',(-0.00890602226828026,0.0049150370973817,0.00198800009713215));
#2237=CARTESIAN_POINT('',(-0.00672083334855754,0.00354993958173915,0.00401200095802525));
#2238=CARTESIAN_POINT('',(-0.00453564442883482,0.00218484206609659,0.00603600181891835));
#2239=CARTESIAN_POINT('',(-0.00969701500131906,0.00948042162219443,0.));
#2240=CARTESIAN_POINT('',(-0.00855838417591837,0.00938317964750703,-4.33680868994202E-19));
#2241=CARTESIAN_POINT('',(-0.0108356458267197,0.00957766359688184,2.16840434497101E-19));
#2242=CARTESIAN_POINT('',(-0.0109105274875633,0.00870085533000172,0.));
#2243=CARTESIAN_POINT('',(-0.0117486896034694,0.00843274291428804,0.));
#2244=CARTESIAN_POINT('',(-0.0114005164934113,0.00734429831596147,0.));
#2245=CARTESIAN_POINT('',(-0.0048258583512733,0.00275150405482898,0.006));
#2246=CARTESIAN_POINT('',(-0.00507720332987373,0.00329388443651581,0.006));
#2247=CARTESIAN_POINT('',(-0.00447837747558122,0.00357138686214639,0.006));
#2248=CARTESIAN_POINT('',(-0.00434108390351017,0.00421694900095874,0.006));
#2249=CARTESIAN_POINT('',(-0.00375637261100045,0.00409259675482697,0.006));
#2250=CARTESIAN_POINT('',(-0.00317166131849073,0.00396824450869521,0.006));
#2251=CARTESIAN_POINT('',(-0.00586502274720455,0.00667571207810112,0.003));
#2252=CARTESIAN_POINT('',(-0.0072435041033887,0.0104317615149212,0.));
#2253=CARTESIAN_POINT('',(-0.00316299129510553,0.00397515862162589,0.006));
#2254=CARTESIAN_POINT('',(-0.00770432006158282,0.0101117846558537,0.));
#2255=CARTESIAN_POINT('',(-0.00316588381727836,0.00397285707259995,0.006));
#2256=CARTESIAN_POINT('',(-0.00814388860736183,0.00976124043800517,0.));
#2257=CARTESIAN_POINT('',(-0.00316877382736869,0.00397055236645931,0.006));
#2258=CARTESIAN_POINT('',(-0.00855838417591837,0.00938317964750703,0.));
#2259=CARTESIAN_POINT('',(-0.00317166131849073,0.00396824450869521,0.006));
#2260=CARTESIAN_POINT('',(2.50927100278742E-13,-3.15544031875836E-13,0.006));
#2261=CARTESIAN_POINT('',(-0.00316299129510554,0.00397515862162589,0.006));
#2262=CARTESIAN_POINT('',(-0.00520324769924712,0.00720346006827354,0.003));
#2263=CARTESIAN_POINT('',(-0.00724350410338871,0.0104317615149212,2.16840434497101E-19));
#2264=CARTESIAN_POINT('',(9.54097911787244E-18,7.80625564189563E-18,0.));
#2265=CARTESIAN_POINT('',(-0.0036546518542354,0.012210592786549,-3.60007637609474E-5));
#2266=CARTESIAN_POINT('',(-0.0028100304626731,0.00977642834119861,0.00198800009713215));
#2267=CARTESIAN_POINT('',(-0.00196540907111079,0.00734226389584825,0.00401200095802525));
#2268=CARTESIAN_POINT('',(-0.00112078767954849,0.0049080994504979,0.00603600181891836));
#2269=CARTESIAN_POINT('',(-0.0041433306780212,0.0124992905613668,-3.60007637609474E-5));
#2270=CARTESIAN_POINT('',(-0.00321336937804831,0.010029055507591,0.00198800009713215));
#2271=CARTESIAN_POINT('',(-0.00228340807807543,0.00755882045381516,0.00401200095802525));
#2272=CARTESIAN_POINT('',(-0.00135344677810254,0.00508858540003936,0.00603600181891836));
#2273=CARTESIAN_POINT('',(-0.00467486669915548,0.0128133527636698,-3.60007637609474E-5));
#2274=CARTESIAN_POINT('',(-0.00363809364184077,0.0102930495655487,0.00198800009713215));
#2275=CARTESIAN_POINT('',(-0.00260132058452607,0.00777274636742771,0.00401200095802525));
#2276=CARTESIAN_POINT('',(-0.00156454752721136,0.00525244316930669,0.00603600181891836));
#2277=CARTESIAN_POINT('',(-0.00539318943042719,0.013237702098984,-3.60007637609474E-5));
#2278=CARTESIAN_POINT('',(-0.00423576909298257,0.0106680926686408,0.00198800009713215));
#2279=CARTESIAN_POINT('',(-0.00307834875553794,0.00809848323829756,0.00401200095802525));
#2280=CARTESIAN_POINT('',(-0.00192092841809332,0.00552887380795433,0.00603600181891836));
#2281=CARTESIAN_POINT('',(-0.00560884708266189,0.0133998998320731,-3.60007637609474E-5));
#2282=CARTESIAN_POINT('',(-0.00441707567383759,0.0108152538866017,0.00198800009713215));
#2283=CARTESIAN_POINT('',(-0.0032253042650133,0.00823060794113024,0.00401200095802525));
#2284=CARTESIAN_POINT('',(-0.00203353285618901,0.00564596199565879,0.00603600181891836));
#2285=CARTESIAN_POINT('',(-0.00605429042674272,0.013528641430833,-3.60007637609474E-5));
#2286=CARTESIAN_POINT('',(-0.00482268714423938,0.0109493380710463,0.00198800009713215));
#2287=CARTESIAN_POINT('',(-0.00359108386173604,0.00837003471125965,0.00401200095802525));
#2288=CARTESIAN_POINT('',(-0.00235948057923269,0.00579073135147296,0.00603600181891836));
#2289=CARTESIAN_POINT('',(-0.00627323133511074,0.0135009311179707,-3.60007637609474E-5));
#2290=CARTESIAN_POINT('',(-0.00503976007610523,0.0109322714156702,0.00198800009713215));
#2291=CARTESIAN_POINT('',(-0.00380628881709973,0.00836361171336971,0.00401200095802525));
#2292=CARTESIAN_POINT('',(-0.00257281755809422,0.00579495201106923,0.00603600181891836));
#2293=CARTESIAN_POINT('',(-0.00664415722851951,0.0133223026222463,-3.60007637609474E-5));
#2294=CARTESIAN_POINT('',(-0.00540495495638984,0.0107564028304066,0.00198800009713215));
#2295=CARTESIAN_POINT('',(-0.00416575268426018,0.00819050303856679,0.00401200095802525));
#2296=CARTESIAN_POINT('',(-0.00292655041213051,0.00562460324672701,0.00603600181891836));
#2297=CARTESIAN_POINT('',(-0.00680232944708156,0.0131684048247602,-3.60007637609474E-5));
#2298=CARTESIAN_POINT('',(-0.00555364096414134,0.0105973292638612,0.00198800009713215));
#2299=CARTESIAN_POINT('',(-0.00430495248120112,0.00802625370296211,0.00401200095802525));
#2300=CARTESIAN_POINT('',(-0.00305626399826089,0.00545517814206305,0.00603600181891836));
#2301=CARTESIAN_POINT('',(-0.00697940459440804,0.0127398741208002,-3.60007637609474E-5));
#2302=CARTESIAN_POINT('',(-0.00570170434275387,0.0101966093250591,0.00198800009713215));
#2303=CARTESIAN_POINT('',(-0.00442400409109971,0.00765334452931803,0.00401200095802525));
#2304=CARTESIAN_POINT('',(-0.00314630383944554,0.00511007973357696,0.00603600181891836));
#2305=CARTESIAN_POINT('',(-0.00698705364715516,0.0124701375463823,-3.60007637609474E-5));
#2306=CARTESIAN_POINT('',(-0.0056996918737267,0.00996310461354029,0.00198800009713215));
#2307=CARTESIAN_POINT('',(-0.00441233010029824,0.00745607168069827,0.00401200095802525));
#2308=CARTESIAN_POINT('',(-0.00312496832686978,0.00494903874785625,0.00603600181891836));
#2309=CARTESIAN_POINT('',(-0.00710315087463332,0.0116439527375077,-3.60007637609474E-5));
#2310=CARTESIAN_POINT('',(-0.00577911591705506,0.009261987579504,0.00198800009713215));
#2311=CARTESIAN_POINT('',(-0.0044550809594768,0.00688002242150032,0.00401200095802525));
#2312=CARTESIAN_POINT('',(-0.00313104600189853,0.00449805726349664,0.00603600181891836));
#2313=CARTESIAN_POINT('',(-0.00718901444591736,0.0110325665618339,-3.60007637609474E-5));
#2314=CARTESIAN_POINT('',(-0.00583752829843572,0.00876532717581501,0.00198800009713215));
#2315=CARTESIAN_POINT('',(-0.00448604215095409,0.00649808778979614,0.00401200095802525));
#2316=CARTESIAN_POINT('',(-0.00313455600347245,0.00423084840377727,0.00603600181891836));
#2317=CARTESIAN_POINT('',(-0.00726798769966112,0.0104705019541645,-3.60007637609474E-5));
#2318=CARTESIAN_POINT('',(-0.00589149412685271,0.00829247365175206,0.00198800009713215));
#2319=CARTESIAN_POINT('',(-0.0045150005540443,0.00611444534933963,0.00401200095802525));
#2320=CARTESIAN_POINT('',(-0.00313850698123589,0.0039364170469272,0.00603600181891836));
#2321=CARTESIAN_POINT('',(-0.00462330784592254,0.0127489418632375,0.));
#2322=CARTESIAN_POINT('',(-0.00363962863177903,0.0121672964713914,2.16840434497101E-19));
#2323=CARTESIAN_POINT('',(-0.00560698706006605,0.0133305872550836,0.));
#2324=CARTESIAN_POINT('',(-0.00605488595458605,0.0125731002385032,0.));
#2325=CARTESIAN_POINT('',(-0.00692637354470635,0.0126952042116831,-2.16840434497101E-19));
#2326=CARTESIAN_POINT('',(-0.00708493882404753,0.0115634828633022,0.));
#2327=CARTESIAN_POINT('',(-0.00315411526789783,0.00457288095921034,0.006));
#2328=CARTESIAN_POINT('',(-0.00314523924069012,0.00517060329679478,0.006));
#2329=CARTESIAN_POINT('',(-0.00248531199863071,0.00516080354231463,0.006));
#2330=CARTESIAN_POINT('',(-0.00208151584981095,0.00568286548327407,0.006));
#2331=CARTESIAN_POINT('',(-0.00160866359606802,0.00531713125895723,0.006));
#2332=CARTESIAN_POINT('',(-0.00113581134232509,0.0049513970346404,0.006));
#2333=CARTESIAN_POINT('',(-0.00238771998705206,0.00855934675301591,0.003));
#2334=CARTESIAN_POINT('',(-0.002,0.0125415310070182,0.));
#2335=CARTESIAN_POINT('',(-0.001125,0.00495386465297549,0.006));
#2336=CARTESIAN_POINT('',(-0.00255401358820882,0.0124531823695355,0.));
#2337=CARTESIAN_POINT('',(-0.00112860467712457,0.004953046047291,0.006));
#2338=CARTESIAN_POINT('',(-0.00310214659923101,0.0123280745866719,0.));
#2339=CARTESIAN_POINT('',(-0.00113220846076175,0.0049522235071927,0.006));
#2340=CARTESIAN_POINT('',(-0.00363962863177903,0.0121672964713914,0.));
#2341=CARTESIAN_POINT('',(-0.00113581134232509,0.0049513970346404,0.006));
#2342=CARTESIAN_POINT('',(1.09584325121148E-13,-4.84171730485983E-13,0.006));
#2343=CARTESIAN_POINT('',(-1.45283091113058E-17,1.0842021724855E-16,0.));
#2344=CARTESIAN_POINT('',(0.,5.12357801198959E-5,0.006));
#2345=CARTESIAN_POINT('',(3.46944695195361E-18,0.00221092551529408,0.));
#2346=CARTESIAN_POINT('',(0.,-3.88825358729284E-19,0.));
#2347=CARTESIAN_POINT('',(-0.00635,-3.88825358729284E-19,0.));
#2348=CARTESIAN_POINT('',(0.,-3.88825358729284E-19,0.0025));
#2349=CARTESIAN_POINT('',(0.,-3.88825358729284E-19,0.0025));
#2350=CARTESIAN_POINT('',(-0.00635,-3.88825358729284E-19,0.0025));
#2351=CARTESIAN_POINT('',(3.46944695195361E-18,0.,0.0025));
#2352=MECHANICAL_DESIGN_GEOMETRIC_PRESENTATION_REPRESENTATION('',(#911),
#2353);
#2353=(
GEOMETRIC_REPRESENTATION_CONTEXT(3)
GLOBAL_UNCERTAINTY_ASSIGNED_CONTEXT((#2354))
GLOBAL_UNIT_ASSIGNED_CONTEXT((#2357,#2356,#2355))
REPRESENTATION_CONTEXT('Part 1','TOP_LEVEL_ASSEMBLY_PART')
);
#2354=UNCERTAINTY_MEASURE_WITH_UNIT(LENGTH_MEASURE(1.E-8),#2357,
'DISTANCE_ACCURACY_VALUE','Maximum Tolerance applied to model');
#2355=(
NAMED_UNIT(*)
SI_UNIT($,.STERADIAN.)
SOLID_ANGLE_UNIT()
);
#2356=(
NAMED_UNIT(*)
PLANE_ANGLE_UNIT()
SI_UNIT($,.RADIAN.)
);
#2357=(
LENGTH_UNIT()
NAMED_UNIT(*)
SI_UNIT($,.METRE.)
);
#2358=PRODUCT_DEFINITION_SHAPE('','',#2359);
#2359=PRODUCT_DEFINITION('','',#2361,#2360);
#2360=PRODUCT_DEFINITION_CONTEXT('',#2367,'design');
#2361=PRODUCT_DEFINITION_FORMATION_WITH_SPECIFIED_SOURCE('','',#2363,
 .NOT_KNOWN.);
#2362=PRODUCT_RELATED_PRODUCT_CATEGORY('','',(#2363));
#2363=PRODUCT('Part 1','Part 1','Part 1',(#2365));
#2364=PRODUCT_CATEGORY('','');
#2365=PRODUCT_CONTEXT('',#2367,'mechanical');
#2366=APPLICATION_PROTOCOL_DEFINITION('international standard',
'ap242_managed_model_based_3d_engineering',2020,#2367);
#2367=APPLICATION_CONTEXT('managed model based 3d engineering');
ENDSEC;
END-ISO-10303-21;
