ISO-10303-21;
HEADER;
/* Generated by software containing ST-Developer
 * from STEP Tools, Inc. (www.steptools.com) 
 */
/* OPTION: using custom renumber hook */

FILE_DESCRIPTION(
/* description */ ('STEP AP242 Edition 2',
'CAx-IF Rec.Pracs.---Representation and Presentation of Product Manufa
cturing Information (PMI)---4.0---2014-10-13',
'CAx-IF Rec.Pracs.---3D Tessellated Geometry---0.4---2014-09-14','2;1',
'CAx-IF Rec.Pracs.---User Defined Attributes---1.5---2016-08-15'),
/* implementation_level */ '2;1');

FILE_NAME(
/* name */ 'Part Studio 1',
/* time_stamp */ '2026-09-03T22:00:54Z',
/* author */ (''),
/* organization */ (''),
/* preprocessor_version */ 'ST-DEVELOPER v20',
/* originating_system */ 'ONSHAPE BY PTC INC, 1.220',
/* authorisation */ '  ');

FILE_SCHEMA (('AP242_MANAGED_MODEL_BASED_3D_ENGINEERING_MIM_LF { 1 0 10303 442 3 1 4 }'));
ENDSEC;

DATA;
#10=SHAPE_REPRESENTATION_RELATIONSHIP('','',#1215,#11);
#11=ADVANCED_BREP_SHAPE_REPRESENTATION('',(#1213),#4135);
#12=CYLINDRICAL_SURFACE('',#1322,0.00508);
#13=CYLINDRICAL_SURFACE('',#1323,0.01305);
#14=CYLINDRICAL_SURFACE('',#1325,0.0145);
#15=CONICAL_SURFACE('',#1224,0.0381,0.651136976927656);
#16=CONICAL_SURFACE('',#1231,0.0381,0.651136976927656);
#17=CONICAL_SURFACE('',#1238,0.0381,0.651136976927656);
#18=CONICAL_SURFACE('',#1245,0.0381000000000025,0.651136976927656);
#19=CONICAL_SURFACE('',#1252,0.0381,0.651136976927656);
#20=CONICAL_SURFACE('',#1259,0.0381,0.651136976927656);
#21=CONICAL_SURFACE('',#1266,0.0381,0.651136976927656);
#22=CONICAL_SURFACE('',#1273,0.0381,0.651136976927656);
#23=CONICAL_SURFACE('',#1280,0.0381,0.651136976927656);
#24=CONICAL_SURFACE('',#1287,0.0381000000000005,0.651136976927656);
#25=CONICAL_SURFACE('',#1294,0.0381000000000027,0.651136976927656);
#26=CONICAL_SURFACE('',#1301,0.0381000000000006,0.651136976927656);
#27=CONICAL_SURFACE('',#1308,0.0381,0.651136976927656);
#28=CONICAL_SURFACE('',#1315,0.0381,0.651136976927656);
#29=B_SPLINE_SURFACE_WITH_KNOTS('',3,1,((#1679,#1680,#1681,#1682),(#1683,
#1684,#1685,#1686),(#1687,#1688,#1689,#1690),(#1691,#1692,#1693,#1694),
(#1695,#1696,#1697,#1698),(#1699,#1700,#1701,#1702),(#1703,#1704,#1705,
#1706),(#1707,#1708,#1709,#1710),(#1711,#1712,#1713,#1714),(#1715,#1716,
#1717,#1718),(#1719,#1720,#1721,#1722),(#1723,#1724,#1725,#1726),(#1727,
#1728,#1729,#1730),(#1731,#1732,#1733,#1734),(#1735,#1736,#1737,#1738),
(#1739,#1740,#1741,#1742),(#1743,#1744,#1745,#1746),(#1747,#1748,#1749,
#1750),(#1751,#1752,#1753,#1754),(#1755,#1756,#1757,#1758),(#1759,#1760,
#1761,#1762),(#1763,#1764,#1765,#1766),(#1767,#1768,#1769,#1770),(#1771,
#1772,#1773,#1774),(#1775,#1776,#1777,#1778),(#1779,#1780,#1781,#1782),
(#1783,#1784,#1785,#1786),(#1787,#1788,#1789,#1790),(#1791,#1792,#1793,
#1794),(#1795,#1796,#1797,#1798),(#1799,#1800,#1801,#1802),(#1803,#1804,
#1805,#1806),(#1807,#1808,#1809,#1810),(#1811,#1812,#1813,#1814),(#1815,
#1816,#1817,#1818),(#1819,#1820,#1821,#1822),(#1823,#1824,#1825,#1826),
(#1827,#1828,#1829,#1830)),.RULED_SURF.,.F.,.F.,.F.,(4,2,2,2,2,2,2,2,2,
2,2,2,2,2,2,2,2,2,4),(2,1,1,2),(0.313159656520639,0.344299713767199,0.363762249546299,
0.383224785325399,0.4026873211045,0.4221498568836,0.4416123926627,0.4610749284418,
0.4805374642209,0.5,0.5194625357791,0.5389250715582,0.5583876073373,0.577850143116401,
0.597312678895501,0.616775214674601,0.636237750453701,0.655700286232801,
0.686840343479362),(-0.01,0.,1.,1.01),.UNSPECIFIED.);
#30=B_SPLINE_SURFACE_WITH_KNOTS('',3,1,((#1854,#1855,#1856,#1857),(#1858,
#1859,#1860,#1861),(#1862,#1863,#1864,#1865),(#1866,#1867,#1868,#1869),
(#1870,#1871,#1872,#1873),(#1874,#1875,#1876,#1877),(#1878,#1879,#1880,
#1881),(#1882,#1883,#1884,#1885),(#1886,#1887,#1888,#1889),(#1890,#1891,
#1892,#1893),(#1894,#1895,#1896,#1897),(#1898,#1899,#1900,#1901),(#1902,
#1903,#1904,#1905),(#1906,#1907,#1908,#1909),(#1910,#1911,#1912,#1913),
(#1914,#1915,#1916,#1917),(#1918,#1919,#1920,#1921),(#1922,#1923,#1924,
#1925),(#1926,#1927,#1928,#1929),(#1930,#1931,#1932,#1933),(#1934,#1935,
#1936,#1937),(#1938,#1939,#1940,#1941),(#1942,#1943,#1944,#1945),(#1946,
#1947,#1948,#1949),(#1950,#1951,#1952,#1953),(#1954,#1955,#1956,#1957),
(#1958,#1959,#1960,#1961),(#1962,#1963,#1964,#1965),(#1966,#1967,#1968,
#1969),(#1970,#1971,#1972,#1973),(#1974,#1975,#1976,#1977),(#1978,#1979,
#1980,#1981),(#1982,#1983,#1984,#1985),(#1986,#1987,#1988,#1989),(#1990,
#1991,#1992,#1993),(#1994,#1995,#1996,#1997),(#1998,#1999,#2000,#2001),
(#2002,#2003,#2004,#2005)),.RULED_SURF.,.F.,.F.,.F.,(4,2,2,2,2,2,2,2,2,
2,2,2,2,2,2,2,2,2,4),(2,1,1,2),(0.313159656520639,0.344299713767199,0.363762249546299,
0.383224785325399,0.4026873211045,0.4221498568836,0.4416123926627,0.461074928441799,
0.4805374642209,0.5,0.5194625357791,0.5389250715582,0.5583876073373,0.5778501431164,
0.5973126788955,0.6167752146746,0.6362377504537,0.6557002862328,0.68684034347936),
(-0.01,0.,1.,1.01),.UNSPECIFIED.);
#31=B_SPLINE_SURFACE_WITH_KNOTS('',3,1,((#2029,#2030,#2031,#2032),(#2033,
#2034,#2035,#2036),(#2037,#2038,#2039,#2040),(#2041,#2042,#2043,#2044),
(#2045,#2046,#2047,#2048),(#2049,#2050,#2051,#2052),(#2053,#2054,#2055,
#2056),(#2057,#2058,#2059,#2060),(#2061,#2062,#2063,#2064),(#2065,#2066,
#2067,#2068),(#2069,#2070,#2071,#2072),(#2073,#2074,#2075,#2076),(#2077,
#2078,#2079,#2080),(#2081,#2082,#2083,#2084),(#2085,#2086,#2087,#2088),
(#2089,#2090,#2091,#2092),(#2093,#2094,#2095,#2096),(#2097,#2098,#2099,
#2100),(#2101,#2102,#2103,#2104),(#2105,#2106,#2107,#2108),(#2109,#2110,
#2111,#2112),(#2113,#2114,#2115,#2116),(#2117,#2118,#2119,#2120),(#2121,
#2122,#2123,#2124),(#2125,#2126,#2127,#2128),(#2129,#2130,#2131,#2132),
(#2133,#2134,#2135,#2136),(#2137,#2138,#2139,#2140),(#2141,#2142,#2143,
#2144),(#2145,#2146,#2147,#2148),(#2149,#2150,#2151,#2152),(#2153,#2154,
#2155,#2156),(#2157,#2158,#2159,#2160),(#2161,#2162,#2163,#2164),(#2165,
#2166,#2167,#2168),(#2169,#2170,#2171,#2172),(#2173,#2174,#2175,#2176),
(#2177,#2178,#2179,#2180)),.RULED_SURF.,.F.,.F.,.F.,(4,2,2,2,2,2,2,2,2,
2,2,2,2,2,2,2,2,2,4),(2,1,1,2),(0.313159656520637,0.3442997137672,0.3637622495463,
0.3832247853254,0.402687321104501,0.422149856883601,0.441612392662701,0.461074928441801,
0.480537464220902,0.5,0.519462535779102,0.538925071558202,0.558387607337303,
0.577850143116403,0.597312678895503,0.616775214674603,0.636237750453704,
0.655700286232804,0.686840343479364),(-0.01,0.,1.,1.01),.UNSPECIFIED.);
#32=B_SPLINE_SURFACE_WITH_KNOTS('',3,1,((#2204,#2205,#2206,#2207),(#2208,
#2209,#2210,#2211),(#2212,#2213,#2214,#2215),(#2216,#2217,#2218,#2219),
(#2220,#2221,#2222,#2223),(#2224,#2225,#2226,#2227),(#2228,#2229,#2230,
#2231),(#2232,#2233,#2234,#2235),(#2236,#2237,#2238,#2239),(#2240,#2241,
#2242,#2243),(#2244,#2245,#2246,#2247),(#2248,#2249,#2250,#2251),(#2252,
#2253,#2254,#2255),(#2256,#2257,#2258,#2259),(#2260,#2261,#2262,#2263),
(#2264,#2265,#2266,#2267),(#2268,#2269,#2270,#2271),(#2272,#2273,#2274,
#2275),(#2276,#2277,#2278,#2279),(#2280,#2281,#2282,#2283),(#2284,#2285,
#2286,#2287),(#2288,#2289,#2290,#2291),(#2292,#2293,#2294,#2295),(#2296,
#2297,#2298,#2299),(#2300,#2301,#2302,#2303),(#2304,#2305,#2306,#2307),
(#2308,#2309,#2310,#2311),(#2312,#2313,#2314,#2315),(#2316,#2317,#2318,
#2319),(#2320,#2321,#2322,#2323),(#2324,#2325,#2326,#2327),(#2328,#2329,
#2330,#2331),(#2332,#2333,#2334,#2335),(#2336,#2337,#2338,#2339),(#2340,
#2341,#2342,#2343),(#2344,#2345,#2346,#2347),(#2348,#2349,#2350,#2351),
(#2352,#2353,#2354,#2355)),.RULED_SURF.,.F.,.F.,.F.,(4,2,2,2,2,2,2,2,2,
2,2,2,2,2,2,2,2,2,4),(2,1,1,2),(0.313159656520636,0.344299713767197,0.363762249546297,
0.383224785325397,0.402687321104498,0.422149856883598,0.441612392662698,
0.461074928441798,0.480537464220898,0.5,0.519462535779099,0.538925071558199,
0.558387607337299,0.5778501431164,0.5973126788955,0.6167752146746,0.6362377504537,
0.655700286232801,0.686840343479362),(-0.01,0.,1.,1.01),.UNSPECIFIED.);
#33=B_SPLINE_SURFACE_WITH_KNOTS('',3,1,((#2379,#2380,#2381,#2382),(#2383,
#2384,#2385,#2386),(#2387,#2388,#2389,#2390),(#2391,#2392,#2393,#2394),
(#2395,#2396,#2397,#2398),(#2399,#2400,#2401,#2402),(#2403,#2404,#2405,
#2406),(#2407,#2408,#2409,#2410),(#2411,#2412,#2413,#2414),(#2415,#2416,
#2417,#2418),(#2419,#2420,#2421,#2422),(#2423,#2424,#2425,#2426),(#2427,
#2428,#2429,#2430),(#2431,#2432,#2433,#2434),(#2435,#2436,#2437,#2438),
(#2439,#2440,#2441,#2442),(#2443,#2444,#2445,#2446),(#2447,#2448,#2449,
#2450),(#2451,#2452,#2453,#2454),(#2455,#2456,#2457,#2458),(#2459,#2460,
#2461,#2462),(#2463,#2464,#2465,#2466),(#2467,#2468,#2469,#2470),(#2471,
#2472,#2473,#2474),(#2475,#2476,#2477,#2478),(#2479,#2480,#2481,#2482),
(#2483,#2484,#2485,#2486),(#2487,#2488,#2489,#2490),(#2491,#2492,#2493,
#2494),(#2495,#2496,#2497,#2498),(#2499,#2500,#2501,#2502),(#2503,#2504,
#2505,#2506),(#2507,#2508,#2509,#2510),(#2511,#2512,#2513,#2514),(#2515,
#2516,#2517,#2518),(#2519,#2520,#2521,#2522),(#2523,#2524,#2525,#2526),
(#2527,#2528,#2529,#2530)),.RULED_SURF.,.F.,.F.,.F.,(4,2,2,2,2,2,2,2,2,
2,2,2,2,2,2,2,2,2,4),(2,1,1,2),(0.313159656520636,0.344299713767198,0.363762249546297,
0.383224785325397,0.402687321104498,0.422149856883597,0.441612392662698,
0.461074928441797,0.480537464220897,0.5,0.519462535779097,0.538925071558197,
0.558387607337297,0.577850143116397,0.597312678895497,0.616775214674597,
0.636237750453697,0.655700286232797,0.686840343479358),(-0.01,0.,1.,1.01),
 .UNSPECIFIED.);
#34=B_SPLINE_SURFACE_WITH_KNOTS('',3,1,((#2554,#2555,#2556,#2557),(#2558,
#2559,#2560,#2561),(#2562,#2563,#2564,#2565),(#2566,#2567,#2568,#2569),
(#2570,#2571,#2572,#2573),(#2574,#2575,#2576,#2577),(#2578,#2579,#2580,
#2581),(#2582,#2583,#2584,#2585),(#2586,#2587,#2588,#2589),(#2590,#2591,
#2592,#2593),(#2594,#2595,#2596,#2597),(#2598,#2599,#2600,#2601),(#2602,
#2603,#2604,#2605),(#2606,#2607,#2608,#2609),(#2610,#2611,#2612,#2613),
(#2614,#2615,#2616,#2617),(#2618,#2619,#2620,#2621),(#2622,#2623,#2624,
#2625),(#2626,#2627,#2628,#2629),(#2630,#2631,#2632,#2633),(#2634,#2635,
#2636,#2637),(#2638,#2639,#2640,#2641),(#2642,#2643,#2644,#2645),(#2646,
#2647,#2648,#2649),(#2650,#2651,#2652,#2653),(#2654,#2655,#2656,#2657),
(#2658,#2659,#2660,#2661),(#2662,#2663,#2664,#2665),(#2666,#2667,#2668,
#2669),(#2670,#2671,#2672,#2673),(#2674,#2675,#2676,#2677),(#2678,#2679,
#2680,#2681),(#2682,#2683,#2684,#2685),(#2686,#2687,#2688,#2689),(#2690,
#2691,#2692,#2693),(#2694,#2695,#2696,#2697),(#2698,#2699,#2700,#2701),
(#2702,#2703,#2704,#2705)),.RULED_SURF.,.F.,.F.,.F.,(4,2,2,2,2,2,2,2,2,
2,2,2,2,2,2,2,2,2,4),(2,1,1,2),(0.31315965652064,0.344299713767201,0.3637622495463,
0.3832247853254,0.402687321104501,0.422149856883601,0.441612392662701,0.4610749284418,
0.4805374642209,0.5,0.5194625357791,0.5389250715582,0.5583876073373,0.5778501431164,
0.5973126788955,0.6167752146746,0.6362377504537,0.6557002862328,0.686840343479358),
(-0.01,0.,1.,1.01),.UNSPECIFIED.);
#35=B_SPLINE_SURFACE_WITH_KNOTS('',3,1,((#2729,#2730,#2731,#2732),(#2733,
#2734,#2735,#2736),(#2737,#2738,#2739,#2740),(#2741,#2742,#2743,#2744),
(#2745,#2746,#2747,#2748),(#2749,#2750,#2751,#2752),(#2753,#2754,#2755,
#2756),(#2757,#2758,#2759,#2760),(#2761,#2762,#2763,#2764),(#2765,#2766,
#2767,#2768),(#2769,#2770,#2771,#2772),(#2773,#2774,#2775,#2776),(#2777,
#2778,#2779,#2780),(#2781,#2782,#2783,#2784),(#2785,#2786,#2787,#2788),
(#2789,#2790,#2791,#2792),(#2793,#2794,#2795,#2796),(#2797,#2798,#2799,
#2800),(#2801,#2802,#2803,#2804),(#2805,#2806,#2807,#2808),(#2809,#2810,
#2811,#2812),(#2813,#2814,#2815,#2816),(#2817,#2818,#2819,#2820),(#2821,
#2822,#2823,#2824),(#2825,#2826,#2827,#2828),(#2829,#2830,#2831,#2832),
(#2833,#2834,#2835,#2836),(#2837,#2838,#2839,#2840),(#2841,#2842,#2843,
#2844),(#2845,#2846,#2847,#2848),(#2849,#2850,#2851,#2852),(#2853,#2854,
#2855,#2856),(#2857,#2858,#2859,#2860),(#2861,#2862,#2863,#2864),(#2865,
#2866,#2867,#2868),(#2869,#2870,#2871,#2872),(#2873,#2874,#2875,#2876),
(#2877,#2878,#2879,#2880)),.RULED_SURF.,.F.,.F.,.F.,(4,2,2,2,2,2,2,2,2,
2,2,2,2,2,2,2,2,2,4),(2,1,1,2),(0.313159656520641,0.344299713767202,0.363762249546301,
0.383224785325401,0.402687321104502,0.422149856883602,0.441612392662702,
0.461074928441802,0.480537464220902,0.5,0.519462535779102,0.538925071558202,
0.558387607337302,0.577850143116402,0.597312678895502,0.616775214674602,
0.636237750453702,0.655700286232802,0.686840343479363),(-0.01,0.,1.,1.01),
 .UNSPECIFIED.);
#36=B_SPLINE_SURFACE_WITH_KNOTS('',3,1,((#2904,#2905,#2906,#2907),(#2908,
#2909,#2910,#2911),(#2912,#2913,#2914,#2915),(#2916,#2917,#2918,#2919),
(#2920,#2921,#2922,#2923),(#2924,#2925,#2926,#2927),(#2928,#2929,#2930,
#2931),(#2932,#2933,#2934,#2935),(#2936,#2937,#2938,#2939),(#2940,#2941,
#2942,#2943),(#2944,#2945,#2946,#2947),(#2948,#2949,#2950,#2951),(#2952,
#2953,#2954,#2955),(#2956,#2957,#2958,#2959),(#2960,#2961,#2962,#2963),
(#2964,#2965,#2966,#2967),(#2968,#2969,#2970,#2971),(#2972,#2973,#2974,
#2975),(#2976,#2977,#2978,#2979),(#2980,#2981,#2982,#2983),(#2984,#2985,
#2986,#2987),(#2988,#2989,#2990,#2991),(#2992,#2993,#2994,#2995),(#2996,
#2997,#2998,#2999),(#3000,#3001,#3002,#3003),(#3004,#3005,#3006,#3007),
(#3008,#3009,#3010,#3011),(#3012,#3013,#3014,#3015),(#3016,#3017,#3018,
#3019),(#3020,#3021,#3022,#3023),(#3024,#3025,#3026,#3027),(#3028,#3029,
#3030,#3031),(#3032,#3033,#3034,#3035),(#3036,#3037,#3038,#3039),(#3040,
#3041,#3042,#3043),(#3044,#3045,#3046,#3047),(#3048,#3049,#3050,#3051),
(#3052,#3053,#3054,#3055)),.RULED_SURF.,.F.,.F.,.F.,(4,2,2,2,2,2,2,2,2,
2,2,2,2,2,2,2,2,2,4),(2,1,1,2),(0.31315965652064,0.3442997137672,0.363762249546299,
0.383224785325399,0.4026873211045,0.4221498568836,0.4416123926627,0.4610749284418,
0.4805374642209,0.5,0.5194625357791,0.5389250715582,0.5583876073373,0.5778501431164,
0.597312678895501,0.616775214674601,0.636237750453701,0.655700286232801,
0.686840343479361),(-0.01,0.,1.,1.01),.UNSPECIFIED.);
#37=B_SPLINE_SURFACE_WITH_KNOTS('',3,1,((#3079,#3080,#3081,#3082),(#3083,
#3084,#3085,#3086),(#3087,#3088,#3089,#3090),(#3091,#3092,#3093,#3094),
(#3095,#3096,#3097,#3098),(#3099,#3100,#3101,#3102),(#3103,#3104,#3105,
#3106),(#3107,#3108,#3109,#3110),(#3111,#3112,#3113,#3114),(#3115,#3116,
#3117,#3118),(#3119,#3120,#3121,#3122),(#3123,#3124,#3125,#3126),(#3127,
#3128,#3129,#3130),(#3131,#3132,#3133,#3134),(#3135,#3136,#3137,#3138),
(#3139,#3140,#3141,#3142),(#3143,#3144,#3145,#3146),(#3147,#3148,#3149,
#3150),(#3151,#3152,#3153,#3154),(#3155,#3156,#3157,#3158),(#3159,#3160,
#3161,#3162),(#3163,#3164,#3165,#3166),(#3167,#3168,#3169,#3170),(#3171,
#3172,#3173,#3174),(#3175,#3176,#3177,#3178),(#3179,#3180,#3181,#3182),
(#3183,#3184,#3185,#3186),(#3187,#3188,#3189,#3190),(#3191,#3192,#3193,
#3194),(#3195,#3196,#3197,#3198),(#3199,#3200,#3201,#3202),(#3203,#3204,
#3205,#3206),(#3207,#3208,#3209,#3210),(#3211,#3212,#3213,#3214),(#3215,
#3216,#3217,#3218),(#3219,#3220,#3221,#3222),(#3223,#3224,#3225,#3226),
(#3227,#3228,#3229,#3230)),.RULED_SURF.,.F.,.F.,.F.,(4,2,2,2,2,2,2,2,2,
2,2,2,2,2,2,2,2,2,4),(2,1,1,2),(0.313159656520638,0.344299713767199,0.363762249546299,
0.383224785325399,0.4026873211045,0.4221498568836,0.4416123926627,0.4610749284418,
0.4805374642209,0.5,0.5194625357791,0.538925071558201,0.558387607337301,
0.577850143116401,0.597312678895501,0.616775214674601,0.636237750453701,
0.655700286232801,0.686840343479363),(-0.01,0.,1.,1.01),.UNSPECIFIED.);
#38=B_SPLINE_SURFACE_WITH_KNOTS('',3,1,((#3254,#3255,#3256,#3257),(#3258,
#3259,#3260,#3261),(#3262,#3263,#3264,#3265),(#3266,#3267,#3268,#3269),
(#3270,#3271,#3272,#3273),(#3274,#3275,#3276,#3277),(#3278,#3279,#3280,
#3281),(#3282,#3283,#3284,#3285),(#3286,#3287,#3288,#3289),(#3290,#3291,
#3292,#3293),(#3294,#3295,#3296,#3297),(#3298,#3299,#3300,#3301),(#3302,
#3303,#3304,#3305),(#3306,#3307,#3308,#3309),(#3310,#3311,#3312,#3313),
(#3314,#3315,#3316,#3317),(#3318,#3319,#3320,#3321),(#3322,#3323,#3324,
#3325),(#3326,#3327,#3328,#3329),(#3330,#3331,#3332,#3333),(#3334,#3335,
#3336,#3337),(#3338,#3339,#3340,#3341),(#3342,#3343,#3344,#3345),(#3346,
#3347,#3348,#3349),(#3350,#3351,#3352,#3353),(#3354,#3355,#3356,#3357),
(#3358,#3359,#3360,#3361),(#3362,#3363,#3364,#3365),(#3366,#3367,#3368,
#3369),(#3370,#3371,#3372,#3373),(#3374,#3375,#3376,#3377),(#3378,#3379,
#3380,#3381),(#3382,#3383,#3384,#3385),(#3386,#3387,#3388,#3389),(#3390,
#3391,#3392,#3393),(#3394,#3395,#3396,#3397),(#3398,#3399,#3400,#3401),
(#3402,#3403,#3404,#3405)),.RULED_SURF.,.F.,.F.,.F.,(4,2,2,2,2,2,2,2,2,
2,2,2,2,2,2,2,2,2,4),(2,1,1,2),(0.313159656520642,0.344299713767201,0.3637622495463,
0.3832247853254,0.402687321104501,0.422149856883601,0.441612392662701,0.461074928441801,
0.480537464220901,0.5,0.519462535779101,0.538925071558201,0.5583876073373,
0.577850143116401,0.5973126788955,0.6167752146746,0.636237750453701,0.6557002862328,
0.686840343479361),(-0.01,0.,1.,1.01),.UNSPECIFIED.);
#39=B_SPLINE_SURFACE_WITH_KNOTS('',3,1,((#3429,#3430,#3431,#3432),(#3433,
#3434,#3435,#3436),(#3437,#3438,#3439,#3440),(#3441,#3442,#3443,#3444),
(#3445,#3446,#3447,#3448),(#3449,#3450,#3451,#3452),(#3453,#3454,#3455,
#3456),(#3457,#3458,#3459,#3460),(#3461,#3462,#3463,#3464),(#3465,#3466,
#3467,#3468),(#3469,#3470,#3471,#3472),(#3473,#3474,#3475,#3476),(#3477,
#3478,#3479,#3480),(#3481,#3482,#3483,#3484),(#3485,#3486,#3487,#3488),
(#3489,#3490,#3491,#3492),(#3493,#3494,#3495,#3496),(#3497,#3498,#3499,
#3500),(#3501,#3502,#3503,#3504),(#3505,#3506,#3507,#3508),(#3509,#3510,
#3511,#3512),(#3513,#3514,#3515,#3516),(#3517,#3518,#3519,#3520),(#3521,
#3522,#3523,#3524),(#3525,#3526,#3527,#3528),(#3529,#3530,#3531,#3532),
(#3533,#3534,#3535,#3536),(#3537,#3538,#3539,#3540),(#3541,#3542,#3543,
#3544),(#3545,#3546,#3547,#3548),(#3549,#3550,#3551,#3552),(#3553,#3554,
#3555,#3556),(#3557,#3558,#3559,#3560),(#3561,#3562,#3563,#3564),(#3565,
#3566,#3567,#3568),(#3569,#3570,#3571,#3572),(#3573,#3574,#3575,#3576),
(#3577,#3578,#3579,#3580)),.RULED_SURF.,.F.,.F.,.F.,(4,2,2,2,2,2,2,2,2,
2,2,2,2,2,2,2,2,2,4),(2,1,1,2),(0.313159656520639,0.3442997137672,0.3637622495463,
0.3832247853254,0.4026873211045,0.4221498568836,0.4416123926627,0.4610749284418,
0.4805374642209,0.5,0.5194625357791,0.5389250715582,0.5583876073373,0.5778501431164,
0.5973126788955,0.6167752146746,0.6362377504537,0.6557002862328,0.68684034347936),
(-0.01,0.,1.,1.01),.UNSPECIFIED.);
#40=B_SPLINE_SURFACE_WITH_KNOTS('',3,1,((#3604,#3605,#3606,#3607),(#3608,
#3609,#3610,#3611),(#3612,#3613,#3614,#3615),(#3616,#3617,#3618,#3619),
(#3620,#3621,#3622,#3623),(#3624,#3625,#3626,#3627),(#3628,#3629,#3630,
#3631),(#3632,#3633,#3634,#3635),(#3636,#3637,#3638,#3639),(#3640,#3641,
#3642,#3643),(#3644,#3645,#3646,#3647),(#3648,#3649,#3650,#3651),(#3652,
#3653,#3654,#3655),(#3656,#3657,#3658,#3659),(#3660,#3661,#3662,#3663),
(#3664,#3665,#3666,#3667),(#3668,#3669,#3670,#3671),(#3672,#3673,#3674,
#3675),(#3676,#3677,#3678,#3679),(#3680,#3681,#3682,#3683),(#3684,#3685,
#3686,#3687),(#3688,#3689,#3690,#3691),(#3692,#3693,#3694,#3695),(#3696,
#3697,#3698,#3699),(#3700,#3701,#3702,#3703),(#3704,#3705,#3706,#3707),
(#3708,#3709,#3710,#3711),(#3712,#3713,#3714,#3715),(#3716,#3717,#3718,
#3719),(#3720,#3721,#3722,#3723),(#3724,#3725,#3726,#3727),(#3728,#3729,
#3730,#3731),(#3732,#3733,#3734,#3735),(#3736,#3737,#3738,#3739),(#3740,
#3741,#3742,#3743),(#3744,#3745,#3746,#3747),(#3748,#3749,#3750,#3751),
(#3752,#3753,#3754,#3755)),.RULED_SURF.,.F.,.F.,.F.,(4,2,2,2,2,2,2,2,2,
2,2,2,2,2,2,2,2,2,4),(2,1,1,2),(0.313159656520638,0.344299713767199,0.363762249546299,
0.383224785325399,0.4026873211045,0.4221498568836,0.4416123926627,0.461074928441799,
0.480537464220899,0.5,0.519462535779099,0.538925071558199,0.558387607337299,
0.577850143116399,0.597312678895499,0.6167752146746,0.6362377504537,0.6557002862328,
0.68684034347936),(-0.01,0.,1.,1.01),.UNSPECIFIED.);
#41=B_SPLINE_SURFACE_WITH_KNOTS('',3,1,((#3779,#3780,#3781,#3782),(#3783,
#3784,#3785,#3786),(#3787,#3788,#3789,#3790),(#3791,#3792,#3793,#3794),
(#3795,#3796,#3797,#3798),(#3799,#3800,#3801,#3802),(#3803,#3804,#3805,
#3806),(#3807,#3808,#3809,#3810),(#3811,#3812,#3813,#3814),(#3815,#3816,
#3817,#3818),(#3819,#3820,#3821,#3822),(#3823,#3824,#3825,#3826),(#3827,
#3828,#3829,#3830),(#3831,#3832,#3833,#3834),(#3835,#3836,#3837,#3838),
(#3839,#3840,#3841,#3842),(#3843,#3844,#3845,#3846),(#3847,#3848,#3849,
#3850),(#3851,#3852,#3853,#3854),(#3855,#3856,#3857,#3858),(#3859,#3860,
#3861,#3862),(#3863,#3864,#3865,#3866),(#3867,#3868,#3869,#3870),(#3871,
#3872,#3873,#3874),(#3875,#3876,#3877,#3878),(#3879,#3880,#3881,#3882),
(#3883,#3884,#3885,#3886),(#3887,#3888,#3889,#3890),(#3891,#3892,#3893,
#3894),(#3895,#3896,#3897,#3898),(#3899,#3900,#3901,#3902),(#3903,#3904,
#3905,#3906),(#3907,#3908,#3909,#3910),(#3911,#3912,#3913,#3914),(#3915,
#3916,#3917,#3918),(#3919,#3920,#3921,#3922),(#3923,#3924,#3925,#3926),
(#3927,#3928,#3929,#3930)),.RULED_SURF.,.F.,.F.,.F.,(4,2,2,2,2,2,2,2,2,
2,2,2,2,2,2,2,2,2,4),(2,1,1,2),(0.313159656520639,0.344299713767199,0.363762249546299,
0.383224785325399,0.4026873211045,0.4221498568836,0.4416123926627,0.461074928441799,
0.480537464220899,0.5,0.519462535779099,0.5389250715582,0.5583876073373,
0.5778501431164,0.5973126788955,0.6167752146746,0.6362377504537,0.6557002862328,
0.686840343479358),(-0.01,0.,1.,1.01),.UNSPECIFIED.);
#42=B_SPLINE_SURFACE_WITH_KNOTS('',3,1,((#3954,#3955,#3956,#3957),(#3958,
#3959,#3960,#3961),(#3962,#3963,#3964,#3965),(#3966,#3967,#3968,#3969),
(#3970,#3971,#3972,#3973),(#3974,#3975,#3976,#3977),(#3978,#3979,#3980,
#3981),(#3982,#3983,#3984,#3985),(#3986,#3987,#3988,#3989),(#3990,#3991,
#3992,#3993),(#3994,#3995,#3996,#3997),(#3998,#3999,#4000,#4001),(#4002,
#4003,#4004,#4005),(#4006,#4007,#4008,#4009),(#4010,#4011,#4012,#4013),
(#4014,#4015,#4016,#4017),(#4018,#4019,#4020,#4021),(#4022,#4023,#4024,
#4025),(#4026,#4027,#4028,#4029),(#4030,#4031,#4032,#4033),(#4034,#4035,
#4036,#4037),(#4038,#4039,#4040,#4041),(#4042,#4043,#4044,#4045),(#4046,
#4047,#4048,#4049),(#4050,#4051,#4052,#4053),(#4054,#4055,#4056,#4057),
(#4058,#4059,#4060,#4061),(#4062,#4063,#4064,#4065),(#4066,#4067,#4068,
#4069),(#4070,#4071,#4072,#4073),(#4074,#4075,#4076,#4077),(#4078,#4079,
#4080,#4081),(#4082,#4083,#4084,#4085),(#4086,#4087,#4088,#4089),(#4090,
#4091,#4092,#4093),(#4094,#4095,#4096,#4097),(#4098,#4099,#4100,#4101),
(#4102,#4103,#4104,#4105)),.RULED_SURF.,.F.,.F.,.F.,(4,2,2,2,2,2,2,2,2,
2,2,2,2,2,2,2,2,2,4),(2,1,1,2),(0.313159656520639,0.3442997137672,0.363762249546299,
0.383224785325399,0.4026873211045,0.4221498568836,0.4416123926627,0.4610749284418,
0.4805374642209,0.5,0.5194625357791,0.5389250715582,0.5583876073373,0.5778501431164,
0.5973126788955,0.6167752146746,0.6362377504537,0.6557002862328,0.686840343479361),
(-0.01,0.,1.,1.01),.UNSPECIFIED.);
#43=LINE('',#1671,#155);
#44=LINE('',#1674,#156);
#45=LINE('',#1676,#157);
#46=LINE('',#1678,#158);
#47=LINE('',#1833,#159);
#48=LINE('',#1837,#160);
#49=LINE('',#1839,#161);
#50=LINE('',#1841,#162);
#51=LINE('',#1845,#163);
#52=LINE('',#1849,#164);
#53=LINE('',#1851,#165);
#54=LINE('',#1853,#166);
#55=LINE('',#2008,#167);
#56=LINE('',#2012,#168);
#57=LINE('',#2014,#169);
#58=LINE('',#2016,#170);
#59=LINE('',#2020,#171);
#60=LINE('',#2024,#172);
#61=LINE('',#2026,#173);
#62=LINE('',#2028,#174);
#63=LINE('',#2183,#175);
#64=LINE('',#2187,#176);
#65=LINE('',#2189,#177);
#66=LINE('',#2191,#178);
#67=LINE('',#2195,#179);
#68=LINE('',#2199,#180);
#69=LINE('',#2201,#181);
#70=LINE('',#2203,#182);
#71=LINE('',#2358,#183);
#72=LINE('',#2362,#184);
#73=LINE('',#2364,#185);
#74=LINE('',#2366,#186);
#75=LINE('',#2370,#187);
#76=LINE('',#2374,#188);
#77=LINE('',#2376,#189);
#78=LINE('',#2378,#190);
#79=LINE('',#2533,#191);
#80=LINE('',#2537,#192);
#81=LINE('',#2539,#193);
#82=LINE('',#2541,#194);
#83=LINE('',#2545,#195);
#84=LINE('',#2549,#196);
#85=LINE('',#2551,#197);
#86=LINE('',#2553,#198);
#87=LINE('',#2708,#199);
#88=LINE('',#2712,#200);
#89=LINE('',#2714,#201);
#90=LINE('',#2716,#202);
#91=LINE('',#2720,#203);
#92=LINE('',#2724,#204);
#93=LINE('',#2726,#205);
#94=LINE('',#2728,#206);
#95=LINE('',#2883,#207);
#96=LINE('',#2887,#208);
#97=LINE('',#2889,#209);
#98=LINE('',#2891,#210);
#99=LINE('',#2895,#211);
#100=LINE('',#2899,#212);
#101=LINE('',#2901,#213);
#102=LINE('',#2903,#214);
#103=LINE('',#3058,#215);
#104=LINE('',#3062,#216);
#105=LINE('',#3064,#217);
#106=LINE('',#3066,#218);
#107=LINE('',#3070,#219);
#108=LINE('',#3074,#220);
#109=LINE('',#3076,#221);
#110=LINE('',#3078,#222);
#111=LINE('',#3233,#223);
#112=LINE('',#3237,#224);
#113=LINE('',#3239,#225);
#114=LINE('',#3241,#226);
#115=LINE('',#3245,#227);
#116=LINE('',#3249,#228);
#117=LINE('',#3251,#229);
#118=LINE('',#3253,#230);
#119=LINE('',#3408,#231);
#120=LINE('',#3412,#232);
#121=LINE('',#3414,#233);
#122=LINE('',#3416,#234);
#123=LINE('',#3420,#235);
#124=LINE('',#3424,#236);
#125=LINE('',#3426,#237);
#126=LINE('',#3428,#238);
#127=LINE('',#3583,#239);
#128=LINE('',#3587,#240);
#129=LINE('',#3589,#241);
#130=LINE('',#3591,#242);
#131=LINE('',#3595,#243);
#132=LINE('',#3599,#244);
#133=LINE('',#3601,#245);
#134=LINE('',#3603,#246);
#135=LINE('',#3758,#247);
#136=LINE('',#3762,#248);
#137=LINE('',#3764,#249);
#138=LINE('',#3766,#250);
#139=LINE('',#3770,#251);
#140=LINE('',#3774,#252);
#141=LINE('',#3776,#253);
#142=LINE('',#3778,#254);
#143=LINE('',#3933,#255);
#144=LINE('',#3937,#256);
#145=LINE('',#3939,#257);
#146=LINE('',#3941,#258);
#147=LINE('',#3945,#259);
#148=LINE('',#3949,#260);
#149=LINE('',#3951,#261);
#150=LINE('',#3953,#262);
#151=LINE('',#4108,#263);
#152=LINE('',#4112,#264);
#153=LINE('',#4114,#265);
#154=LINE('',#4116,#266);
#155=VECTOR('',#1338,1.);
#156=VECTOR('',#1339,1.);
#157=VECTOR('',#1340,1.);
#158=VECTOR('',#1341,1.);
#159=VECTOR('',#1344,1.);
#160=VECTOR('',#1349,1.);
#161=VECTOR('',#1350,1.);
#162=VECTOR('',#1351,1.);
#163=VECTOR('',#1356,1.);
#164=VECTOR('',#1361,1.);
#165=VECTOR('',#1362,1.);
#166=VECTOR('',#1363,1.);
#167=VECTOR('',#1366,1.);
#168=VECTOR('',#1371,1.);
#169=VECTOR('',#1372,1.);
#170=VECTOR('',#1373,1.);
#171=VECTOR('',#1378,1.);
#172=VECTOR('',#1383,1.);
#173=VECTOR('',#1384,1.);
#174=VECTOR('',#1385,1.);
#175=VECTOR('',#1388,1.);
#176=VECTOR('',#1393,1.);
#177=VECTOR('',#1394,1.);
#178=VECTOR('',#1395,1.);
#179=VECTOR('',#1400,1.);
#180=VECTOR('',#1405,1.);
#181=VECTOR('',#1406,1.);
#182=VECTOR('',#1407,1.);
#183=VECTOR('',#1410,1.);
#184=VECTOR('',#1415,1.);
#185=VECTOR('',#1416,1.);
#186=VECTOR('',#1417,1.);
#187=VECTOR('',#1422,1.);
#188=VECTOR('',#1427,1.);
#189=VECTOR('',#1428,1.);
#190=VECTOR('',#1429,1.);
#191=VECTOR('',#1432,1.);
#192=VECTOR('',#1437,1.);
#193=VECTOR('',#1438,1.);
#194=VECTOR('',#1439,1.);
#195=VECTOR('',#1444,1.);
#196=VECTOR('',#1449,1.);
#197=VECTOR('',#1450,1.);
#198=VECTOR('',#1451,1.);
#199=VECTOR('',#1454,1.);
#200=VECTOR('',#1459,1.);
#201=VECTOR('',#1460,1.);
#202=VECTOR('',#1461,1.);
#203=VECTOR('',#1466,1.);
#204=VECTOR('',#1471,1.);
#205=VECTOR('',#1472,1.);
#206=VECTOR('',#1473,1.);
#207=VECTOR('',#1476,1.);
#208=VECTOR('',#1481,1.);
#209=VECTOR('',#1482,1.);
#210=VECTOR('',#1483,1.);
#211=VECTOR('',#1488,1.);
#212=VECTOR('',#1493,1.);
#213=VECTOR('',#1494,1.);
#214=VECTOR('',#1495,1.);
#215=VECTOR('',#1498,1.);
#216=VECTOR('',#1503,1.);
#217=VECTOR('',#1504,1.);
#218=VECTOR('',#1505,1.);
#219=VECTOR('',#1510,1.);
#220=VECTOR('',#1515,1.);
#221=VECTOR('',#1516,1.);
#222=VECTOR('',#1517,1.);
#223=VECTOR('',#1520,1.);
#224=VECTOR('',#1525,1.);
#225=VECTOR('',#1526,1.);
#226=VECTOR('',#1527,1.);
#227=VECTOR('',#1532,1.);
#228=VECTOR('',#1537,1.);
#229=VECTOR('',#1538,1.);
#230=VECTOR('',#1539,1.);
#231=VECTOR('',#1542,1.);
#232=VECTOR('',#1547,1.);
#233=VECTOR('',#1548,1.);
#234=VECTOR('',#1549,1.);
#235=VECTOR('',#1554,1.);
#236=VECTOR('',#1559,1.);
#237=VECTOR('',#1560,1.);
#238=VECTOR('',#1561,1.);
#239=VECTOR('',#1564,1.);
#240=VECTOR('',#1569,1.);
#241=VECTOR('',#1570,1.);
#242=VECTOR('',#1571,1.);
#243=VECTOR('',#1576,1.);
#244=VECTOR('',#1581,1.);
#245=VECTOR('',#1582,1.);
#246=VECTOR('',#1583,1.);
#247=VECTOR('',#1586,1.);
#248=VECTOR('',#1591,1.);
#249=VECTOR('',#1592,1.);
#250=VECTOR('',#1593,1.);
#251=VECTOR('',#1598,1.);
#252=VECTOR('',#1603,1.);
#253=VECTOR('',#1604,1.);
#254=VECTOR('',#1605,1.);
#255=VECTOR('',#1608,1.);
#256=VECTOR('',#1613,1.);
#257=VECTOR('',#1614,1.);
#258=VECTOR('',#1615,1.);
#259=VECTOR('',#1620,1.);
#260=VECTOR('',#1625,1.);
#261=VECTOR('',#1626,1.);
#262=VECTOR('',#1627,1.);
#263=VECTOR('',#1630,1.);
#264=VECTOR('',#1635,1.);
#265=VECTOR('',#1636,1.);
#266=VECTOR('',#1637,1.);
#267=ORIENTED_EDGE('',*,*,#615,.F.);
#268=ORIENTED_EDGE('',*,*,#616,.T.);
#269=ORIENTED_EDGE('',*,*,#617,.F.);
#270=ORIENTED_EDGE('',*,*,#618,.F.);
#271=ORIENTED_EDGE('',*,*,#619,.T.);
#272=ORIENTED_EDGE('',*,*,#620,.T.);
#273=ORIENTED_EDGE('',*,*,#618,.T.);
#274=ORIENTED_EDGE('',*,*,#621,.F.);
#275=ORIENTED_EDGE('',*,*,#622,.F.);
#276=ORIENTED_EDGE('',*,*,#623,.T.);
#277=ORIENTED_EDGE('',*,*,#622,.T.);
#278=ORIENTED_EDGE('',*,*,#624,.F.);
#279=ORIENTED_EDGE('',*,*,#625,.F.);
#280=ORIENTED_EDGE('',*,*,#626,.T.);
#281=ORIENTED_EDGE('',*,*,#625,.T.);
#282=ORIENTED_EDGE('',*,*,#627,.F.);
#283=ORIENTED_EDGE('',*,*,#628,.F.);
#284=ORIENTED_EDGE('',*,*,#629,.T.);
#285=ORIENTED_EDGE('',*,*,#628,.T.);
#286=ORIENTED_EDGE('',*,*,#630,.F.);
#287=ORIENTED_EDGE('',*,*,#631,.F.);
#288=ORIENTED_EDGE('',*,*,#632,.T.);
#289=ORIENTED_EDGE('',*,*,#631,.T.);
#290=ORIENTED_EDGE('',*,*,#633,.F.);
#291=ORIENTED_EDGE('',*,*,#634,.F.);
#292=ORIENTED_EDGE('',*,*,#635,.T.);
#293=ORIENTED_EDGE('',*,*,#634,.T.);
#294=ORIENTED_EDGE('',*,*,#636,.F.);
#295=ORIENTED_EDGE('',*,*,#637,.F.);
#296=ORIENTED_EDGE('',*,*,#638,.T.);
#297=ORIENTED_EDGE('',*,*,#637,.T.);
#298=ORIENTED_EDGE('',*,*,#639,.F.);
#299=ORIENTED_EDGE('',*,*,#640,.F.);
#300=ORIENTED_EDGE('',*,*,#641,.T.);
#301=ORIENTED_EDGE('',*,*,#640,.T.);
#302=ORIENTED_EDGE('',*,*,#642,.F.);
#303=ORIENTED_EDGE('',*,*,#643,.F.);
#304=ORIENTED_EDGE('',*,*,#644,.T.);
#305=ORIENTED_EDGE('',*,*,#643,.T.);
#306=ORIENTED_EDGE('',*,*,#645,.F.);
#307=ORIENTED_EDGE('',*,*,#646,.F.);
#308=ORIENTED_EDGE('',*,*,#647,.T.);
#309=ORIENTED_EDGE('',*,*,#646,.T.);
#310=ORIENTED_EDGE('',*,*,#648,.F.);
#311=ORIENTED_EDGE('',*,*,#649,.F.);
#312=ORIENTED_EDGE('',*,*,#650,.T.);
#313=ORIENTED_EDGE('',*,*,#649,.T.);
#314=ORIENTED_EDGE('',*,*,#651,.F.);
#315=ORIENTED_EDGE('',*,*,#652,.F.);
#316=ORIENTED_EDGE('',*,*,#653,.T.);
#317=ORIENTED_EDGE('',*,*,#652,.T.);
#318=ORIENTED_EDGE('',*,*,#654,.F.);
#319=ORIENTED_EDGE('',*,*,#655,.F.);
#320=ORIENTED_EDGE('',*,*,#656,.T.);
#321=ORIENTED_EDGE('',*,*,#655,.T.);
#322=ORIENTED_EDGE('',*,*,#657,.F.);
#323=ORIENTED_EDGE('',*,*,#658,.F.);
#324=ORIENTED_EDGE('',*,*,#659,.T.);
#325=ORIENTED_EDGE('',*,*,#658,.T.);
#326=ORIENTED_EDGE('',*,*,#660,.F.);
#327=ORIENTED_EDGE('',*,*,#661,.F.);
#328=ORIENTED_EDGE('',*,*,#662,.T.);
#329=ORIENTED_EDGE('',*,*,#661,.T.);
#330=ORIENTED_EDGE('',*,*,#663,.F.);
#331=ORIENTED_EDGE('',*,*,#664,.F.);
#332=ORIENTED_EDGE('',*,*,#665,.T.);
#333=ORIENTED_EDGE('',*,*,#664,.T.);
#334=ORIENTED_EDGE('',*,*,#666,.F.);
#335=ORIENTED_EDGE('',*,*,#667,.F.);
#336=ORIENTED_EDGE('',*,*,#668,.T.);
#337=ORIENTED_EDGE('',*,*,#667,.T.);
#338=ORIENTED_EDGE('',*,*,#669,.F.);
#339=ORIENTED_EDGE('',*,*,#670,.F.);
#340=ORIENTED_EDGE('',*,*,#671,.T.);
#341=ORIENTED_EDGE('',*,*,#670,.T.);
#342=ORIENTED_EDGE('',*,*,#672,.F.);
#343=ORIENTED_EDGE('',*,*,#673,.F.);
#344=ORIENTED_EDGE('',*,*,#674,.T.);
#345=ORIENTED_EDGE('',*,*,#673,.T.);
#346=ORIENTED_EDGE('',*,*,#675,.F.);
#347=ORIENTED_EDGE('',*,*,#676,.F.);
#348=ORIENTED_EDGE('',*,*,#677,.T.);
#349=ORIENTED_EDGE('',*,*,#676,.T.);
#350=ORIENTED_EDGE('',*,*,#678,.F.);
#351=ORIENTED_EDGE('',*,*,#679,.F.);
#352=ORIENTED_EDGE('',*,*,#680,.T.);
#353=ORIENTED_EDGE('',*,*,#679,.T.);
#354=ORIENTED_EDGE('',*,*,#681,.F.);
#355=ORIENTED_EDGE('',*,*,#682,.F.);
#356=ORIENTED_EDGE('',*,*,#683,.T.);
#357=ORIENTED_EDGE('',*,*,#682,.T.);
#358=ORIENTED_EDGE('',*,*,#684,.F.);
#359=ORIENTED_EDGE('',*,*,#685,.F.);
#360=ORIENTED_EDGE('',*,*,#686,.T.);
#361=ORIENTED_EDGE('',*,*,#685,.T.);
#362=ORIENTED_EDGE('',*,*,#687,.F.);
#363=ORIENTED_EDGE('',*,*,#688,.F.);
#364=ORIENTED_EDGE('',*,*,#689,.T.);
#365=ORIENTED_EDGE('',*,*,#688,.T.);
#366=ORIENTED_EDGE('',*,*,#690,.F.);
#367=ORIENTED_EDGE('',*,*,#691,.F.);
#368=ORIENTED_EDGE('',*,*,#692,.T.);
#369=ORIENTED_EDGE('',*,*,#691,.T.);
#370=ORIENTED_EDGE('',*,*,#693,.F.);
#371=ORIENTED_EDGE('',*,*,#694,.F.);
#372=ORIENTED_EDGE('',*,*,#695,.T.);
#373=ORIENTED_EDGE('',*,*,#694,.T.);
#374=ORIENTED_EDGE('',*,*,#696,.F.);
#375=ORIENTED_EDGE('',*,*,#697,.F.);
#376=ORIENTED_EDGE('',*,*,#698,.T.);
#377=ORIENTED_EDGE('',*,*,#697,.T.);
#378=ORIENTED_EDGE('',*,*,#699,.F.);
#379=ORIENTED_EDGE('',*,*,#700,.F.);
#380=ORIENTED_EDGE('',*,*,#701,.T.);
#381=ORIENTED_EDGE('',*,*,#700,.T.);
#382=ORIENTED_EDGE('',*,*,#702,.F.);
#383=ORIENTED_EDGE('',*,*,#703,.F.);
#384=ORIENTED_EDGE('',*,*,#704,.T.);
#385=ORIENTED_EDGE('',*,*,#703,.T.);
#386=ORIENTED_EDGE('',*,*,#705,.F.);
#387=ORIENTED_EDGE('',*,*,#706,.F.);
#388=ORIENTED_EDGE('',*,*,#707,.T.);
#389=ORIENTED_EDGE('',*,*,#706,.T.);
#390=ORIENTED_EDGE('',*,*,#708,.F.);
#391=ORIENTED_EDGE('',*,*,#709,.F.);
#392=ORIENTED_EDGE('',*,*,#710,.T.);
#393=ORIENTED_EDGE('',*,*,#709,.T.);
#394=ORIENTED_EDGE('',*,*,#711,.F.);
#395=ORIENTED_EDGE('',*,*,#712,.F.);
#396=ORIENTED_EDGE('',*,*,#713,.T.);
#397=ORIENTED_EDGE('',*,*,#712,.T.);
#398=ORIENTED_EDGE('',*,*,#714,.F.);
#399=ORIENTED_EDGE('',*,*,#715,.F.);
#400=ORIENTED_EDGE('',*,*,#716,.T.);
#401=ORIENTED_EDGE('',*,*,#715,.T.);
#402=ORIENTED_EDGE('',*,*,#717,.F.);
#403=ORIENTED_EDGE('',*,*,#718,.F.);
#404=ORIENTED_EDGE('',*,*,#719,.T.);
#405=ORIENTED_EDGE('',*,*,#718,.T.);
#406=ORIENTED_EDGE('',*,*,#720,.F.);
#407=ORIENTED_EDGE('',*,*,#721,.F.);
#408=ORIENTED_EDGE('',*,*,#722,.T.);
#409=ORIENTED_EDGE('',*,*,#721,.T.);
#410=ORIENTED_EDGE('',*,*,#723,.F.);
#411=ORIENTED_EDGE('',*,*,#724,.F.);
#412=ORIENTED_EDGE('',*,*,#725,.T.);
#413=ORIENTED_EDGE('',*,*,#724,.T.);
#414=ORIENTED_EDGE('',*,*,#726,.F.);
#415=ORIENTED_EDGE('',*,*,#727,.F.);
#416=ORIENTED_EDGE('',*,*,#728,.T.);
#417=ORIENTED_EDGE('',*,*,#727,.T.);
#418=ORIENTED_EDGE('',*,*,#729,.F.);
#419=ORIENTED_EDGE('',*,*,#730,.F.);
#420=ORIENTED_EDGE('',*,*,#731,.T.);
#421=ORIENTED_EDGE('',*,*,#730,.T.);
#422=ORIENTED_EDGE('',*,*,#732,.F.);
#423=ORIENTED_EDGE('',*,*,#733,.F.);
#424=ORIENTED_EDGE('',*,*,#734,.T.);
#425=ORIENTED_EDGE('',*,*,#733,.T.);
#426=ORIENTED_EDGE('',*,*,#735,.F.);
#427=ORIENTED_EDGE('',*,*,#736,.F.);
#428=ORIENTED_EDGE('',*,*,#737,.T.);
#429=ORIENTED_EDGE('',*,*,#736,.T.);
#430=ORIENTED_EDGE('',*,*,#738,.F.);
#431=ORIENTED_EDGE('',*,*,#739,.F.);
#432=ORIENTED_EDGE('',*,*,#740,.T.);
#433=ORIENTED_EDGE('',*,*,#739,.T.);
#434=ORIENTED_EDGE('',*,*,#741,.F.);
#435=ORIENTED_EDGE('',*,*,#742,.F.);
#436=ORIENTED_EDGE('',*,*,#743,.T.);
#437=ORIENTED_EDGE('',*,*,#742,.T.);
#438=ORIENTED_EDGE('',*,*,#744,.F.);
#439=ORIENTED_EDGE('',*,*,#745,.F.);
#440=ORIENTED_EDGE('',*,*,#746,.T.);
#441=ORIENTED_EDGE('',*,*,#745,.T.);
#442=ORIENTED_EDGE('',*,*,#747,.F.);
#443=ORIENTED_EDGE('',*,*,#748,.F.);
#444=ORIENTED_EDGE('',*,*,#749,.T.);
#445=ORIENTED_EDGE('',*,*,#748,.T.);
#446=ORIENTED_EDGE('',*,*,#750,.F.);
#447=ORIENTED_EDGE('',*,*,#751,.F.);
#448=ORIENTED_EDGE('',*,*,#752,.T.);
#449=ORIENTED_EDGE('',*,*,#751,.T.);
#450=ORIENTED_EDGE('',*,*,#753,.F.);
#451=ORIENTED_EDGE('',*,*,#754,.F.);
#452=ORIENTED_EDGE('',*,*,#755,.T.);
#453=ORIENTED_EDGE('',*,*,#754,.T.);
#454=ORIENTED_EDGE('',*,*,#756,.F.);
#455=ORIENTED_EDGE('',*,*,#757,.F.);
#456=ORIENTED_EDGE('',*,*,#758,.T.);
#457=ORIENTED_EDGE('',*,*,#757,.T.);
#458=ORIENTED_EDGE('',*,*,#759,.F.);
#459=ORIENTED_EDGE('',*,*,#760,.F.);
#460=ORIENTED_EDGE('',*,*,#761,.T.);
#461=ORIENTED_EDGE('',*,*,#760,.T.);
#462=ORIENTED_EDGE('',*,*,#762,.F.);
#463=ORIENTED_EDGE('',*,*,#763,.F.);
#464=ORIENTED_EDGE('',*,*,#764,.T.);
#465=ORIENTED_EDGE('',*,*,#763,.T.);
#466=ORIENTED_EDGE('',*,*,#765,.F.);
#467=ORIENTED_EDGE('',*,*,#766,.F.);
#468=ORIENTED_EDGE('',*,*,#767,.T.);
#469=ORIENTED_EDGE('',*,*,#766,.T.);
#470=ORIENTED_EDGE('',*,*,#768,.F.);
#471=ORIENTED_EDGE('',*,*,#769,.F.);
#472=ORIENTED_EDGE('',*,*,#770,.T.);
#473=ORIENTED_EDGE('',*,*,#769,.T.);
#474=ORIENTED_EDGE('',*,*,#771,.F.);
#475=ORIENTED_EDGE('',*,*,#772,.F.);
#476=ORIENTED_EDGE('',*,*,#773,.T.);
#477=ORIENTED_EDGE('',*,*,#772,.T.);
#478=ORIENTED_EDGE('',*,*,#774,.F.);
#479=ORIENTED_EDGE('',*,*,#775,.F.);
#480=ORIENTED_EDGE('',*,*,#776,.T.);
#481=ORIENTED_EDGE('',*,*,#775,.T.);
#482=ORIENTED_EDGE('',*,*,#777,.F.);
#483=ORIENTED_EDGE('',*,*,#778,.F.);
#484=ORIENTED_EDGE('',*,*,#779,.T.);
#485=ORIENTED_EDGE('',*,*,#778,.T.);
#486=ORIENTED_EDGE('',*,*,#780,.F.);
#487=ORIENTED_EDGE('',*,*,#781,.F.);
#488=ORIENTED_EDGE('',*,*,#782,.T.);
#489=ORIENTED_EDGE('',*,*,#781,.T.);
#490=ORIENTED_EDGE('',*,*,#783,.F.);
#491=ORIENTED_EDGE('',*,*,#620,.F.);
#492=ORIENTED_EDGE('',*,*,#784,.T.);
#493=ORIENTED_EDGE('',*,*,#785,.F.);
#494=ORIENTED_EDGE('',*,*,#657,.T.);
#495=ORIENTED_EDGE('',*,*,#654,.T.);
#496=ORIENTED_EDGE('',*,*,#651,.T.);
#497=ORIENTED_EDGE('',*,*,#648,.T.);
#498=ORIENTED_EDGE('',*,*,#645,.T.);
#499=ORIENTED_EDGE('',*,*,#642,.T.);
#500=ORIENTED_EDGE('',*,*,#639,.T.);
#501=ORIENTED_EDGE('',*,*,#636,.T.);
#502=ORIENTED_EDGE('',*,*,#633,.T.);
#503=ORIENTED_EDGE('',*,*,#630,.T.);
#504=ORIENTED_EDGE('',*,*,#627,.T.);
#505=ORIENTED_EDGE('',*,*,#624,.T.);
#506=ORIENTED_EDGE('',*,*,#621,.T.);
#507=ORIENTED_EDGE('',*,*,#617,.T.);
#508=ORIENTED_EDGE('',*,*,#783,.T.);
#509=ORIENTED_EDGE('',*,*,#780,.T.);
#510=ORIENTED_EDGE('',*,*,#777,.T.);
#511=ORIENTED_EDGE('',*,*,#774,.T.);
#512=ORIENTED_EDGE('',*,*,#771,.T.);
#513=ORIENTED_EDGE('',*,*,#768,.T.);
#514=ORIENTED_EDGE('',*,*,#765,.T.);
#515=ORIENTED_EDGE('',*,*,#762,.T.);
#516=ORIENTED_EDGE('',*,*,#759,.T.);
#517=ORIENTED_EDGE('',*,*,#756,.T.);
#518=ORIENTED_EDGE('',*,*,#753,.T.);
#519=ORIENTED_EDGE('',*,*,#750,.T.);
#520=ORIENTED_EDGE('',*,*,#747,.T.);
#521=ORIENTED_EDGE('',*,*,#744,.T.);
#522=ORIENTED_EDGE('',*,*,#741,.T.);
#523=ORIENTED_EDGE('',*,*,#738,.T.);
#524=ORIENTED_EDGE('',*,*,#735,.T.);
#525=ORIENTED_EDGE('',*,*,#732,.T.);
#526=ORIENTED_EDGE('',*,*,#729,.T.);
#527=ORIENTED_EDGE('',*,*,#726,.T.);
#528=ORIENTED_EDGE('',*,*,#723,.T.);
#529=ORIENTED_EDGE('',*,*,#720,.T.);
#530=ORIENTED_EDGE('',*,*,#717,.T.);
#531=ORIENTED_EDGE('',*,*,#714,.T.);
#532=ORIENTED_EDGE('',*,*,#711,.T.);
#533=ORIENTED_EDGE('',*,*,#708,.T.);
#534=ORIENTED_EDGE('',*,*,#705,.T.);
#535=ORIENTED_EDGE('',*,*,#702,.T.);
#536=ORIENTED_EDGE('',*,*,#699,.T.);
#537=ORIENTED_EDGE('',*,*,#696,.T.);
#538=ORIENTED_EDGE('',*,*,#693,.T.);
#539=ORIENTED_EDGE('',*,*,#690,.T.);
#540=ORIENTED_EDGE('',*,*,#687,.T.);
#541=ORIENTED_EDGE('',*,*,#684,.T.);
#542=ORIENTED_EDGE('',*,*,#681,.T.);
#543=ORIENTED_EDGE('',*,*,#678,.T.);
#544=ORIENTED_EDGE('',*,*,#675,.T.);
#545=ORIENTED_EDGE('',*,*,#672,.T.);
#546=ORIENTED_EDGE('',*,*,#669,.T.);
#547=ORIENTED_EDGE('',*,*,#666,.T.);
#548=ORIENTED_EDGE('',*,*,#663,.T.);
#549=ORIENTED_EDGE('',*,*,#660,.T.);
#550=ORIENTED_EDGE('',*,*,#786,.T.);
#551=ORIENTED_EDGE('',*,*,#659,.F.);
#552=ORIENTED_EDGE('',*,*,#662,.F.);
#553=ORIENTED_EDGE('',*,*,#665,.F.);
#554=ORIENTED_EDGE('',*,*,#668,.F.);
#555=ORIENTED_EDGE('',*,*,#671,.F.);
#556=ORIENTED_EDGE('',*,*,#674,.F.);
#557=ORIENTED_EDGE('',*,*,#677,.F.);
#558=ORIENTED_EDGE('',*,*,#680,.F.);
#559=ORIENTED_EDGE('',*,*,#683,.F.);
#560=ORIENTED_EDGE('',*,*,#686,.F.);
#561=ORIENTED_EDGE('',*,*,#689,.F.);
#562=ORIENTED_EDGE('',*,*,#692,.F.);
#563=ORIENTED_EDGE('',*,*,#695,.F.);
#564=ORIENTED_EDGE('',*,*,#698,.F.);
#565=ORIENTED_EDGE('',*,*,#701,.F.);
#566=ORIENTED_EDGE('',*,*,#704,.F.);
#567=ORIENTED_EDGE('',*,*,#707,.F.);
#568=ORIENTED_EDGE('',*,*,#710,.F.);
#569=ORIENTED_EDGE('',*,*,#713,.F.);
#570=ORIENTED_EDGE('',*,*,#716,.F.);
#571=ORIENTED_EDGE('',*,*,#719,.F.);
#572=ORIENTED_EDGE('',*,*,#722,.F.);
#573=ORIENTED_EDGE('',*,*,#725,.F.);
#574=ORIENTED_EDGE('',*,*,#728,.F.);
#575=ORIENTED_EDGE('',*,*,#731,.F.);
#576=ORIENTED_EDGE('',*,*,#734,.F.);
#577=ORIENTED_EDGE('',*,*,#737,.F.);
#578=ORIENTED_EDGE('',*,*,#740,.F.);
#579=ORIENTED_EDGE('',*,*,#743,.F.);
#580=ORIENTED_EDGE('',*,*,#746,.F.);
#581=ORIENTED_EDGE('',*,*,#749,.F.);
#582=ORIENTED_EDGE('',*,*,#752,.F.);
#583=ORIENTED_EDGE('',*,*,#755,.F.);
#584=ORIENTED_EDGE('',*,*,#758,.F.);
#585=ORIENTED_EDGE('',*,*,#761,.F.);
#586=ORIENTED_EDGE('',*,*,#764,.F.);
#587=ORIENTED_EDGE('',*,*,#767,.F.);
#588=ORIENTED_EDGE('',*,*,#770,.F.);
#589=ORIENTED_EDGE('',*,*,#773,.F.);
#590=ORIENTED_EDGE('',*,*,#776,.F.);
#591=ORIENTED_EDGE('',*,*,#779,.F.);
#592=ORIENTED_EDGE('',*,*,#782,.F.);
#593=ORIENTED_EDGE('',*,*,#784,.F.);
#594=ORIENTED_EDGE('',*,*,#619,.F.);
#595=ORIENTED_EDGE('',*,*,#623,.F.);
#596=ORIENTED_EDGE('',*,*,#626,.F.);
#597=ORIENTED_EDGE('',*,*,#629,.F.);
#598=ORIENTED_EDGE('',*,*,#632,.F.);
#599=ORIENTED_EDGE('',*,*,#635,.F.);
#600=ORIENTED_EDGE('',*,*,#638,.F.);
#601=ORIENTED_EDGE('',*,*,#641,.F.);
#602=ORIENTED_EDGE('',*,*,#644,.F.);
#603=ORIENTED_EDGE('',*,*,#647,.F.);
#604=ORIENTED_EDGE('',*,*,#650,.F.);
#605=ORIENTED_EDGE('',*,*,#653,.F.);
#606=ORIENTED_EDGE('',*,*,#656,.F.);
#607=ORIENTED_EDGE('',*,*,#615,.T.);
#608=ORIENTED_EDGE('',*,*,#786,.F.);
#609=ORIENTED_EDGE('',*,*,#787,.T.);
#610=ORIENTED_EDGE('',*,*,#616,.F.);
#611=ORIENTED_EDGE('',*,*,#788,.F.);
#612=ORIENTED_EDGE('',*,*,#785,.T.);
#613=ORIENTED_EDGE('',*,*,#787,.F.);
#614=ORIENTED_EDGE('',*,*,#788,.T.);
#615=EDGE_CURVE('',#789,#789,#907,.T.);
#616=EDGE_CURVE('',#790,#790,#908,.T.);
#617=EDGE_CURVE('',#791,#792,#43,.T.);
#618=EDGE_CURVE('',#793,#791,#44,.T.);
#619=EDGE_CURVE('',#793,#794,#45,.T.);
#620=EDGE_CURVE('',#794,#792,#46,.T.);
#621=EDGE_CURVE('',#795,#791,#909,.T.);
#622=EDGE_CURVE('',#796,#795,#47,.T.);
#623=EDGE_CURVE('',#796,#793,#910,.T.);
#624=EDGE_CURVE('',#797,#795,#48,.F.);
#625=EDGE_CURVE('',#798,#797,#49,.T.);
#626=EDGE_CURVE('',#798,#796,#50,.F.);
#627=EDGE_CURVE('',#799,#797,#911,.T.);
#628=EDGE_CURVE('',#800,#799,#51,.T.);
#629=EDGE_CURVE('',#800,#798,#912,.T.);
#630=EDGE_CURVE('',#801,#799,#52,.T.);
#631=EDGE_CURVE('',#802,#801,#53,.T.);
#632=EDGE_CURVE('',#802,#800,#54,.T.);
#633=EDGE_CURVE('',#803,#801,#913,.T.);
#634=EDGE_CURVE('',#804,#803,#55,.T.);
#635=EDGE_CURVE('',#804,#802,#914,.T.);
#636=EDGE_CURVE('',#805,#803,#56,.F.);
#637=EDGE_CURVE('',#806,#805,#57,.T.);
#638=EDGE_CURVE('',#806,#804,#58,.F.);
#639=EDGE_CURVE('',#807,#805,#915,.T.);
#640=EDGE_CURVE('',#808,#807,#59,.T.);
#641=EDGE_CURVE('',#808,#806,#916,.T.);
#642=EDGE_CURVE('',#809,#807,#60,.T.);
#643=EDGE_CURVE('',#810,#809,#61,.T.);
#644=EDGE_CURVE('',#810,#808,#62,.T.);
#645=EDGE_CURVE('',#811,#809,#917,.T.);
#646=EDGE_CURVE('',#812,#811,#63,.T.);
#647=EDGE_CURVE('',#812,#810,#918,.T.);
#648=EDGE_CURVE('',#813,#811,#64,.F.);
#649=EDGE_CURVE('',#814,#813,#65,.T.);
#650=EDGE_CURVE('',#814,#812,#66,.F.);
#651=EDGE_CURVE('',#815,#813,#919,.T.);
#652=EDGE_CURVE('',#816,#815,#67,.T.);
#653=EDGE_CURVE('',#816,#814,#920,.T.);
#654=EDGE_CURVE('',#817,#815,#68,.T.);
#655=EDGE_CURVE('',#818,#817,#69,.T.);
#656=EDGE_CURVE('',#818,#816,#70,.T.);
#657=EDGE_CURVE('',#819,#817,#921,.T.);
#658=EDGE_CURVE('',#820,#819,#71,.T.);
#659=EDGE_CURVE('',#820,#818,#922,.T.);
#660=EDGE_CURVE('',#821,#819,#72,.F.);
#661=EDGE_CURVE('',#822,#821,#73,.T.);
#662=EDGE_CURVE('',#822,#820,#74,.F.);
#663=EDGE_CURVE('',#823,#821,#923,.T.);
#664=EDGE_CURVE('',#824,#823,#75,.T.);
#665=EDGE_CURVE('',#824,#822,#924,.T.);
#666=EDGE_CURVE('',#825,#823,#76,.T.);
#667=EDGE_CURVE('',#826,#825,#77,.T.);
#668=EDGE_CURVE('',#826,#824,#78,.T.);
#669=EDGE_CURVE('',#827,#825,#925,.T.);
#670=EDGE_CURVE('',#828,#827,#79,.T.);
#671=EDGE_CURVE('',#828,#826,#926,.T.);
#672=EDGE_CURVE('',#829,#827,#80,.F.);
#673=EDGE_CURVE('',#830,#829,#81,.T.);
#674=EDGE_CURVE('',#830,#828,#82,.F.);
#675=EDGE_CURVE('',#831,#829,#927,.T.);
#676=EDGE_CURVE('',#832,#831,#83,.T.);
#677=EDGE_CURVE('',#832,#830,#928,.T.);
#678=EDGE_CURVE('',#833,#831,#84,.T.);
#679=EDGE_CURVE('',#834,#833,#85,.T.);
#680=EDGE_CURVE('',#834,#832,#86,.T.);
#681=EDGE_CURVE('',#835,#833,#929,.T.);
#682=EDGE_CURVE('',#836,#835,#87,.T.);
#683=EDGE_CURVE('',#836,#834,#930,.T.);
#684=EDGE_CURVE('',#837,#835,#88,.F.);
#685=EDGE_CURVE('',#838,#837,#89,.T.);
#686=EDGE_CURVE('',#838,#836,#90,.F.);
#687=EDGE_CURVE('',#839,#837,#931,.T.);
#688=EDGE_CURVE('',#840,#839,#91,.T.);
#689=EDGE_CURVE('',#840,#838,#932,.T.);
#690=EDGE_CURVE('',#841,#839,#92,.T.);
#691=EDGE_CURVE('',#842,#841,#93,.T.);
#692=EDGE_CURVE('',#842,#840,#94,.T.);
#693=EDGE_CURVE('',#843,#841,#933,.T.);
#694=EDGE_CURVE('',#844,#843,#95,.T.);
#695=EDGE_CURVE('',#844,#842,#934,.T.);
#696=EDGE_CURVE('',#845,#843,#96,.F.);
#697=EDGE_CURVE('',#846,#845,#97,.T.);
#698=EDGE_CURVE('',#846,#844,#98,.F.);
#699=EDGE_CURVE('',#847,#845,#935,.T.);
#700=EDGE_CURVE('',#848,#847,#99,.T.);
#701=EDGE_CURVE('',#848,#846,#936,.T.);
#702=EDGE_CURVE('',#849,#847,#100,.T.);
#703=EDGE_CURVE('',#850,#849,#101,.T.);
#704=EDGE_CURVE('',#850,#848,#102,.T.);
#705=EDGE_CURVE('',#851,#849,#937,.T.);
#706=EDGE_CURVE('',#852,#851,#103,.T.);
#707=EDGE_CURVE('',#852,#850,#938,.T.);
#708=EDGE_CURVE('',#853,#851,#104,.F.);
#709=EDGE_CURVE('',#854,#853,#105,.T.);
#710=EDGE_CURVE('',#854,#852,#106,.F.);
#711=EDGE_CURVE('',#855,#853,#939,.T.);
#712=EDGE_CURVE('',#856,#855,#107,.T.);
#713=EDGE_CURVE('',#856,#854,#940,.T.);
#714=EDGE_CURVE('',#857,#855,#108,.T.);
#715=EDGE_CURVE('',#858,#857,#109,.T.);
#716=EDGE_CURVE('',#858,#856,#110,.T.);
#717=EDGE_CURVE('',#859,#857,#941,.T.);
#718=EDGE_CURVE('',#860,#859,#111,.T.);
#719=EDGE_CURVE('',#860,#858,#942,.T.);
#720=EDGE_CURVE('',#861,#859,#112,.F.);
#721=EDGE_CURVE('',#862,#861,#113,.T.);
#722=EDGE_CURVE('',#862,#860,#114,.F.);
#723=EDGE_CURVE('',#863,#861,#943,.T.);
#724=EDGE_CURVE('',#864,#863,#115,.T.);
#725=EDGE_CURVE('',#864,#862,#944,.T.);
#726=EDGE_CURVE('',#865,#863,#116,.T.);
#727=EDGE_CURVE('',#866,#865,#117,.T.);
#728=EDGE_CURVE('',#866,#864,#118,.T.);
#729=EDGE_CURVE('',#867,#865,#945,.T.);
#730=EDGE_CURVE('',#868,#867,#119,.T.);
#731=EDGE_CURVE('',#868,#866,#946,.T.);
#732=EDGE_CURVE('',#869,#867,#120,.F.);
#733=EDGE_CURVE('',#870,#869,#121,.T.);
#734=EDGE_CURVE('',#870,#868,#122,.F.);
#735=EDGE_CURVE('',#871,#869,#947,.T.);
#736=EDGE_CURVE('',#872,#871,#123,.T.);
#737=EDGE_CURVE('',#872,#870,#948,.T.);
#738=EDGE_CURVE('',#873,#871,#124,.T.);
#739=EDGE_CURVE('',#874,#873,#125,.T.);
#740=EDGE_CURVE('',#874,#872,#126,.T.);
#741=EDGE_CURVE('',#875,#873,#949,.T.);
#742=EDGE_CURVE('',#876,#875,#127,.T.);
#743=EDGE_CURVE('',#876,#874,#950,.T.);
#744=EDGE_CURVE('',#877,#875,#128,.F.);
#745=EDGE_CURVE('',#878,#877,#129,.T.);
#746=EDGE_CURVE('',#878,#876,#130,.F.);
#747=EDGE_CURVE('',#879,#877,#951,.T.);
#748=EDGE_CURVE('',#880,#879,#131,.T.);
#749=EDGE_CURVE('',#880,#878,#952,.T.);
#750=EDGE_CURVE('',#881,#879,#132,.T.);
#751=EDGE_CURVE('',#882,#881,#133,.T.);
#752=EDGE_CURVE('',#882,#880,#134,.T.);
#753=EDGE_CURVE('',#883,#881,#953,.T.);
#754=EDGE_CURVE('',#884,#883,#135,.T.);
#755=EDGE_CURVE('',#884,#882,#954,.T.);
#756=EDGE_CURVE('',#885,#883,#136,.F.);
#757=EDGE_CURVE('',#886,#885,#137,.T.);
#758=EDGE_CURVE('',#886,#884,#138,.F.);
#759=EDGE_CURVE('',#887,#885,#955,.T.);
#760=EDGE_CURVE('',#888,#887,#139,.T.);
#761=EDGE_CURVE('',#888,#886,#956,.T.);
#762=EDGE_CURVE('',#889,#887,#140,.T.);
#763=EDGE_CURVE('',#890,#889,#141,.T.);
#764=EDGE_CURVE('',#890,#888,#142,.T.);
#765=EDGE_CURVE('',#891,#889,#957,.T.);
#766=EDGE_CURVE('',#892,#891,#143,.T.);
#767=EDGE_CURVE('',#892,#890,#958,.T.);
#768=EDGE_CURVE('',#893,#891,#144,.F.);
#769=EDGE_CURVE('',#894,#893,#145,.T.);
#770=EDGE_CURVE('',#894,#892,#146,.F.);
#771=EDGE_CURVE('',#895,#893,#959,.T.);
#772=EDGE_CURVE('',#896,#895,#147,.T.);
#773=EDGE_CURVE('',#896,#894,#960,.T.);
#774=EDGE_CURVE('',#897,#895,#148,.T.);
#775=EDGE_CURVE('',#898,#897,#149,.T.);
#776=EDGE_CURVE('',#898,#896,#150,.T.);
#777=EDGE_CURVE('',#899,#897,#961,.T.);
#778=EDGE_CURVE('',#900,#899,#151,.T.);
#779=EDGE_CURVE('',#900,#898,#962,.T.);
#780=EDGE_CURVE('',#901,#899,#152,.F.);
#781=EDGE_CURVE('',#902,#901,#153,.T.);
#782=EDGE_CURVE('',#902,#900,#154,.F.);
#783=EDGE_CURVE('',#792,#901,#963,.T.);
#784=EDGE_CURVE('',#794,#902,#964,.T.);
#785=EDGE_CURVE('',#903,#903,#965,.T.);
#786=EDGE_CURVE('',#904,#904,#966,.T.);
#787=EDGE_CURVE('',#905,#905,#967,.T.);
#788=EDGE_CURVE('',#906,#906,#968,.T.);
#789=VERTEX_POINT('',#1667);
#790=VERTEX_POINT('',#1669);
#791=VERTEX_POINT('',#1672);
#792=VERTEX_POINT('',#1673);
#793=VERTEX_POINT('',#1675);
#794=VERTEX_POINT('',#1677);
#795=VERTEX_POINT('',#1832);
#796=VERTEX_POINT('',#1834);
#797=VERTEX_POINT('',#1838);
#798=VERTEX_POINT('',#1840);
#799=VERTEX_POINT('',#1844);
#800=VERTEX_POINT('',#1846);
#801=VERTEX_POINT('',#1850);
#802=VERTEX_POINT('',#1852);
#803=VERTEX_POINT('',#2007);
#804=VERTEX_POINT('',#2009);
#805=VERTEX_POINT('',#2013);
#806=VERTEX_POINT('',#2015);
#807=VERTEX_POINT('',#2019);
#808=VERTEX_POINT('',#2021);
#809=VERTEX_POINT('',#2025);
#810=VERTEX_POINT('',#2027);
#811=VERTEX_POINT('',#2182);
#812=VERTEX_POINT('',#2184);
#813=VERTEX_POINT('',#2188);
#814=VERTEX_POINT('',#2190);
#815=VERTEX_POINT('',#2194);
#816=VERTEX_POINT('',#2196);
#817=VERTEX_POINT('',#2200);
#818=VERTEX_POINT('',#2202);
#819=VERTEX_POINT('',#2357);
#820=VERTEX_POINT('',#2359);
#821=VERTEX_POINT('',#2363);
#822=VERTEX_POINT('',#2365);
#823=VERTEX_POINT('',#2369);
#824=VERTEX_POINT('',#2371);
#825=VERTEX_POINT('',#2375);
#826=VERTEX_POINT('',#2377);
#827=VERTEX_POINT('',#2532);
#828=VERTEX_POINT('',#2534);
#829=VERTEX_POINT('',#2538);
#830=VERTEX_POINT('',#2540);
#831=VERTEX_POINT('',#2544);
#832=VERTEX_POINT('',#2546);
#833=VERTEX_POINT('',#2550);
#834=VERTEX_POINT('',#2552);
#835=VERTEX_POINT('',#2707);
#836=VERTEX_POINT('',#2709);
#837=VERTEX_POINT('',#2713);
#838=VERTEX_POINT('',#2715);
#839=VERTEX_POINT('',#2719);
#840=VERTEX_POINT('',#2721);
#841=VERTEX_POINT('',#2725);
#842=VERTEX_POINT('',#2727);
#843=VERTEX_POINT('',#2882);
#844=VERTEX_POINT('',#2884);
#845=VERTEX_POINT('',#2888);
#846=VERTEX_POINT('',#2890);
#847=VERTEX_POINT('',#2894);
#848=VERTEX_POINT('',#2896);
#849=VERTEX_POINT('',#2900);
#850=VERTEX_POINT('',#2902);
#851=VERTEX_POINT('',#3057);
#852=VERTEX_POINT('',#3059);
#853=VERTEX_POINT('',#3063);
#854=VERTEX_POINT('',#3065);
#855=VERTEX_POINT('',#3069);
#856=VERTEX_POINT('',#3071);
#857=VERTEX_POINT('',#3075);
#858=VERTEX_POINT('',#3077);
#859=VERTEX_POINT('',#3232);
#860=VERTEX_POINT('',#3234);
#861=VERTEX_POINT('',#3238);
#862=VERTEX_POINT('',#3240);
#863=VERTEX_POINT('',#3244);
#864=VERTEX_POINT('',#3246);
#865=VERTEX_POINT('',#3250);
#866=VERTEX_POINT('',#3252);
#867=VERTEX_POINT('',#3407);
#868=VERTEX_POINT('',#3409);
#869=VERTEX_POINT('',#3413);
#870=VERTEX_POINT('',#3415);
#871=VERTEX_POINT('',#3419);
#872=VERTEX_POINT('',#3421);
#873=VERTEX_POINT('',#3425);
#874=VERTEX_POINT('',#3427);
#875=VERTEX_POINT('',#3582);
#876=VERTEX_POINT('',#3584);
#877=VERTEX_POINT('',#3588);
#878=VERTEX_POINT('',#3590);
#879=VERTEX_POINT('',#3594);
#880=VERTEX_POINT('',#3596);
#881=VERTEX_POINT('',#3600);
#882=VERTEX_POINT('',#3602);
#883=VERTEX_POINT('',#3757);
#884=VERTEX_POINT('',#3759);
#885=VERTEX_POINT('',#3763);
#886=VERTEX_POINT('',#3765);
#887=VERTEX_POINT('',#3769);
#888=VERTEX_POINT('',#3771);
#889=VERTEX_POINT('',#3775);
#890=VERTEX_POINT('',#3777);
#891=VERTEX_POINT('',#3932);
#892=VERTEX_POINT('',#3934);
#893=VERTEX_POINT('',#3938);
#894=VERTEX_POINT('',#3940);
#895=VERTEX_POINT('',#3944);
#896=VERTEX_POINT('',#3946);
#897=VERTEX_POINT('',#3950);
#898=VERTEX_POINT('',#3952);
#899=VERTEX_POINT('',#4107);
#900=VERTEX_POINT('',#4109);
#901=VERTEX_POINT('',#4113);
#902=VERTEX_POINT('',#4115);
#903=VERTEX_POINT('',#4122);
#904=VERTEX_POINT('',#4125);
#905=VERTEX_POINT('',#4129);
#906=VERTEX_POINT('',#4132);
#907=CIRCLE('',#1218,0.00508);
#908=CIRCLE('',#1219,0.01305);
#909=CIRCLE('',#1221,0.0024);
#910=CIRCLE('',#1222,0.003);
#911=CIRCLE('',#1225,0.03048);
#912=CIRCLE('',#1226,0.0381);
#913=CIRCLE('',#1228,0.0024);
#914=CIRCLE('',#1229,0.003);
#915=CIRCLE('',#1232,0.03048);
#916=CIRCLE('',#1233,0.0381);
#917=CIRCLE('',#1235,0.0024);
#918=CIRCLE('',#1236,0.003);
#919=CIRCLE('',#1239,0.03048);
#920=CIRCLE('',#1240,0.0381);
#921=CIRCLE('',#1242,0.0024);
#922=CIRCLE('',#1243,0.003);
#923=CIRCLE('',#1246,0.03048);
#924=CIRCLE('',#1247,0.0381000000000025);
#925=CIRCLE('',#1249,0.0024);
#926=CIRCLE('',#1250,0.003);
#927=CIRCLE('',#1253,0.0304800000000006);
#928=CIRCLE('',#1254,0.0381);
#929=CIRCLE('',#1256,0.0024);
#930=CIRCLE('',#1257,0.003);
#931=CIRCLE('',#1260,0.0304799999999995);
#932=CIRCLE('',#1261,0.0381);
#933=CIRCLE('',#1263,0.0024);
#934=CIRCLE('',#1264,0.003);
#935=CIRCLE('',#1267,0.03048);
#936=CIRCLE('',#1268,0.0381);
#937=CIRCLE('',#1270,0.0024);
#938=CIRCLE('',#1271,0.003);
#939=CIRCLE('',#1274,0.03048);
#940=CIRCLE('',#1275,0.0381);
#941=CIRCLE('',#1277,0.0024);
#942=CIRCLE('',#1278,0.003);
#943=CIRCLE('',#1281,0.03048);
#944=CIRCLE('',#1282,0.0381);
#945=CIRCLE('',#1284,0.0024);
#946=CIRCLE('',#1285,0.003);
#947=CIRCLE('',#1288,0.0304800000000009);
#948=CIRCLE('',#1289,0.0381000000000005);
#949=CIRCLE('',#1291,0.0024);
#950=CIRCLE('',#1292,0.003);
#951=CIRCLE('',#1295,0.0304799999999995);
#952=CIRCLE('',#1296,0.0381000000000027);
#953=CIRCLE('',#1298,0.0024);
#954=CIRCLE('',#1299,0.003);
#955=CIRCLE('',#1302,0.0304800000000009);
#956=CIRCLE('',#1303,0.0381000000000006);
#957=CIRCLE('',#1305,0.0024);
#958=CIRCLE('',#1306,0.003);
#959=CIRCLE('',#1309,0.03048);
#960=CIRCLE('',#1310,0.0381);
#961=CIRCLE('',#1312,0.0024);
#962=CIRCLE('',#1313,0.003);
#963=CIRCLE('',#1316,0.03048);
#964=CIRCLE('',#1317,0.0381);
#965=CIRCLE('',#1319,0.0145);
#966=CIRCLE('',#1321,0.00508);
#967=CIRCLE('',#1324,0.01305);
#968=CIRCLE('',#1326,0.0145);
#969=EDGE_LOOP('',(#267));
#970=EDGE_LOOP('',(#268));
#971=EDGE_LOOP('',(#269,#270,#271,#272));
#972=EDGE_LOOP('',(#273,#274,#275,#276));
#973=EDGE_LOOP('',(#277,#278,#279,#280));
#974=EDGE_LOOP('',(#281,#282,#283,#284));
#975=EDGE_LOOP('',(#285,#286,#287,#288));
#976=EDGE_LOOP('',(#289,#290,#291,#292));
#977=EDGE_LOOP('',(#293,#294,#295,#296));
#978=EDGE_LOOP('',(#297,#298,#299,#300));
#979=EDGE_LOOP('',(#301,#302,#303,#304));
#980=EDGE_LOOP('',(#305,#306,#307,#308));
#981=EDGE_LOOP('',(#309,#310,#311,#312));
#982=EDGE_LOOP('',(#313,#314,#315,#316));
#983=EDGE_LOOP('',(#317,#318,#319,#320));
#984=EDGE_LOOP('',(#321,#322,#323,#324));
#985=EDGE_LOOP('',(#325,#326,#327,#328));
#986=EDGE_LOOP('',(#329,#330,#331,#332));
#987=EDGE_LOOP('',(#333,#334,#335,#336));
#988=EDGE_LOOP('',(#337,#338,#339,#340));
#989=EDGE_LOOP('',(#341,#342,#343,#344));
#990=EDGE_LOOP('',(#345,#346,#347,#348));
#991=EDGE_LOOP('',(#349,#350,#351,#352));
#992=EDGE_LOOP('',(#353,#354,#355,#356));
#993=EDGE_LOOP('',(#357,#358,#359,#360));
#994=EDGE_LOOP('',(#361,#362,#363,#364));
#995=EDGE_LOOP('',(#365,#366,#367,#368));
#996=EDGE_LOOP('',(#369,#370,#371,#372));
#997=EDGE_LOOP('',(#373,#374,#375,#376));
#998=EDGE_LOOP('',(#377,#378,#379,#380));
#999=EDGE_LOOP('',(#381,#382,#383,#384));
#1000=EDGE_LOOP('',(#385,#386,#387,#388));
#1001=EDGE_LOOP('',(#389,#390,#391,#392));
#1002=EDGE_LOOP('',(#393,#394,#395,#396));
#1003=EDGE_LOOP('',(#397,#398,#399,#400));
#1004=EDGE_LOOP('',(#401,#402,#403,#404));
#1005=EDGE_LOOP('',(#405,#406,#407,#408));
#1006=EDGE_LOOP('',(#409,#410,#411,#412));
#1007=EDGE_LOOP('',(#413,#414,#415,#416));
#1008=EDGE_LOOP('',(#417,#418,#419,#420));
#1009=EDGE_LOOP('',(#421,#422,#423,#424));
#1010=EDGE_LOOP('',(#425,#426,#427,#428));
#1011=EDGE_LOOP('',(#429,#430,#431,#432));
#1012=EDGE_LOOP('',(#433,#434,#435,#436));
#1013=EDGE_LOOP('',(#437,#438,#439,#440));
#1014=EDGE_LOOP('',(#441,#442,#443,#444));
#1015=EDGE_LOOP('',(#445,#446,#447,#448));
#1016=EDGE_LOOP('',(#449,#450,#451,#452));
#1017=EDGE_LOOP('',(#453,#454,#455,#456));
#1018=EDGE_LOOP('',(#457,#458,#459,#460));
#1019=EDGE_LOOP('',(#461,#462,#463,#464));
#1020=EDGE_LOOP('',(#465,#466,#467,#468));
#1021=EDGE_LOOP('',(#469,#470,#471,#472));
#1022=EDGE_LOOP('',(#473,#474,#475,#476));
#1023=EDGE_LOOP('',(#477,#478,#479,#480));
#1024=EDGE_LOOP('',(#481,#482,#483,#484));
#1025=EDGE_LOOP('',(#485,#486,#487,#488));
#1026=EDGE_LOOP('',(#489,#490,#491,#492));
#1027=EDGE_LOOP('',(#493));
#1028=EDGE_LOOP('',(#494,#495,#496,#497,#498,#499,#500,#501,#502,#503,#504,
#505,#506,#507,#508,#509,#510,#511,#512,#513,#514,#515,#516,#517,#518,#519,
#520,#521,#522,#523,#524,#525,#526,#527,#528,#529,#530,#531,#532,#533,#534,
#535,#536,#537,#538,#539,#540,#541,#542,#543,#544,#545,#546,#547,#548,#549));
#1029=EDGE_LOOP('',(#550));
#1030=EDGE_LOOP('',(#551,#552,#553,#554,#555,#556,#557,#558,#559,#560,#561,
#562,#563,#564,#565,#566,#567,#568,#569,#570,#571,#572,#573,#574,#575,#576,
#577,#578,#579,#580,#581,#582,#583,#584,#585,#586,#587,#588,#589,#590,#591,
#592,#593,#594,#595,#596,#597,#598,#599,#600,#601,#602,#603,#604,#605,#606));
#1031=EDGE_LOOP('',(#607));
#1032=EDGE_LOOP('',(#608));
#1033=EDGE_LOOP('',(#609));
#1034=EDGE_LOOP('',(#610));
#1035=EDGE_LOOP('',(#611));
#1036=EDGE_LOOP('',(#612));
#1037=EDGE_LOOP('',(#613));
#1038=EDGE_LOOP('',(#614));
#1039=FACE_BOUND('',#969,.T.);
#1040=FACE_BOUND('',#970,.T.);
#1041=FACE_BOUND('',#971,.T.);
#1042=FACE_BOUND('',#972,.T.);
#1043=FACE_BOUND('',#973,.T.);
#1044=FACE_BOUND('',#974,.T.);
#1045=FACE_BOUND('',#975,.T.);
#1046=FACE_BOUND('',#976,.T.);
#1047=FACE_BOUND('',#977,.T.);
#1048=FACE_BOUND('',#978,.T.);
#1049=FACE_BOUND('',#979,.T.);
#1050=FACE_BOUND('',#980,.T.);
#1051=FACE_BOUND('',#981,.T.);
#1052=FACE_BOUND('',#982,.T.);
#1053=FACE_BOUND('',#983,.T.);
#1054=FACE_BOUND('',#984,.T.);
#1055=FACE_BOUND('',#985,.T.);
#1056=FACE_BOUND('',#986,.T.);
#1057=FACE_BOUND('',#987,.T.);
#1058=FACE_BOUND('',#988,.T.);
#1059=FACE_BOUND('',#989,.T.);
#1060=FACE_BOUND('',#990,.T.);
#1061=FACE_BOUND('',#991,.T.);
#1062=FACE_BOUND('',#992,.T.);
#1063=FACE_BOUND('',#993,.T.);
#1064=FACE_BOUND('',#994,.T.);
#1065=FACE_BOUND('',#995,.T.);
#1066=FACE_BOUND('',#996,.T.);
#1067=FACE_BOUND('',#997,.T.);
#1068=FACE_BOUND('',#998,.T.);
#1069=FACE_BOUND('',#999,.T.);
#1070=FACE_BOUND('',#1000,.T.);
#1071=FACE_BOUND('',#1001,.T.);
#1072=FACE_BOUND('',#1002,.T.);
#1073=FACE_BOUND('',#1003,.T.);
#1074=FACE_BOUND('',#1004,.T.);
#1075=FACE_BOUND('',#1005,.T.);
#1076=FACE_BOUND('',#1006,.T.);
#1077=FACE_BOUND('',#1007,.T.);
#1078=FACE_BOUND('',#1008,.T.);
#1079=FACE_BOUND('',#1009,.T.);
#1080=FACE_BOUND('',#1010,.T.);
#1081=FACE_BOUND('',#1011,.T.);
#1082=FACE_BOUND('',#1012,.T.);
#1083=FACE_BOUND('',#1013,.T.);
#1084=FACE_BOUND('',#1014,.T.);
#1085=FACE_BOUND('',#1015,.T.);
#1086=FACE_BOUND('',#1016,.T.);
#1087=FACE_BOUND('',#1017,.T.);
#1088=FACE_BOUND('',#1018,.T.);
#1089=FACE_BOUND('',#1019,.T.);
#1090=FACE_BOUND('',#1020,.T.);
#1091=FACE_BOUND('',#1021,.T.);
#1092=FACE_BOUND('',#1022,.T.);
#1093=FACE_BOUND('',#1023,.T.);
#1094=FACE_BOUND('',#1024,.T.);
#1095=FACE_BOUND('',#1025,.T.);
#1096=FACE_BOUND('',#1026,.T.);
#1097=FACE_BOUND('',#1027,.T.);
#1098=FACE_BOUND('',#1028,.T.);
#1099=FACE_BOUND('',#1029,.T.);
#1100=FACE_BOUND('',#1030,.T.);
#1101=FACE_BOUND('',#1031,.T.);
#1102=FACE_BOUND('',#1032,.T.);
#1103=FACE_BOUND('',#1033,.T.);
#1104=FACE_BOUND('',#1034,.T.);
#1105=FACE_BOUND('',#1035,.T.);
#1106=FACE_BOUND('',#1036,.T.);
#1107=FACE_BOUND('',#1037,.T.);
#1108=FACE_BOUND('',#1038,.T.);
#1109=PLANE('',#1217);
#1110=PLANE('',#1220);
#1111=PLANE('',#1223);
#1112=PLANE('',#1227);
#1113=PLANE('',#1230);
#1114=PLANE('',#1234);
#1115=PLANE('',#1237);
#1116=PLANE('',#1241);
#1117=PLANE('',#1244);
#1118=PLANE('',#1248);
#1119=PLANE('',#1251);
#1120=PLANE('',#1255);
#1121=PLANE('',#1258);
#1122=PLANE('',#1262);
#1123=PLANE('',#1265);
#1124=PLANE('',#1269);
#1125=PLANE('',#1272);
#1126=PLANE('',#1276);
#1127=PLANE('',#1279);
#1128=PLANE('',#1283);
#1129=PLANE('',#1286);
#1130=PLANE('',#1290);
#1131=PLANE('',#1293);
#1132=PLANE('',#1297);
#1133=PLANE('',#1300);
#1134=PLANE('',#1304);
#1135=PLANE('',#1307);
#1136=PLANE('',#1311);
#1137=PLANE('',#1314);
#1138=PLANE('',#1318);
#1139=PLANE('',#1320);
#1140=PLANE('',#1327);
#1141=ADVANCED_FACE('',(#1039,#1040),#1109,.T.);
#1142=ADVANCED_FACE('',(#1041),#1110,.T.);
#1143=ADVANCED_FACE('',(#1042),#29,.T.);
#1144=ADVANCED_FACE('',(#1043),#1111,.F.);
#1145=ADVANCED_FACE('',(#1044),#15,.T.);
#1146=ADVANCED_FACE('',(#1045),#1112,.T.);
#1147=ADVANCED_FACE('',(#1046),#30,.T.);
#1148=ADVANCED_FACE('',(#1047),#1113,.F.);
#1149=ADVANCED_FACE('',(#1048),#16,.T.);
#1150=ADVANCED_FACE('',(#1049),#1114,.T.);
#1151=ADVANCED_FACE('',(#1050),#31,.T.);
#1152=ADVANCED_FACE('',(#1051),#1115,.F.);
#1153=ADVANCED_FACE('',(#1052),#17,.T.);
#1154=ADVANCED_FACE('',(#1053),#1116,.T.);
#1155=ADVANCED_FACE('',(#1054),#32,.T.);
#1156=ADVANCED_FACE('',(#1055),#1117,.F.);
#1157=ADVANCED_FACE('',(#1056),#18,.T.);
#1158=ADVANCED_FACE('',(#1057),#1118,.T.);
#1159=ADVANCED_FACE('',(#1058),#33,.T.);
#1160=ADVANCED_FACE('',(#1059),#1119,.F.);
#1161=ADVANCED_FACE('',(#1060),#19,.T.);
#1162=ADVANCED_FACE('',(#1061),#1120,.T.);
#1163=ADVANCED_FACE('',(#1062),#34,.T.);
#1164=ADVANCED_FACE('',(#1063),#1121,.F.);
#1165=ADVANCED_FACE('',(#1064),#20,.T.);
#1166=ADVANCED_FACE('',(#1065),#1122,.T.);
#1167=ADVANCED_FACE('',(#1066),#35,.T.);
#1168=ADVANCED_FACE('',(#1067),#1123,.F.);
#1169=ADVANCED_FACE('',(#1068),#21,.T.);
#1170=ADVANCED_FACE('',(#1069),#1124,.T.);
#1171=ADVANCED_FACE('',(#1070),#36,.T.);
#1172=ADVANCED_FACE('',(#1071),#1125,.F.);
#1173=ADVANCED_FACE('',(#1072),#22,.T.);
#1174=ADVANCED_FACE('',(#1073),#1126,.T.);
#1175=ADVANCED_FACE('',(#1074),#37,.T.);
#1176=ADVANCED_FACE('',(#1075),#1127,.F.);
#1177=ADVANCED_FACE('',(#1076),#23,.T.);
#1178=ADVANCED_FACE('',(#1077),#1128,.T.);
#1179=ADVANCED_FACE('',(#1078),#38,.T.);
#1180=ADVANCED_FACE('',(#1079),#1129,.F.);
#1181=ADVANCED_FACE('',(#1080),#24,.T.);
#1182=ADVANCED_FACE('',(#1081),#1130,.T.);
#1183=ADVANCED_FACE('',(#1082),#39,.T.);
#1184=ADVANCED_FACE('',(#1083),#1131,.F.);
#1185=ADVANCED_FACE('',(#1084),#25,.T.);
#1186=ADVANCED_FACE('',(#1085),#1132,.T.);
#1187=ADVANCED_FACE('',(#1086),#40,.T.);
#1188=ADVANCED_FACE('',(#1087),#1133,.F.);
#1189=ADVANCED_FACE('',(#1088),#26,.T.);
#1190=ADVANCED_FACE('',(#1089),#1134,.T.);
#1191=ADVANCED_FACE('',(#1090),#41,.T.);
#1192=ADVANCED_FACE('',(#1091),#1135,.F.);
#1193=ADVANCED_FACE('',(#1092),#27,.T.);
#1194=ADVANCED_FACE('',(#1093),#1136,.T.);
#1195=ADVANCED_FACE('',(#1094),#42,.T.);
#1196=ADVANCED_FACE('',(#1095),#1137,.F.);
#1197=ADVANCED_FACE('',(#1096),#28,.T.);
#1198=ADVANCED_FACE('',(#1097,#1098),#1138,.T.);
#1199=ADVANCED_FACE('',(#1099,#1100),#1139,.F.);
#1200=ADVANCED_FACE('',(#1101,#1102),#12,.F.);
#1201=ADVANCED_FACE('',(#1103,#1104),#13,.T.);
#1202=ADVANCED_FACE('',(#1105,#1106),#14,.F.);
#1203=ADVANCED_FACE('',(#1107,#1108),#1140,.T.);
#1204=CLOSED_SHELL('',(#1141,#1142,#1143,#1144,#1145,#1146,#1147,#1148,
#1149,#1150,#1151,#1152,#1153,#1154,#1155,#1156,#1157,#1158,#1159,#1160,
#1161,#1162,#1163,#1164,#1165,#1166,#1167,#1168,#1169,#1170,#1171,#1172,
#1173,#1174,#1175,#1176,#1177,#1178,#1179,#1180,#1181,#1182,#1183,#1184,
#1185,#1186,#1187,#1188,#1189,#1190,#1191,#1192,#1193,#1194,#1195,#1196,
#1197,#1198,#1199,#1200,#1201,#1202,#1203));
#1205=STYLED_ITEM('',(#1206),#1213);
#1206=PRESENTATION_STYLE_ASSIGNMENT((#1207));
#1207=SURFACE_STYLE_USAGE(.BOTH.,#1208);
#1208=SURFACE_SIDE_STYLE('',(#1209));
#1209=SURFACE_STYLE_FILL_AREA(#1210);
#1210=FILL_AREA_STYLE('',(#1211));
#1211=FILL_AREA_STYLE_COLOUR('',#1212);
#1212=COLOUR_RGB('',0.615686274509804,0.811764705882353,0.929411764705882);
#1213=MANIFOLD_SOLID_BREP('Part 1',#1204);
#1214=SHAPE_DEFINITION_REPRESENTATION(#4140,#1215);
#1215=SHAPE_REPRESENTATION('Part 1',(#1216),#4135);
#1216=AXIS2_PLACEMENT_3D('',#1664,#1328,#1329);
#1217=AXIS2_PLACEMENT_3D('',#1665,#1330,#1331);
#1218=AXIS2_PLACEMENT_3D('',#1666,#1332,#1333);
#1219=AXIS2_PLACEMENT_3D('',#1668,#1334,#1335);
#1220=AXIS2_PLACEMENT_3D('',#1670,#1336,#1337);
#1221=AXIS2_PLACEMENT_3D('',#1831,#1342,#1343);
#1222=AXIS2_PLACEMENT_3D('',#1835,#1345,#1346);
#1223=AXIS2_PLACEMENT_3D('',#1836,#1347,#1348);
#1224=AXIS2_PLACEMENT_3D('',#1842,#1352,#1353);
#1225=AXIS2_PLACEMENT_3D('',#1843,#1354,#1355);
#1226=AXIS2_PLACEMENT_3D('',#1847,#1357,#1358);
#1227=AXIS2_PLACEMENT_3D('',#1848,#1359,#1360);
#1228=AXIS2_PLACEMENT_3D('',#2006,#1364,#1365);
#1229=AXIS2_PLACEMENT_3D('',#2010,#1367,#1368);
#1230=AXIS2_PLACEMENT_3D('',#2011,#1369,#1370);
#1231=AXIS2_PLACEMENT_3D('',#2017,#1374,#1375);
#1232=AXIS2_PLACEMENT_3D('',#2018,#1376,#1377);
#1233=AXIS2_PLACEMENT_3D('',#2022,#1379,#1380);
#1234=AXIS2_PLACEMENT_3D('',#2023,#1381,#1382);
#1235=AXIS2_PLACEMENT_3D('',#2181,#1386,#1387);
#1236=AXIS2_PLACEMENT_3D('',#2185,#1389,#1390);
#1237=AXIS2_PLACEMENT_3D('',#2186,#1391,#1392);
#1238=AXIS2_PLACEMENT_3D('',#2192,#1396,#1397);
#1239=AXIS2_PLACEMENT_3D('',#2193,#1398,#1399);
#1240=AXIS2_PLACEMENT_3D('',#2197,#1401,#1402);
#1241=AXIS2_PLACEMENT_3D('',#2198,#1403,#1404);
#1242=AXIS2_PLACEMENT_3D('',#2356,#1408,#1409);
#1243=AXIS2_PLACEMENT_3D('',#2360,#1411,#1412);
#1244=AXIS2_PLACEMENT_3D('',#2361,#1413,#1414);
#1245=AXIS2_PLACEMENT_3D('',#2367,#1418,#1419);
#1246=AXIS2_PLACEMENT_3D('',#2368,#1420,#1421);
#1247=AXIS2_PLACEMENT_3D('',#2372,#1423,#1424);
#1248=AXIS2_PLACEMENT_3D('',#2373,#1425,#1426);
#1249=AXIS2_PLACEMENT_3D('',#2531,#1430,#1431);
#1250=AXIS2_PLACEMENT_3D('',#2535,#1433,#1434);
#1251=AXIS2_PLACEMENT_3D('',#2536,#1435,#1436);
#1252=AXIS2_PLACEMENT_3D('',#2542,#1440,#1441);
#1253=AXIS2_PLACEMENT_3D('',#2543,#1442,#1443);
#1254=AXIS2_PLACEMENT_3D('',#2547,#1445,#1446);
#1255=AXIS2_PLACEMENT_3D('',#2548,#1447,#1448);
#1256=AXIS2_PLACEMENT_3D('',#2706,#1452,#1453);
#1257=AXIS2_PLACEMENT_3D('',#2710,#1455,#1456);
#1258=AXIS2_PLACEMENT_3D('',#2711,#1457,#1458);
#1259=AXIS2_PLACEMENT_3D('',#2717,#1462,#1463);
#1260=AXIS2_PLACEMENT_3D('',#2718,#1464,#1465);
#1261=AXIS2_PLACEMENT_3D('',#2722,#1467,#1468);
#1262=AXIS2_PLACEMENT_3D('',#2723,#1469,#1470);
#1263=AXIS2_PLACEMENT_3D('',#2881,#1474,#1475);
#1264=AXIS2_PLACEMENT_3D('',#2885,#1477,#1478);
#1265=AXIS2_PLACEMENT_3D('',#2886,#1479,#1480);
#1266=AXIS2_PLACEMENT_3D('',#2892,#1484,#1485);
#1267=AXIS2_PLACEMENT_3D('',#2893,#1486,#1487);
#1268=AXIS2_PLACEMENT_3D('',#2897,#1489,#1490);
#1269=AXIS2_PLACEMENT_3D('',#2898,#1491,#1492);
#1270=AXIS2_PLACEMENT_3D('',#3056,#1496,#1497);
#1271=AXIS2_PLACEMENT_3D('',#3060,#1499,#1500);
#1272=AXIS2_PLACEMENT_3D('',#3061,#1501,#1502);
#1273=AXIS2_PLACEMENT_3D('',#3067,#1506,#1507);
#1274=AXIS2_PLACEMENT_3D('',#3068,#1508,#1509);
#1275=AXIS2_PLACEMENT_3D('',#3072,#1511,#1512);
#1276=AXIS2_PLACEMENT_3D('',#3073,#1513,#1514);
#1277=AXIS2_PLACEMENT_3D('',#3231,#1518,#1519);
#1278=AXIS2_PLACEMENT_3D('',#3235,#1521,#1522);
#1279=AXIS2_PLACEMENT_3D('',#3236,#1523,#1524);
#1280=AXIS2_PLACEMENT_3D('',#3242,#1528,#1529);
#1281=AXIS2_PLACEMENT_3D('',#3243,#1530,#1531);
#1282=AXIS2_PLACEMENT_3D('',#3247,#1533,#1534);
#1283=AXIS2_PLACEMENT_3D('',#3248,#1535,#1536);
#1284=AXIS2_PLACEMENT_3D('',#3406,#1540,#1541);
#1285=AXIS2_PLACEMENT_3D('',#3410,#1543,#1544);
#1286=AXIS2_PLACEMENT_3D('',#3411,#1545,#1546);
#1287=AXIS2_PLACEMENT_3D('',#3417,#1550,#1551);
#1288=AXIS2_PLACEMENT_3D('',#3418,#1552,#1553);
#1289=AXIS2_PLACEMENT_3D('',#3422,#1555,#1556);
#1290=AXIS2_PLACEMENT_3D('',#3423,#1557,#1558);
#1291=AXIS2_PLACEMENT_3D('',#3581,#1562,#1563);
#1292=AXIS2_PLACEMENT_3D('',#3585,#1565,#1566);
#1293=AXIS2_PLACEMENT_3D('',#3586,#1567,#1568);
#1294=AXIS2_PLACEMENT_3D('',#3592,#1572,#1573);
#1295=AXIS2_PLACEMENT_3D('',#3593,#1574,#1575);
#1296=AXIS2_PLACEMENT_3D('',#3597,#1577,#1578);
#1297=AXIS2_PLACEMENT_3D('',#3598,#1579,#1580);
#1298=AXIS2_PLACEMENT_3D('',#3756,#1584,#1585);
#1299=AXIS2_PLACEMENT_3D('',#3760,#1587,#1588);
#1300=AXIS2_PLACEMENT_3D('',#3761,#1589,#1590);
#1301=AXIS2_PLACEMENT_3D('',#3767,#1594,#1595);
#1302=AXIS2_PLACEMENT_3D('',#3768,#1596,#1597);
#1303=AXIS2_PLACEMENT_3D('',#3772,#1599,#1600);
#1304=AXIS2_PLACEMENT_3D('',#3773,#1601,#1602);
#1305=AXIS2_PLACEMENT_3D('',#3931,#1606,#1607);
#1306=AXIS2_PLACEMENT_3D('',#3935,#1609,#1610);
#1307=AXIS2_PLACEMENT_3D('',#3936,#1611,#1612);
#1308=AXIS2_PLACEMENT_3D('',#3942,#1616,#1617);
#1309=AXIS2_PLACEMENT_3D('',#3943,#1618,#1619);
#1310=AXIS2_PLACEMENT_3D('',#3947,#1621,#1622);
#1311=AXIS2_PLACEMENT_3D('',#3948,#1623,#1624);
#1312=AXIS2_PLACEMENT_3D('',#4106,#1628,#1629);
#1313=AXIS2_PLACEMENT_3D('',#4110,#1631,#1632);
#1314=AXIS2_PLACEMENT_3D('',#4111,#1633,#1634);
#1315=AXIS2_PLACEMENT_3D('',#4117,#1638,#1639);
#1316=AXIS2_PLACEMENT_3D('',#4118,#1640,#1641);
#1317=AXIS2_PLACEMENT_3D('',#4119,#1642,#1643);
#1318=AXIS2_PLACEMENT_3D('',#4120,#1644,#1645);
#1319=AXIS2_PLACEMENT_3D('',#4121,#1646,#1647);
#1320=AXIS2_PLACEMENT_3D('',#4123,#1648,#1649);
#1321=AXIS2_PLACEMENT_3D('',#4124,#1650,#1651);
#1322=AXIS2_PLACEMENT_3D('',#4126,#1652,#1653);
#1323=AXIS2_PLACEMENT_3D('',#4127,#1654,#1655);
#1324=AXIS2_PLACEMENT_3D('',#4128,#1656,#1657);
#1325=AXIS2_PLACEMENT_3D('',#4130,#1658,#1659);
#1326=AXIS2_PLACEMENT_3D('',#4131,#1660,#1661);
#1327=AXIS2_PLACEMENT_3D('',#4133,#1662,#1663);
#1328=DIRECTION('',(0.,0.,1.));
#1329=DIRECTION('',(1.,0.,0.));
#1330=DIRECTION('',(1.,0.,0.));
#1331=DIRECTION('',(0.,1.,0.));
#1332=DIRECTION('',(1.,0.,0.));
#1333=DIRECTION('',(0.,0.,-1.));
#1334=DIRECTION('',(1.,0.,0.));
#1335=DIRECTION('',(0.,0.,-1.));
#1336=DIRECTION('',(0.502252461772084,-0.656545153391423,0.56275298862122));
#1337=DIRECTION('',(0.,-0.650791373455969,-0.759256602365297));
#1338=DIRECTION('',(0.,-0.650791373455968,-0.759256602365297));
#1339=DIRECTION('',(0.765486444705669,0.0348720382298346,-0.64250637656102));
#1340=DIRECTION('',(0.,-0.650791373455969,-0.759256602365297));
#1341=DIRECTION('',(0.795395201161763,0.0954474241394119,-0.598528414692226));
#1342=DIRECTION('',(1.,0.,0.));
#1343=DIRECTION('',(0.,0.,-1.));
#1344=DIRECTION('',(0.76548644470567,-0.034872038229835,-0.64250637656102));
#1345=DIRECTION('',(1.,0.,0.));
#1346=DIRECTION('',(0.,0.,-1.));
#1347=DIRECTION('',(-0.502252461772084,-0.656545153391423,-0.56275298862122));
#1348=DIRECTION('',(0.,0.650791373455969,-0.759256602365297));
#1349=DIRECTION('',(0.,0.650791373455968,-0.759256602365297));
#1350=DIRECTION('',(0.795395201161763,-0.0954474241394121,-0.598528414692226));
#1351=DIRECTION('',(0.,0.650791373455969,-0.759256602365297));
#1352=DIRECTION('',(-1.,0.,0.));
#1353=DIRECTION('',(0.,0.,1.));
#1354=DIRECTION('',(1.,0.,0.));
#1355=DIRECTION('',(0.,0.,-1.));
#1356=DIRECTION('',(0.795395201161763,-0.173696588863679,-0.580668553467433));
#1357=DIRECTION('',(1.,0.,0.));
#1358=DIRECTION('',(0.,0.,-1.));
#1359=DIRECTION('',(0.502252461772084,-0.347357372675336,0.791887189119744));
#1360=DIRECTION('',(0.844469944905659,0.,-0.535602942627309));
#1361=DIRECTION('',(0.,-0.915771860567232,-0.401698766979973));
#1362=DIRECTION('',(0.76548644470567,-0.247354448263784,-0.594008653048079));
#1363=DIRECTION('',(0.,-0.915771860567232,-0.401698766979973));
#1364=DIRECTION('',(1.,0.,0.));
#1365=DIRECTION('',(0.,0.,-1.));
#1366=DIRECTION('',(0.76548644470567,-0.310191689874552,-0.563747832372456));
#1367=DIRECTION('',(1.,0.,0.));
#1368=DIRECTION('',(0.,0.,-1.));
#1369=DIRECTION('',(-0.502252461772084,-0.835696114480446,-0.222158657013783));
#1370=DIRECTION('',(0.857114964264029,-0.515125167347387,0.));
#1371=DIRECTION('',(0.,0.256913673399337,-0.966434355981025));
#1372=DIRECTION('',(0.795395201161763,-0.345686904205856,-0.497842382917937));
#1373=DIRECTION('',(0.,0.256913673399337,-0.966434355981025));
#1374=DIRECTION('',(-1.,0.,0.));
#1375=DIRECTION('',(0.,0.,1.));
#1376=DIRECTION('',(1.,0.,0.));
#1377=DIRECTION('',(0.,0.,-1.));
#1378=DIRECTION('',(0.795395201161763,-0.408437862193454,-0.447800163795949));
#1379=DIRECTION('',(1.,0.,0.));
#1380=DIRECTION('',(0.,0.,-1.));
#1381=DIRECTION('',(0.502252461772084,0.0306287957577122,0.86417841995407));
#1382=DIRECTION('',(0.864584058262319,0.,-0.502488214984849));
#1383=DIRECTION('',(0.,-0.999372499488334,0.0354204357178114));
#1384=DIRECTION('',(0.765486444705669,-0.480589352675535,-0.427860230760917));
#1385=DIRECTION('',(0.,-0.999372499488334,0.0354204357178109));
#1386=DIRECTION('',(1.,0.,0.));
#1387=DIRECTION('',(0.,0.,-1.));
#1388=DIRECTION('',(0.76548644470567,-0.524074073088194,-0.373332116069089));
#1389=DIRECTION('',(1.,0.,0.));
#1390=DIRECTION('',(0.,0.,-1.));
#1391=DIRECTION('',(-0.502252461772084,-0.849327210956372,0.162436921212362));
#1392=DIRECTION('',(0.860759011728581,-0.509012695055867,0.));
#1393=DIRECTION('',(0.,-0.187848930513465,-0.982197932855159));
#1394=DIRECTION('',(0.795395201161763,-0.527458853322672,-0.298552561570606));
#1395=DIRECTION('',(0.,-0.187848930513464,-0.982197932855159));
#1396=DIRECTION('',(-1.,0.,0.));
#1397=DIRECTION('',(0.,0.,1.));
#1398=DIRECTION('',(1.,0.,0.));
#1399=DIRECTION('',(0.,0.,-1.));
#1400=DIRECTION('',(0.795395201161763,-0.562283007754163,-0.226239459776076));
#1401=DIRECTION('',(1.,0.,0.));
#1402=DIRECTION('',(0.,0.,-1.));
#1403=DIRECTION('',(0.502252461772084,0.402548555553417,0.765308516263696));
#1404=DIRECTION('',(0.836038516169928,0.,-0.548670756902886));
#1405=DIRECTION('',(0.,-0.885035158386398,0.465524186718546));
#1406=DIRECTION('',(0.765486444705669,-0.618637641748281,-0.176968842410182));
#1407=DIRECTION('',(0.,-0.885035158386398,0.465524186718546));
#1408=DIRECTION('',(1.,0.,0.));
#1409=DIRECTION('',(0.,0.,-1.));
#1410=DIRECTION('',(0.76548644470567,-0.634157158780007,-0.108973395560307));
#1411=DIRECTION('',(1.,0.,0.));
#1412=DIRECTION('',(0.,0.,-1.));
#1413=DIRECTION('',(-0.502252461772084,-0.694738636987718,0.514859875034295));
#1414=DIRECTION('',(0.,-0.59540574992213,-0.803425163260192));
#1415=DIRECTION('',(0.,-0.59540574992213,-0.803425163260192));
#1416=DIRECTION('',(0.795395201161763,-0.604761107680615,-0.0401307438973362));
#1417=DIRECTION('',(0.,-0.59540574992213,-0.803425163260192));
#1418=DIRECTION('',(-1.,0.,0.));
#1419=DIRECTION('',(0.,0.,1.));
#1420=DIRECTION('',(1.,0.,0.));
#1421=DIRECTION('',(0.,0.,-1.));
#1422=DIRECTION('',(0.795395201161763,-0.604761107680615,0.0401307438973368));
#1423=DIRECTION('',(1.,0.,0.));
#1424=DIRECTION('',(0.,0.,-1.));
#1425=DIRECTION('',(0.502252461772083,0.694738636987718,0.514859875034294));
#1426=DIRECTION('',(0.,-0.595405749922129,0.803425163260193));
#1427=DIRECTION('',(0.,-0.595405749922129,0.803425163260193));
#1428=DIRECTION('',(0.76548644470567,-0.634157158780006,0.108973395560308));
#1429=DIRECTION('',(0.,-0.595405749922129,0.803425163260193));
#1430=DIRECTION('',(1.,0.,0.));
#1431=DIRECTION('',(0.,0.,-1.));
#1432=DIRECTION('',(0.76548644470567,-0.618637641748281,0.176968842410183));
#1433=DIRECTION('',(1.,0.,0.));
#1434=DIRECTION('',(0.,0.,-1.));
#1435=DIRECTION('',(-0.502252461772085,-0.402548555553416,0.765308516263695));
#1436=DIRECTION('',(0.836038516169927,0.,0.548670756902887));
#1437=DIRECTION('',(0.,-0.885035158386399,-0.465524186718545));
#1438=DIRECTION('',(0.795395201161763,-0.562283007754161,0.226239459776079));
#1439=DIRECTION('',(0.,-0.885035158386398,-0.465524186718545));
#1440=DIRECTION('',(-1.,0.,0.));
#1441=DIRECTION('',(0.,0.,1.));
#1442=DIRECTION('',(1.,0.,0.));
#1443=DIRECTION('',(0.,0.,-1.));
#1444=DIRECTION('',(0.795395201161763,-0.527458853322671,0.298552561570607));
#1445=DIRECTION('',(1.,0.,0.));
#1446=DIRECTION('',(0.,0.,-1.));
#1447=DIRECTION('',(0.502252461772084,0.849327210956372,0.162436921212361));
#1448=DIRECTION('',(-0.860759011728581,0.509012695055867,0.));
#1449=DIRECTION('',(0.,-0.187848930513465,0.982197932855159));
#1450=DIRECTION('',(0.76548644470567,-0.524074073088193,0.37333211606909));
#1451=DIRECTION('',(0.,-0.187848930513464,0.982197932855159));
#1452=DIRECTION('',(1.,0.,0.));
#1453=DIRECTION('',(0.,0.,-1.));
#1454=DIRECTION('',(0.76548644470567,-0.480589352675534,0.427860230760917));
#1455=DIRECTION('',(1.,0.,0.));
#1456=DIRECTION('',(0.,0.,-1.));
#1457=DIRECTION('',(-0.502252461772085,-0.0306287957577122,0.86417841995407));
#1458=DIRECTION('',(0.864584058262318,0.,0.50248821498485));
#1459=DIRECTION('',(0.,-0.999372499488334,-0.0354204357178107));
#1460=DIRECTION('',(0.795395201161763,-0.408437862193452,0.447800163795951));
#1461=DIRECTION('',(0.,-0.999372499488334,-0.0354204357178109));
#1462=DIRECTION('',(-1.,0.,0.));
#1463=DIRECTION('',(0.,0.,1.));
#1464=DIRECTION('',(1.,0.,0.));
#1465=DIRECTION('',(0.,0.,-1.));
#1466=DIRECTION('',(0.795395201161763,-0.345686904205855,0.497842382917937));
#1467=DIRECTION('',(1.,0.,0.));
#1468=DIRECTION('',(0.,0.,-1.));
#1469=DIRECTION('',(0.502252461772083,0.835696114480446,-0.222158657013782));
#1470=DIRECTION('',(-0.857114964264029,0.515125167347386,0.));
#1471=DIRECTION('',(0.,0.256913673399337,0.966434355981025));
#1472=DIRECTION('',(0.76548644470567,-0.310191689874552,0.563747832372456));
#1473=DIRECTION('',(0.,0.256913673399337,0.966434355981025));
#1474=DIRECTION('',(1.,0.,0.));
#1475=DIRECTION('',(0.,0.,-1.));
#1476=DIRECTION('',(0.76548644470567,-0.247354448263785,0.594008653048078));
#1477=DIRECTION('',(1.,0.,0.));
#1478=DIRECTION('',(0.,0.,-1.));
#1479=DIRECTION('',(-0.502252461772084,0.347357372675335,0.791887189119745));
#1480=DIRECTION('',(0.84446994490566,0.,0.535602942627309));
#1481=DIRECTION('',(0.,-0.915771860567232,0.401698766979971));
#1482=DIRECTION('',(0.795395201161763,-0.17369658886368,0.580668553467432));
#1483=DIRECTION('',(0.,-0.915771860567232,0.401698766979972));
#1484=DIRECTION('',(-1.,0.,0.));
#1485=DIRECTION('',(0.,0.,1.));
#1486=DIRECTION('',(1.,0.,0.));
#1487=DIRECTION('',(0.,0.,-1.));
#1488=DIRECTION('',(0.795395201161763,-0.0954474241394117,0.598528414692226));
#1489=DIRECTION('',(1.,0.,0.));
#1490=DIRECTION('',(0.,0.,-1.));
#1491=DIRECTION('',(0.502252461772084,0.656545153391423,-0.56275298862122));
#1492=DIRECTION('',(0.,0.650791373455969,0.759256602365297));
#1493=DIRECTION('',(0.,0.650791373455969,0.759256602365297));
#1494=DIRECTION('',(0.765486444705669,-0.0348720382298349,0.64250637656102));
#1495=DIRECTION('',(0.,0.650791373455969,0.759256602365297));
#1496=DIRECTION('',(1.,0.,0.));
#1497=DIRECTION('',(0.,0.,-1.));
#1498=DIRECTION('',(0.76548644470567,0.0348720382298346,0.64250637656102));
#1499=DIRECTION('',(1.,0.,0.));
#1500=DIRECTION('',(0.,0.,-1.));
#1501=DIRECTION('',(-0.502252461772084,0.656545153391423,0.56275298862122));
#1502=DIRECTION('',(0.,-0.650791373455969,0.759256602365297));
#1503=DIRECTION('',(0.,-0.650791373455968,0.759256602365297));
#1504=DIRECTION('',(0.795395201161763,0.0954474241394119,0.598528414692226));
#1505=DIRECTION('',(0.,-0.650791373455969,0.759256602365297));
#1506=DIRECTION('',(-1.,0.,0.));
#1507=DIRECTION('',(0.,0.,1.));
#1508=DIRECTION('',(1.,0.,0.));
#1509=DIRECTION('',(0.,0.,-1.));
#1510=DIRECTION('',(0.795395201161763,0.17369658886368,0.580668553467432));
#1511=DIRECTION('',(1.,0.,0.));
#1512=DIRECTION('',(0.,0.,-1.));
#1513=DIRECTION('',(0.502252461772084,0.347357372675335,-0.791887189119745));
#1514=DIRECTION('',(-0.84446994490566,0.,-0.535602942627309));
#1515=DIRECTION('',(0.,0.915771860567232,0.401698766979971));
#1516=DIRECTION('',(0.76548644470567,0.247354448263784,0.594008653048078));
#1517=DIRECTION('',(0.,0.915771860567232,0.401698766979971));
#1518=DIRECTION('',(1.,0.,0.));
#1519=DIRECTION('',(0.,0.,-1.));
#1520=DIRECTION('',(0.76548644470567,0.310191689874553,0.563747832372456));
#1521=DIRECTION('',(1.,0.,0.));
#1522=DIRECTION('',(0.,0.,-1.));
#1523=DIRECTION('',(-0.502252461772084,0.835696114480446,0.222158657013782));
#1524=DIRECTION('',(-0.857114964264029,-0.515125167347386,0.));
#1525=DIRECTION('',(0.,-0.256913673399336,0.966434355981025));
#1526=DIRECTION('',(0.795395201161763,0.345686904205855,0.497842382917937));
#1527=DIRECTION('',(0.,-0.256913673399337,0.966434355981025));
#1528=DIRECTION('',(-1.,0.,0.));
#1529=DIRECTION('',(0.,0.,1.));
#1530=DIRECTION('',(1.,0.,0.));
#1531=DIRECTION('',(0.,0.,-1.));
#1532=DIRECTION('',(0.795395201161763,0.408437862193453,0.44780016379595));
#1533=DIRECTION('',(1.,0.,0.));
#1534=DIRECTION('',(0.,0.,-1.));
#1535=DIRECTION('',(0.502252461772084,-0.0306287957577122,-0.86417841995407));
#1536=DIRECTION('',(-0.864584058262318,0.,-0.502488214984849));
#1537=DIRECTION('',(0.,0.999372499488334,-0.0354204357178114));
#1538=DIRECTION('',(0.76548644470567,0.480589352675535,0.427860230760916));
#1539=DIRECTION('',(0.,0.999372499488334,-0.0354204357178109));
#1540=DIRECTION('',(1.,0.,0.));
#1541=DIRECTION('',(0.,0.,-1.));
#1542=DIRECTION('',(0.76548644470567,0.524074073088194,0.373332116069089));
#1543=DIRECTION('',(1.,0.,0.));
#1544=DIRECTION('',(0.,0.,-1.));
#1545=DIRECTION('',(-0.502252461772084,0.849327210956373,-0.162436921212362));
#1546=DIRECTION('',(-0.860759011728581,-0.509012695055866,0.));
#1547=DIRECTION('',(0.,0.187848930513465,0.982197932855159));
#1548=DIRECTION('',(0.795395201161763,0.527458853322671,0.298552561570607));
#1549=DIRECTION('',(0.,0.187848930513464,0.982197932855159));
#1550=DIRECTION('',(-1.,0.,0.));
#1551=DIRECTION('',(0.,0.,1.));
#1552=DIRECTION('',(1.,0.,0.));
#1553=DIRECTION('',(0.,0.,-1.));
#1554=DIRECTION('',(0.795395201161763,0.562283007754162,0.226239459776076));
#1555=DIRECTION('',(1.,0.,0.));
#1556=DIRECTION('',(0.,0.,-1.));
#1557=DIRECTION('',(0.502252461772084,-0.402548555553416,-0.765308516263696));
#1558=DIRECTION('',(-0.836038516169928,0.,-0.548670756902886));
#1559=DIRECTION('',(0.,0.885035158386399,-0.465524186718545));
#1560=DIRECTION('',(0.76548644470567,0.61863764174828,0.176968842410183));
#1561=DIRECTION('',(0.,0.885035158386398,-0.465524186718545));
#1562=DIRECTION('',(1.,0.,0.));
#1563=DIRECTION('',(0.,0.,-1.));
#1564=DIRECTION('',(0.76548644470567,0.634157158780006,0.108973395560308));
#1565=DIRECTION('',(1.,0.,0.));
#1566=DIRECTION('',(0.,0.,-1.));
#1567=DIRECTION('',(-0.502252461772084,0.694738636987718,-0.514859875034294));
#1568=DIRECTION('',(0.,0.595405749922129,0.803425163260193));
#1569=DIRECTION('',(0.,0.59540574992213,0.803425163260192));
#1570=DIRECTION('',(0.795395201161763,0.604761107680615,0.0401307438973367));
#1571=DIRECTION('',(0.,0.595405749922129,0.803425163260193));
#1572=DIRECTION('',(-1.,0.,0.));
#1573=DIRECTION('',(0.,0.,1.));
#1574=DIRECTION('',(1.,0.,0.));
#1575=DIRECTION('',(0.,0.,-1.));
#1576=DIRECTION('',(0.795395201161763,0.604761107680615,-0.0401307438973365));
#1577=DIRECTION('',(1.,0.,0.));
#1578=DIRECTION('',(0.,0.,-1.));
#1579=DIRECTION('',(0.502252461772084,-0.694738636987718,-0.514859875034294));
#1580=DIRECTION('',(0.,0.595405749922129,-0.803425163260193));
#1581=DIRECTION('',(0.,0.595405749922129,-0.803425163260193));
#1582=DIRECTION('',(0.76548644470567,0.634157158780006,-0.108973395560308));
#1583=DIRECTION('',(0.,0.595405749922129,-0.803425163260193));
#1584=DIRECTION('',(1.,0.,0.));
#1585=DIRECTION('',(0.,0.,-1.));
#1586=DIRECTION('',(0.76548644470567,0.618637641748281,-0.176968842410183));
#1587=DIRECTION('',(1.,0.,0.));
#1588=DIRECTION('',(0.,0.,-1.));
#1589=DIRECTION('',(-0.502252461772084,0.402548555553416,-0.765308516263696));
#1590=DIRECTION('',(-0.836038516169928,0.,0.548670756902885));
#1591=DIRECTION('',(0.,0.885035158386399,0.465524186718545));
#1592=DIRECTION('',(0.795395201161763,0.562283007754162,-0.226239459776076));
#1593=DIRECTION('',(0.,0.885035158386398,0.465524186718545));
#1594=DIRECTION('',(-1.,0.,0.));
#1595=DIRECTION('',(0.,0.,1.));
#1596=DIRECTION('',(1.,0.,0.));
#1597=DIRECTION('',(0.,0.,-1.));
#1598=DIRECTION('',(0.795395201161763,0.527458853322671,-0.298552561570607));
#1599=DIRECTION('',(1.,0.,0.));
#1600=DIRECTION('',(0.,0.,-1.));
#1601=DIRECTION('',(0.502252461772084,-0.849327210956373,-0.162436921212362));
#1602=DIRECTION('',(0.860759011728581,0.509012695055867,0.));
#1603=DIRECTION('',(0.,0.187848930513465,-0.982197932855159));
#1604=DIRECTION('',(0.76548644470567,0.524074073088194,-0.373332116069089));
#1605=DIRECTION('',(0.,0.187848930513464,-0.982197932855159));
#1606=DIRECTION('',(1.,0.,0.));
#1607=DIRECTION('',(0.,0.,-1.));
#1608=DIRECTION('',(0.76548644470567,0.480589352675534,-0.427860230760917));
#1609=DIRECTION('',(1.,0.,0.));
#1610=DIRECTION('',(0.,0.,-1.));
#1611=DIRECTION('',(-0.502252461772083,0.0306287957577122,-0.864178419954071));
#1612=DIRECTION('',(-0.864584058262319,0.,0.502488214984849));
#1613=DIRECTION('',(0.,0.999372499488334,0.0354204357178107));
#1614=DIRECTION('',(0.795395201161763,0.408437862193454,-0.447800163795949));
#1615=DIRECTION('',(0.,0.999372499488334,0.0354204357178109));
#1616=DIRECTION('',(-1.,0.,0.));
#1617=DIRECTION('',(0.,0.,1.));
#1618=DIRECTION('',(1.,0.,0.));
#1619=DIRECTION('',(0.,0.,-1.));
#1620=DIRECTION('',(0.795395201161763,0.345686904205856,-0.497842382917937));
#1621=DIRECTION('',(1.,0.,0.));
#1622=DIRECTION('',(0.,0.,-1.));
#1623=DIRECTION('',(0.502252461772084,-0.835696114480446,0.222158657013782));
#1624=DIRECTION('',(0.857114964264029,0.515125167347386,0.));
#1625=DIRECTION('',(0.,-0.256913673399336,-0.966434355981025));
#1626=DIRECTION('',(0.765486444705669,0.310191689874552,-0.563747832372457));
#1627=DIRECTION('',(0.,-0.256913673399337,-0.966434355981025));
#1628=DIRECTION('',(1.,0.,0.));
#1629=DIRECTION('',(0.,0.,-1.));
#1630=DIRECTION('',(0.76548644470567,0.247354448263785,-0.594008653048079));
#1631=DIRECTION('',(1.,0.,0.));
#1632=DIRECTION('',(0.,0.,-1.));
#1633=DIRECTION('',(-0.502252461772084,-0.347357372675334,-0.791887189119745));
#1634=DIRECTION('',(-0.844469944905659,0.,0.535602942627309));
#1635=DIRECTION('',(0.,0.915771860567232,-0.401698766979971));
#1636=DIRECTION('',(0.795395201161763,0.17369658886368,-0.580668553467432));
#1637=DIRECTION('',(0.,0.915771860567233,-0.401698766979971));
#1638=DIRECTION('',(-1.,0.,0.));
#1639=DIRECTION('',(0.,0.,1.));
#1640=DIRECTION('',(1.,0.,0.));
#1641=DIRECTION('',(0.,0.,-1.));
#1642=DIRECTION('',(1.,0.,0.));
#1643=DIRECTION('',(0.,0.,-1.));
#1644=DIRECTION('',(1.,0.,0.));
#1645=DIRECTION('',(0.,1.,0.));
#1646=DIRECTION('',(1.,0.,0.));
#1647=DIRECTION('',(0.,0.,-1.));
#1648=DIRECTION('',(1.,0.,0.));
#1649=DIRECTION('',(0.,1.,0.));
#1650=DIRECTION('',(1.,0.,0.));
#1651=DIRECTION('',(0.,0.,-1.));
#1652=DIRECTION('',(1.,0.,0.));
#1653=DIRECTION('',(0.,0.,-1.));
#1654=DIRECTION('',(1.,0.,0.));
#1655=DIRECTION('',(0.,0.,-1.));
#1656=DIRECTION('',(1.,0.,0.));
#1657=DIRECTION('',(0.,0.,-1.));
#1658=DIRECTION('',(1.,0.,0.));
#1659=DIRECTION('',(0.,0.,-1.));
#1660=DIRECTION('',(1.,0.,0.));
#1661=DIRECTION('',(0.,0.,-1.));
#1662=DIRECTION('',(1.,0.,0.));
#1663=DIRECTION('',(0.,1.,0.));
#1664=CARTESIAN_POINT('',(0.,0.,0.));
#1665=CARTESIAN_POINT('',(0.01,6.93889390390723E-18,-0.00581809505820274));
#1666=CARTESIAN_POINT('',(0.01,0.,3.11060286983428E-19));
#1667=CARTESIAN_POINT('',(0.01,0.,-0.00508));
#1668=CARTESIAN_POINT('',(0.01,0.,1.11014232342708E-18));
#1669=CARTESIAN_POINT('',(0.01,0.,-0.01305));
#1670=CARTESIAN_POINT('',(0.0126128767678059,-0.0164875709777687,0.0141322036952302));
#1671=CARTESIAN_POINT('',(0.01,-0.00331110792283835,0.0318367151735323));
#1672=CARTESIAN_POINT('',(0.01,-0.00182221584567671,0.033573755930221));
#1673=CARTESIAN_POINT('',(0.01,-0.0048,0.0300996744168438));
#1674=CARTESIAN_POINT('',(0.005,-0.0020499928263863,0.0377704754214986));
#1675=CARTESIAN_POINT('',(8.67361737988404E-19,-0.00227776980709589,0.0419671949127762));
#1676=CARTESIAN_POINT('',(0.,-0.00413888490354794,0.0397958939669154));
#1677=CARTESIAN_POINT('',(0.,-0.006,0.0376245930210547));
#1678=CARTESIAN_POINT('',(0.,-0.006,0.0376245930210547));
#1679=CARTESIAN_POINT('',(-0.0001,0.00261965435852861,0.0416575787888135));
#1680=CARTESIAN_POINT('',(0.,0.00261442550751358,0.0415744299289555));
#1681=CARTESIAN_POINT('',(0.01,0.00209154040601087,0.0332595439431644));
#1682=CARTESIAN_POINT('',(0.0101,0.00208631155499584,0.0331763950833065));
#1683=CARTESIAN_POINT('',(-0.0001,0.0025072113545891,0.0417887622934095));
#1684=CARTESIAN_POINT('',(0.,0.00250220694070768,0.0417053515902291));
#1685=CARTESIAN_POINT('',(0.01,0.00200176555256615,0.0333642812721833));
#1686=CARTESIAN_POINT('',(0.0101,0.00199676113868473,0.0332808705690028));
#1687=CARTESIAN_POINT('',(-0.0001,0.00239476835064959,0.0419199457980056));
#1688=CARTESIAN_POINT('',(0.,0.00238998837390178,0.0418362732515026));
#1689=CARTESIAN_POINT('',(0.01,0.00191199069912143,0.0334690186012021));
#1690=CARTESIAN_POINT('',(0.0101,0.00190721072237363,0.0333853460546991));
#1691=CARTESIAN_POINT('',(-0.0001,0.00221204846924788,0.0421331189929743));
#1692=CARTESIAN_POINT('',(0.,0.0022076332028422,0.0420490209510722));
#1693=CARTESIAN_POINT('',(0.01,0.00176610656227377,0.0336392167608577));
#1694=CARTESIAN_POINT('',(0.0101,0.00176169129586808,0.0335551187189556));
#1695=CARTESIAN_POINT('',(-0.0001,0.00213734941249106,0.0422113179243547));
#1696=CARTESIAN_POINT('',(0.,0.00213308324599906,0.0421270637967611));
#1697=CARTESIAN_POINT('',(0.01,0.00170646659679925,0.0337016510374089));
#1698=CARTESIAN_POINT('',(0.0101,0.00170220043030725,0.0336173969098154));
#1699=CARTESIAN_POINT('',(-0.0001,0.00197997303443236,0.0423592275959858));
#1700=CARTESIAN_POINT('',(0.,0.00197602099244747,0.0422746782395068));
#1701=CARTESIAN_POINT('',(0.01,0.00158081679395797,0.0338197425916054));
#1702=CARTESIAN_POINT('',(0.0101,0.00157686475197308,0.0337351932351264));
#1703=CARTESIAN_POINT('',(-0.0001,0.00189729606676926,0.0424289380038703));
#1704=CARTESIAN_POINT('',(0.,0.00189350904867192,0.0423442495048605));
#1705=CARTESIAN_POINT('',(0.01,0.00151480723893754,0.0338753996038885));
#1706=CARTESIAN_POINT('',(0.0101,0.00151102022084019,0.0337907111048787));
#1707=CARTESIAN_POINT('',(-0.0001,0.00172492316766251,0.0425590617103439));
#1708=CARTESIAN_POINT('',(0.,0.00172148020724802,0.0424741134833772));
#1709=CARTESIAN_POINT('',(0.01,0.00137718416579841,0.0339792907867017));
#1710=CARTESIAN_POINT('',(0.0101,0.00137374120538392,0.0338943425597349));
#1711=CARTESIAN_POINT('',(-0.0001,0.00163522762355615,0.0426194747165334));
#1712=CARTESIAN_POINT('',(0.,0.00163196369616382,0.042534405904724));
#1713=CARTESIAN_POINT('',(0.01,0.00130557095693106,0.0340275247237792));
#1714=CARTESIAN_POINT('',(0.0101,0.00130230702953873,0.0339424559119697));
#1715=CARTESIAN_POINT('',(-0.0001,0.00144985831621725,0.0427303025795896));
#1716=CARTESIAN_POINT('',(0.,0.00144696438744236,0.0426450125544806));
#1717=CARTESIAN_POINT('',(0.01,0.00115757150995389,0.0341160100435845));
#1718=CARTESIAN_POINT('',(0.0101,0.00115467758117901,0.0340307200184755));
#1719=CARTESIAN_POINT('',(-0.0001,0.00135418496952608,0.0427807171874161));
#1720=CARTESIAN_POINT('',(0.,0.00135148200551505,0.0426953265343474));
#1721=CARTESIAN_POINT('',(0.01,0.00108118560441204,0.0341562612274779));
#1722=CARTESIAN_POINT('',(0.0101,0.00107848264040101,0.0340708705744092));
#1723=CARTESIAN_POINT('',(-0.0001,0.00115797016937853,0.0428709632263095));
#1724=CARTESIAN_POINT('',(0.,0.00115565885167518,0.0427853924414266));
#1725=CARTESIAN_POINT('',(0.01,0.000924527081340142,0.0342283139531413));
#1726=CARTESIAN_POINT('',(0.0101,0.000922215763636792,0.0341427431682584));
#1727=CARTESIAN_POINT('',(-0.0001,0.00105742915683431,0.0429107944545854));
#1728=CARTESIAN_POINT('',(0.,0.00105531851979472,0.0428251441662529));
#1729=CARTESIAN_POINT('',(0.01,0.00084425481583578,0.0342601153330023));
#1730=CARTESIAN_POINT('',(0.0101,0.000842144178796191,0.0341744650446698));
#1731=CARTESIAN_POINT('',(-0.0001,0.000852645623963229,0.042979411507843));
#1732=CARTESIAN_POINT('',(0.,0.000850943736490248,0.0428936242593243));
#1733=CARTESIAN_POINT('',(0.01,0.0006807549891922,0.0343148994074594));
#1734=CARTESIAN_POINT('',(0.0101,0.000679053101719219,0.0342291121589408));
#1735=CARTESIAN_POINT('',(-0.0001,0.00074840356380325,0.0430081971786358));
#1736=CARTESIAN_POINT('',(0.,0.000746909744314621,0.0429223524736884));
#1737=CARTESIAN_POINT('',(0.01,0.000597527795451696,0.0343378819789507));
#1738=CARTESIAN_POINT('',(0.0101,0.000596033975963067,0.0342520372740033));
#1739=CARTESIAN_POINT('',(-0.0001,0.000537427484782646,0.0430543890546962));
#1740=CARTESIAN_POINT('',(0.,0.000536354775232182,0.0429684521503955));
#1741=CARTESIAN_POINT('',(0.01,0.000429083820185744,0.0343747617203164));
#1742=CARTESIAN_POINT('',(0.0101,0.00042801111063528,0.0342888248160156));
#1743=CARTESIAN_POINT('',(-0.0001,0.000430693940004111,0.0430717951561666));
#1744=CARTESIAN_POINT('',(0.,0.000429834271461189,0.0429858235091483));
#1745=CARTESIAN_POINT('',(0.01,0.000343867417168953,0.0343886588073187));
#1746=CARTESIAN_POINT('',(0.0101,0.000343007748626031,0.0343026871603004));
#1747=CARTESIAN_POINT('',(-0.0001,0.000215973356038162,0.0430950258719159));
#1748=CARTESIAN_POINT('',(0.,0.000215542271495172,0.0430090078562035));
#1749=CARTESIAN_POINT('',(0.01,0.000172433817196139,0.0344072062849628));
#1750=CARTESIAN_POINT('',(0.0101,0.000172002732653149,0.0343211882692503));
#1751=CARTESIAN_POINT('',(-0.0001,0.000107986799347076,0.0431008504339931));
#1752=CARTESIAN_POINT('',(0.,0.000107771256833409,0.0430148207924083));
#1753=CARTESIAN_POINT('',(0.01,8.62170054667282E-5,0.0344118566339267));
#1754=CARTESIAN_POINT('',(0.0101,8.60014629530614E-5,0.0343258269923418));
#1755=CARTESIAN_POINT('',(-0.0001,-0.000107986799347064,0.0431008504339931));
#1756=CARTESIAN_POINT('',(0.,-0.000107771256833398,0.0430148207924083));
#1757=CARTESIAN_POINT('',(0.01,-8.62170054667173E-5,0.0344118566339267));
#1758=CARTESIAN_POINT('',(0.0101,-8.60014629530505E-5,0.0343258269923418));
#1759=CARTESIAN_POINT('',(-0.0001,-0.000215973356038152,0.0430950258719159));
#1760=CARTESIAN_POINT('',(0.,-0.000215542271495161,0.0430090078562035));
#1761=CARTESIAN_POINT('',(0.01,-0.00017243381719613,0.0344072062849628));
#1762=CARTESIAN_POINT('',(0.0101,-0.00017200273265314,0.0343211882692503));
#1763=CARTESIAN_POINT('',(-0.0001,-0.000430693940004101,0.0430717951561667));
#1764=CARTESIAN_POINT('',(0.,-0.000429834271461179,0.0429858235091484));
#1765=CARTESIAN_POINT('',(0.01,-0.000343867417168944,0.0343886588073187));
#1766=CARTESIAN_POINT('',(0.0101,-0.000343007748626022,0.0343026871603004));
#1767=CARTESIAN_POINT('',(-0.0001,-0.000537427484782633,0.0430543890546962));
#1768=CARTESIAN_POINT('',(0.,-0.000536354775232169,0.0429684521503955));
#1769=CARTESIAN_POINT('',(0.01,-0.000429083820185737,0.0343747617203164));
#1770=CARTESIAN_POINT('',(0.0101,-0.000428011110635272,0.0342888248160156));
#1771=CARTESIAN_POINT('',(-0.0001,-0.000748403563803237,0.0430081971786358));
#1772=CARTESIAN_POINT('',(0.,-0.000746909744314608,0.0429223524736884));
#1773=CARTESIAN_POINT('',(0.01,-0.000597527795451688,0.0343378819789507));
#1774=CARTESIAN_POINT('',(0.0101,-0.000596033975963059,0.0342520372740033));
#1775=CARTESIAN_POINT('',(-0.0001,-0.000852645623963221,0.042979411507843));
#1776=CARTESIAN_POINT('',(0.,-0.000850943736490241,0.0428936242593243));
#1777=CARTESIAN_POINT('',(0.01,-0.000680754989192195,0.0343148994074594));
#1778=CARTESIAN_POINT('',(0.0101,-0.000679053101719215,0.0342291121589408));
#1779=CARTESIAN_POINT('',(-0.0001,-0.00105742915683431,0.0429107944545855));
#1780=CARTESIAN_POINT('',(0.,-0.00105531851979472,0.042825144166253));
#1781=CARTESIAN_POINT('',(0.01,-0.000844254815835775,0.0342601153330023));
#1782=CARTESIAN_POINT('',(0.0101,-0.000842144178796186,0.0341744650446698));
#1783=CARTESIAN_POINT('',(-0.0001,-0.00115797016937852,0.0428709632263095));
#1784=CARTESIAN_POINT('',(0.,-0.00115565885167517,0.0427853924414266));
#1785=CARTESIAN_POINT('',(0.01,-0.000924527081340137,0.0342283139531413));
#1786=CARTESIAN_POINT('',(0.0101,-0.000922215763636787,0.0341427431682584));
#1787=CARTESIAN_POINT('',(-0.0001,-0.00135418496952607,0.0427807171874161));
#1788=CARTESIAN_POINT('',(0.,-0.00135148200551504,0.0426953265343474));
#1789=CARTESIAN_POINT('',(0.01,-0.00108118560441204,0.0341562612274779));
#1790=CARTESIAN_POINT('',(0.0101,-0.00107848264040101,0.0340708705744092));
#1791=CARTESIAN_POINT('',(-0.0001,-0.00144985831621724,0.0427303025795896));
#1792=CARTESIAN_POINT('',(0.,-0.00144696438744235,0.0426450125544806));
#1793=CARTESIAN_POINT('',(0.01,-0.00115757150995389,0.0341160100435845));
#1794=CARTESIAN_POINT('',(0.0101,-0.001154677581179,0.0340307200184755));
#1795=CARTESIAN_POINT('',(-0.0001,-0.00163522762355614,0.0426194747165334));
#1796=CARTESIAN_POINT('',(0.,-0.00163196369616381,0.042534405904724));
#1797=CARTESIAN_POINT('',(0.01,-0.00130557095693106,0.0340275247237792));
#1798=CARTESIAN_POINT('',(0.0101,-0.00130230702953873,0.0339424559119697));
#1799=CARTESIAN_POINT('',(-0.0001,-0.0017249231676625,0.0425590617103439));
#1800=CARTESIAN_POINT('',(0.,-0.00172148020724801,0.0424741134833772));
#1801=CARTESIAN_POINT('',(0.01,-0.00137718416579841,0.0339792907867017));
#1802=CARTESIAN_POINT('',(0.0101,-0.00137374120538391,0.0338943425597349));
#1803=CARTESIAN_POINT('',(-0.0001,-0.00189729606676925,0.0424289380038703));
#1804=CARTESIAN_POINT('',(0.,-0.00189350904867191,0.0423442495048605));
#1805=CARTESIAN_POINT('',(0.01,-0.00151480723893753,0.0338753996038885));
#1806=CARTESIAN_POINT('',(0.0101,-0.00151102022084019,0.0337907111048787));
#1807=CARTESIAN_POINT('',(-0.0001,-0.00197997303443235,0.0423592275959858));
#1808=CARTESIAN_POINT('',(0.,-0.00197602099244746,0.0422746782395068));
#1809=CARTESIAN_POINT('',(0.01,-0.00158081679395797,0.0338197425916054));
#1810=CARTESIAN_POINT('',(0.0101,-0.00157686475197308,0.0337351932351264));
#1811=CARTESIAN_POINT('',(-0.0001,-0.00213734941249105,0.0422113179243547));
#1812=CARTESIAN_POINT('',(0.,-0.00213308324599905,0.0421270637967611));
#1813=CARTESIAN_POINT('',(0.01,-0.00170646659679925,0.0337016510374089));
#1814=CARTESIAN_POINT('',(0.0101,-0.00170220043030725,0.0336173969098154));
#1815=CARTESIAN_POINT('',(-0.0001,-0.00221204846924788,0.0421331189929743));
#1816=CARTESIAN_POINT('',(0.,-0.0022076332028422,0.0420490209510722));
#1817=CARTESIAN_POINT('',(0.01,-0.00176610656227377,0.0336392167608578));
#1818=CARTESIAN_POINT('',(0.0101,-0.00176169129586808,0.0335551187189556));
#1819=CARTESIAN_POINT('',(-0.0001,-0.00239476835064959,0.0419199457980056));
#1820=CARTESIAN_POINT('',(0.,-0.00238998837390179,0.0418362732515026));
#1821=CARTESIAN_POINT('',(0.01,-0.00191199069912143,0.0334690186012021));
#1822=CARTESIAN_POINT('',(0.0101,-0.00190721072237363,0.0333853460546991));
#1823=CARTESIAN_POINT('',(-0.0001,-0.0025072113545891,0.0417887622934095));
#1824=CARTESIAN_POINT('',(0.,-0.00250220694070769,0.0417053515902291));
#1825=CARTESIAN_POINT('',(0.01,-0.00200176555256616,0.0333642812721833));
#1826=CARTESIAN_POINT('',(0.0101,-0.00199676113868474,0.0332808705690028));
#1827=CARTESIAN_POINT('',(-0.0001,-0.00261965435852862,0.0416575787888134));
#1828=CARTESIAN_POINT('',(0.,-0.00261442550751359,0.0415744299289555));
#1829=CARTESIAN_POINT('',(0.01,-0.00209154040601088,0.0332595439431644));
#1830=CARTESIAN_POINT('',(0.0101,-0.00208631155499585,0.0331763950833065));
#1831=CARTESIAN_POINT('',(0.01,9.75781955236954E-19,0.0320118566339267));
#1832=CARTESIAN_POINT('',(0.01,0.00182221584567671,0.033573755930221));
#1833=CARTESIAN_POINT('',(0.,0.00227776980709589,0.0419671949127762));
#1834=CARTESIAN_POINT('',(0.,0.00227776980709589,0.0419671949127762));
#1835=CARTESIAN_POINT('',(0.,1.51788304147971E-18,0.0400148207924083));
#1836=CARTESIAN_POINT('',(0.0126128767678059,0.0164875709777686,0.0141322036952302));
#1837=CARTESIAN_POINT('',(0.01,0.00331110792283835,0.0318367151735323));
#1838=CARTESIAN_POINT('',(0.01,0.0048,0.0300996744168438));
#1839=CARTESIAN_POINT('',(0.,0.006,0.0376245930210547));
#1840=CARTESIAN_POINT('',(0.,0.006,0.0376245930210547));
#1841=CARTESIAN_POINT('',(0.,0.00413888490354794,0.0397958939669154));
#1842=CARTESIAN_POINT('',(0.,9.97465998686664E-18,-3.81639164714897E-17));
#1843=CARTESIAN_POINT('',(0.01,1.30104260698261E-17,3.64291929955129E-17));
#1844=CARTESIAN_POINT('',(0.01,0.00873510871626966,0.0292015115313394));
#1845=CARTESIAN_POINT('',(0.,0.0109188858953371,0.0365018894141743));
#1846=CARTESIAN_POINT('',(0.,0.0109188858953371,0.0365018894141743));
#1847=CARTESIAN_POINT('',(0.,9.97465998686664E-18,-3.81639164714897E-17));
#1848=CARTESIAN_POINT('',(0.0126128767678059,-0.00872305477704352,0.0198863645090584));
#1849=CARTESIAN_POINT('',(0.01,0.0108302278639705,0.0301205251138121));
#1850=CARTESIAN_POINT('',(0.01,0.0129253470116713,0.0310395386962848));
#1851=CARTESIAN_POINT('',(0.005,0.0145410153881303,0.0349194810333204));
#1852=CARTESIAN_POINT('',(0.,0.0161566837645892,0.038799423370356));
#1853=CARTESIAN_POINT('',(0.,0.0135377848299631,0.0376506563922651));
#1854=CARTESIAN_POINT('',(-0.0001,0.0204347730691738,0.0363955561726391));
#1855=CARTESIAN_POINT('',(0.,0.0203939850989759,0.0363229103519352));
#1856=CARTESIAN_POINT('',(0.01,0.0163151880791807,0.0290583282815482));
#1857=CARTESIAN_POINT('',(0.0101,0.0162744001089827,0.0289856824608443));
#1858=CARTESIAN_POINT('',(-0.0001,0.0203903838126956,0.0365625356172494));
#1859=CARTESIAN_POINT('',(0.,0.020349684443808,0.0364895565042409));
#1860=CARTESIAN_POINT('',(0.01,0.0162797475550464,0.0291916452033927));
#1861=CARTESIAN_POINT('',(0.0101,0.0162390481861588,0.0291186660903843));
#1862=CARTESIAN_POINT('',(-0.0001,0.0203459945562174,0.0367295150618597));
#1863=CARTESIAN_POINT('',(0.,0.0203053837886401,0.0366562026565466));
#1864=CARTESIAN_POINT('',(0.01,0.0162443070309121,0.0293249621252373));
#1865=CARTESIAN_POINT('',(0.0101,0.0162036962633348,0.0292516497199242));
#1866=CARTESIAN_POINT('',(-0.0001,0.0202738620144402,0.0370008566593514));
#1867=CARTESIAN_POINT('',(0.,0.0202333952239922,0.0369270026540434));
#1868=CARTESIAN_POINT('',(0.01,0.0161867161791938,0.0295416021232347));
#1869=CARTESIAN_POINT('',(0.0101,0.0161462493887458,0.0294677481179266));
#1870=CARTESIAN_POINT('',(-0.0001,0.0202404897345829,0.0371037221680826));
#1871=CARTESIAN_POINT('',(0.,0.020200089555472,0.0370296628423978));
#1872=CARTESIAN_POINT('',(0.01,0.0161600716443776,0.0296237302739182));
#1873=CARTESIAN_POINT('',(0.0101,0.0161196714652667,0.0295496709482334));
#1874=CARTESIAN_POINT('',(-0.0001,0.0201628741187878,0.0373052672288448));
#1875=CARTESIAN_POINT('',(0.,0.0201226288610656,0.0372308056176096));
#1876=CARTESIAN_POINT('',(0.01,0.0160981030888525,0.0297846444940877));
#1877=CARTESIAN_POINT('',(0.0101,0.0160578578311304,0.0297101828828524));
#1878=CARTESIAN_POINT('',(-0.0001,0.0201186309572591,0.0374039463279861));
#1879=CARTESIAN_POINT('',(0.,0.0200784740092406,0.0373292877524811));
#1880=CARTESIAN_POINT('',(0.01,0.0160627792073925,0.0298634302019848));
#1881=CARTESIAN_POINT('',(0.0101,0.016022622259374,0.0297887716264799));
#1882=CARTESIAN_POINT('',(-0.0001,0.0200197869018064,0.0375959735344818));
#1883=CARTESIAN_POINT('',(0.,0.0199798272473118,0.0375209316711396));
#1884=CARTESIAN_POINT('',(0.01,0.0159838617978495,0.0300167453369117));
#1885=CARTESIAN_POINT('',(0.0101,0.0159439021433548,0.0299417034735694));
#1886=CARTESIAN_POINT('',(-0.0001,0.0199651862299939,0.037689321210334));
#1887=CARTESIAN_POINT('',(0.,0.0199253355588761,0.0376140930242854));
#1888=CARTESIAN_POINT('',(0.01,0.0159402684471009,0.0300912744194284));
#1889=CARTESIAN_POINT('',(0.0101,0.0159004177759831,0.0300160462333798));
#1890=CARTESIAN_POINT('',(-0.0001,0.0198462606626381,0.0378696023928296));
#1891=CARTESIAN_POINT('',(0.,0.0198066473679023,0.0377940143641014));
#1892=CARTESIAN_POINT('',(0.01,0.0158453178943218,0.0302352114912811));
#1893=CARTESIAN_POINT('',(0.0101,0.015805704599586,0.0301596234625529));
#1894=CARTESIAN_POINT('',(-0.0001,0.0197819360343312,0.0379565354943651));
#1895=CARTESIAN_POINT('',(0.,0.0197424511320671,0.0378807739464722));
#1896=CARTESIAN_POINT('',(0.01,0.0157939609056537,0.0303046191571777));
#1897=CARTESIAN_POINT('',(0.0101,0.0157544760033896,0.0302288576092848));
#1898=CARTESIAN_POINT('',(-0.0001,0.0196443088967722,0.0381229787770178));
#1899=CARTESIAN_POINT('',(0.,0.0196050986993734,0.0380468850070038));
#1900=CARTESIAN_POINT('',(0.01,0.0156840789594987,0.030437508005603));
#1901=CARTESIAN_POINT('',(0.0101,0.0156448687621,0.030361414235589));
#1902=CARTESIAN_POINT('',(-0.0001,0.0195710066967805,0.0382024885841221));
#1903=CARTESIAN_POINT('',(0.,0.0195319428111582,0.0381262361118983));
#1904=CARTESIAN_POINT('',(0.01,0.0156255542489265,0.0305009888895186));
#1905=CARTESIAN_POINT('',(0.0101,0.0155864903633042,0.0304247364172949));
#1906=CARTESIAN_POINT('',(-0.0001,0.0194162749326392,0.0383531626578661));
#1907=CARTESIAN_POINT('',(0.,0.0193775198928535,0.0382766094389881));
#1908=CARTESIAN_POINT('',(0.01,0.0155020159142827,0.0306212875511905));
#1909=CARTESIAN_POINT('',(0.0101,0.015463260874497,0.0305447343323125));
#1910=CARTESIAN_POINT('',(-0.0001,0.0193348457161856,0.0384243265859276));
#1911=CARTESIAN_POINT('',(0.,0.0192962532097661,0.038347631323281));
#1912=CARTESIAN_POINT('',(0.01,0.0154370025678128,0.0306781050586249));
#1913=CARTESIAN_POINT('',(0.0101,0.0153984100613933,0.0306014097959783));
#1914=CARTESIAN_POINT('',(-0.0001,0.0191648047410179,0.038557483118238));
#1915=CARTESIAN_POINT('',(0.,0.0191265516377424,0.0384805220740898));
#1916=CARTESIAN_POINT('',(0.01,0.015301241310194,0.0307844176592718));
#1917=CARTESIAN_POINT('',(0.0101,0.0152629882069185,0.0307074566151236));
#1918=CARTESIAN_POINT('',(-0.0001,0.019076193364401,0.0386194754232721));
#1919=CARTESIAN_POINT('',(0.,0.0190381171301407,0.0385423906419881));
#1920=CARTESIAN_POINT('',(0.01,0.0152304937041126,0.0308339125135905));
#1921=CARTESIAN_POINT('',(0.0101,0.0151924174698523,0.0307568277323065));
#1922=CARTESIAN_POINT('',(-0.0001,0.0188928162327615,0.0387335693447779));
#1923=CARTESIAN_POINT('',(0.,0.0188551060207201,0.0386562568311156));
#1924=CARTESIAN_POINT('',(0.01,0.0150840848165761,0.0309250054648925));
#1925=CARTESIAN_POINT('',(0.0101,0.0150463746045346,0.0308476929512303));
#1926=CARTESIAN_POINT('',(-0.0001,0.0187980508898037,0.0387856707048703));
#1927=CARTESIAN_POINT('',(0.,0.0187605298301434,0.0387082541964773));
#1928=CARTESIAN_POINT('',(0.01,0.0150084238641147,0.0309666033571818));
#1929=CARTESIAN_POINT('',(0.0101,0.0149709028044544,0.0308891868487888));
#1930=CARTESIAN_POINT('',(-0.0001,0.0186034654010914,0.0388793781374223));
#1931=CARTESIAN_POINT('',(0.,0.0185663327356201,0.0388017745882458));
#1932=CARTESIAN_POINT('',(0.01,0.0148530661884961,0.0310414196705967));
#1933=CARTESIAN_POINT('',(0.0101,0.0148159335230249,0.0309638161214202));
#1934=CARTESIAN_POINT('',(-0.0001,0.018503645692588,0.0389209839993131));
#1935=CARTESIAN_POINT('',(0.,0.0184667122680519,0.0388432974045041));
#1936=CARTESIAN_POINT('',(0.01,0.0147733698144415,0.0310746379236033));
#1937=CARTESIAN_POINT('',(0.0101,0.0147364363899054,0.0309969513287942));
#1938=CARTESIAN_POINT('',(-0.0001,0.0183001097013252,0.0389932176174806));
#1939=CARTESIAN_POINT('',(0.,0.0182635825362527,0.0389153868437931));
#1940=CARTESIAN_POINT('',(0.01,0.0146108660290021,0.0311323094750344));
#1941=CARTESIAN_POINT('',(0.0101,0.0145743388639296,0.0310544787013469));
#1942=CARTESIAN_POINT('',(-0.0001,0.0181963938759294,0.0390238452114421));
#1943=CARTESIAN_POINT('',(0.,0.0181600737284724,0.0389459533048324));
#1944=CARTESIAN_POINT('',(0.01,0.0145280589827779,0.0311567626438659));
#1945=CARTESIAN_POINT('',(0.0101,0.014491738835321,0.0310788707372562));
#1946=CARTESIAN_POINT('',(-0.0001,0.0179862690929577,0.0390737668591913));
#1947=CARTESIAN_POINT('',(0.,0.0179503683562452,0.0389957753085742));
#1948=CARTESIAN_POINT('',(0.01,0.0143602946849962,0.0311966202468594));
#1949=CARTESIAN_POINT('',(0.0101,0.0143243939482837,0.0311186286962422));
#1950=CARTESIAN_POINT('',(-0.0001,0.0178798606075509,0.0390930608008008));
#1951=CARTESIAN_POINT('',(0.,0.0178441722630249,0.0390150307393222));
#1952=CARTESIAN_POINT('',(0.01,0.0142753378104199,0.0312120245914578));
#1953=CARTESIAN_POINT('',(0.0101,0.0142396494658939,0.0311339945299791));
#1954=CARTESIAN_POINT('',(-0.0001,0.0176655851961405,0.0391200912169605));
#1955=CARTESIAN_POINT('',(0.,0.0176303245470464,0.0390420072025554));
#1956=CARTESIAN_POINT('',(0.01,0.0141042596376371,0.0312336057620443));
#1957=CARTESIAN_POINT('',(0.0101,0.014068998988543,0.0311555217476392));
#1958=CARTESIAN_POINT('',(-0.0001,0.0175577187516327,0.0391278276307709));
#1959=CARTESIAN_POINT('',(0.,0.0175226734048231,0.0390497281744221));
#1960=CARTESIAN_POINT('',(0.01,0.0140181387238585,0.0312397825395376));
#1961=CARTESIAN_POINT('',(0.0101,0.0139830933770488,0.0311616830831888));
#1962=CARTESIAN_POINT('',(-0.0001,0.0173417790364825,0.0391316531704346));
#1963=CARTESIAN_POINT('',(0.,0.0173071647070683,0.0390535460782781));
#1964=CARTESIAN_POINT('',(0.01,0.0138457317656547,0.0312428368626224));
#1965=CARTESIAN_POINT('',(0.0101,0.0138111174362405,0.0311647297704659));
#1966=CARTESIAN_POINT('',(-0.0001,0.0172337062510758,0.0391277422876917));
#1967=CARTESIAN_POINT('',(0.,0.0171993076358041,0.0390496430016883));
#1968=CARTESIAN_POINT('',(0.01,0.0137594461086433,0.0312397144013506));
#1969=CARTESIAN_POINT('',(0.0101,0.0137250474933717,0.0311616151153472));
#1970=CARTESIAN_POINT('',(-0.0001,0.0170186078684776,0.0391083185615678));
#1971=CARTESIAN_POINT('',(0.,0.016984638591295,0.0390302580454768));
#1972=CARTESIAN_POINT('',(0.01,0.013587710873036,0.0312242064363814));
#1973=CARTESIAN_POINT('',(0.0101,0.0135537415958534,0.0311461459202905));
#1974=CARTESIAN_POINT('',(-0.0001,0.0169115827546314,0.0390928057618336));
#1975=CARTESIAN_POINT('',(0.,0.0168778271004305,0.0390147762094148));
#1976=CARTESIAN_POINT('',(0.01,0.0135022616803444,0.0312118209675319));
#1977=CARTESIAN_POINT('',(0.0101,0.0134685060261435,0.031133791415113));
#1978=CARTESIAN_POINT('',(-0.0001,0.0166998215785535,0.0390503581513118));
#1979=CARTESIAN_POINT('',(0.,0.0166664886013508,0.0389724133246625));
#1980=CARTESIAN_POINT('',(0.01,0.0133331908810806,0.03117793065973));
#1981=CARTESIAN_POINT('',(0.0101,0.0132998579038779,0.0310999858330807));
#1982=CARTESIAN_POINT('',(-0.0001,0.0165950859921681,0.0390234234359077));
#1983=CARTESIAN_POINT('',(0.,0.0165619620680321,0.0389455323711654));
#1984=CARTESIAN_POINT('',(0.01,0.0132495696544256,0.0311564258969322));
#1985=CARTESIAN_POINT('',(0.0101,0.0132164457302896,0.0310785348321899));
#1986=CARTESIAN_POINT('',(-0.0001,0.016389119173615,0.0389584444778673));
#1987=CARTESIAN_POINT('',(0.,0.0163564063608932,0.038880683111644));
#1988=CARTESIAN_POINT('',(0.01,0.0130851250887146,0.0311045464893151));
#1989=CARTESIAN_POINT('',(0.0101,0.0130524122759928,0.0310267851230919));
#1990=CARTESIAN_POINT('',(-0.0001,0.0162878884042732,0.0389204003812445));
#1991=CARTESIAN_POINT('',(0.,0.0162553776489752,0.0388427149513418));
#1992=CARTESIAN_POINT('',(0.01,0.0130043021191801,0.0310741719610734));
#1993=CARTESIAN_POINT('',(0.0101,0.0129717913638822,0.0309964865311708));
#1994=CARTESIAN_POINT('',(-0.0001,0.0160307710966708,0.0388076171544602));
#1995=CARTESIAN_POINT('',(0.,0.0159987735495716,0.0387301568407786));
#1996=CARTESIAN_POINT('',(0.01,0.0127990188396573,0.0309841254726229));
#1997=CARTESIAN_POINT('',(0.0101,0.0127670212925581,0.0309066651589413));
#1998=CARTESIAN_POINT('',(-0.0001,0.0158725450612231,0.0387382120918236));
#1999=CARTESIAN_POINT('',(0.,0.015840863334554,0.0386608903112012));
#2000=CARTESIAN_POINT('',(0.01,0.0126726906676432,0.030928712248961));
#2001=CARTESIAN_POINT('',(0.0101,0.0126410089409741,0.0308513904683386));
#2002=CARTESIAN_POINT('',(-0.0001,0.0157143190257755,0.0386688070291871));
#2003=CARTESIAN_POINT('',(0.,0.0156829531195364,0.0385916237816239));
#2004=CARTESIAN_POINT('',(0.01,0.0125463624956291,0.0308732990252991));
#2005=CARTESIAN_POINT('',(0.0101,0.01251499658939,0.0307961157777358));
#2006=CARTESIAN_POINT('',(0.01,0.0138894240524233,0.0288416862309235));
#2007=CARTESIAN_POINT('',(0.01,0.0162088665067777,0.0294582790470818));
#2008=CARTESIAN_POINT('',(0.,0.0202610831334721,0.0368228488088523));
#2009=CARTESIAN_POINT('',(0.,0.0202610831334721,0.0368228488088523));
#2010=CARTESIAN_POINT('',(0.,0.0173617800655291,0.0360521077886543));
#2011=CARTESIAN_POINT('',(0.0126128767678059,0.0209865215395585,0.0055789866194576));
#2012=CARTESIAN_POINT('',(0.01,0.0167966381774553,0.0272472533414463));
#2013=CARTESIAN_POINT('',(0.01,0.0173844098481328,0.0250362276358109));
#2014=CARTESIAN_POINT('',(0.,0.0217305123101661,0.0312952845447636));
#2015=CARTESIAN_POINT('',(0.,0.0217305123101661,0.0312952845447636));
#2016=CARTESIAN_POINT('',(0.,0.0209957977218191,0.0340590666768079));
#2017=CARTESIAN_POINT('',(0.,1.3010426069826E-16,1.70002900645727E-16));
#2018=CARTESIAN_POINT('',(0.01,-1.57859836313889E-16,-2.23779328401008E-16));
#2019=CARTESIAN_POINT('',(0.01,0.0205401220222041,0.0225196311540168));
#2020=CARTESIAN_POINT('',(0.,0.0256751525277551,0.0281495389425211));
#2021=CARTESIAN_POINT('',(0.,0.0256751525277551,0.0281495389425211));
#2022=CARTESIAN_POINT('',(0.,1.3010426069826E-16,1.70002900645727E-16));
#2023=CARTESIAN_POINT('',(0.0126128767678059,0.000769169403521264,0.021701786941612));
#2024=CARTESIAN_POINT('',(0.01,0.0228265041982918,0.022438595651303));
#2025=CARTESIAN_POINT('',(0.01,0.0251128863743796,0.0223575601485891));
#2026=CARTESIAN_POINT('',(0.005,0.0282519971711771,0.0251522551671628));
#2027=CARTESIAN_POINT('',(4.33680868994202E-19,0.0313911079679745,0.0279469501857364));
#2028=CARTESIAN_POINT('',(0.,0.0285331302478649,0.0280482445641288));
#2029=CARTESIAN_POINT('',(-0.0001,0.0342025343574242,0.0239249472942696));
#2030=CARTESIAN_POINT('',(0.,0.0341342658257726,0.0238771929084527));
#2031=CARTESIAN_POINT('',(0.01,0.0273074126606181,0.0191017543267621));
#2032=CARTESIAN_POINT('',(0.0101,0.0272391441289665,0.0190539999409452));
#2033=CARTESIAN_POINT('',(-0.0001,0.0342349906850512,0.0240946503520205));
#2034=CARTESIAN_POINT('',(0.,0.0341666573703106,0.0240465572375454));
#2035=CARTESIAN_POINT('',(0.01,0.0273333258962485,0.0192372457900363));
#2036=CARTESIAN_POINT('',(0.0101,0.0272649925815078,0.0191891526755613));
#2037=CARTESIAN_POINT('',(-0.0001,0.0342674470126783,0.0242643534097715));
#2038=CARTESIAN_POINT('',(0.,0.0341990489148486,0.0242159215666382));
#2039=CARTESIAN_POINT('',(0.01,0.0273592391318789,0.0193727372533106));
#2040=CARTESIAN_POINT('',(0.0101,0.0272908410340492,0.0193243054101773));
#2041=CARTESIAN_POINT('',(-0.0001,0.0343201885450723,0.0245401208786168));
#2042=CARTESIAN_POINT('',(0.,0.0342516851747229,0.0244911386014139));
#2043=CARTESIAN_POINT('',(0.01,0.0274013481397783,0.0195929108811312));
#2044=CARTESIAN_POINT('',(0.0101,0.0273328447694288,0.0195439286039283));
#2045=CARTESIAN_POINT('',(-0.0001,0.0343347528314245,0.0246472791891318));
#2046=CARTESIAN_POINT('',(0.,0.0342662203906432,0.0245980830230857));
#2047=CARTESIAN_POINT('',(0.01,0.0274129763125145,0.0196784664184685));
#2048=CARTESIAN_POINT('',(0.0101,0.0273444438717333,0.0196292702524223));
#2049=CARTESIAN_POINT('',(-0.0001,0.0343522707024941,0.0248625411679532));
#2050=CARTESIAN_POINT('',(0.,0.0342837032959023,0.0248129153372786));
#2051=CARTESIAN_POINT('',(0.01,0.0274269626367219,0.0198503322698229));
#2052=CARTESIAN_POINT('',(0.0101,0.02735839523013,0.0198007064391483));
#2053=CARTESIAN_POINT('',(-0.0001,0.0343552242478474,0.0249706443525466));
#2054=CARTESIAN_POINT('',(0.,0.0342866509459554,0.0249208027470525));
#2055=CARTESIAN_POINT('',(0.01,0.0274293207567643,0.019936642197642));
#2056=CARTESIAN_POINT('',(0.0101,0.0273607474548724,0.0198868005921479));
#2057=CARTESIAN_POINT('',(-0.0001,0.034349486313474,0.0251865417157589));
#2058=CARTESIAN_POINT('',(0.,0.0342809244645449,0.0251362691774041));
#2059=CARTESIAN_POINT('',(0.01,0.0274247395716359,0.0201090153419233));
#2060=CARTESIAN_POINT('',(0.0101,0.0273561777227068,0.0200587428035684));
#2061=CARTESIAN_POINT('',(-0.0001,0.034340794846641,0.0252943354092371));
#2062=CARTESIAN_POINT('',(0.,0.0342722503459491,0.0252438477138095));
#2063=CARTESIAN_POINT('',(0.01,0.0274178002767593,0.0201950781710476));
#2064=CARTESIAN_POINT('',(0.0101,0.0273492557760674,0.02014459047562));
#2065=CARTESIAN_POINT('',(-0.0001,0.0343118676864095,0.0255083630119753));
#2066=CARTESIAN_POINT('',(0.,0.0342433809245604,0.0254574481157438));
#2067=CARTESIAN_POINT('',(0.01,0.0273947047396483,0.020365958492595));
#2068=CARTESIAN_POINT('',(0.0101,0.0273262179777992,0.0203150435963636));
#2069=CARTESIAN_POINT('',(-0.0001,0.0342916320580129,0.0256145964402961));
#2070=CARTESIAN_POINT('',(0.,0.0342231856866396,0.0255634695012935));
#2071=CARTESIAN_POINT('',(0.01,0.0273785485493117,0.0204507756010348));
#2072=CARTESIAN_POINT('',(0.0101,0.0273101021779384,0.0203996486620322));
#2073=CARTESIAN_POINT('',(-0.0001,0.0342398513255221,0.0258242708332858));
#2074=CARTESIAN_POINT('',(0.,0.0341715083089043,0.0257727253825208));
#2075=CARTESIAN_POINT('',(0.01,0.0273372066471234,0.0206181803060166));
#2076=CARTESIAN_POINT('',(0.0101,0.0272688636305056,0.0205666348552516));
#2077=CARTESIAN_POINT('',(-0.0001,0.0342083063377838,0.0259277113267977));
#2078=CARTESIAN_POINT('',(0.,0.0341400262852133,0.0258759594079817));
#2079=CARTESIAN_POINT('',(0.01,0.0273120210281706,0.0207007675263854));
#2080=CARTESIAN_POINT('',(0.0101,0.0272437409756002,0.0206490156075694));
#2081=CARTESIAN_POINT('',(-0.0001,0.0341342728659209,0.0261305995728269));
#2082=CARTESIAN_POINT('',(0.,0.0340661405847514,0.026078442687452));
#2083=CARTESIAN_POINT('',(0.01,0.0272529124678011,0.0208627541499616));
#2084=CARTESIAN_POINT('',(0.0101,0.0271847801866316,0.0208105972645867));
#2085=CARTESIAN_POINT('',(-0.0001,0.0340917845481562,0.0262300468694363));
#2086=CARTESIAN_POINT('',(0.,0.0340237370740082,0.0261776914864634));
#2087=CARTESIAN_POINT('',(0.01,0.0272189896592065,0.0209421531891707));
#2088=CARTESIAN_POINT('',(0.0101,0.0271509421850585,0.0208897978061978));
#2089=CARTESIAN_POINT('',(-0.0001,0.0339963573773891,0.0264237947737147));
#2090=CARTESIAN_POINT('',(0.,0.0339285003766358,0.0263710526683779));
#2091=CARTESIAN_POINT('',(0.01,0.0271428003013086,0.0210968421347024));
#2092=CARTESIAN_POINT('',(0.0101,0.0270749433005553,0.0210441000293656));
#2093=CARTESIAN_POINT('',(-0.0001,0.03394341873882,0.0265180949460149));
#2094=CARTESIAN_POINT('',(0.,0.033875667404012,0.0264651646167814));
#2095=CARTESIAN_POINT('',(0.01,0.0271005339232096,0.021172131693425));
#2096=CARTESIAN_POINT('',(0.0101,0.0270327825884016,0.0211192013641915));
#2097=CARTESIAN_POINT('',(-0.0001,0.0338277051494011,0.0267004543728529));
#2098=CARTESIAN_POINT('',(0.,0.0337601847798414,0.0266471600527474));
#2099=CARTESIAN_POINT('',(0.01,0.0270081478238731,0.0213177280421979));
#2100=CARTESIAN_POINT('',(0.0101,0.0269406274543134,0.0212644337220924));
#2101=CARTESIAN_POINT('',(-0.0001,0.0337649304585699,0.0267885132176128));
#2102=CARTESIAN_POINT('',(0.,0.0336975353877943,0.0267350431313501));
#2103=CARTESIAN_POINT('',(0.01,0.0269580283102355,0.0213880345050801));
#2104=CARTESIAN_POINT('',(0.0101,0.0268906332394599,0.0213345644188173));
#2105=CARTESIAN_POINT('',(-0.0001,0.0336302731223134,0.0269573681764538));
#2106=CARTESIAN_POINT('',(0.,0.0335631468286561,0.0269035610543451));
#2107=CARTESIAN_POINT('',(0.01,0.0268505174629248,0.0215228488434761));
#2108=CARTESIAN_POINT('',(0.0101,0.0267833911692675,0.0214690417213674));
#2109=CARTESIAN_POINT('',(-0.0001,0.0335583907794751,0.0270381639111027));
#2110=CARTESIAN_POINT('',(0.,0.033491407963548,0.0269841955200626));
#2111=CARTESIAN_POINT('',(0.01,0.0267931263708384,0.0215873564160501));
#2112=CARTESIAN_POINT('',(0.0101,0.0267261435549113,0.0215333880250099));
#2113=CARTESIAN_POINT('',(-0.0001,0.0334063521801902,0.0271915551092217));
#2114=CARTESIAN_POINT('',(0.,0.0333396728345211,0.0271372805481255));
#2115=CARTESIAN_POINT('',(0.01,0.0266717382676169,0.0217098244385003));
#2116=CARTESIAN_POINT('',(0.0101,0.0266050589219479,0.0216555498774041));
#2117=CARTESIAN_POINT('',(-0.0001,0.0333261962653879,0.0272641502280081));
#2118=CARTESIAN_POINT('',(0.,0.0332596769115648,0.0272097307664751));
#2119=CARTESIAN_POINT('',(0.01,0.0266077415292519,0.0217677846131801));
#2120=CARTESIAN_POINT('',(0.0101,0.0265412221754287,0.0217133651516471));
#2121=CARTESIAN_POINT('',(-0.0001,0.0331585405687441,0.0274002978049816));
#2122=CARTESIAN_POINT('',(0.,0.03309235585703,0.027345606591798));
#2123=CARTESIAN_POINT('',(0.01,0.026473884685624,0.0218764852734384));
#2124=CARTESIAN_POINT('',(0.0101,0.0264076999739099,0.0218217940602548));
#2125=CARTESIAN_POINT('',(-0.0001,0.0330710411636398,0.027463849957233));
#2126=CARTESIAN_POINT('',(0.,0.0330050311014369,0.0274090318934461));
#2127=CARTESIAN_POINT('',(0.01,0.0264040248811495,0.0219272255147568));
#2128=CARTESIAN_POINT('',(0.0101,0.0263380148189467,0.02187240745097));
#2129=CARTESIAN_POINT('',(-0.0001,0.0328897137468352,0.027581174137383));
#2130=CARTESIAN_POINT('',(0.,0.032824065615604,0.0275261218935959));
#2131=CARTESIAN_POINT('',(0.01,0.0262592524924832,0.0220208975148766));
#2132=CARTESIAN_POINT('',(0.0101,0.026193604361252,0.0219658452710895));
#2133=CARTESIAN_POINT('',(-0.0001,0.0327958861425938,0.0276349459016437));
#2134=CARTESIAN_POINT('',(0.,0.0327304252920098,0.0275797863289858));
#2135=CARTESIAN_POINT('',(0.01,0.0261843402336078,0.0220638290631886));
#2136=CARTESIAN_POINT('',(0.0101,0.0261188793830238,0.0220086694905306));
#2137=CARTESIAN_POINT('',(-0.0001,0.0326029910213531,0.0277320853248171));
#2138=CARTESIAN_POINT('',(0.,0.0325379151909712,0.0276767318610949));
#2139=CARTESIAN_POINT('',(0.01,0.026030332152777,0.0221413854888759));
#2140=CARTESIAN_POINT('',(0.0101,0.025965256322395,0.0220860320251537));
#2141=CARTESIAN_POINT('',(-0.0001,0.0325039239378065,0.0277754527654487));
#2142=CARTESIAN_POINT('',(0.,0.0324390458461143,0.0277200127399688));
#2143=CARTESIAN_POINT('',(0.01,0.0259512366768914,0.022176010191975));
#2144=CARTESIAN_POINT('',(0.0101,0.0258863585851992,0.0221205701664951));
#2145=CARTESIAN_POINT('',(-0.0001,0.0323016993526311,0.0278512802834323));
#2146=CARTESIAN_POINT('',(0.,0.0322372249028254,0.027795688905621));
#2147=CARTESIAN_POINT('',(0.01,0.0257897799222604,0.0222365511244969));
#2148=CARTESIAN_POINT('',(0.0101,0.0257253054724547,0.0221809597466856));
#2149=CARTESIAN_POINT('',(-0.0001,0.0321985423054191,0.0278837401903929));
#2150=CARTESIAN_POINT('',(0.,0.0321342737579033,0.0278280840223483));
#2151=CARTESIAN_POINT('',(0.01,0.0257074190063226,0.0222624672178786));
#2152=CARTESIAN_POINT('',(0.0101,0.0256431504588068,0.0222068110498339));
#2153=CARTESIAN_POINT('',(-0.0001,0.0319893347503727,0.0279373759456725));
#2154=CARTESIAN_POINT('',(0.,0.0319254837828071,0.027881612720232));
#2155=CARTESIAN_POINT('',(0.01,0.0255403870262457,0.0223052901761857));
#2156=CARTESIAN_POINT('',(0.0101,0.0254765360586801,0.0222495269507452));
#2157=CARTESIAN_POINT('',(-0.0001,0.0318832847126464,0.0279585516734672));
#2158=CARTESIAN_POINT('',(0.,0.0318196454218028,0.0279027461811049));
#2159=CARTESIAN_POINT('',(0.01,0.0254557163374422,0.022322196944884));
#2160=CARTESIAN_POINT('',(0.0101,0.0253920770465986,0.0222663914525217));
#2161=CARTESIAN_POINT('',(-0.0001,0.0316695217080306,0.027989373308572));
#2162=CARTESIAN_POINT('',(0.,0.0316063090898509,0.02793350629598));
#2163=CARTESIAN_POINT('',(0.01,0.0252850472718807,0.022346805036784));
#2164=CARTESIAN_POINT('',(0.0101,0.025221834653701,0.022290938024192));
#2165=CARTESIAN_POINT('',(-0.0001,0.0315618092214857,0.0279990191466232));
#2166=CARTESIAN_POINT('',(0.,0.0314988115982891,0.0279431328808615));
#2167=CARTESIAN_POINT('',(0.01,0.0251990492786313,0.0223545063046892));
#2168=CARTESIAN_POINT('',(0.0101,0.0251360516554347,0.0222986200389275));
#2169=CARTESIAN_POINT('',(-0.0001,0.0312812197237901,0.0280089639892833));
#2170=CARTESIAN_POINT('',(0.,0.0312187821594712,0.0279530578735362));
#2171=CARTESIAN_POINT('',(0.01,0.0249750257275769,0.022362446298829));
#2172=CARTESIAN_POINT('',(0.0101,0.024912588163258,0.0223065401830819));
#2173=CARTESIAN_POINT('',(-0.0001,0.0311085492636698,0.0280150838924587));
#2174=CARTESIAN_POINT('',(0.,0.0310464563509678,0.027959165561336));
#2175=CARTESIAN_POINT('',(0.01,0.0248371650807743,0.0223673324490688));
#2176=CARTESIAN_POINT('',(0.0101,0.0247750721680723,0.0223114141179462));
#2177=CARTESIAN_POINT('',(-0.0001,0.0309358788035494,0.0280212037956342));
#2178=CARTESIAN_POINT('',(0.,0.0308741305424645,0.0279652732491359));
#2179=CARTESIAN_POINT('',(0.01,0.0246993044339716,0.0223722185993087));
#2180=CARTESIAN_POINT('',(0.0101,0.0246375561728866,0.0223162880528104));
#2181=CARTESIAN_POINT('',(0.01,0.0250278773286569,0.0199590661498171));
#2182=CARTESIAN_POINT('',(0.01,0.0273851523675093,0.0195082287165847));
#2183=CARTESIAN_POINT('',(0.,0.0342314404593866,0.024385285895731));
#2184=CARTESIAN_POINT('',(0.,0.0342314404593866,0.024385285895731));
#2185=CARTESIAN_POINT('',(0.,0.0312848466608211,0.0249488326872714));
#2186=CARTESIAN_POINT('',(0.0126128767678059,0.0213288341276428,-0.00407921717807933));
#2187=CARTESIAN_POINT('',(0.01,0.0269553882437786,0.0172611388194542));
#2188=CARTESIAN_POINT('',(0.01,0.0265256241200479,0.0150140489223238));
#2189=CARTESIAN_POINT('',(0.,0.0331570301500599,0.0187675611529047));
#2190=CARTESIAN_POINT('',(0.,0.0331570301500599,0.0187675611529047));
#2191=CARTESIAN_POINT('',(0.,0.0336942353047232,0.0215764235243179));
#2192=CARTESIAN_POINT('',(0.,-9.36750677027476E-17,-2.16840434497101E-17));
#2193=CARTESIAN_POINT('',(0.01,-1.71737624121704E-16,-1.4658413372004E-16));
#2194=CARTESIAN_POINT('',(0.01,0.0282769122535758,0.0113774616414898));
#2195=CARTESIAN_POINT('',(0.,0.0353461403169699,0.0142218270518622));
#2196=CARTESIAN_POINT('',(0.,0.0353461403169699,0.0142218270518622));
#2197=CARTESIAN_POINT('',(0.,-9.36750677027476E-17,-2.16840434497101E-17));
#2198=CARTESIAN_POINT('',(0.0126128767678059,0.010109050150475,0.0192189043154291));
#2199=CARTESIAN_POINT('',(0.01,0.0303017114274392,0.010312427128737));
#2200=CARTESIAN_POINT('',(0.01,0.0323265106013024,0.00924739261598431));
#2201=CARTESIAN_POINT('',(0.005,0.0363673244264652,0.0104033166929823));
#2202=CARTESIAN_POINT('',(-8.67361737988404E-19,0.0404081382516281,0.0115592407699804));
#2203=CARTESIAN_POINT('',(0.,0.0378771392842989,0.0128905339109213));
#2204=CARTESIAN_POINT('',(-0.0001,0.0411960642496303,0.00671570918404715));
#2205=CARTESIAN_POINT('',(0.,0.0411138365764773,0.00670230457489736));
#2206=CARTESIAN_POINT('',(0.01,0.0328910692611818,0.00536184365991788));
#2207=CARTESIAN_POINT('',(0.0101,0.0328088415880289,0.00534843905076808));
#2208=CARTESIAN_POINT('',(-0.0001,0.0412989377876254,0.00685452408307975));
#2209=CARTESIAN_POINT('',(0.,0.0412165047780692,0.00684084239828318));
#2210=CARTESIAN_POINT('',(0.01,0.0329732038224553,0.00547267391862653));
#2211=CARTESIAN_POINT('',(0.0101,0.0328907708128992,0.00545899223382997));
#2212=CARTESIAN_POINT('',(-0.0001,0.0414018113256205,0.00699333898211234));
#2213=CARTESIAN_POINT('',(0.,0.0413191729796611,0.006979380221669));
#2214=CARTESIAN_POINT('',(0.01,0.0330553383837289,0.00558350417733519));
#2215=CARTESIAN_POINT('',(0.0101,0.0329727000377696,0.00556954541689185));
#2216=CARTESIAN_POINT('',(-0.0001,0.0415689808248625,0.00721891319304029));
#2217=CARTESIAN_POINT('',(0.,0.041486008807248,0.00720450418467095));
#2218=CARTESIAN_POINT('',(0.01,0.0331888070457984,0.00576360334773675));
#2219=CARTESIAN_POINT('',(0.0101,0.0331058350281839,0.00574919433936741));
#2220=CARTESIAN_POINT('',(-0.0001,0.0416285970418928,0.00730914028773132));
#2221=CARTESIAN_POINT('',(0.,0.0415455060298332,0.0072945511853606));
#2222=CARTESIAN_POINT('',(0.01,0.0332364048238665,0.00583564094828847));
#2223=CARTESIAN_POINT('',(0.0101,0.0331533138118068,0.00582105184591775));
#2224=CARTESIAN_POINT('',(-0.0001,0.0417377787706193,0.00749548390969135));
#2225=CARTESIAN_POINT('',(0.,0.0416544698309574,0.00748052286396342));
#2226=CARTESIAN_POINT('',(0.01,0.0333235758647659,0.00598441829117074));
#2227=CARTESIAN_POINT('',(0.0101,0.033240266925104,0.00596945724544281));
#2228=CARTESIAN_POINT('',(-0.0001,0.0417873440369744,0.0075916000182296));
#2229=CARTESIAN_POINT('',(0.,0.0417039361646451,0.00757644712398164));
#2230=CARTESIAN_POINT('',(0.01,0.0333631489317161,0.00606115769918531));
#2231=CARTESIAN_POINT('',(0.0101,0.0332797410593868,0.00604600480493735));
#2232=CARTESIAN_POINT('',(-0.0001,0.0418758486919542,0.00778860641756684));
#2233=CARTESIAN_POINT('',(0.,0.0417922641636269,0.00777306029697289));
#2234=CARTESIAN_POINT('',(0.01,0.0334338113309015,0.00621844823757831));
#2235=CARTESIAN_POINT('',(0.0101,0.0333502268025742,0.00620290211698436));
#2236=CARTESIAN_POINT('',(-0.0001,0.0419147878817008,0.00788949626567486));
#2237=CARTESIAN_POINT('',(0.,0.0418311256304399,0.00787374876813858));
#2238=CARTESIAN_POINT('',(0.01,0.0334649005043519,0.00629899901451086));
#2239=CARTESIAN_POINT('',(0.0101,0.0333812382530911,0.00628325151697458));
#2240=CARTESIAN_POINT('',(-0.0001,0.0419815885074459,0.008094879497057));
#2241=CARTESIAN_POINT('',(0.,0.0418977929216027,0.0080787220529511));
#2242=CARTESIAN_POINT('',(0.01,0.0335182343372821,0.00646297764236088));
#2243=CARTESIAN_POINT('',(0.0101,0.0334344387514389,0.00644682019825498));
#2244=CARTESIAN_POINT('',(-0.0001,0.0420094497933372,0.00819937241881667));
#2245=CARTESIAN_POINT('',(0.,0.0419255985961449,0.00818300640600466));
#2246=CARTESIAN_POINT('',(0.01,0.0335404788769159,0.00654640512480373));
#2247=CARTESIAN_POINT('',(0.0101,0.0334566276797236,0.00653003911199172));
#2248=CARTESIAN_POINT('',(-0.0001,0.0420537712750333,0.00841074933712412));
#2249=CARTESIAN_POINT('',(0.,0.0419698316118097,0.00839396141429553));
#2250=CARTESIAN_POINT('',(0.01,0.0335758652894477,0.00671516913143642));
#2251=CARTESIAN_POINT('',(0.0101,0.0334919256262241,0.00669838120860783));
#2252=CARTESIAN_POINT('',(-0.0001,0.0420702313712438,0.0085176328586891));
#2253=CARTESIAN_POINT('',(0.,0.0419862588535368,0.0085006315954981));
#2254=CARTESIAN_POINT('',(0.01,0.0335890070828294,0.00680050527639848));
#2255=CARTESIAN_POINT('',(0.0101,0.0335050345651223,0.00678350401320748));
#2256=CARTESIAN_POINT('',(-0.0001,0.0420915594287228,0.0087325507716165));
#2257=CARTESIAN_POINT('',(0.,0.0420075443400427,0.00871512053055539));
#2258=CARTESIAN_POINT('',(0.01,0.0336060354720342,0.00697209642444431));
#2259=CARTESIAN_POINT('',(0.0101,0.0335220203833541,0.0069546661833832));
#2260=CARTESIAN_POINT('',(-0.0001,0.0420964273420653,0.00884058468003918));
#2261=CARTESIAN_POINT('',(0.,0.0420124025369913,0.00882293880243431));
#2262=CARTESIAN_POINT('',(0.01,0.0336099220295931,0.00705835104194745));
#2263=CARTESIAN_POINT('',(0.0101,0.0335258972245191,0.00704070516434258));
#2264=CARTESIAN_POINT('',(-0.0001,0.0420945144972066,0.00905654980768122));
#2265=CARTESIAN_POINT('',(0.,0.0420104935101863,0.00903847286195731));
#2266=CARTESIAN_POINT('',(0.01,0.0336083948081489,0.00723077828956584));
#2267=CARTESIAN_POINT('',(0.0101,0.0335243738211286,0.00721270134384193));
#2268=CARTESIAN_POINT('',(-0.0001,0.0420877337433038,0.00916448054160766));
#2269=CARTESIAN_POINT('',(0.,0.0420037262907224,0.0091461881652771));
#2270=CARTESIAN_POINT('',(0.01,0.0336029810325778,0.00731695053222168));
#2271=CARTESIAN_POINT('',(0.0101,0.0335189735799964,0.00729865815589113));
#2272=CARTESIAN_POINT('',(-0.0001,0.0420626021916239,0.00937898695280102));
#2273=CARTESIAN_POINT('',(0.,0.0419786449018203,0.0093602664199611));
#2274=CARTESIAN_POINT('',(0.01,0.0335829159214562,0.00748821313596888));
#2275=CARTESIAN_POINT('',(0.0101,0.0334989586316526,0.00746949260312896));
#2276=CARTESIAN_POINT('',(-0.0001,0.0420442514503196,0.00948556214805288));
#2277=CARTESIAN_POINT('',(0.,0.0419603307887422,0.00946662889027234));
#2278=CARTESIAN_POINT('',(0.01,0.0335682646309937,0.00757330311221787));
#2279=CARTESIAN_POINT('',(0.0101,0.0334843439694162,0.00755436985443733));
#2280=CARTESIAN_POINT('',(-0.0001,0.0419961928034283,0.00969612083771416));
#2281=CARTESIAN_POINT('',(0.,0.0419123680672937,0.00967676730310794));
#2282=CARTESIAN_POINT('',(0.01,0.033529894453835,0.00774141384248635));
#2283=CARTESIAN_POINT('',(0.0101,0.0334460697177004,0.00772206030788013));
#2284=CARTESIAN_POINT('',(-0.0001,0.0419664850058333,0.00980010385897938));
#2285=CARTESIAN_POINT('',(0.,0.0418827195666999,0.00978054277343252));
#2286=CARTESIAN_POINT('',(0.01,0.0335061756533599,0.00782443421874601));
#2287=CARTESIAN_POINT('',(0.0101,0.0334224102142265,0.00780487313319915));
#2288=CARTESIAN_POINT('',(-0.0001,0.0418960569077457,0.0100042716290428));
#2289=CARTESIAN_POINT('',(0.,0.0418124320436584,0.00998430302299679));
#2290=CARTESIAN_POINT('',(0.01,0.0334499456349267,0.00798744241839743));
#2291=CARTESIAN_POINT('',(0.0101,0.0333663207708394,0.00796747381235144));
#2292=CARTESIAN_POINT('',(-0.0001,0.0418553367655114,0.0101044559190577));
#2293=CARTESIAN_POINT('',(0.,0.0417717931791531,0.010084287344369));
#2294=CARTESIAN_POINT('',(0.01,0.0334174345433225,0.00806742987549521));
#2295=CARTESIAN_POINT('',(0.0101,0.0333338909569641,0.00804726130080647));
#2296=CARTESIAN_POINT('',(-0.0001,0.0417633564220778,0.0102998637278954));
#2297=CARTESIAN_POINT('',(0.,0.0416799964292194,0.0102793051176601));
#2298=CARTESIAN_POINT('',(0.01,0.0333439971433755,0.00822344409412809));
#2299=CARTESIAN_POINT('',(0.0101,0.0332606371505171,0.00820288548389277));
#2300=CARTESIAN_POINT('',(-0.0001,0.0417120964275667,0.0103950868076194));
#2301=CARTESIAN_POINT('',(0.,0.0416288387500666,0.0103743381313566));
#2302=CARTESIAN_POINT('',(0.01,0.0333030710000532,0.00829947050508532));
#2303=CARTESIAN_POINT('',(0.0101,0.0332198133225531,0.00827872182882261));
#2304=CARTESIAN_POINT('',(-0.0001,0.041599631124101,0.0105794672589944));
#2305=CARTESIAN_POINT('',(0.,0.0415165979282446,0.0105583505578786));
#2306=CARTESIAN_POINT('',(0.01,0.0332132783425956,0.00844668044630292));
#2307=CARTESIAN_POINT('',(0.0101,0.0331302451467391,0.00842556374518716));
#2308=CARTESIAN_POINT('',(-0.0001,0.041538426067866,0.0106686242163262));
#2309=CARTESIAN_POINT('',(0.,0.0414555150377904,0.0106473295572118));
#2310=CARTESIAN_POINT('',(0.01,0.0331644120302323,0.00851786364576942));
#2311=CARTESIAN_POINT('',(0.0101,0.0330815010001567,0.008496568986655));
#2312=CARTESIAN_POINT('',(-0.0001,0.0414067807850001,0.0108398378689128));
#2313=CARTESIAN_POINT('',(0.,0.0413241325199602,0.0108182014659808));
#2314=CARTESIAN_POINT('',(0.01,0.0330593060159681,0.00865456117278468));
#2315=CARTESIAN_POINT('',(0.0101,0.0329766577509282,0.00863292476985272));
#2316=CARTESIAN_POINT('',(-0.0001,0.0413363408541879,0.0109218941794353));
#2317=CARTESIAN_POINT('',(0.,0.0412538331878122,0.0109000939914524));
#2318=CARTESIAN_POINT('',(0.01,0.0330030665502498,0.00872007519316189));
#2319=CARTESIAN_POINT('',(0.0101,0.0329205588838742,0.00869827500517899));
#2320=CARTESIAN_POINT('',(-0.0001,0.0411870431256511,0.0110779543716261));
#2321=CARTESIAN_POINT('',(0.,0.0411048334587336,0.0110558426862536));
#2322=CARTESIAN_POINT('',(0.01,0.0328838667669869,0.00884467414900291));
#2323=CARTESIAN_POINT('',(0.0101,0.0328016571000694,0.0088225624636304));
#2324=CARTESIAN_POINT('',(-0.0001,0.0411081856634118,0.0111519579026133));
#2325=CARTESIAN_POINT('',(0.,0.0410261333966186,0.0111296985056021));
#2326=CARTESIAN_POINT('',(0.01,0.0328209067172949,0.00890375880448172));
#2327=CARTESIAN_POINT('',(0.0101,0.0327388544505016,0.00888149940747052));
#2328=CARTESIAN_POINT('',(-0.0001,0.0409429678514362,0.0112910538045619));
#2329=CARTESIAN_POINT('',(0.,0.0408612453607148,0.0112685167710198));
#2330=CARTESIAN_POINT('',(0.01,0.0326889962885717,0.00901481341681586));
#2331=CARTESIAN_POINT('',(0.0101,0.0326072737978503,0.00899227638327382));
#2332=CARTESIAN_POINT('',(-0.0001,0.0408566078729589,0.0113561458629622));
#2333=CARTESIAN_POINT('',(0.,0.040775057757444,0.0113334789051519));
#2334=CARTESIAN_POINT('',(0.01,0.0326200462059552,0.00906678312412155));
#2335=CARTESIAN_POINT('',(0.0101,0.0325384960904403,0.00904411616631125));
#2336=CARTESIAN_POINT('',(-0.0001,0.0406773870669758,0.0114766634883772));
#2337=CARTESIAN_POINT('',(0.,0.0405961946776206,0.0114537559764244));
#2338=CARTESIAN_POINT('',(0.01,0.0324769557420964,0.0091630047811395));
#2339=CARTESIAN_POINT('',(0.0101,0.0323957633527412,0.00914009726918665));
#2340=CARTESIAN_POINT('',(-0.0001,0.0405845266421951,0.011532088784578));
#2341=CARTESIAN_POINT('',(0.,0.0405035196029892,0.0115090706432914));
#2342=CARTESIAN_POINT('',(0.01,0.0324028156823913,0.00920725651463311));
#2343=CARTESIAN_POINT('',(0.0101,0.0323218086431853,0.00918423837334653));
#2344=CARTESIAN_POINT('',(-0.0001,0.0403360391456293,0.0116627919986282));
#2345=CARTESIAN_POINT('',(0.,0.0402555280894504,0.0116395129726828));
#2346=CARTESIAN_POINT('',(0.01,0.0322044224715603,0.00931161037814624));
#2347=CARTESIAN_POINT('',(0.0101,0.0321239114153814,0.00928833135220088));
#2348=CARTESIAN_POINT('',(-0.0001,0.0401831237631273,0.011743224745736));
#2349=CARTESIAN_POINT('',(0.,0.0401029179272727,0.0117197851753852));
#2350=CARTESIAN_POINT('',(0.01,0.0320823343418182,0.00937582814030817));
#2351=CARTESIAN_POINT('',(0.0101,0.0320021285059636,0.0093523885699574));
#2352=CARTESIAN_POINT('',(-0.0001,0.0400302083806252,0.0118236574928438));
#2353=CARTESIAN_POINT('',(0.,0.039950307765095,0.0118000573780876));
#2354=CARTESIAN_POINT('',(0.01,0.031960246212076,0.0094400459024701));
#2355=CARTESIAN_POINT('',(0.0101,0.0318803455965458,0.00941644578771393));
#2356=CARTESIAN_POINT('',(0.01,0.031209252553178,0.00712330823585696));
#2357=CARTESIAN_POINT('',(0.01,0.0331374729450024,0.00569433443604385));
#2358=CARTESIAN_POINT('',(0.,0.0414218411812531,0.00711791804505481));
#2359=CARTESIAN_POINT('',(0.,0.0414218411812531,0.00711791804505481));
#2360=CARTESIAN_POINT('',(0.,0.0390115656914725,0.00890413529482121));
#2361=CARTESIAN_POINT('',(0.0126128767678059,0.0174467095357632,-0.0129294819851821));
#2362=CARTESIAN_POINT('',(0.01,0.0317752930822795,0.00385624406029407));
#2363=CARTESIAN_POINT('',(0.01,0.0304131132195565,0.00201815368454427));
#2364=CARTESIAN_POINT('',(0.,0.0380163915244456,0.00252269210568034));
#2365=CARTESIAN_POINT('',(0.,0.0380163915244456,0.00252269210568034));
#2366=CARTESIAN_POINT('',(0.,0.0397191163528493,0.00482030507536758));
#2367=CARTESIAN_POINT('',(0.,-2.48065457064684E-15,-2.1467203015213E-17));
#2368=CARTESIAN_POINT('',(0.01,3.81639164714897E-17,2.16840434497101E-17));
#2369=CARTESIAN_POINT('',(0.01,0.0304131132195565,-0.00201815368454431));
#2370=CARTESIAN_POINT('',(0.,0.0380163915244456,-0.00252269210568039));
#2371=CARTESIAN_POINT('',(0.,0.0380163915244456,-0.00252269210568039));
#2372=CARTESIAN_POINT('',(0.,-2.48065457064684E-15,-2.1467203015213E-17));
#2373=CARTESIAN_POINT('',(0.0126128767678059,0.0174467095357632,0.0129294819851821));
#2374=CARTESIAN_POINT('',(0.01,0.0317752930822795,-0.0038562440602941));
#2375=CARTESIAN_POINT('',(0.01,0.0331374729450024,-0.00569433443604389));
#2376=CARTESIAN_POINT('',(0.005,0.0372796570631277,-0.00640612624054938));
#2377=CARTESIAN_POINT('',(-4.33680868994202E-19,0.041421841181253,-0.00711791804505487));
#2378=CARTESIAN_POINT('',(0.,0.0397191163528493,-0.00482030507536763));
#2379=CARTESIAN_POINT('',(-0.0001,0.0400302083806252,-0.0118236574928439));
#2380=CARTESIAN_POINT('',(0.,0.039950307765095,-0.0118000573780877));
#2381=CARTESIAN_POINT('',(0.01,0.031960246212076,-0.00944004590247015));
#2382=CARTESIAN_POINT('',(0.0101,0.0318803455965458,-0.00941644578771397));
#2383=CARTESIAN_POINT('',(-0.0001,0.0401831237631273,-0.011743224745736));
#2384=CARTESIAN_POINT('',(0.,0.0401029179272727,-0.0117197851753853));
#2385=CARTESIAN_POINT('',(0.01,0.0320823343418182,-0.00937582814030822));
#2386=CARTESIAN_POINT('',(0.0101,0.0320021285059636,-0.00935238856995745));
#2387=CARTESIAN_POINT('',(-0.0001,0.0403360391456293,-0.0116627919986282));
#2388=CARTESIAN_POINT('',(0.,0.0402555280894504,-0.0116395129726829));
#2389=CARTESIAN_POINT('',(0.01,0.0322044224715603,-0.00931161037814628));
#2390=CARTESIAN_POINT('',(0.0101,0.0321239114153814,-0.00928833135220092));
#2391=CARTESIAN_POINT('',(-0.0001,0.0405845266421951,-0.011532088784578));
#2392=CARTESIAN_POINT('',(0.,0.0405035196029892,-0.0115090706432914));
#2393=CARTESIAN_POINT('',(0.01,0.0324028156823913,-0.00920725651463315));
#2394=CARTESIAN_POINT('',(0.0101,0.0323218086431853,-0.00918423837334657));
#2395=CARTESIAN_POINT('',(-0.0001,0.0406773870669758,-0.0114766634883773));
#2396=CARTESIAN_POINT('',(0.,0.0405961946776206,-0.0114537559764244));
#2397=CARTESIAN_POINT('',(0.01,0.0324769557420964,-0.00916300478113954));
#2398=CARTESIAN_POINT('',(0.0101,0.0323957633527412,-0.00914009726918669));
#2399=CARTESIAN_POINT('',(-0.0001,0.0408566078729589,-0.0113561458629623));
#2400=CARTESIAN_POINT('',(0.,0.040775057757444,-0.011333478905152));
#2401=CARTESIAN_POINT('',(0.01,0.0326200462059552,-0.00906678312412159));
#2402=CARTESIAN_POINT('',(0.0101,0.0325384960904403,-0.00904411616631129));
#2403=CARTESIAN_POINT('',(-0.0001,0.0409429678514362,-0.0112910538045619));
#2404=CARTESIAN_POINT('',(0.,0.0408612453607148,-0.0112685167710199));
#2405=CARTESIAN_POINT('',(0.01,0.0326889962885717,-0.00901481341681591));
#2406=CARTESIAN_POINT('',(0.0101,0.0326072737978503,-0.00899227638327387));
#2407=CARTESIAN_POINT('',(-0.0001,0.0411081856634118,-0.0111519579026134));
#2408=CARTESIAN_POINT('',(0.,0.0410261333966186,-0.0111296985056022));
#2409=CARTESIAN_POINT('',(0.01,0.0328209067172949,-0.00890375880448177));
#2410=CARTESIAN_POINT('',(0.0101,0.0327388544505016,-0.00888149940747057));
#2411=CARTESIAN_POINT('',(-0.0001,0.0411870431256511,-0.0110779543716262));
#2412=CARTESIAN_POINT('',(0.,0.0411048334587336,-0.0110558426862537));
#2413=CARTESIAN_POINT('',(0.01,0.0328838667669868,-0.00884467414900295));
#2414=CARTESIAN_POINT('',(0.0101,0.0328016571000694,-0.00882256246363044));
#2415=CARTESIAN_POINT('',(-0.0001,0.0413363408541879,-0.0109218941794353));
#2416=CARTESIAN_POINT('',(0.,0.0412538331878122,-0.0109000939914524));
#2417=CARTESIAN_POINT('',(0.01,0.0330030665502498,-0.00872007519316193));
#2418=CARTESIAN_POINT('',(0.0101,0.0329205588838742,-0.00869827500517903));
#2419=CARTESIAN_POINT('',(-0.0001,0.0414067807850001,-0.0108398378689129));
#2420=CARTESIAN_POINT('',(0.,0.0413241325199602,-0.0108182014659809));
#2421=CARTESIAN_POINT('',(0.01,0.0330593060159681,-0.00865456117278472));
#2422=CARTESIAN_POINT('',(0.0101,0.0329766577509282,-0.00863292476985276));
#2423=CARTESIAN_POINT('',(-0.0001,0.041538426067866,-0.0106686242163262));
#2424=CARTESIAN_POINT('',(0.,0.0414555150377904,-0.0106473295572118));
#2425=CARTESIAN_POINT('',(0.01,0.0331644120302323,-0.00851786364576946));
#2426=CARTESIAN_POINT('',(0.0101,0.0330815010001567,-0.00849656898665503));
#2427=CARTESIAN_POINT('',(-0.0001,0.041599631124101,-0.0105794672589945));
#2428=CARTESIAN_POINT('',(0.,0.0415165979282445,-0.0105583505578787));
#2429=CARTESIAN_POINT('',(0.01,0.0332132783425956,-0.00844668044630296));
#2430=CARTESIAN_POINT('',(0.0101,0.0331302451467391,-0.0084255637451872));
#2431=CARTESIAN_POINT('',(-0.0001,0.0417120964275667,-0.0103950868076194));
#2432=CARTESIAN_POINT('',(0.,0.0416288387500665,-0.0103743381313567));
#2433=CARTESIAN_POINT('',(0.01,0.0333030710000532,-0.00829947050508536));
#2434=CARTESIAN_POINT('',(0.0101,0.0332198133225531,-0.00827872182882265));
#2435=CARTESIAN_POINT('',(-0.0001,0.0417633564220778,-0.0102998637278955));
#2436=CARTESIAN_POINT('',(0.,0.0416799964292194,-0.0102793051176602));
#2437=CARTESIAN_POINT('',(0.01,0.0333439971433755,-0.00822344409412814));
#2438=CARTESIAN_POINT('',(0.0101,0.0332606371505171,-0.00820288548389282));
#2439=CARTESIAN_POINT('',(-0.0001,0.0418553367655114,-0.0101044559190578));
#2440=CARTESIAN_POINT('',(0.,0.0417717931791531,-0.0100842873443691));
#2441=CARTESIAN_POINT('',(0.01,0.0334174345433224,-0.00806742987549525));
#2442=CARTESIAN_POINT('',(0.0101,0.0333338909569641,-0.00804726130080651));
#2443=CARTESIAN_POINT('',(-0.0001,0.0418960569077457,-0.0100042716290428));
#2444=CARTESIAN_POINT('',(0.,0.0418124320436584,-0.00998430302299684));
#2445=CARTESIAN_POINT('',(0.01,0.0334499456349267,-0.00798744241839747));
#2446=CARTESIAN_POINT('',(0.0101,0.0333663207708394,-0.00796747381235148));
#2447=CARTESIAN_POINT('',(-0.0001,0.0419664850058333,-0.00980010385897944));
#2448=CARTESIAN_POINT('',(0.,0.0418827195666999,-0.00978054277343257));
#2449=CARTESIAN_POINT('',(0.01,0.0335061756533599,-0.00782443421874605));
#2450=CARTESIAN_POINT('',(0.0101,0.0334224102142265,-0.00780487313319919));
#2451=CARTESIAN_POINT('',(-0.0001,0.0419961928034283,-0.00969612083771421));
#2452=CARTESIAN_POINT('',(0.,0.0419123680672937,-0.00967676730310799));
#2453=CARTESIAN_POINT('',(0.01,0.033529894453835,-0.0077414138424864));
#2454=CARTESIAN_POINT('',(0.0101,0.0334460697177004,-0.00772206030788018));
#2455=CARTESIAN_POINT('',(-0.0001,0.0420442514503196,-0.00948556214805293));
#2456=CARTESIAN_POINT('',(0.,0.0419603307887422,-0.00946662889027239));
#2457=CARTESIAN_POINT('',(0.01,0.0335682646309937,-0.00757330311221792));
#2458=CARTESIAN_POINT('',(0.0101,0.0334843439694162,-0.00755436985443738));
#2459=CARTESIAN_POINT('',(-0.0001,0.0420626021916239,-0.00937898695280106));
#2460=CARTESIAN_POINT('',(0.,0.0419786449018203,-0.00936026641996114));
#2461=CARTESIAN_POINT('',(0.01,0.0335829159214562,-0.00748821313596892));
#2462=CARTESIAN_POINT('',(0.0101,0.0334989586316526,-0.007469492603129));
#2463=CARTESIAN_POINT('',(-0.0001,0.0420877337433038,-0.0091644805416077));
#2464=CARTESIAN_POINT('',(0.,0.0420037262907224,-0.00914618816527714));
#2465=CARTESIAN_POINT('',(0.01,0.0336029810325778,-0.00731695053222172));
#2466=CARTESIAN_POINT('',(0.0101,0.0335189735799964,-0.00729865815589117));
#2467=CARTESIAN_POINT('',(-0.0001,0.0420945144972066,-0.00905654980768126));
#2468=CARTESIAN_POINT('',(0.,0.0420104935101863,-0.00903847286195735));
#2469=CARTESIAN_POINT('',(0.01,0.0336083948081489,-0.00723077828956588));
#2470=CARTESIAN_POINT('',(0.0101,0.0335243738211286,-0.00721270134384197));
#2471=CARTESIAN_POINT('',(-0.0001,0.0420964273420653,-0.00884058468003922));
#2472=CARTESIAN_POINT('',(0.,0.0420124025369913,-0.00882293880243435));
#2473=CARTESIAN_POINT('',(0.01,0.0336099220295931,-0.00705835104194748));
#2474=CARTESIAN_POINT('',(0.0101,0.0335258972245191,-0.00704070516434261));
#2475=CARTESIAN_POINT('',(-0.0001,0.0420915594287228,-0.00873255077161654));
#2476=CARTESIAN_POINT('',(0.,0.0420075443400427,-0.00871512053055543));
#2477=CARTESIAN_POINT('',(0.01,0.0336060354720341,-0.00697209642444435));
#2478=CARTESIAN_POINT('',(0.0101,0.0335220203833541,-0.00695466618338324));
#2479=CARTESIAN_POINT('',(-0.0001,0.0420702313712438,-0.00851763285868915));
#2480=CARTESIAN_POINT('',(0.,0.0419862588535368,-0.00850063159549815));
#2481=CARTESIAN_POINT('',(0.01,0.0335890070828293,-0.00680050527639852));
#2482=CARTESIAN_POINT('',(0.0101,0.0335050345651223,-0.00678350401320752));
#2483=CARTESIAN_POINT('',(-0.0001,0.0420537712750333,-0.00841074933712416));
#2484=CARTESIAN_POINT('',(0.,0.0419698316118097,-0.00839396141429557));
#2485=CARTESIAN_POINT('',(0.01,0.0335758652894477,-0.00671516913143645));
#2486=CARTESIAN_POINT('',(0.0101,0.0334919256262241,-0.00669838120860786));
#2487=CARTESIAN_POINT('',(-0.0001,0.0420094497933372,-0.00819937241881671));
#2488=CARTESIAN_POINT('',(0.,0.0419255985961449,-0.0081830064060047));
#2489=CARTESIAN_POINT('',(0.01,0.0335404788769159,-0.00654640512480376));
#2490=CARTESIAN_POINT('',(0.0101,0.0334566276797236,-0.00653003911199175));
#2491=CARTESIAN_POINT('',(-0.0001,0.0419815885074459,-0.00809487949705705));
#2492=CARTESIAN_POINT('',(0.,0.0418977929216027,-0.00807872205295115));
#2493=CARTESIAN_POINT('',(0.01,0.0335182343372821,-0.00646297764236092));
#2494=CARTESIAN_POINT('',(0.0101,0.0334344387514389,-0.00644682019825502));
#2495=CARTESIAN_POINT('',(-0.0001,0.0419147878817008,-0.00788949626567491));
#2496=CARTESIAN_POINT('',(0.,0.0418311256304399,-0.00787374876813863));
#2497=CARTESIAN_POINT('',(0.01,0.0334649005043519,-0.0062989990145109));
#2498=CARTESIAN_POINT('',(0.0101,0.0333812382530911,-0.00628325151697462));
#2499=CARTESIAN_POINT('',(-0.0001,0.0418758486919541,-0.00778860641756689));
#2500=CARTESIAN_POINT('',(0.,0.0417922641636268,-0.00777306029697294));
#2501=CARTESIAN_POINT('',(0.01,0.0334338113309015,-0.00621844823757835));
#2502=CARTESIAN_POINT('',(0.0101,0.0333502268025742,-0.0062029021169844));
#2503=CARTESIAN_POINT('',(-0.0001,0.0417873440369744,-0.00759160001822964));
#2504=CARTESIAN_POINT('',(0.,0.0417039361646451,-0.00757644712398168));
#2505=CARTESIAN_POINT('',(0.01,0.0333631489317161,-0.00606115769918534));
#2506=CARTESIAN_POINT('',(0.0101,0.0332797410593868,-0.00604600480493738));
#2507=CARTESIAN_POINT('',(-0.0001,0.0417377787706193,-0.0074954839096914));
#2508=CARTESIAN_POINT('',(0.,0.0416544698309574,-0.00748052286396347));
#2509=CARTESIAN_POINT('',(0.01,0.0333235758647659,-0.00598441829117078));
#2510=CARTESIAN_POINT('',(0.0101,0.033240266925104,-0.00596945724544285));
#2511=CARTESIAN_POINT('',(-0.0001,0.0416285970418928,-0.00730914028773137));
#2512=CARTESIAN_POINT('',(0.,0.0415455060298331,-0.00729455118536065));
#2513=CARTESIAN_POINT('',(0.01,0.0332364048238665,-0.00583564094828852));
#2514=CARTESIAN_POINT('',(0.0101,0.0331533138118068,-0.0058210518459178));
#2515=CARTESIAN_POINT('',(-0.0001,0.0415689808248624,-0.00721891319304034));
#2516=CARTESIAN_POINT('',(0.,0.041486008807248,-0.007204504184671));
#2517=CARTESIAN_POINT('',(0.01,0.0331888070457984,-0.0057636033477368));
#2518=CARTESIAN_POINT('',(0.0101,0.0331058350281839,-0.00574919433936746));
#2519=CARTESIAN_POINT('',(-0.0001,0.0414018113256204,-0.00699333898211239));
#2520=CARTESIAN_POINT('',(0.,0.0413191729796611,-0.00697938022166905));
#2521=CARTESIAN_POINT('',(0.01,0.0330553383837289,-0.00558350417733524));
#2522=CARTESIAN_POINT('',(0.0101,0.0329727000377695,-0.0055695454168919));
#2523=CARTESIAN_POINT('',(-0.0001,0.0412989377876253,-0.0068545240830798));
#2524=CARTESIAN_POINT('',(0.,0.0412165047780692,-0.00684084239828323));
#2525=CARTESIAN_POINT('',(0.01,0.0329732038224553,-0.00547267391862658));
#2526=CARTESIAN_POINT('',(0.0101,0.0328907708128992,-0.00545899223383002));
#2527=CARTESIAN_POINT('',(-0.0001,0.0411960642496302,-0.00671570918404721));
#2528=CARTESIAN_POINT('',(0.,0.0411138365764773,-0.00670230457489741));
#2529=CARTESIAN_POINT('',(0.01,0.0328910692611818,-0.00536184365991793));
#2530=CARTESIAN_POINT('',(0.0101,0.0328088415880288,-0.00534843905076813));
#2531=CARTESIAN_POINT('',(0.01,0.031209252553178,-0.007123308235857));
#2532=CARTESIAN_POINT('',(0.01,0.0323265106013024,-0.00924739261598436));
#2533=CARTESIAN_POINT('',(0.,0.0404081382516281,-0.0115592407699804));
#2534=CARTESIAN_POINT('',(0.,0.0404081382516281,-0.0115592407699804));
#2535=CARTESIAN_POINT('',(0.,0.0390115656914724,-0.00890413529482126));
#2536=CARTESIAN_POINT('',(0.0126128767678059,0.010109050150475,-0.0192189043154291));
#2537=CARTESIAN_POINT('',(0.01,0.0303017114274392,-0.0103124271287371));
#2538=CARTESIAN_POINT('',(0.01,0.0282769122535758,-0.0113774616414898));
#2539=CARTESIAN_POINT('',(0.,0.0353461403169698,-0.0142218270518623));
#2540=CARTESIAN_POINT('',(0.,0.0353461403169698,-0.0142218270518623));
#2541=CARTESIAN_POINT('',(0.,0.0378771392842989,-0.0128905339109214));
#2542=CARTESIAN_POINT('',(0.,-6.93889390390723E-18,-2.94902990916057E-17));
#2543=CARTESIAN_POINT('',(0.01,-5.06539254985228E-16,2.81892564846231E-16));
#2544=CARTESIAN_POINT('',(0.01,0.0265256241200479,-0.0150140489223238));
#2545=CARTESIAN_POINT('',(0.,0.0331570301500599,-0.0187675611529047));
#2546=CARTESIAN_POINT('',(0.,0.0331570301500599,-0.0187675611529047));
#2547=CARTESIAN_POINT('',(0.,-6.93889390390723E-18,-2.94902990916057E-17));
#2548=CARTESIAN_POINT('',(0.0126128767678059,0.0213288341276428,0.00407921717807932));
#2549=CARTESIAN_POINT('',(0.01,0.0269553882437786,-0.0172611388194543));
#2550=CARTESIAN_POINT('',(0.01,0.0273851523675093,-0.0195082287165848));
#2551=CARTESIAN_POINT('',(0.005,0.030808296413448,-0.0219467573061579));
#2552=CARTESIAN_POINT('',(-8.67361737988404E-19,0.0342314404593866,-0.024385285895731));
#2553=CARTESIAN_POINT('',(0.,0.0336942353047232,-0.0215764235243179));
#2554=CARTESIAN_POINT('',(-0.0001,0.0309358788035494,-0.0280212037956342));
#2555=CARTESIAN_POINT('',(0.,0.0308741305424645,-0.0279652732491359));
#2556=CARTESIAN_POINT('',(0.01,0.0246993044339716,-0.0223722185993087));
#2557=CARTESIAN_POINT('',(0.0101,0.0246375561728866,-0.0223162880528104));
#2558=CARTESIAN_POINT('',(-0.0001,0.0311085492636698,-0.0280150838924587));
#2559=CARTESIAN_POINT('',(0.,0.0310464563509678,-0.0279591655613361));
#2560=CARTESIAN_POINT('',(0.01,0.0248371650807743,-0.0223673324490688));
#2561=CARTESIAN_POINT('',(0.0101,0.0247750721680723,-0.0223114141179462));
#2562=CARTESIAN_POINT('',(-0.0001,0.0312812197237901,-0.0280089639892833));
#2563=CARTESIAN_POINT('',(0.,0.0312187821594712,-0.0279530578735362));
#2564=CARTESIAN_POINT('',(0.01,0.0249750257275769,-0.022362446298829));
#2565=CARTESIAN_POINT('',(0.0101,0.024912588163258,-0.0223065401830819));
#2566=CARTESIAN_POINT('',(-0.0001,0.0315618092214857,-0.0279990191466232));
#2567=CARTESIAN_POINT('',(0.,0.0314988115982891,-0.0279431328808615));
#2568=CARTESIAN_POINT('',(0.01,0.0251990492786313,-0.0223545063046892));
#2569=CARTESIAN_POINT('',(0.0101,0.0251360516554347,-0.0222986200389275));
#2570=CARTESIAN_POINT('',(-0.0001,0.0316695217080306,-0.027989373308572));
#2571=CARTESIAN_POINT('',(0.,0.0316063090898509,-0.02793350629598));
#2572=CARTESIAN_POINT('',(0.01,0.0252850472718807,-0.022346805036784));
#2573=CARTESIAN_POINT('',(0.0101,0.025221834653701,-0.022290938024192));
#2574=CARTESIAN_POINT('',(-0.0001,0.0318832847126463,-0.0279585516734672));
#2575=CARTESIAN_POINT('',(0.,0.0318196454218027,-0.0279027461811049));
#2576=CARTESIAN_POINT('',(0.01,0.0254557163374422,-0.022322196944884));
#2577=CARTESIAN_POINT('',(0.0101,0.0253920770465986,-0.0222663914525217));
#2578=CARTESIAN_POINT('',(-0.0001,0.0319893347503727,-0.0279373759456726));
#2579=CARTESIAN_POINT('',(0.,0.0319254837828071,-0.0278816127202321));
#2580=CARTESIAN_POINT('',(0.01,0.0255403870262457,-0.0223052901761857));
#2581=CARTESIAN_POINT('',(0.0101,0.02547653605868,-0.0222495269507452));
#2582=CARTESIAN_POINT('',(-0.0001,0.0321985423054191,-0.0278837401903929));
#2583=CARTESIAN_POINT('',(0.,0.0321342737579033,-0.0278280840223483));
#2584=CARTESIAN_POINT('',(0.01,0.0257074190063226,-0.0222624672178786));
#2585=CARTESIAN_POINT('',(0.0101,0.0256431504588068,-0.0222068110498339));
#2586=CARTESIAN_POINT('',(-0.0001,0.0323016993526311,-0.0278512802834323));
#2587=CARTESIAN_POINT('',(0.,0.0322372249028254,-0.027795688905621));
#2588=CARTESIAN_POINT('',(0.01,0.0257897799222604,-0.0222365511244969));
#2589=CARTESIAN_POINT('',(0.0101,0.0257253054724547,-0.0221809597466856));
#2590=CARTESIAN_POINT('',(-0.0001,0.0325039239378065,-0.0277754527654488));
#2591=CARTESIAN_POINT('',(0.,0.0324390458461143,-0.0277200127399689));
#2592=CARTESIAN_POINT('',(0.01,0.0259512366768914,-0.022176010191975));
#2593=CARTESIAN_POINT('',(0.0101,0.0258863585851991,-0.0221205701664951));
#2594=CARTESIAN_POINT('',(-0.0001,0.0326029910213531,-0.0277320853248171));
#2595=CARTESIAN_POINT('',(0.,0.0325379151909712,-0.0276767318610949));
#2596=CARTESIAN_POINT('',(0.01,0.026030332152777,-0.0221413854888759));
#2597=CARTESIAN_POINT('',(0.0101,0.025965256322395,-0.0220860320251537));
#2598=CARTESIAN_POINT('',(-0.0001,0.0327958861425938,-0.0276349459016438));
#2599=CARTESIAN_POINT('',(0.,0.0327304252920098,-0.0275797863289858));
#2600=CARTESIAN_POINT('',(0.01,0.0261843402336078,-0.0220638290631886));
#2601=CARTESIAN_POINT('',(0.0101,0.0261188793830238,-0.0220086694905306));
#2602=CARTESIAN_POINT('',(-0.0001,0.0328897137468352,-0.027581174137383));
#2603=CARTESIAN_POINT('',(0.,0.032824065615604,-0.0275261218935959));
#2604=CARTESIAN_POINT('',(0.01,0.0262592524924832,-0.0220208975148766));
#2605=CARTESIAN_POINT('',(0.0101,0.026193604361252,-0.0219658452710895));
#2606=CARTESIAN_POINT('',(-0.0001,0.0330710411636398,-0.027463849957233));
#2607=CARTESIAN_POINT('',(0.,0.0330050311014369,-0.0274090318934462));
#2608=CARTESIAN_POINT('',(0.01,0.0264040248811495,-0.0219272255147569));
#2609=CARTESIAN_POINT('',(0.0101,0.0263380148189466,-0.02187240745097));
#2610=CARTESIAN_POINT('',(-0.0001,0.0331585405687441,-0.0274002978049816));
#2611=CARTESIAN_POINT('',(0.,0.03309235585703,-0.027345606591798));
#2612=CARTESIAN_POINT('',(0.01,0.026473884685624,-0.0218764852734384));
#2613=CARTESIAN_POINT('',(0.0101,0.0264076999739099,-0.0218217940602548));
#2614=CARTESIAN_POINT('',(-0.0001,0.0333261962653879,-0.0272641502280081));
#2615=CARTESIAN_POINT('',(0.,0.0332596769115648,-0.0272097307664751));
#2616=CARTESIAN_POINT('',(0.01,0.0266077415292518,-0.0217677846131801));
#2617=CARTESIAN_POINT('',(0.0101,0.0265412221754287,-0.0217133651516471));
#2618=CARTESIAN_POINT('',(-0.0001,0.0334063521801902,-0.0271915551092218));
#2619=CARTESIAN_POINT('',(0.,0.0333396728345211,-0.0271372805481255));
#2620=CARTESIAN_POINT('',(0.01,0.0266717382676169,-0.0217098244385003));
#2621=CARTESIAN_POINT('',(0.0101,0.0266050589219479,-0.0216555498774041));
#2622=CARTESIAN_POINT('',(-0.0001,0.033558390779475,-0.0270381639111027));
#2623=CARTESIAN_POINT('',(0.,0.033491407963548,-0.0269841955200626));
#2624=CARTESIAN_POINT('',(0.01,0.0267931263708384,-0.0215873564160501));
#2625=CARTESIAN_POINT('',(0.0101,0.0267261435549113,-0.0215333880250099));
#2626=CARTESIAN_POINT('',(-0.0001,0.0336302731223134,-0.0269573681764538));
#2627=CARTESIAN_POINT('',(0.,0.0335631468286561,-0.0269035610543451));
#2628=CARTESIAN_POINT('',(0.01,0.0268505174629248,-0.0215228488434761));
#2629=CARTESIAN_POINT('',(0.0101,0.0267833911692675,-0.0214690417213674));
#2630=CARTESIAN_POINT('',(-0.0001,0.0337649304585699,-0.0267885132176128));
#2631=CARTESIAN_POINT('',(0.,0.0336975353877943,-0.0267350431313501));
#2632=CARTESIAN_POINT('',(0.01,0.0269580283102355,-0.0213880345050801));
#2633=CARTESIAN_POINT('',(0.0101,0.0268906332394599,-0.0213345644188173));
#2634=CARTESIAN_POINT('',(-0.0001,0.033827705149401,-0.0267004543728529));
#2635=CARTESIAN_POINT('',(0.,0.0337601847798413,-0.0266471600527474));
#2636=CARTESIAN_POINT('',(0.01,0.0270081478238731,-0.0213177280421979));
#2637=CARTESIAN_POINT('',(0.0101,0.0269406274543134,-0.0212644337220924));
#2638=CARTESIAN_POINT('',(-0.0001,0.03394341873882,-0.0265180949460149));
#2639=CARTESIAN_POINT('',(0.,0.033875667404012,-0.0264651646167814));
#2640=CARTESIAN_POINT('',(0.01,0.0271005339232096,-0.021172131693425));
#2641=CARTESIAN_POINT('',(0.0101,0.0270327825884015,-0.0211192013641915));
#2642=CARTESIAN_POINT('',(-0.0001,0.0339963573773891,-0.0264237947737147));
#2643=CARTESIAN_POINT('',(0.,0.0339285003766358,-0.0263710526683779));
#2644=CARTESIAN_POINT('',(0.01,0.0271428003013086,-0.0210968421347024));
#2645=CARTESIAN_POINT('',(0.0101,0.0270749433005553,-0.0210441000293656));
#2646=CARTESIAN_POINT('',(-0.0001,0.0340917845481562,-0.0262300468694363));
#2647=CARTESIAN_POINT('',(0.,0.0340237370740081,-0.0261776914864634));
#2648=CARTESIAN_POINT('',(0.01,0.0272189896592065,-0.0209421531891707));
#2649=CARTESIAN_POINT('',(0.0101,0.0271509421850585,-0.0208897978061978));
#2650=CARTESIAN_POINT('',(-0.0001,0.0341342728659209,-0.0261305995728269));
#2651=CARTESIAN_POINT('',(0.,0.0340661405847514,-0.026078442687452));
#2652=CARTESIAN_POINT('',(0.01,0.0272529124678011,-0.0208627541499616));
#2653=CARTESIAN_POINT('',(0.0101,0.0271847801866316,-0.0208105972645867));
#2654=CARTESIAN_POINT('',(-0.0001,0.0342083063377837,-0.0259277113267977));
#2655=CARTESIAN_POINT('',(0.,0.0341400262852133,-0.0258759594079817));
#2656=CARTESIAN_POINT('',(0.01,0.0273120210281706,-0.0207007675263854));
#2657=CARTESIAN_POINT('',(0.0101,0.0272437409756002,-0.0206490156075694));
#2658=CARTESIAN_POINT('',(-0.0001,0.0342398513255221,-0.0258242708332858));
#2659=CARTESIAN_POINT('',(0.,0.0341715083089043,-0.0257727253825208));
#2660=CARTESIAN_POINT('',(0.01,0.0273372066471234,-0.0206181803060166));
#2661=CARTESIAN_POINT('',(0.0101,0.0272688636305056,-0.0205666348552516));
#2662=CARTESIAN_POINT('',(-0.0001,0.0342916320580129,-0.0256145964402961));
#2663=CARTESIAN_POINT('',(0.,0.0342231856866396,-0.0255634695012935));
#2664=CARTESIAN_POINT('',(0.01,0.0273785485493117,-0.0204507756010348));
#2665=CARTESIAN_POINT('',(0.0101,0.0273101021779384,-0.0203996486620322));
#2666=CARTESIAN_POINT('',(-0.0001,0.0343118676864095,-0.0255083630119753));
#2667=CARTESIAN_POINT('',(0.,0.0342433809245604,-0.0254574481157438));
#2668=CARTESIAN_POINT('',(0.01,0.0273947047396483,-0.020365958492595));
#2669=CARTESIAN_POINT('',(0.0101,0.0273262179777992,-0.0203150435963636));
#2670=CARTESIAN_POINT('',(-0.0001,0.034340794846641,-0.0252943354092372));
#2671=CARTESIAN_POINT('',(0.,0.0342722503459491,-0.0252438477138095));
#2672=CARTESIAN_POINT('',(0.01,0.0274178002767593,-0.0201950781710476));
#2673=CARTESIAN_POINT('',(0.0101,0.0273492557760674,-0.02014459047562));
#2674=CARTESIAN_POINT('',(-0.0001,0.0343494863134739,-0.0251865417157589));
#2675=CARTESIAN_POINT('',(0.,0.0342809244645449,-0.0251362691774041));
#2676=CARTESIAN_POINT('',(0.01,0.0274247395716359,-0.0201090153419233));
#2677=CARTESIAN_POINT('',(0.0101,0.0273561777227068,-0.0200587428035684));
#2678=CARTESIAN_POINT('',(-0.0001,0.0343552242478474,-0.0249706443525466));
#2679=CARTESIAN_POINT('',(0.,0.0342866509459554,-0.0249208027470525));
#2680=CARTESIAN_POINT('',(0.01,0.0274293207567643,-0.019936642197642));
#2681=CARTESIAN_POINT('',(0.0101,0.0273607474548724,-0.0198868005921479));
#2682=CARTESIAN_POINT('',(-0.0001,0.0343522707024941,-0.0248625411679532));
#2683=CARTESIAN_POINT('',(0.,0.0342837032959023,-0.0248129153372786));
#2684=CARTESIAN_POINT('',(0.01,0.0274269626367219,-0.0198503322698229));
#2685=CARTESIAN_POINT('',(0.0101,0.02735839523013,-0.0198007064391483));
#2686=CARTESIAN_POINT('',(-0.0001,0.0343347528314244,-0.0246472791891319));
#2687=CARTESIAN_POINT('',(0.,0.0342662203906431,-0.0245980830230857));
#2688=CARTESIAN_POINT('',(0.01,0.0274129763125145,-0.0196784664184686));
#2689=CARTESIAN_POINT('',(0.0101,0.0273444438717333,-0.0196292702524224));
#2690=CARTESIAN_POINT('',(-0.0001,0.0343201885450723,-0.0245401208786168));
#2691=CARTESIAN_POINT('',(0.,0.0342516851747229,-0.0244911386014139));
#2692=CARTESIAN_POINT('',(0.01,0.0274013481397783,-0.0195929108811312));
#2693=CARTESIAN_POINT('',(0.0101,0.0273328447694288,-0.0195439286039283));
#2694=CARTESIAN_POINT('',(-0.0001,0.0342674470126783,-0.0242643534097715));
#2695=CARTESIAN_POINT('',(0.,0.0341990489148486,-0.0242159215666382));
#2696=CARTESIAN_POINT('',(0.01,0.0273592391318789,-0.0193727372533106));
#2697=CARTESIAN_POINT('',(0.0101,0.0272908410340492,-0.0193243054101773));
#2698=CARTESIAN_POINT('',(-0.0001,0.0342349906850512,-0.0240946503520206));
#2699=CARTESIAN_POINT('',(0.,0.0341666573703106,-0.0240465572375455));
#2700=CARTESIAN_POINT('',(0.01,0.0273333258962485,-0.0192372457900364));
#2701=CARTESIAN_POINT('',(0.0101,0.0272649925815078,-0.0191891526755613));
#2702=CARTESIAN_POINT('',(-0.0001,0.0342025343574242,-0.0239249472942697));
#2703=CARTESIAN_POINT('',(0.,0.0341342658257726,-0.0238771929084527));
#2704=CARTESIAN_POINT('',(0.01,0.0273074126606181,-0.0191017543267622));
#2705=CARTESIAN_POINT('',(0.0101,0.0272391441289665,-0.0190539999409453));
#2706=CARTESIAN_POINT('',(0.01,0.0250278773286569,-0.0199590661498171));
#2707=CARTESIAN_POINT('',(0.01,0.0251128863743796,-0.0223575601485891));
#2708=CARTESIAN_POINT('',(0.,0.0313911079679745,-0.0279469501857364));
#2709=CARTESIAN_POINT('',(0.,0.0313911079679745,-0.0279469501857364));
#2710=CARTESIAN_POINT('',(0.,0.0312848466608211,-0.0249488326872714));
#2711=CARTESIAN_POINT('',(0.0126128767678059,0.000769169403521264,-0.021701786941612));
#2712=CARTESIAN_POINT('',(0.01,0.0228265041982918,-0.022438595651303));
#2713=CARTESIAN_POINT('',(0.01,0.020540122022204,-0.0225196311540169));
#2714=CARTESIAN_POINT('',(0.,0.0256751525277551,-0.0281495389425211));
#2715=CARTESIAN_POINT('',(0.,0.0256751525277551,-0.0281495389425211));
#2716=CARTESIAN_POINT('',(0.,0.0285331302478649,-0.0280482445641288));
#2717=CARTESIAN_POINT('',(0.,6.24500451351651E-17,-4.33680868994202E-17));
#2718=CARTESIAN_POINT('',(0.01,3.3133218391157E-16,-4.02455846426619E-16));
#2719=CARTESIAN_POINT('',(0.01,0.0173844098481329,-0.0250362276358108));
#2720=CARTESIAN_POINT('',(0.,0.0217305123101662,-0.0312952845447636));
#2721=CARTESIAN_POINT('',(0.,0.0217305123101662,-0.0312952845447636));
#2722=CARTESIAN_POINT('',(0.,6.24500451351651E-17,-4.33680868994202E-17));
#2723=CARTESIAN_POINT('',(0.0126128767678059,0.0209865215395585,-0.0055789866194576));
#2724=CARTESIAN_POINT('',(0.01,0.0167966381774553,-0.0272472533414463));
#2725=CARTESIAN_POINT('',(0.01,0.0162088665067777,-0.0294582790470818));
#2726=CARTESIAN_POINT('',(0.005,0.0182349748201249,-0.0331405639279671));
#2727=CARTESIAN_POINT('',(-4.33680868994202E-19,0.0202610831334722,-0.0368228488088523));
#2728=CARTESIAN_POINT('',(0.,0.0209957977218191,-0.0340590666768079));
#2729=CARTESIAN_POINT('',(-0.0001,0.0157143190257755,-0.0386688070291871));
#2730=CARTESIAN_POINT('',(0.,0.0156829531195364,-0.0385916237816238));
#2731=CARTESIAN_POINT('',(0.01,0.0125463624956291,-0.0308732990252991));
#2732=CARTESIAN_POINT('',(0.0101,0.01251499658939,-0.0307961157777358));
#2733=CARTESIAN_POINT('',(-0.0001,0.0158725450612231,-0.0387382120918236));
#2734=CARTESIAN_POINT('',(0.,0.015840863334554,-0.0386608903112012));
#2735=CARTESIAN_POINT('',(0.01,0.0126726906676432,-0.030928712248961));
#2736=CARTESIAN_POINT('',(0.0101,0.0126410089409741,-0.0308513904683386));
#2737=CARTESIAN_POINT('',(-0.0001,0.0160307710966708,-0.0388076171544602));
#2738=CARTESIAN_POINT('',(0.,0.0159987735495716,-0.0387301568407786));
#2739=CARTESIAN_POINT('',(0.01,0.0127990188396573,-0.0309841254726229));
#2740=CARTESIAN_POINT('',(0.0101,0.0127670212925581,-0.0309066651589413));
#2741=CARTESIAN_POINT('',(-0.0001,0.0162878884042732,-0.0389204003812445));
#2742=CARTESIAN_POINT('',(0.,0.0162553776489752,-0.0388427149513418));
#2743=CARTESIAN_POINT('',(0.01,0.0130043021191801,-0.0310741719610734));
#2744=CARTESIAN_POINT('',(0.0101,0.0129717913638822,-0.0309964865311708));
#2745=CARTESIAN_POINT('',(-0.0001,0.016389119173615,-0.0389584444778673));
#2746=CARTESIAN_POINT('',(0.,0.0163564063608932,-0.038880683111644));
#2747=CARTESIAN_POINT('',(0.01,0.0130851250887146,-0.0311045464893151));
#2748=CARTESIAN_POINT('',(0.0101,0.0130524122759928,-0.0310267851230919));
#2749=CARTESIAN_POINT('',(-0.0001,0.0165950859921681,-0.0390234234359077));
#2750=CARTESIAN_POINT('',(0.,0.0165619620680321,-0.0389455323711654));
#2751=CARTESIAN_POINT('',(0.01,0.0132495696544256,-0.0311564258969322));
#2752=CARTESIAN_POINT('',(0.0101,0.0132164457302896,-0.0310785348321899));
#2753=CARTESIAN_POINT('',(-0.0001,0.0166998215785535,-0.0390503581513118));
#2754=CARTESIAN_POINT('',(0.,0.0166664886013508,-0.0389724133246625));
#2755=CARTESIAN_POINT('',(0.01,0.0133331908810806,-0.03117793065973));
#2756=CARTESIAN_POINT('',(0.0101,0.0132998579038779,-0.0310999858330807));
#2757=CARTESIAN_POINT('',(-0.0001,0.0169115827546314,-0.0390928057618336));
#2758=CARTESIAN_POINT('',(0.,0.0168778271004305,-0.0390147762094148));
#2759=CARTESIAN_POINT('',(0.01,0.0135022616803444,-0.0312118209675319));
#2760=CARTESIAN_POINT('',(0.0101,0.0134685060261435,-0.031133791415113));
#2761=CARTESIAN_POINT('',(-0.0001,0.0170186078684776,-0.0391083185615678));
#2762=CARTESIAN_POINT('',(0.,0.016984638591295,-0.0390302580454768));
#2763=CARTESIAN_POINT('',(0.01,0.013587710873036,-0.0312242064363814));
#2764=CARTESIAN_POINT('',(0.0101,0.0135537415958534,-0.0311461459202904));
#2765=CARTESIAN_POINT('',(-0.0001,0.0172337062510758,-0.0391277422876917));
#2766=CARTESIAN_POINT('',(0.,0.0171993076358042,-0.0390496430016883));
#2767=CARTESIAN_POINT('',(0.01,0.0137594461086433,-0.0312397144013506));
#2768=CARTESIAN_POINT('',(0.0101,0.0137250474933717,-0.0311616151153472));
#2769=CARTESIAN_POINT('',(-0.0001,0.0173417790364825,-0.0391316531704346));
#2770=CARTESIAN_POINT('',(0.,0.0173071647070683,-0.0390535460782781));
#2771=CARTESIAN_POINT('',(0.01,0.0138457317656547,-0.0312428368626224));
#2772=CARTESIAN_POINT('',(0.0101,0.0138111174362405,-0.0311647297704659));
#2773=CARTESIAN_POINT('',(-0.0001,0.0175577187516327,-0.0391278276307709));
#2774=CARTESIAN_POINT('',(0.,0.0175226734048231,-0.0390497281744221));
#2775=CARTESIAN_POINT('',(0.01,0.0140181387238585,-0.0312397825395376));
#2776=CARTESIAN_POINT('',(0.0101,0.0139830933770488,-0.0311616830831888));
#2777=CARTESIAN_POINT('',(-0.0001,0.0176655851961405,-0.0391200912169605));
#2778=CARTESIAN_POINT('',(0.,0.0176303245470464,-0.0390420072025554));
#2779=CARTESIAN_POINT('',(0.01,0.0141042596376371,-0.0312336057620443));
#2780=CARTESIAN_POINT('',(0.0101,0.014068998988543,-0.0311555217476392));
#2781=CARTESIAN_POINT('',(-0.0001,0.017879860607551,-0.0390930608008008));
#2782=CARTESIAN_POINT('',(0.,0.0178441722630249,-0.0390150307393222));
#2783=CARTESIAN_POINT('',(0.01,0.0142753378104199,-0.0312120245914578));
#2784=CARTESIAN_POINT('',(0.0101,0.0142396494658939,-0.0311339945299791));
#2785=CARTESIAN_POINT('',(-0.0001,0.0179862690929577,-0.0390737668591913));
#2786=CARTESIAN_POINT('',(0.,0.0179503683562452,-0.0389957753085742));
#2787=CARTESIAN_POINT('',(0.01,0.0143602946849962,-0.0311966202468594));
#2788=CARTESIAN_POINT('',(0.0101,0.0143243939482837,-0.0311186286962422));
#2789=CARTESIAN_POINT('',(-0.0001,0.0181963938759294,-0.039023845211442));
#2790=CARTESIAN_POINT('',(0.,0.0181600737284724,-0.0389459533048324));
#2791=CARTESIAN_POINT('',(0.01,0.014528058982778,-0.0311567626438659));
#2792=CARTESIAN_POINT('',(0.0101,0.014491738835321,-0.0310788707372562));
#2793=CARTESIAN_POINT('',(-0.0001,0.0183001097013252,-0.0389932176174806));
#2794=CARTESIAN_POINT('',(0.,0.0182635825362527,-0.0389153868437931));
#2795=CARTESIAN_POINT('',(0.01,0.0146108660290021,-0.0311323094750344));
#2796=CARTESIAN_POINT('',(0.0101,0.0145743388639296,-0.0310544787013469));
#2797=CARTESIAN_POINT('',(-0.0001,0.018503645692588,-0.0389209839993131));
#2798=CARTESIAN_POINT('',(0.,0.0184667122680519,-0.0388432974045041));
#2799=CARTESIAN_POINT('',(0.01,0.0147733698144415,-0.0310746379236033));
#2800=CARTESIAN_POINT('',(0.0101,0.0147364363899054,-0.0309969513287942));
#2801=CARTESIAN_POINT('',(-0.0001,0.0186034654010914,-0.0388793781374223));
#2802=CARTESIAN_POINT('',(0.,0.0185663327356202,-0.0388017745882458));
#2803=CARTESIAN_POINT('',(0.01,0.0148530661884961,-0.0310414196705967));
#2804=CARTESIAN_POINT('',(0.0101,0.0148159335230249,-0.0309638161214202));
#2805=CARTESIAN_POINT('',(-0.0001,0.0187980508898037,-0.0387856707048703));
#2806=CARTESIAN_POINT('',(0.,0.0187605298301434,-0.0387082541964773));
#2807=CARTESIAN_POINT('',(0.01,0.0150084238641147,-0.0309666033571818));
#2808=CARTESIAN_POINT('',(0.0101,0.0149709028044544,-0.0308891868487888));
#2809=CARTESIAN_POINT('',(-0.0001,0.0188928162327615,-0.0387335693447779));
#2810=CARTESIAN_POINT('',(0.,0.0188551060207201,-0.0386562568311156));
#2811=CARTESIAN_POINT('',(0.01,0.0150840848165761,-0.0309250054648925));
#2812=CARTESIAN_POINT('',(0.0101,0.0150463746045346,-0.0308476929512303));
#2813=CARTESIAN_POINT('',(-0.0001,0.019076193364401,-0.0386194754232721));
#2814=CARTESIAN_POINT('',(0.,0.0190381171301407,-0.0385423906419881));
#2815=CARTESIAN_POINT('',(0.01,0.0152304937041126,-0.0308339125135905));
#2816=CARTESIAN_POINT('',(0.0101,0.0151924174698523,-0.0307568277323065));
#2817=CARTESIAN_POINT('',(-0.0001,0.0191648047410179,-0.038557483118238));
#2818=CARTESIAN_POINT('',(0.,0.0191265516377424,-0.0384805220740898));
#2819=CARTESIAN_POINT('',(0.01,0.015301241310194,-0.0307844176592718));
#2820=CARTESIAN_POINT('',(0.0101,0.0152629882069185,-0.0307074566151236));
#2821=CARTESIAN_POINT('',(-0.0001,0.0193348457161856,-0.0384243265859276));
#2822=CARTESIAN_POINT('',(0.,0.0192962532097661,-0.038347631323281));
#2823=CARTESIAN_POINT('',(0.01,0.0154370025678128,-0.0306781050586249));
#2824=CARTESIAN_POINT('',(0.0101,0.0153984100613933,-0.0306014097959783));
#2825=CARTESIAN_POINT('',(-0.0001,0.0194162749326392,-0.0383531626578661));
#2826=CARTESIAN_POINT('',(0.,0.0193775198928535,-0.0382766094389881));
#2827=CARTESIAN_POINT('',(0.01,0.0155020159142828,-0.0306212875511905));
#2828=CARTESIAN_POINT('',(0.0101,0.0154632608744971,-0.0305447343323125));
#2829=CARTESIAN_POINT('',(-0.0001,0.0195710066967805,-0.0382024885841221));
#2830=CARTESIAN_POINT('',(0.,0.0195319428111582,-0.0381262361118983));
#2831=CARTESIAN_POINT('',(0.01,0.0156255542489265,-0.0305009888895186));
#2832=CARTESIAN_POINT('',(0.0101,0.0155864903633042,-0.0304247364172948));
#2833=CARTESIAN_POINT('',(-0.0001,0.0196443088967722,-0.0381229787770178));
#2834=CARTESIAN_POINT('',(0.,0.0196050986993735,-0.0380468850070038));
#2835=CARTESIAN_POINT('',(0.01,0.0156840789594988,-0.030437508005603));
#2836=CARTESIAN_POINT('',(0.0101,0.0156448687621001,-0.030361414235589));
#2837=CARTESIAN_POINT('',(-0.0001,0.0197819360343312,-0.037956535494365));
#2838=CARTESIAN_POINT('',(0.,0.0197424511320671,-0.0378807739464721));
#2839=CARTESIAN_POINT('',(0.01,0.0157939609056537,-0.0303046191571777));
#2840=CARTESIAN_POINT('',(0.0101,0.0157544760033896,-0.0302288576092848));
#2841=CARTESIAN_POINT('',(-0.0001,0.0198462606626381,-0.0378696023928296));
#2842=CARTESIAN_POINT('',(0.,0.0198066473679023,-0.0377940143641014));
#2843=CARTESIAN_POINT('',(0.01,0.0158453178943218,-0.0302352114912811));
#2844=CARTESIAN_POINT('',(0.0101,0.015805704599586,-0.0301596234625529));
#2845=CARTESIAN_POINT('',(-0.0001,0.0199651862299939,-0.037689321210334));
#2846=CARTESIAN_POINT('',(0.,0.0199253355588761,-0.0376140930242854));
#2847=CARTESIAN_POINT('',(0.01,0.0159402684471009,-0.0300912744194284));
#2848=CARTESIAN_POINT('',(0.0101,0.0159004177759831,-0.0300160462333798));
#2849=CARTESIAN_POINT('',(-0.0001,0.0200197869018064,-0.0375959735344818));
#2850=CARTESIAN_POINT('',(0.,0.0199798272473118,-0.0375209316711396));
#2851=CARTESIAN_POINT('',(0.01,0.0159838617978495,-0.0300167453369116));
#2852=CARTESIAN_POINT('',(0.0101,0.0159439021433548,-0.0299417034735693));
#2853=CARTESIAN_POINT('',(-0.0001,0.0201186309572591,-0.0374039463279861));
#2854=CARTESIAN_POINT('',(0.,0.0200784740092406,-0.0373292877524811));
#2855=CARTESIAN_POINT('',(0.01,0.0160627792073925,-0.0298634302019848));
#2856=CARTESIAN_POINT('',(0.0101,0.016022622259374,-0.0297887716264799));
#2857=CARTESIAN_POINT('',(-0.0001,0.0201628741187878,-0.0373052672288448));
#2858=CARTESIAN_POINT('',(0.,0.0201226288610656,-0.0372308056176096));
#2859=CARTESIAN_POINT('',(0.01,0.0160981030888525,-0.0297846444940877));
#2860=CARTESIAN_POINT('',(0.0101,0.0160578578311304,-0.0297101828828524));
#2861=CARTESIAN_POINT('',(-0.0001,0.020240489734583,-0.0371037221680826));
#2862=CARTESIAN_POINT('',(0.,0.0202000895554721,-0.0370296628423978));
#2863=CARTESIAN_POINT('',(0.01,0.0161600716443776,-0.0296237302739182));
#2864=CARTESIAN_POINT('',(0.0101,0.0161196714652667,-0.0295496709482334));
#2865=CARTESIAN_POINT('',(-0.0001,0.0202738620144402,-0.0370008566593514));
#2866=CARTESIAN_POINT('',(0.,0.0202333952239922,-0.0369270026540434));
#2867=CARTESIAN_POINT('',(0.01,0.0161867161791938,-0.0295416021232347));
#2868=CARTESIAN_POINT('',(0.0101,0.0161462493887458,-0.0294677481179266));
#2869=CARTESIAN_POINT('',(-0.0001,0.0203459945562174,-0.0367295150618597));
#2870=CARTESIAN_POINT('',(0.,0.0203053837886401,-0.0366562026565466));
#2871=CARTESIAN_POINT('',(0.01,0.0162443070309121,-0.0293249621252373));
#2872=CARTESIAN_POINT('',(0.0101,0.0162036962633348,-0.0292516497199242));
#2873=CARTESIAN_POINT('',(-0.0001,0.0203903838126956,-0.0365625356172494));
#2874=CARTESIAN_POINT('',(0.,0.020349684443808,-0.0364895565042409));
#2875=CARTESIAN_POINT('',(0.01,0.0162797475550464,-0.0291916452033927));
#2876=CARTESIAN_POINT('',(0.0101,0.0162390481861588,-0.0291186660903842));
#2877=CARTESIAN_POINT('',(-0.0001,0.0204347730691738,-0.0363955561726391));
#2878=CARTESIAN_POINT('',(0.,0.0203939850989759,-0.0363229103519352));
#2879=CARTESIAN_POINT('',(0.01,0.0163151880791807,-0.0290583282815481));
#2880=CARTESIAN_POINT('',(0.0101,0.0162744001089827,-0.0289856824608443));
#2881=CARTESIAN_POINT('',(0.01,0.0138894240524233,-0.0288416862309234));
#2882=CARTESIAN_POINT('',(0.01,0.0129253470116713,-0.0310395386962848));
#2883=CARTESIAN_POINT('',(0.,0.0161566837645892,-0.038799423370356));
#2884=CARTESIAN_POINT('',(0.,0.0161566837645892,-0.038799423370356));
#2885=CARTESIAN_POINT('',(0.,0.0173617800655291,-0.0360521077886543));
#2886=CARTESIAN_POINT('',(0.0126128767678059,-0.00872305477704351,-0.0198863645090584));
#2887=CARTESIAN_POINT('',(0.01,0.0108302278639705,-0.0301205251138121));
#2888=CARTESIAN_POINT('',(0.01,0.00873510871626966,-0.0292015115313394));
#2889=CARTESIAN_POINT('',(0.,0.0109188858953371,-0.0365018894141743));
#2890=CARTESIAN_POINT('',(0.,0.0109188858953371,-0.0365018894141743));
#2891=CARTESIAN_POINT('',(0.,0.0135377848299631,-0.0376506563922651));
#2892=CARTESIAN_POINT('',(0.,-1.25767452008318E-17,2.04697370165263E-16));
#2893=CARTESIAN_POINT('',(0.01,2.29850860566927E-17,-1.28369537222284E-16));
#2894=CARTESIAN_POINT('',(0.01,0.0048,-0.0300996744168438));
#2895=CARTESIAN_POINT('',(0.,0.006,-0.0376245930210547));
#2896=CARTESIAN_POINT('',(0.,0.006,-0.0376245930210547));
#2897=CARTESIAN_POINT('',(0.,-1.25767452008318E-17,2.04697370165263E-16));
#2898=CARTESIAN_POINT('',(0.0126128767678059,0.0164875709777686,-0.0141322036952302));
#2899=CARTESIAN_POINT('',(0.01,0.00331110792283835,-0.0318367151735323));
#2900=CARTESIAN_POINT('',(0.01,0.00182221584567671,-0.033573755930221));
#2901=CARTESIAN_POINT('',(0.005,0.0020499928263863,-0.0377704754214986));
#2902=CARTESIAN_POINT('',(8.67361737988404E-19,0.00227776980709589,-0.0419671949127762));
#2903=CARTESIAN_POINT('',(0.,0.00413888490354795,-0.0397958939669154));
#2904=CARTESIAN_POINT('',(-0.0001,-0.0026196543585286,-0.0416575787888135));
#2905=CARTESIAN_POINT('',(0.,-0.00261442550751358,-0.0415744299289556));
#2906=CARTESIAN_POINT('',(0.01,-0.00209154040601087,-0.0332595439431644));
#2907=CARTESIAN_POINT('',(0.0101,-0.00208631155499584,-0.0331763950833065));
#2908=CARTESIAN_POINT('',(-0.0001,-0.0025072113545891,-0.0417887622934096));
#2909=CARTESIAN_POINT('',(0.,-0.00250220694070768,-0.0417053515902291));
#2910=CARTESIAN_POINT('',(0.01,-0.00200176555256615,-0.0333642812721833));
#2911=CARTESIAN_POINT('',(0.0101,-0.00199676113868474,-0.0332808705690028));
#2912=CARTESIAN_POINT('',(-0.0001,-0.00239476835064959,-0.0419199457980056));
#2913=CARTESIAN_POINT('',(0.,-0.00238998837390179,-0.0418362732515026));
#2914=CARTESIAN_POINT('',(0.01,-0.00191199069912143,-0.0334690186012021));
#2915=CARTESIAN_POINT('',(0.0101,-0.00190721072237363,-0.0333853460546991));
#2916=CARTESIAN_POINT('',(-0.0001,-0.00221204846924789,-0.0421331189929743));
#2917=CARTESIAN_POINT('',(0.,-0.00220763320284221,-0.0420490209510722));
#2918=CARTESIAN_POINT('',(0.01,-0.00176610656227377,-0.0336392167608577));
#2919=CARTESIAN_POINT('',(0.0101,-0.00176169129586809,-0.0335551187189556));
#2920=CARTESIAN_POINT('',(-0.0001,-0.00213734941249106,-0.0422113179243547));
#2921=CARTESIAN_POINT('',(0.,-0.00213308324599906,-0.0421270637967611));
#2922=CARTESIAN_POINT('',(0.01,-0.00170646659679925,-0.0337016510374089));
#2923=CARTESIAN_POINT('',(0.0101,-0.00170220043030726,-0.0336173969098154));
#2924=CARTESIAN_POINT('',(-0.0001,-0.00197997303443236,-0.0423592275959858));
#2925=CARTESIAN_POINT('',(0.,-0.00197602099244747,-0.0422746782395068));
#2926=CARTESIAN_POINT('',(0.01,-0.00158081679395797,-0.0338197425916054));
#2927=CARTESIAN_POINT('',(0.0101,-0.00157686475197308,-0.0337351932351264));
#2928=CARTESIAN_POINT('',(-0.0001,-0.00189729606676926,-0.0424289380038703));
#2929=CARTESIAN_POINT('',(0.,-0.00189350904867192,-0.0423442495048605));
#2930=CARTESIAN_POINT('',(0.01,-0.00151480723893754,-0.0338753996038885));
#2931=CARTESIAN_POINT('',(0.0101,-0.0015110202208402,-0.0337907111048787));
#2932=CARTESIAN_POINT('',(-0.0001,-0.00172492316766251,-0.0425590617103439));
#2933=CARTESIAN_POINT('',(0.,-0.00172148020724802,-0.0424741134833772));
#2934=CARTESIAN_POINT('',(0.01,-0.00137718416579842,-0.0339792907867017));
#2935=CARTESIAN_POINT('',(0.0101,-0.00137374120538392,-0.0338943425597349));
#2936=CARTESIAN_POINT('',(-0.0001,-0.00163522762355615,-0.0426194747165334));
#2937=CARTESIAN_POINT('',(0.,-0.00163196369616382,-0.042534405904724));
#2938=CARTESIAN_POINT('',(0.01,-0.00130557095693107,-0.0340275247237792));
#2939=CARTESIAN_POINT('',(0.0101,-0.00130230702953874,-0.0339424559119697));
#2940=CARTESIAN_POINT('',(-0.0001,-0.00144985831621725,-0.0427303025795896));
#2941=CARTESIAN_POINT('',(0.,-0.00144696438744236,-0.0426450125544806));
#2942=CARTESIAN_POINT('',(0.01,-0.0011575715099539,-0.0341160100435845));
#2943=CARTESIAN_POINT('',(0.0101,-0.00115467758117901,-0.0340307200184755));
#2944=CARTESIAN_POINT('',(-0.0001,-0.00135418496952609,-0.0427807171874161));
#2945=CARTESIAN_POINT('',(0.,-0.00135148200551506,-0.0426953265343474));
#2946=CARTESIAN_POINT('',(0.01,-0.00108118560441205,-0.0341562612274779));
#2947=CARTESIAN_POINT('',(0.0101,-0.00107848264040102,-0.0340708705744092));
#2948=CARTESIAN_POINT('',(-0.0001,-0.00115797016937853,-0.0428709632263095));
#2949=CARTESIAN_POINT('',(0.,-0.00115565885167518,-0.0427853924414266));
#2950=CARTESIAN_POINT('',(0.01,-0.00092452708134015,-0.0342283139531413));
#2951=CARTESIAN_POINT('',(0.0101,-0.0009222157636368,-0.0341427431682584));
#2952=CARTESIAN_POINT('',(-0.0001,-0.00105742915683431,-0.0429107944545855));
#2953=CARTESIAN_POINT('',(0.,-0.00105531851979472,-0.042825144166253));
#2954=CARTESIAN_POINT('',(0.01,-0.000844254815835782,-0.0342601153330023));
#2955=CARTESIAN_POINT('',(0.0101,-0.000842144178796193,-0.0341744650446698));
#2956=CARTESIAN_POINT('',(-0.0001,-0.000852645623963226,-0.042979411507843));
#2957=CARTESIAN_POINT('',(0.,-0.000850943736490246,-0.0428936242593243));
#2958=CARTESIAN_POINT('',(0.01,-0.000680754989192202,-0.0343148994074594));
#2959=CARTESIAN_POINT('',(0.0101,-0.000679053101719222,-0.0342291121589408));
#2960=CARTESIAN_POINT('',(-0.0001,-0.000748403563803246,-0.0430081971786358));
#2961=CARTESIAN_POINT('',(0.,-0.000746909744314617,-0.0429223524736884));
#2962=CARTESIAN_POINT('',(0.01,-0.000597527795451698,-0.0343378819789507));
#2963=CARTESIAN_POINT('',(0.0101,-0.000596033975963069,-0.0342520372740033));
#2964=CARTESIAN_POINT('',(-0.0001,-0.000537427484782641,-0.0430543890546962));
#2965=CARTESIAN_POINT('',(0.,-0.000536354775232177,-0.0429684521503955));
#2966=CARTESIAN_POINT('',(0.01,-0.000429083820185746,-0.0343747617203164));
#2967=CARTESIAN_POINT('',(0.0101,-0.000428011110635281,-0.0342888248160156));
#2968=CARTESIAN_POINT('',(-0.0001,-0.000430693940004113,-0.0430717951561666));
#2969=CARTESIAN_POINT('',(0.,-0.00042983427146119,-0.0429858235091483));
#2970=CARTESIAN_POINT('',(0.01,-0.000343867417168956,-0.0343886588073187));
#2971=CARTESIAN_POINT('',(0.0101,-0.000343007748626033,-0.0343026871603004));
#2972=CARTESIAN_POINT('',(-0.0001,-0.000215973356038163,-0.0430950258719159));
#2973=CARTESIAN_POINT('',(0.,-0.000215542271495172,-0.0430090078562035));
#2974=CARTESIAN_POINT('',(0.01,-0.000172433817196141,-0.0344072062849628));
#2975=CARTESIAN_POINT('',(0.0101,-0.000172002732653151,-0.0343211882692503));
#2976=CARTESIAN_POINT('',(-0.0001,-0.000107986799347079,-0.0431008504339931));
#2977=CARTESIAN_POINT('',(0.,-0.000107771256833412,-0.0430148207924083));
#2978=CARTESIAN_POINT('',(0.01,-8.62170054667341E-5,-0.0344118566339267));
#2979=CARTESIAN_POINT('',(0.0101,-8.60014629530673E-5,-0.0343258269923418));
#2980=CARTESIAN_POINT('',(-0.0001,0.000107986799347061,-0.0431008504339931));
#2981=CARTESIAN_POINT('',(0.,0.000107771256833395,-0.0430148207924083));
#2982=CARTESIAN_POINT('',(0.01,8.62170054667111E-5,-0.0344118566339267));
#2983=CARTESIAN_POINT('',(0.0101,8.60014629530443E-5,-0.0343258269923418));
#2984=CARTESIAN_POINT('',(-0.0001,0.000215973356038155,-0.0430950258719159));
#2985=CARTESIAN_POINT('',(0.,0.000215542271495165,-0.0430090078562035));
#2986=CARTESIAN_POINT('',(0.01,0.000172433817196128,-0.0344072062849628));
#2987=CARTESIAN_POINT('',(0.0101,0.000172002732653138,-0.0343211882692503));
#2988=CARTESIAN_POINT('',(-0.0001,0.000430693940004105,-0.0430717951561666));
#2989=CARTESIAN_POINT('',(0.,0.000429834271461183,-0.0429858235091483));
#2990=CARTESIAN_POINT('',(0.01,0.000343867417168942,-0.0343886588073187));
#2991=CARTESIAN_POINT('',(0.0101,0.00034300774862602,-0.0343026871603004));
#2992=CARTESIAN_POINT('',(-0.0001,0.000537427484782634,-0.0430543890546962));
#2993=CARTESIAN_POINT('',(0.,0.00053635477523217,-0.0429684521503955));
#2994=CARTESIAN_POINT('',(0.01,0.000429083820185733,-0.0343747617203164));
#2995=CARTESIAN_POINT('',(0.0101,0.000428011110635269,-0.0342888248160156));
#2996=CARTESIAN_POINT('',(-0.0001,0.000748403563803238,-0.0430081971786358));
#2997=CARTESIAN_POINT('',(0.,0.000746909744314609,-0.0429223524736884));
#2998=CARTESIAN_POINT('',(0.01,0.000597527795451685,-0.0343378819789507));
#2999=CARTESIAN_POINT('',(0.0101,0.000596033975963056,-0.0342520372740033));
#3000=CARTESIAN_POINT('',(-0.0001,0.000852645623963225,-0.042979411507843));
#3001=CARTESIAN_POINT('',(0.,0.000850943736490244,-0.0428936242593243));
#3002=CARTESIAN_POINT('',(0.01,0.000680754989192193,-0.0343148994074594));
#3003=CARTESIAN_POINT('',(0.0101,0.000679053101719212,-0.0342291121589408));
#3004=CARTESIAN_POINT('',(-0.0001,0.00105742915683431,-0.0429107944545854));
#3005=CARTESIAN_POINT('',(0.,0.00105531851979472,-0.0428251441662529));
#3006=CARTESIAN_POINT('',(0.01,0.000844254815835774,-0.0342601153330023));
#3007=CARTESIAN_POINT('',(0.0101,0.000842144178796185,-0.0341744650446698));
#3008=CARTESIAN_POINT('',(-0.0001,0.00115797016937853,-0.0428709632263095));
#3009=CARTESIAN_POINT('',(0.,0.00115565885167518,-0.0427853924414266));
#3010=CARTESIAN_POINT('',(0.01,0.000924527081340133,-0.0342283139531413));
#3011=CARTESIAN_POINT('',(0.0101,0.000922215763636782,-0.0341427431682584));
#3012=CARTESIAN_POINT('',(-0.0001,0.00135418496952608,-0.0427807171874161));
#3013=CARTESIAN_POINT('',(0.,0.00135148200551505,-0.0426953265343474));
#3014=CARTESIAN_POINT('',(0.01,0.00108118560441204,-0.0341562612274779));
#3015=CARTESIAN_POINT('',(0.0101,0.00107848264040101,-0.0340708705744092));
#3016=CARTESIAN_POINT('',(-0.0001,0.00144985831621724,-0.0427303025795896));
#3017=CARTESIAN_POINT('',(0.,0.00144696438744236,-0.0426450125544806));
#3018=CARTESIAN_POINT('',(0.01,0.00115757150995388,-0.0341160100435845));
#3019=CARTESIAN_POINT('',(0.0101,0.001154677581179,-0.0340307200184755));
#3020=CARTESIAN_POINT('',(-0.0001,0.00163522762355615,-0.0426194747165334));
#3021=CARTESIAN_POINT('',(0.,0.00163196369616382,-0.042534405904724));
#3022=CARTESIAN_POINT('',(0.01,0.00130557095693105,-0.0340275247237792));
#3023=CARTESIAN_POINT('',(0.0101,0.00130230702953872,-0.0339424559119697));
#3024=CARTESIAN_POINT('',(-0.0001,0.0017249231676625,-0.0425590617103439));
#3025=CARTESIAN_POINT('',(0.,0.00172148020724801,-0.0424741134833772));
#3026=CARTESIAN_POINT('',(0.01,0.0013771841657984,-0.0339792907867017));
#3027=CARTESIAN_POINT('',(0.0101,0.00137374120538391,-0.0338943425597349));
#3028=CARTESIAN_POINT('',(-0.0001,0.00189729606676925,-0.0424289380038703));
#3029=CARTESIAN_POINT('',(0.,0.00189350904867191,-0.0423442495048605));
#3030=CARTESIAN_POINT('',(0.01,0.00151480723893753,-0.0338753996038885));
#3031=CARTESIAN_POINT('',(0.0101,0.00151102022084018,-0.0337907111048787));
#3032=CARTESIAN_POINT('',(-0.0001,0.00197997303443236,-0.0423592275959858));
#3033=CARTESIAN_POINT('',(0.,0.00197602099244746,-0.0422746782395068));
#3034=CARTESIAN_POINT('',(0.01,0.00158081679395796,-0.0338197425916054));
#3035=CARTESIAN_POINT('',(0.0101,0.00157686475197307,-0.0337351932351264));
#3036=CARTESIAN_POINT('',(-0.0001,0.00213734941249106,-0.0422113179243547));
#3037=CARTESIAN_POINT('',(0.,0.00213308324599906,-0.0421270637967611));
#3038=CARTESIAN_POINT('',(0.01,0.00170646659679925,-0.0337016510374089));
#3039=CARTESIAN_POINT('',(0.0101,0.00170220043030725,-0.0336173969098154));
#3040=CARTESIAN_POINT('',(-0.0001,0.00221204846924788,-0.0421331189929743));
#3041=CARTESIAN_POINT('',(0.,0.0022076332028422,-0.0420490209510722));
#3042=CARTESIAN_POINT('',(0.01,0.00176610656227376,-0.0336392167608577));
#3043=CARTESIAN_POINT('',(0.0101,0.00176169129586808,-0.0335551187189556));
#3044=CARTESIAN_POINT('',(-0.0001,0.00239476835064959,-0.0419199457980056));
#3045=CARTESIAN_POINT('',(0.,0.00238998837390178,-0.0418362732515026));
#3046=CARTESIAN_POINT('',(0.01,0.00191199069912143,-0.0334690186012021));
#3047=CARTESIAN_POINT('',(0.0101,0.00190721072237362,-0.0333853460546991));
#3048=CARTESIAN_POINT('',(-0.0001,0.0025072113545891,-0.0417887622934096));
#3049=CARTESIAN_POINT('',(0.,0.00250220694070768,-0.0417053515902291));
#3050=CARTESIAN_POINT('',(0.01,0.00200176555256614,-0.0333642812721833));
#3051=CARTESIAN_POINT('',(0.0101,0.00199676113868473,-0.0332808705690028));
#3052=CARTESIAN_POINT('',(-0.0001,0.0026196543585286,-0.0416575787888135));
#3053=CARTESIAN_POINT('',(0.,0.00261442550751358,-0.0415744299289556));
#3054=CARTESIAN_POINT('',(0.01,0.00209154040601086,-0.0332595439431644));
#3055=CARTESIAN_POINT('',(0.0101,0.00208631155499584,-0.0331763950833065));
#3056=CARTESIAN_POINT('',(0.01,-5.09575021068187E-18,-0.0320118566339267));
#3057=CARTESIAN_POINT('',(0.01,-0.00182221584567672,-0.033573755930221));
#3058=CARTESIAN_POINT('',(0.,-0.00227776980709589,-0.0419671949127762));
#3059=CARTESIAN_POINT('',(0.,-0.00227776980709589,-0.0419671949127762));
#3060=CARTESIAN_POINT('',(0.,-3.25260651745651E-18,-0.0400148207924083));
#3061=CARTESIAN_POINT('',(0.0126128767678059,-0.0164875709777686,-0.0141322036952302));
#3062=CARTESIAN_POINT('',(0.01,-0.00331110792283836,-0.0318367151735323));
#3063=CARTESIAN_POINT('',(0.01,-0.0048,-0.0300996744168438));
#3064=CARTESIAN_POINT('',(0.,-0.006,-0.0376245930210547));
#3065=CARTESIAN_POINT('',(0.,-0.006,-0.0376245930210547));
#3066=CARTESIAN_POINT('',(0.,-0.00413888490354795,-0.0397958939669154));
#3067=CARTESIAN_POINT('',(0.,-3.46944695195361E-18,1.97758476261356E-16));
#3068=CARTESIAN_POINT('',(0.01,-3.33934269125535E-17,-1.21430643318376E-16));
#3069=CARTESIAN_POINT('',(0.01,-0.00873510871626967,-0.0292015115313394));
#3070=CARTESIAN_POINT('',(0.,-0.0109188858953371,-0.0365018894141743));
#3071=CARTESIAN_POINT('',(0.,-0.0109188858953371,-0.0365018894141743));
#3072=CARTESIAN_POINT('',(0.,-3.46944695195361E-18,1.97758476261356E-16));
#3073=CARTESIAN_POINT('',(0.0126128767678059,0.0087230547770435,-0.0198863645090584));
#3074=CARTESIAN_POINT('',(0.01,-0.0108302278639705,-0.0301205251138121));
#3075=CARTESIAN_POINT('',(0.01,-0.0129253470116714,-0.0310395386962848));
#3076=CARTESIAN_POINT('',(0.005,-0.0145410153881303,-0.0349194810333204));
#3077=CARTESIAN_POINT('',(-4.33680868994202E-19,-0.0161566837645892,-0.0387994233703559));
#3078=CARTESIAN_POINT('',(0.,-0.0135377848299632,-0.0376506563922651));
#3079=CARTESIAN_POINT('',(-0.0001,-0.0204347730691738,-0.0363955561726391));
#3080=CARTESIAN_POINT('',(0.,-0.0203939850989759,-0.0363229103519352));
#3081=CARTESIAN_POINT('',(0.01,-0.0163151880791807,-0.0290583282815481));
#3082=CARTESIAN_POINT('',(0.0101,-0.0162744001089827,-0.0289856824608443));
#3083=CARTESIAN_POINT('',(-0.0001,-0.0203903838126956,-0.0365625356172494));
#3084=CARTESIAN_POINT('',(0.,-0.020349684443808,-0.0364895565042409));
#3085=CARTESIAN_POINT('',(0.01,-0.0162797475550464,-0.0291916452033927));
#3086=CARTESIAN_POINT('',(0.0101,-0.0162390481861588,-0.0291186660903842));
#3087=CARTESIAN_POINT('',(-0.0001,-0.0203459945562174,-0.0367295150618597));
#3088=CARTESIAN_POINT('',(0.,-0.0203053837886401,-0.0366562026565466));
#3089=CARTESIAN_POINT('',(0.01,-0.0162443070309121,-0.0293249621252373));
#3090=CARTESIAN_POINT('',(0.0101,-0.0162036962633348,-0.0292516497199242));
#3091=CARTESIAN_POINT('',(-0.0001,-0.0202738620144402,-0.0370008566593514));
#3092=CARTESIAN_POINT('',(0.,-0.0202333952239922,-0.0369270026540434));
#3093=CARTESIAN_POINT('',(0.01,-0.0161867161791938,-0.0295416021232347));
#3094=CARTESIAN_POINT('',(0.0101,-0.0161462493887458,-0.0294677481179266));
#3095=CARTESIAN_POINT('',(-0.0001,-0.020240489734583,-0.0371037221680826));
#3096=CARTESIAN_POINT('',(0.,-0.0202000895554721,-0.0370296628423978));
#3097=CARTESIAN_POINT('',(0.01,-0.0161600716443777,-0.0296237302739182));
#3098=CARTESIAN_POINT('',(0.0101,-0.0161196714652667,-0.0295496709482334));
#3099=CARTESIAN_POINT('',(-0.0001,-0.0201628741187878,-0.0373052672288448));
#3100=CARTESIAN_POINT('',(0.,-0.0201226288610656,-0.0372308056176096));
#3101=CARTESIAN_POINT('',(0.01,-0.0160981030888525,-0.0297846444940876));
#3102=CARTESIAN_POINT('',(0.0101,-0.0160578578311304,-0.0297101828828524));
#3103=CARTESIAN_POINT('',(-0.0001,-0.0201186309572591,-0.0374039463279861));
#3104=CARTESIAN_POINT('',(0.,-0.0200784740092406,-0.0373292877524811));
#3105=CARTESIAN_POINT('',(0.01,-0.0160627792073925,-0.0298634302019848));
#3106=CARTESIAN_POINT('',(0.0101,-0.016022622259374,-0.0297887716264799));
#3107=CARTESIAN_POINT('',(-0.0001,-0.0200197869018065,-0.0375959735344818));
#3108=CARTESIAN_POINT('',(0.,-0.0199798272473119,-0.0375209316711396));
#3109=CARTESIAN_POINT('',(0.01,-0.0159838617978495,-0.0300167453369116));
#3110=CARTESIAN_POINT('',(0.0101,-0.0159439021433548,-0.0299417034735693));
#3111=CARTESIAN_POINT('',(-0.0001,-0.0199651862299939,-0.037689321210334));
#3112=CARTESIAN_POINT('',(0.,-0.0199253355588761,-0.0376140930242854));
#3113=CARTESIAN_POINT('',(0.01,-0.0159402684471009,-0.0300912744194284));
#3114=CARTESIAN_POINT('',(0.0101,-0.0159004177759831,-0.0300160462333798));
#3115=CARTESIAN_POINT('',(-0.0001,-0.0198462606626381,-0.0378696023928296));
#3116=CARTESIAN_POINT('',(0.,-0.0198066473679023,-0.0377940143641014));
#3117=CARTESIAN_POINT('',(0.01,-0.0158453178943218,-0.0302352114912811));
#3118=CARTESIAN_POINT('',(0.0101,-0.015805704599586,-0.0301596234625529));
#3119=CARTESIAN_POINT('',(-0.0001,-0.0197819360343313,-0.037956535494365));
#3120=CARTESIAN_POINT('',(0.,-0.0197424511320672,-0.0378807739464721));
#3121=CARTESIAN_POINT('',(0.01,-0.0157939609056537,-0.0303046191571777));
#3122=CARTESIAN_POINT('',(0.0101,-0.0157544760033896,-0.0302288576092848));
#3123=CARTESIAN_POINT('',(-0.0001,-0.0196443088967722,-0.0381229787770178));
#3124=CARTESIAN_POINT('',(0.,-0.0196050986993735,-0.0380468850070038));
#3125=CARTESIAN_POINT('',(0.01,-0.0156840789594988,-0.030437508005603));
#3126=CARTESIAN_POINT('',(0.0101,-0.0156448687621001,-0.030361414235589));
#3127=CARTESIAN_POINT('',(-0.0001,-0.0195710066967806,-0.0382024885841221));
#3128=CARTESIAN_POINT('',(0.,-0.0195319428111583,-0.0381262361118983));
#3129=CARTESIAN_POINT('',(0.01,-0.0156255542489266,-0.0305009888895186));
#3130=CARTESIAN_POINT('',(0.0101,-0.0155864903633043,-0.0304247364172948));
#3131=CARTESIAN_POINT('',(-0.0001,-0.0194162749326392,-0.0383531626578661));
#3132=CARTESIAN_POINT('',(0.,-0.0193775198928535,-0.0382766094389881));
#3133=CARTESIAN_POINT('',(0.01,-0.0155020159142828,-0.0306212875511905));
#3134=CARTESIAN_POINT('',(0.0101,-0.0154632608744971,-0.0305447343323125));
#3135=CARTESIAN_POINT('',(-0.0001,-0.0193348457161856,-0.0384243265859276));
#3136=CARTESIAN_POINT('',(0.,-0.0192962532097661,-0.038347631323281));
#3137=CARTESIAN_POINT('',(0.01,-0.0154370025678129,-0.0306781050586248));
#3138=CARTESIAN_POINT('',(0.0101,-0.0153984100613934,-0.0306014097959782));
#3139=CARTESIAN_POINT('',(-0.0001,-0.0191648047410179,-0.0385574831182379));
#3140=CARTESIAN_POINT('',(0.,-0.0191265516377424,-0.0384805220740898));
#3141=CARTESIAN_POINT('',(0.01,-0.015301241310194,-0.0307844176592718));
#3142=CARTESIAN_POINT('',(0.0101,-0.0152629882069185,-0.0307074566151236));
#3143=CARTESIAN_POINT('',(-0.0001,-0.0190761933644011,-0.0386194754232721));
#3144=CARTESIAN_POINT('',(0.,-0.0190381171301408,-0.0385423906419881));
#3145=CARTESIAN_POINT('',(0.01,-0.0152304937041126,-0.0308339125135905));
#3146=CARTESIAN_POINT('',(0.0101,-0.0151924174698523,-0.0307568277323065));
#3147=CARTESIAN_POINT('',(-0.0001,-0.0188928162327615,-0.0387335693447779));
#3148=CARTESIAN_POINT('',(0.,-0.0188551060207201,-0.0386562568311156));
#3149=CARTESIAN_POINT('',(0.01,-0.0150840848165761,-0.0309250054648925));
#3150=CARTESIAN_POINT('',(0.0101,-0.0150463746045347,-0.0308476929512303));
#3151=CARTESIAN_POINT('',(-0.0001,-0.0187980508898037,-0.0387856707048702));
#3152=CARTESIAN_POINT('',(0.,-0.0187605298301434,-0.0387082541964772));
#3153=CARTESIAN_POINT('',(0.01,-0.0150084238641148,-0.0309666033571818));
#3154=CARTESIAN_POINT('',(0.0101,-0.0149709028044545,-0.0308891868487888));
#3155=CARTESIAN_POINT('',(-0.0001,-0.0186034654010914,-0.0388793781374223));
#3156=CARTESIAN_POINT('',(0.,-0.0185663327356202,-0.0388017745882458));
#3157=CARTESIAN_POINT('',(0.01,-0.0148530661884961,-0.0310414196705967));
#3158=CARTESIAN_POINT('',(0.0101,-0.0148159335230249,-0.0309638161214202));
#3159=CARTESIAN_POINT('',(-0.0001,-0.018503645692588,-0.0389209839993131));
#3160=CARTESIAN_POINT('',(0.,-0.0184667122680519,-0.0388432974045041));
#3161=CARTESIAN_POINT('',(0.01,-0.0147733698144415,-0.0310746379236033));
#3162=CARTESIAN_POINT('',(0.0101,-0.0147364363899054,-0.0309969513287942));
#3163=CARTESIAN_POINT('',(-0.0001,-0.0183001097013252,-0.0389932176174806));
#3164=CARTESIAN_POINT('',(0.,-0.0182635825362527,-0.0389153868437931));
#3165=CARTESIAN_POINT('',(0.01,-0.0146108660290021,-0.0311323094750344));
#3166=CARTESIAN_POINT('',(0.0101,-0.0145743388639296,-0.0310544787013468));
#3167=CARTESIAN_POINT('',(-0.0001,-0.0181963938759294,-0.039023845211442));
#3168=CARTESIAN_POINT('',(0.,-0.0181600737284725,-0.0389459533048324));
#3169=CARTESIAN_POINT('',(0.01,-0.014528058982778,-0.0311567626438658));
#3170=CARTESIAN_POINT('',(0.0101,-0.0144917388353211,-0.0310788707372562));
#3171=CARTESIAN_POINT('',(-0.0001,-0.0179862690929577,-0.0390737668591913));
#3172=CARTESIAN_POINT('',(0.,-0.0179503683562452,-0.0389957753085741));
#3173=CARTESIAN_POINT('',(0.01,-0.0143602946849962,-0.0311966202468593));
#3174=CARTESIAN_POINT('',(0.0101,-0.0143243939482837,-0.0311186286962422));
#3175=CARTESIAN_POINT('',(-0.0001,-0.017879860607551,-0.0390930608008008));
#3176=CARTESIAN_POINT('',(0.,-0.0178441722630249,-0.0390150307393222));
#3177=CARTESIAN_POINT('',(0.01,-0.01427533781042,-0.0312120245914578));
#3178=CARTESIAN_POINT('',(0.0101,-0.0142396494658939,-0.0311339945299791));
#3179=CARTESIAN_POINT('',(-0.0001,-0.0176655851961405,-0.0391200912169605));
#3180=CARTESIAN_POINT('',(0.,-0.0176303245470464,-0.0390420072025554));
#3181=CARTESIAN_POINT('',(0.01,-0.0141042596376371,-0.0312336057620443));
#3182=CARTESIAN_POINT('',(0.0101,-0.014068998988543,-0.0311555217476392));
#3183=CARTESIAN_POINT('',(-0.0001,-0.0175577187516327,-0.0391278276307708));
#3184=CARTESIAN_POINT('',(0.,-0.0175226734048231,-0.039049728174422));
#3185=CARTESIAN_POINT('',(0.01,-0.0140181387238585,-0.0312397825395376));
#3186=CARTESIAN_POINT('',(0.0101,-0.0139830933770489,-0.0311616830831888));
#3187=CARTESIAN_POINT('',(-0.0001,-0.0173417790364825,-0.0391316531704346));
#3188=CARTESIAN_POINT('',(0.,-0.0173071647070683,-0.0390535460782781));
#3189=CARTESIAN_POINT('',(0.01,-0.0138457317656547,-0.0312428368626224));
#3190=CARTESIAN_POINT('',(0.0101,-0.0138111174362406,-0.0311647297704659));
#3191=CARTESIAN_POINT('',(-0.0001,-0.0172337062510758,-0.0391277422876916));
#3192=CARTESIAN_POINT('',(0.,-0.0171993076358042,-0.0390496430016882));
#3193=CARTESIAN_POINT('',(0.01,-0.0137594461086434,-0.0312397144013506));
#3194=CARTESIAN_POINT('',(0.0101,-0.0137250474933718,-0.0311616151153472));
#3195=CARTESIAN_POINT('',(-0.0001,-0.0170186078684776,-0.0391083185615678));
#3196=CARTESIAN_POINT('',(0.,-0.016984638591295,-0.0390302580454768));
#3197=CARTESIAN_POINT('',(0.01,-0.013587710873036,-0.0312242064363814));
#3198=CARTESIAN_POINT('',(0.0101,-0.0135537415958534,-0.0311461459202904));
#3199=CARTESIAN_POINT('',(-0.0001,-0.0169115827546314,-0.0390928057618336));
#3200=CARTESIAN_POINT('',(0.,-0.0168778271004305,-0.0390147762094148));
#3201=CARTESIAN_POINT('',(0.01,-0.0135022616803444,-0.0312118209675319));
#3202=CARTESIAN_POINT('',(0.0101,-0.0134685060261435,-0.031133791415113));
#3203=CARTESIAN_POINT('',(-0.0001,-0.0166998215785535,-0.0390503581513118));
#3204=CARTESIAN_POINT('',(0.,-0.0166664886013508,-0.0389724133246625));
#3205=CARTESIAN_POINT('',(0.01,-0.0133331908810806,-0.03117793065973));
#3206=CARTESIAN_POINT('',(0.0101,-0.0132998579038779,-0.0310999858330807));
#3207=CARTESIAN_POINT('',(-0.0001,-0.0165950859921681,-0.0390234234359077));
#3208=CARTESIAN_POINT('',(0.,-0.0165619620680321,-0.0389455323711654));
#3209=CARTESIAN_POINT('',(0.01,-0.0132495696544256,-0.0311564258969322));
#3210=CARTESIAN_POINT('',(0.0101,-0.0132164457302896,-0.0310785348321899));
#3211=CARTESIAN_POINT('',(-0.0001,-0.016389119173615,-0.0389584444778672));
#3212=CARTESIAN_POINT('',(0.,-0.0163564063608932,-0.038880683111644));
#3213=CARTESIAN_POINT('',(0.01,-0.0130851250887146,-0.0311045464893151));
#3214=CARTESIAN_POINT('',(0.0101,-0.0130524122759928,-0.0310267851230919));
#3215=CARTESIAN_POINT('',(-0.0001,-0.0162878884042731,-0.0389204003812445));
#3216=CARTESIAN_POINT('',(0.,-0.0162553776489752,-0.0388427149513418));
#3217=CARTESIAN_POINT('',(0.01,-0.0130043021191802,-0.0310741719610734));
#3218=CARTESIAN_POINT('',(0.0101,-0.0129717913638822,-0.0309964865311708));
#3219=CARTESIAN_POINT('',(-0.0001,-0.0160307710966707,-0.0388076171544602));
#3220=CARTESIAN_POINT('',(0.,-0.0159987735495716,-0.0387301568407786));
#3221=CARTESIAN_POINT('',(0.01,-0.0127990188396573,-0.0309841254726229));
#3222=CARTESIAN_POINT('',(0.0101,-0.0127670212925581,-0.0309066651589413));
#3223=CARTESIAN_POINT('',(-0.0001,-0.0158725450612231,-0.0387382120918236));
#3224=CARTESIAN_POINT('',(0.,-0.015840863334554,-0.0386608903112012));
#3225=CARTESIAN_POINT('',(0.01,-0.0126726906676432,-0.030928712248961));
#3226=CARTESIAN_POINT('',(0.0101,-0.0126410089409741,-0.0308513904683386));
#3227=CARTESIAN_POINT('',(-0.0001,-0.0157143190257755,-0.0386688070291871));
#3228=CARTESIAN_POINT('',(0.,-0.0156829531195364,-0.0385916237816238));
#3229=CARTESIAN_POINT('',(0.01,-0.0125463624956291,-0.0308732990252991));
#3230=CARTESIAN_POINT('',(0.0101,-0.0125149965893901,-0.0307961157777358));
#3231=CARTESIAN_POINT('',(0.01,-0.0138894240524233,-0.0288416862309234));
#3232=CARTESIAN_POINT('',(0.01,-0.0162088665067777,-0.0294582790470818));
#3233=CARTESIAN_POINT('',(0.,-0.0202610831334722,-0.0368228488088523));
#3234=CARTESIAN_POINT('',(0.,-0.0202610831334722,-0.0368228488088523));
#3235=CARTESIAN_POINT('',(0.,-0.0173617800655291,-0.0360521077886543));
#3236=CARTESIAN_POINT('',(0.0126128767678059,-0.0209865215395585,-0.0055789866194576));
#3237=CARTESIAN_POINT('',(0.01,-0.0167966381774553,-0.0272472533414463));
#3238=CARTESIAN_POINT('',(0.01,-0.0173844098481329,-0.0250362276358108));
#3239=CARTESIAN_POINT('',(0.,-0.0217305123101662,-0.0312952845447636));
#3240=CARTESIAN_POINT('',(0.,-0.0217305123101662,-0.0312952845447636));
#3241=CARTESIAN_POINT('',(0.,-0.0209957977218191,-0.0340590666768079));
#3242=CARTESIAN_POINT('',(0.,-1.21430643318376E-17,-2.25514051876985E-17));
#3243=CARTESIAN_POINT('',(0.01,-1.96023752785379E-16,-2.23779328401008E-16));
#3244=CARTESIAN_POINT('',(0.01,-0.0205401220222041,-0.0225196311540168));
#3245=CARTESIAN_POINT('',(0.,-0.0256751525277551,-0.0281495389425211));
#3246=CARTESIAN_POINT('',(0.,-0.0256751525277551,-0.0281495389425211));
#3247=CARTESIAN_POINT('',(0.,-1.21430643318376E-17,-2.25514051876985E-17));
#3248=CARTESIAN_POINT('',(0.0126128767678059,-0.000769169403521264,-0.021701786941612));
#3249=CARTESIAN_POINT('',(0.01,-0.0228265041982918,-0.022438595651303));
#3250=CARTESIAN_POINT('',(0.01,-0.0251128863743796,-0.0223575601485891));
#3251=CARTESIAN_POINT('',(0.005,-0.0282519971711771,-0.0251522551671628));
#3252=CARTESIAN_POINT('',(-4.33680868994202E-19,-0.0313911079679745,-0.0279469501857364));
#3253=CARTESIAN_POINT('',(0.,-0.0285331302478649,-0.0280482445641288));
#3254=CARTESIAN_POINT('',(-0.0001,-0.0342025343574242,-0.0239249472942696));
#3255=CARTESIAN_POINT('',(0.,-0.0341342658257726,-0.0238771929084527));
#3256=CARTESIAN_POINT('',(0.01,-0.0273074126606181,-0.0191017543267622));
#3257=CARTESIAN_POINT('',(0.0101,-0.0272391441289665,-0.0190539999409453));
#3258=CARTESIAN_POINT('',(-0.0001,-0.0342349906850512,-0.0240946503520206));
#3259=CARTESIAN_POINT('',(0.,-0.0341666573703106,-0.0240465572375455));
#3260=CARTESIAN_POINT('',(0.01,-0.0273333258962485,-0.0192372457900364));
#3261=CARTESIAN_POINT('',(0.0101,-0.0272649925815078,-0.0191891526755613));
#3262=CARTESIAN_POINT('',(-0.0001,-0.0342674470126783,-0.0242643534097715));
#3263=CARTESIAN_POINT('',(0.,-0.0341990489148486,-0.0242159215666382));
#3264=CARTESIAN_POINT('',(0.01,-0.0273592391318789,-0.0193727372533106));
#3265=CARTESIAN_POINT('',(0.0101,-0.0272908410340492,-0.0193243054101773));
#3266=CARTESIAN_POINT('',(-0.0001,-0.0343201885450723,-0.0245401208786168));
#3267=CARTESIAN_POINT('',(0.,-0.0342516851747229,-0.0244911386014139));
#3268=CARTESIAN_POINT('',(0.01,-0.0274013481397783,-0.0195929108811312));
#3269=CARTESIAN_POINT('',(0.0101,-0.0273328447694288,-0.0195439286039283));
#3270=CARTESIAN_POINT('',(-0.0001,-0.0343347528314244,-0.0246472791891318));
#3271=CARTESIAN_POINT('',(0.,-0.0342662203906431,-0.0245980830230857));
#3272=CARTESIAN_POINT('',(0.01,-0.0274129763125145,-0.0196784664184686));
#3273=CARTESIAN_POINT('',(0.0101,-0.0273444438717333,-0.0196292702524224));
#3274=CARTESIAN_POINT('',(-0.0001,-0.0343522707024941,-0.0248625411679532));
#3275=CARTESIAN_POINT('',(0.,-0.0342837032959023,-0.0248129153372786));
#3276=CARTESIAN_POINT('',(0.01,-0.0274269626367219,-0.0198503322698229));
#3277=CARTESIAN_POINT('',(0.0101,-0.02735839523013,-0.0198007064391483));
#3278=CARTESIAN_POINT('',(-0.0001,-0.0343552242478474,-0.0249706443525466));
#3279=CARTESIAN_POINT('',(0.,-0.0342866509459554,-0.0249208027470525));
#3280=CARTESIAN_POINT('',(0.01,-0.0274293207567643,-0.019936642197642));
#3281=CARTESIAN_POINT('',(0.0101,-0.0273607474548724,-0.0198868005921479));
#3282=CARTESIAN_POINT('',(-0.0001,-0.034349486313474,-0.0251865417157589));
#3283=CARTESIAN_POINT('',(0.,-0.0342809244645449,-0.0251362691774041));
#3284=CARTESIAN_POINT('',(0.01,-0.0274247395716359,-0.0201090153419233));
#3285=CARTESIAN_POINT('',(0.0101,-0.0273561777227068,-0.0200587428035684));
#3286=CARTESIAN_POINT('',(-0.0001,-0.034340794846641,-0.0252943354092371));
#3287=CARTESIAN_POINT('',(0.,-0.0342722503459491,-0.0252438477138095));
#3288=CARTESIAN_POINT('',(0.01,-0.0274178002767593,-0.0201950781710476));
#3289=CARTESIAN_POINT('',(0.0101,-0.0273492557760674,-0.02014459047562));
#3290=CARTESIAN_POINT('',(-0.0001,-0.0343118676864095,-0.0255083630119753));
#3291=CARTESIAN_POINT('',(0.,-0.0342433809245604,-0.0254574481157438));
#3292=CARTESIAN_POINT('',(0.01,-0.0273947047396483,-0.020365958492595));
#3293=CARTESIAN_POINT('',(0.0101,-0.0273262179777992,-0.0203150435963636));
#3294=CARTESIAN_POINT('',(-0.0001,-0.0342916320580129,-0.0256145964402961));
#3295=CARTESIAN_POINT('',(0.,-0.0342231856866396,-0.0255634695012935));
#3296=CARTESIAN_POINT('',(0.01,-0.0273785485493117,-0.0204507756010348));
#3297=CARTESIAN_POINT('',(0.0101,-0.0273101021779384,-0.0203996486620322));
#3298=CARTESIAN_POINT('',(-0.0001,-0.0342398513255221,-0.0258242708332858));
#3299=CARTESIAN_POINT('',(0.,-0.0341715083089043,-0.0257727253825208));
#3300=CARTESIAN_POINT('',(0.01,-0.0273372066471234,-0.0206181803060166));
#3301=CARTESIAN_POINT('',(0.0101,-0.0272688636305056,-0.0205666348552516));
#3302=CARTESIAN_POINT('',(-0.0001,-0.0342083063377838,-0.0259277113267977));
#3303=CARTESIAN_POINT('',(0.,-0.0341400262852133,-0.0258759594079817));
#3304=CARTESIAN_POINT('',(0.01,-0.0273120210281706,-0.0207007675263854));
#3305=CARTESIAN_POINT('',(0.0101,-0.0272437409756002,-0.0206490156075694));
#3306=CARTESIAN_POINT('',(-0.0001,-0.0341342728659209,-0.0261305995728269));
#3307=CARTESIAN_POINT('',(0.,-0.0340661405847514,-0.026078442687452));
#3308=CARTESIAN_POINT('',(0.01,-0.0272529124678011,-0.0208627541499616));
#3309=CARTESIAN_POINT('',(0.0101,-0.0271847801866316,-0.0208105972645867));
#3310=CARTESIAN_POINT('',(-0.0001,-0.0340917845481562,-0.0262300468694363));
#3311=CARTESIAN_POINT('',(0.,-0.0340237370740082,-0.0261776914864634));
#3312=CARTESIAN_POINT('',(0.01,-0.0272189896592065,-0.0209421531891707));
#3313=CARTESIAN_POINT('',(0.0101,-0.0271509421850585,-0.0208897978061978));
#3314=CARTESIAN_POINT('',(-0.0001,-0.0339963573773891,-0.0264237947737147));
#3315=CARTESIAN_POINT('',(0.,-0.0339285003766358,-0.0263710526683779));
#3316=CARTESIAN_POINT('',(0.01,-0.0271428003013086,-0.0210968421347024));
#3317=CARTESIAN_POINT('',(0.0101,-0.0270749433005553,-0.0210441000293656));
#3318=CARTESIAN_POINT('',(-0.0001,-0.03394341873882,-0.0265180949460149));
#3319=CARTESIAN_POINT('',(0.,-0.033875667404012,-0.0264651646167814));
#3320=CARTESIAN_POINT('',(0.01,-0.0271005339232096,-0.021172131693425));
#3321=CARTESIAN_POINT('',(0.0101,-0.0270327825884016,-0.0211192013641915));
#3322=CARTESIAN_POINT('',(-0.0001,-0.0338277051494011,-0.0267004543728529));
#3323=CARTESIAN_POINT('',(0.,-0.0337601847798414,-0.0266471600527474));
#3324=CARTESIAN_POINT('',(0.01,-0.0270081478238731,-0.0213177280421979));
#3325=CARTESIAN_POINT('',(0.0101,-0.0269406274543134,-0.0212644337220924));
#3326=CARTESIAN_POINT('',(-0.0001,-0.0337649304585699,-0.0267885132176128));
#3327=CARTESIAN_POINT('',(0.,-0.0336975353877943,-0.0267350431313501));
#3328=CARTESIAN_POINT('',(0.01,-0.0269580283102355,-0.0213880345050801));
#3329=CARTESIAN_POINT('',(0.0101,-0.0268906332394599,-0.0213345644188173));
#3330=CARTESIAN_POINT('',(-0.0001,-0.0336302731223134,-0.0269573681764538));
#3331=CARTESIAN_POINT('',(0.,-0.0335631468286561,-0.0269035610543451));
#3332=CARTESIAN_POINT('',(0.01,-0.0268505174629248,-0.0215228488434761));
#3333=CARTESIAN_POINT('',(0.0101,-0.0267833911692675,-0.0214690417213674));
#3334=CARTESIAN_POINT('',(-0.0001,-0.0335583907794751,-0.0270381639111027));
#3335=CARTESIAN_POINT('',(0.,-0.033491407963548,-0.0269841955200626));
#3336=CARTESIAN_POINT('',(0.01,-0.0267931263708384,-0.0215873564160501));
#3337=CARTESIAN_POINT('',(0.0101,-0.0267261435549113,-0.0215333880250099));
#3338=CARTESIAN_POINT('',(-0.0001,-0.0334063521801902,-0.0271915551092217));
#3339=CARTESIAN_POINT('',(0.,-0.0333396728345211,-0.0271372805481255));
#3340=CARTESIAN_POINT('',(0.01,-0.0266717382676169,-0.0217098244385003));
#3341=CARTESIAN_POINT('',(0.0101,-0.0266050589219479,-0.0216555498774041));
#3342=CARTESIAN_POINT('',(-0.0001,-0.0333261962653879,-0.0272641502280081));
#3343=CARTESIAN_POINT('',(0.,-0.0332596769115648,-0.0272097307664751));
#3344=CARTESIAN_POINT('',(0.01,-0.0266077415292518,-0.0217677846131801));
#3345=CARTESIAN_POINT('',(0.0101,-0.0265412221754287,-0.0217133651516471));
#3346=CARTESIAN_POINT('',(-0.0001,-0.0331585405687441,-0.0274002978049816));
#3347=CARTESIAN_POINT('',(0.,-0.03309235585703,-0.027345606591798));
#3348=CARTESIAN_POINT('',(0.01,-0.026473884685624,-0.0218764852734384));
#3349=CARTESIAN_POINT('',(0.0101,-0.0264076999739099,-0.0218217940602548));
#3350=CARTESIAN_POINT('',(-0.0001,-0.0330710411636398,-0.027463849957233));
#3351=CARTESIAN_POINT('',(0.,-0.0330050311014369,-0.0274090318934461));
#3352=CARTESIAN_POINT('',(0.01,-0.0264040248811495,-0.0219272255147569));
#3353=CARTESIAN_POINT('',(0.0101,-0.0263380148189466,-0.02187240745097));
#3354=CARTESIAN_POINT('',(-0.0001,-0.0328897137468352,-0.027581174137383));
#3355=CARTESIAN_POINT('',(0.,-0.032824065615604,-0.0275261218935959));
#3356=CARTESIAN_POINT('',(0.01,-0.0262592524924832,-0.0220208975148766));
#3357=CARTESIAN_POINT('',(0.0101,-0.026193604361252,-0.0219658452710895));
#3358=CARTESIAN_POINT('',(-0.0001,-0.0327958861425938,-0.0276349459016437));
#3359=CARTESIAN_POINT('',(0.,-0.0327304252920098,-0.0275797863289858));
#3360=CARTESIAN_POINT('',(0.01,-0.0261843402336078,-0.0220638290631886));
#3361=CARTESIAN_POINT('',(0.0101,-0.0261188793830238,-0.0220086694905306));
#3362=CARTESIAN_POINT('',(-0.0001,-0.0326029910213531,-0.0277320853248171));
#3363=CARTESIAN_POINT('',(0.,-0.0325379151909712,-0.0276767318610949));
#3364=CARTESIAN_POINT('',(0.01,-0.026030332152777,-0.0221413854888759));
#3365=CARTESIAN_POINT('',(0.0101,-0.025965256322395,-0.0220860320251537));
#3366=CARTESIAN_POINT('',(-0.0001,-0.0325039239378065,-0.0277754527654487));
#3367=CARTESIAN_POINT('',(0.,-0.0324390458461143,-0.0277200127399688));
#3368=CARTESIAN_POINT('',(0.01,-0.0259512366768914,-0.022176010191975));
#3369=CARTESIAN_POINT('',(0.0101,-0.0258863585851991,-0.0221205701664951));
#3370=CARTESIAN_POINT('',(-0.0001,-0.0323016993526311,-0.0278512802834323));
#3371=CARTESIAN_POINT('',(0.,-0.0322372249028254,-0.027795688905621));
#3372=CARTESIAN_POINT('',(0.01,-0.0257897799222604,-0.0222365511244969));
#3373=CARTESIAN_POINT('',(0.0101,-0.0257253054724547,-0.0221809597466856));
#3374=CARTESIAN_POINT('',(-0.0001,-0.0321985423054191,-0.0278837401903929));
#3375=CARTESIAN_POINT('',(0.,-0.0321342737579033,-0.0278280840223483));
#3376=CARTESIAN_POINT('',(0.01,-0.0257074190063226,-0.0222624672178786));
#3377=CARTESIAN_POINT('',(0.0101,-0.0256431504588068,-0.0222068110498339));
#3378=CARTESIAN_POINT('',(-0.0001,-0.0319893347503727,-0.0279373759456726));
#3379=CARTESIAN_POINT('',(0.,-0.0319254837828071,-0.0278816127202321));
#3380=CARTESIAN_POINT('',(0.01,-0.0255403870262457,-0.0223052901761857));
#3381=CARTESIAN_POINT('',(0.0101,-0.02547653605868,-0.0222495269507452));
#3382=CARTESIAN_POINT('',(-0.0001,-0.0318832847126464,-0.0279585516734672));
#3383=CARTESIAN_POINT('',(0.,-0.0318196454218028,-0.0279027461811049));
#3384=CARTESIAN_POINT('',(0.01,-0.0254557163374422,-0.022322196944884));
#3385=CARTESIAN_POINT('',(0.0101,-0.0253920770465986,-0.0222663914525217));
#3386=CARTESIAN_POINT('',(-0.0001,-0.0316695217080306,-0.027989373308572));
#3387=CARTESIAN_POINT('',(0.,-0.0316063090898509,-0.02793350629598));
#3388=CARTESIAN_POINT('',(0.01,-0.0252850472718807,-0.022346805036784));
#3389=CARTESIAN_POINT('',(0.0101,-0.025221834653701,-0.022290938024192));
#3390=CARTESIAN_POINT('',(-0.0001,-0.0315618092214857,-0.0279990191466232));
#3391=CARTESIAN_POINT('',(0.,-0.0314988115982891,-0.0279431328808615));
#3392=CARTESIAN_POINT('',(0.01,-0.0251990492786313,-0.0223545063046892));
#3393=CARTESIAN_POINT('',(0.0101,-0.0251360516554347,-0.0222986200389275));
#3394=CARTESIAN_POINT('',(-0.0001,-0.0312812197237901,-0.0280089639892833));
#3395=CARTESIAN_POINT('',(0.,-0.0312187821594712,-0.0279530578735362));
#3396=CARTESIAN_POINT('',(0.01,-0.0249750257275769,-0.022362446298829));
#3397=CARTESIAN_POINT('',(0.0101,-0.024912588163258,-0.0223065401830819));
#3398=CARTESIAN_POINT('',(-0.0001,-0.0311085492636698,-0.0280150838924587));
#3399=CARTESIAN_POINT('',(0.,-0.0310464563509678,-0.0279591655613361));
#3400=CARTESIAN_POINT('',(0.01,-0.0248371650807742,-0.0223673324490688));
#3401=CARTESIAN_POINT('',(0.0101,-0.0247750721680723,-0.0223114141179462));
#3402=CARTESIAN_POINT('',(-0.0001,-0.0309358788035494,-0.0280212037956342));
#3403=CARTESIAN_POINT('',(0.,-0.0308741305424645,-0.0279652732491359));
#3404=CARTESIAN_POINT('',(0.01,-0.0246993044339716,-0.0223722185993087));
#3405=CARTESIAN_POINT('',(0.0101,-0.0246375561728866,-0.0223162880528104));
#3406=CARTESIAN_POINT('',(0.01,-0.0250278773286569,-0.0199590661498171));
#3407=CARTESIAN_POINT('',(0.01,-0.0273851523675093,-0.0195082287165848));
#3408=CARTESIAN_POINT('',(0.,-0.0342314404593866,-0.024385285895731));
#3409=CARTESIAN_POINT('',(0.,-0.0342314404593866,-0.024385285895731));
#3410=CARTESIAN_POINT('',(0.,-0.0312848466608211,-0.0249488326872714));
#3411=CARTESIAN_POINT('',(0.0126128767678059,-0.0213288341276428,0.00407921717807933));
#3412=CARTESIAN_POINT('',(0.01,-0.0269553882437786,-0.0172611388194543));
#3413=CARTESIAN_POINT('',(0.01,-0.0265256241200479,-0.0150140489223238));
#3414=CARTESIAN_POINT('',(0.,-0.0331570301500599,-0.0187675611529047));
#3415=CARTESIAN_POINT('',(0.,-0.0331570301500599,-0.0187675611529047));
#3416=CARTESIAN_POINT('',(0.,-0.0336942353047232,-0.0215764235243179));
#3417=CARTESIAN_POINT('',(0.,4.02455846426619E-16,2.24646690138997E-16));
#3418=CARTESIAN_POINT('',(0.01,7.42461647718073E-16,4.05057931640585E-16));
#3419=CARTESIAN_POINT('',(0.01,-0.0282769122535758,-0.0113774616414898));
#3420=CARTESIAN_POINT('',(0.,-0.0353461403169698,-0.0142218270518623));
#3421=CARTESIAN_POINT('',(0.,-0.0353461403169698,-0.0142218270518623));
#3422=CARTESIAN_POINT('',(0.,4.02455846426619E-16,2.24646690138997E-16));
#3423=CARTESIAN_POINT('',(0.0126128767678059,-0.010109050150475,-0.0192189043154291));
#3424=CARTESIAN_POINT('',(0.01,-0.0303017114274392,-0.0103124271287371));
#3425=CARTESIAN_POINT('',(0.01,-0.0323265106013024,-0.00924739261598434));
#3426=CARTESIAN_POINT('',(0.005,-0.0363673244264652,-0.0104033166929824));
#3427=CARTESIAN_POINT('',(-4.33680868994202E-19,-0.0404081382516281,-0.0115592407699804));
#3428=CARTESIAN_POINT('',(0.,-0.0378771392842989,-0.0128905339109213));
#3429=CARTESIAN_POINT('',(-0.0001,-0.0411960642496302,-0.0067157091840472));
#3430=CARTESIAN_POINT('',(0.,-0.0411138365764773,-0.0067023045748974));
#3431=CARTESIAN_POINT('',(0.01,-0.0328910692611818,-0.00536184365991792));
#3432=CARTESIAN_POINT('',(0.0101,-0.0328088415880289,-0.00534843905076813));
#3433=CARTESIAN_POINT('',(-0.0001,-0.0412989377876253,-0.00685452408307979));
#3434=CARTESIAN_POINT('',(0.,-0.0412165047780692,-0.00684084239828322));
#3435=CARTESIAN_POINT('',(0.01,-0.0329732038224553,-0.00547267391862657));
#3436=CARTESIAN_POINT('',(0.0101,-0.0328907708128992,-0.00545899223383001));
#3437=CARTESIAN_POINT('',(-0.0001,-0.0414018113256204,-0.00699333898211238));
#3438=CARTESIAN_POINT('',(0.,-0.0413191729796611,-0.00697938022166904));
#3439=CARTESIAN_POINT('',(0.01,-0.0330553383837289,-0.00558350417733523));
#3440=CARTESIAN_POINT('',(0.0101,-0.0329727000377696,-0.00556954541689189));
#3441=CARTESIAN_POINT('',(-0.0001,-0.0415689808248624,-0.00721891319304033));
#3442=CARTESIAN_POINT('',(0.,-0.041486008807248,-0.00720450418467099));
#3443=CARTESIAN_POINT('',(0.01,-0.0331888070457984,-0.00576360334773679));
#3444=CARTESIAN_POINT('',(0.0101,-0.0331058350281839,-0.00574919433936745));
#3445=CARTESIAN_POINT('',(-0.0001,-0.0416285970418928,-0.00730914028773136));
#3446=CARTESIAN_POINT('',(0.,-0.0415455060298331,-0.00729455118536064));
#3447=CARTESIAN_POINT('',(0.01,-0.0332364048238665,-0.00583564094828851));
#3448=CARTESIAN_POINT('',(0.0101,-0.0331533138118068,-0.00582105184591779));
#3449=CARTESIAN_POINT('',(-0.0001,-0.0417377787706193,-0.0074954839096914));
#3450=CARTESIAN_POINT('',(0.,-0.0416544698309574,-0.00748052286396347));
#3451=CARTESIAN_POINT('',(0.01,-0.0333235758647659,-0.00598441829117077));
#3452=CARTESIAN_POINT('',(0.0101,-0.033240266925104,-0.00596945724544284));
#3453=CARTESIAN_POINT('',(-0.0001,-0.0417873440369744,-0.00759160001822964));
#3454=CARTESIAN_POINT('',(0.,-0.0417039361646451,-0.00757644712398168));
#3455=CARTESIAN_POINT('',(0.01,-0.0333631489317161,-0.00606115769918534));
#3456=CARTESIAN_POINT('',(0.0101,-0.0332797410593868,-0.00604600480493738));
#3457=CARTESIAN_POINT('',(-0.0001,-0.0418758486919541,-0.00778860641756689));
#3458=CARTESIAN_POINT('',(0.,-0.0417922641636268,-0.00777306029697294));
#3459=CARTESIAN_POINT('',(0.01,-0.0334338113309015,-0.00621844823757834));
#3460=CARTESIAN_POINT('',(0.0101,-0.0333502268025742,-0.00620290211698439));
#3461=CARTESIAN_POINT('',(-0.0001,-0.0419147878817008,-0.0078894962656749));
#3462=CARTESIAN_POINT('',(0.,-0.0418311256304399,-0.00787374876813862));
#3463=CARTESIAN_POINT('',(0.01,-0.0334649005043519,-0.0062989990145109));
#3464=CARTESIAN_POINT('',(0.0101,-0.0333812382530911,-0.00628325151697462));
#3465=CARTESIAN_POINT('',(-0.0001,-0.0419815885074458,-0.00809487949705704));
#3466=CARTESIAN_POINT('',(0.,-0.0418977929216026,-0.00807872205295114));
#3467=CARTESIAN_POINT('',(0.01,-0.0335182343372821,-0.00646297764236091));
#3468=CARTESIAN_POINT('',(0.0101,-0.0334344387514389,-0.00644682019825501));
#3469=CARTESIAN_POINT('',(-0.0001,-0.0420094497933371,-0.00819937241881671));
#3470=CARTESIAN_POINT('',(0.,-0.0419255985961449,-0.0081830064060047));
#3471=CARTESIAN_POINT('',(0.01,-0.0335404788769159,-0.00654640512480376));
#3472=CARTESIAN_POINT('',(0.0101,-0.0334566276797236,-0.00653003911199175));
#3473=CARTESIAN_POINT('',(-0.0001,-0.0420537712750333,-0.00841074933712416));
#3474=CARTESIAN_POINT('',(0.,-0.0419698316118097,-0.00839396141429557));
#3475=CARTESIAN_POINT('',(0.01,-0.0335758652894477,-0.00671516913143646));
#3476=CARTESIAN_POINT('',(0.0101,-0.0334919256262241,-0.00669838120860787));
#3477=CARTESIAN_POINT('',(-0.0001,-0.0420702313712438,-0.00851763285868914));
#3478=CARTESIAN_POINT('',(0.,-0.0419862588535368,-0.00850063159549814));
#3479=CARTESIAN_POINT('',(0.01,-0.0335890070828293,-0.00680050527639851));
#3480=CARTESIAN_POINT('',(0.0101,-0.0335050345651223,-0.00678350401320751));
#3481=CARTESIAN_POINT('',(-0.0001,-0.0420915594287228,-0.00873255077161654));
#3482=CARTESIAN_POINT('',(0.,-0.0420075443400427,-0.00871512053055543));
#3483=CARTESIAN_POINT('',(0.01,-0.0336060354720341,-0.00697209642444434));
#3484=CARTESIAN_POINT('',(0.0101,-0.0335220203833541,-0.00695466618338323));
#3485=CARTESIAN_POINT('',(-0.0001,-0.0420964273420653,-0.00884058468003922));
#3486=CARTESIAN_POINT('',(0.,-0.0420124025369913,-0.00882293880243435));
#3487=CARTESIAN_POINT('',(0.01,-0.0336099220295931,-0.00705835104194747));
#3488=CARTESIAN_POINT('',(0.0101,-0.0335258972245191,-0.0070407051643426));
#3489=CARTESIAN_POINT('',(-0.0001,-0.0420945144972066,-0.00905654980768126));
#3490=CARTESIAN_POINT('',(0.,-0.0420104935101863,-0.00903847286195735));
#3491=CARTESIAN_POINT('',(0.01,-0.0336083948081489,-0.00723077828956587));
#3492=CARTESIAN_POINT('',(0.0101,-0.0335243738211286,-0.00721270134384196));
#3493=CARTESIAN_POINT('',(-0.0001,-0.0420877337433038,-0.0091644805416077));
#3494=CARTESIAN_POINT('',(0.,-0.0420037262907224,-0.00914618816527714));
#3495=CARTESIAN_POINT('',(0.01,-0.0336029810325778,-0.00731695053222171));
#3496=CARTESIAN_POINT('',(0.0101,-0.0335189735799964,-0.00729865815589116));
#3497=CARTESIAN_POINT('',(-0.0001,-0.0420626021916239,-0.00937898695280106));
#3498=CARTESIAN_POINT('',(0.,-0.0419786449018203,-0.00936026641996114));
#3499=CARTESIAN_POINT('',(0.01,-0.0335829159214562,-0.00748821313596891));
#3500=CARTESIAN_POINT('',(0.0101,-0.0334989586316526,-0.00746949260312899));
#3501=CARTESIAN_POINT('',(-0.0001,-0.0420442514503196,-0.00948556214805292));
#3502=CARTESIAN_POINT('',(0.,-0.0419603307887422,-0.00946662889027238));
#3503=CARTESIAN_POINT('',(0.01,-0.0335682646309937,-0.0075733031122179));
#3504=CARTESIAN_POINT('',(0.0101,-0.0334843439694162,-0.00755436985443736));
#3505=CARTESIAN_POINT('',(-0.0001,-0.0419961928034283,-0.0096961208377142));
#3506=CARTESIAN_POINT('',(0.,-0.0419123680672937,-0.00967676730310798));
#3507=CARTESIAN_POINT('',(0.01,-0.033529894453835,-0.00774141384248638));
#3508=CARTESIAN_POINT('',(0.0101,-0.0334460697177004,-0.00772206030788016));
#3509=CARTESIAN_POINT('',(-0.0001,-0.0419664850058333,-0.00980010385897942));
#3510=CARTESIAN_POINT('',(0.,-0.0418827195666999,-0.00978054277343256));
#3511=CARTESIAN_POINT('',(0.01,-0.0335061756533599,-0.00782443421874605));
#3512=CARTESIAN_POINT('',(0.0101,-0.0334224102142265,-0.00780487313319919));
#3513=CARTESIAN_POINT('',(-0.0001,-0.0418960569077457,-0.0100042716290428));
#3514=CARTESIAN_POINT('',(0.,-0.0418124320436584,-0.00998430302299684));
#3515=CARTESIAN_POINT('',(0.01,-0.0334499456349267,-0.00798744241839747));
#3516=CARTESIAN_POINT('',(0.0101,-0.0333663207708394,-0.00796747381235148));
#3517=CARTESIAN_POINT('',(-0.0001,-0.0418553367655114,-0.0101044559190578));
#3518=CARTESIAN_POINT('',(0.,-0.0417717931791531,-0.0100842873443691));
#3519=CARTESIAN_POINT('',(0.01,-0.0334174345433224,-0.00806742987549525));
#3520=CARTESIAN_POINT('',(0.0101,-0.0333338909569641,-0.00804726130080651));
#3521=CARTESIAN_POINT('',(-0.0001,-0.0417633564220778,-0.0102998637278955));
#3522=CARTESIAN_POINT('',(0.,-0.0416799964292194,-0.0102793051176602));
#3523=CARTESIAN_POINT('',(0.01,-0.0333439971433755,-0.00822344409412813));
#3524=CARTESIAN_POINT('',(0.0101,-0.0332606371505171,-0.00820288548389281));
#3525=CARTESIAN_POINT('',(-0.0001,-0.0417120964275667,-0.0103950868076194));
#3526=CARTESIAN_POINT('',(0.,-0.0416288387500665,-0.0103743381313567));
#3527=CARTESIAN_POINT('',(0.01,-0.0333030710000532,-0.00829947050508535));
#3528=CARTESIAN_POINT('',(0.0101,-0.0332198133225531,-0.00827872182882264));
#3529=CARTESIAN_POINT('',(-0.0001,-0.041599631124101,-0.0105794672589945));
#3530=CARTESIAN_POINT('',(0.,-0.0415165979282445,-0.0105583505578787));
#3531=CARTESIAN_POINT('',(0.01,-0.0332132783425956,-0.00844668044630296));
#3532=CARTESIAN_POINT('',(0.0101,-0.0331302451467391,-0.0084255637451872));
#3533=CARTESIAN_POINT('',(-0.0001,-0.041538426067866,-0.0106686242163262));
#3534=CARTESIAN_POINT('',(0.,-0.0414555150377904,-0.0106473295572118));
#3535=CARTESIAN_POINT('',(0.01,-0.0331644120302323,-0.00851786364576945));
#3536=CARTESIAN_POINT('',(0.0101,-0.0330815010001567,-0.00849656898665502));
#3537=CARTESIAN_POINT('',(-0.0001,-0.0414067807850001,-0.0108398378689129));
#3538=CARTESIAN_POINT('',(0.,-0.0413241325199602,-0.0108182014659809));
#3539=CARTESIAN_POINT('',(0.01,-0.0330593060159681,-0.00865456117278471));
#3540=CARTESIAN_POINT('',(0.0101,-0.0329766577509282,-0.00863292476985275));
#3541=CARTESIAN_POINT('',(-0.0001,-0.0413363408541878,-0.0109218941794353));
#3542=CARTESIAN_POINT('',(0.,-0.0412538331878122,-0.0109000939914524));
#3543=CARTESIAN_POINT('',(0.01,-0.0330030665502497,-0.00872007519316192));
#3544=CARTESIAN_POINT('',(0.0101,-0.0329205588838741,-0.00869827500517902));
#3545=CARTESIAN_POINT('',(-0.0001,-0.0411870431256511,-0.0110779543716262));
#3546=CARTESIAN_POINT('',(0.,-0.0411048334587336,-0.0110558426862537));
#3547=CARTESIAN_POINT('',(0.01,-0.0328838667669868,-0.00884467414900294));
#3548=CARTESIAN_POINT('',(0.0101,-0.0328016571000694,-0.00882256246363043));
#3549=CARTESIAN_POINT('',(-0.0001,-0.0411081856634118,-0.0111519579026134));
#3550=CARTESIAN_POINT('',(0.,-0.0410261333966186,-0.0111296985056022));
#3551=CARTESIAN_POINT('',(0.01,-0.0328209067172949,-0.00890375880448176));
#3552=CARTESIAN_POINT('',(0.0101,-0.0327388544505016,-0.00888149940747056));
#3553=CARTESIAN_POINT('',(-0.0001,-0.0409429678514361,-0.0112910538045619));
#3554=CARTESIAN_POINT('',(0.,-0.0408612453607147,-0.0112685167710199));
#3555=CARTESIAN_POINT('',(0.01,-0.0326889962885717,-0.0090148134168159));
#3556=CARTESIAN_POINT('',(0.0101,-0.0326072737978503,-0.00899227638327386));
#3557=CARTESIAN_POINT('',(-0.0001,-0.0408566078729589,-0.0113561458629623));
#3558=CARTESIAN_POINT('',(0.,-0.040775057757444,-0.011333478905152));
#3559=CARTESIAN_POINT('',(0.01,-0.0326200462059552,-0.00906678312412158));
#3560=CARTESIAN_POINT('',(0.0101,-0.0325384960904403,-0.00904411616631128));
#3561=CARTESIAN_POINT('',(-0.0001,-0.0406773870669758,-0.0114766634883773));
#3562=CARTESIAN_POINT('',(0.,-0.0405961946776206,-0.0114537559764244));
#3563=CARTESIAN_POINT('',(0.01,-0.0324769557420964,-0.00916300478113953));
#3564=CARTESIAN_POINT('',(0.0101,-0.0323957633527412,-0.00914009726918668));
#3565=CARTESIAN_POINT('',(-0.0001,-0.0405845266421951,-0.011532088784578));
#3566=CARTESIAN_POINT('',(0.,-0.0405035196029892,-0.0115090706432914));
#3567=CARTESIAN_POINT('',(0.01,-0.0324028156823913,-0.00920725651463314));
#3568=CARTESIAN_POINT('',(0.0101,-0.0323218086431853,-0.00918423837334656));
#3569=CARTESIAN_POINT('',(-0.0001,-0.0403360391456293,-0.0116627919986282));
#3570=CARTESIAN_POINT('',(0.,-0.0402555280894504,-0.0116395129726828));
#3571=CARTESIAN_POINT('',(0.01,-0.0322044224715603,-0.00931161037814627));
#3572=CARTESIAN_POINT('',(0.0101,-0.0321239114153814,-0.0092883313522009));
#3573=CARTESIAN_POINT('',(-0.0001,-0.0401831237631273,-0.011743224745736));
#3574=CARTESIAN_POINT('',(0.,-0.0401029179272727,-0.0117197851753852));
#3575=CARTESIAN_POINT('',(0.01,-0.0320823343418182,-0.0093758281403082));
#3576=CARTESIAN_POINT('',(0.0101,-0.0320021285059636,-0.00935238856995743));
#3577=CARTESIAN_POINT('',(-0.0001,-0.0400302083806252,-0.0118236574928438));
#3578=CARTESIAN_POINT('',(0.,-0.039950307765095,-0.0118000573780877));
#3579=CARTESIAN_POINT('',(0.01,-0.031960246212076,-0.00944004590247013));
#3580=CARTESIAN_POINT('',(0.0101,-0.0318803455965458,-0.00941644578771395));
#3581=CARTESIAN_POINT('',(0.01,-0.031209252553178,-0.00712330823585699));
#3582=CARTESIAN_POINT('',(0.01,-0.0331374729450024,-0.00569433443604388));
#3583=CARTESIAN_POINT('',(0.,-0.041421841181253,-0.00711791804505486));
#3584=CARTESIAN_POINT('',(0.,-0.041421841181253,-0.00711791804505486));
#3585=CARTESIAN_POINT('',(0.,-0.0390115656914724,-0.00890413529482124));
#3586=CARTESIAN_POINT('',(0.0126128767678059,-0.0174467095357632,0.0129294819851821));
#3587=CARTESIAN_POINT('',(0.01,-0.0317752930822795,-0.00385624406029409));
#3588=CARTESIAN_POINT('',(0.01,-0.0304131132195565,-0.00201815368454429));
#3589=CARTESIAN_POINT('',(0.,-0.0380163915244456,-0.00252269210568037));
#3590=CARTESIAN_POINT('',(0.,-0.0380163915244456,-0.00252269210568037));
#3591=CARTESIAN_POINT('',(0.,-0.0397191163528493,-0.00482030507536762));
#3592=CARTESIAN_POINT('',(0.,2.65412691824452E-15,-4.33680868994202E-18));
#3593=CARTESIAN_POINT('',(0.01,-4.85722573273506E-16,-2.81892564846231E-18));
#3594=CARTESIAN_POINT('',(0.01,-0.0304131132195565,0.00201815368454429));
#3595=CARTESIAN_POINT('',(0.,-0.0380163915244456,0.00252269210568037));
#3596=CARTESIAN_POINT('',(0.,-0.0380163915244456,0.00252269210568037));
#3597=CARTESIAN_POINT('',(0.,2.65412691824452E-15,-4.33680868994202E-18));
#3598=CARTESIAN_POINT('',(0.0126128767678059,-0.0174467095357632,-0.0129294819851821));
#3599=CARTESIAN_POINT('',(0.01,-0.0317752930822795,0.0038562440602941));
#3600=CARTESIAN_POINT('',(0.01,-0.0331374729450024,0.00569433443604388));
#3601=CARTESIAN_POINT('',(0.005,-0.0372796570631277,0.00640612624054937));
#3602=CARTESIAN_POINT('',(0.,-0.041421841181253,0.00711791804505486));
#3603=CARTESIAN_POINT('',(0.,-0.0397191163528493,0.00482030507536762));
#3604=CARTESIAN_POINT('',(-0.0001,-0.0400302083806252,0.0118236574928438));
#3605=CARTESIAN_POINT('',(0.,-0.039950307765095,0.0118000573780877));
#3606=CARTESIAN_POINT('',(0.01,-0.031960246212076,0.00944004590247014));
#3607=CARTESIAN_POINT('',(0.0101,-0.0318803455965458,0.00941644578771396));
#3608=CARTESIAN_POINT('',(-0.0001,-0.0401831237631273,0.011743224745736));
#3609=CARTESIAN_POINT('',(0.,-0.0401029179272727,0.0117197851753853));
#3610=CARTESIAN_POINT('',(0.01,-0.0320823343418182,0.00937582814030821));
#3611=CARTESIAN_POINT('',(0.0101,-0.0320021285059636,0.00935238856995744));
#3612=CARTESIAN_POINT('',(-0.0001,-0.0403360391456293,0.0116627919986282));
#3613=CARTESIAN_POINT('',(0.,-0.0402555280894504,0.0116395129726828));
#3614=CARTESIAN_POINT('',(0.01,-0.0322044224715603,0.00931161037814628));
#3615=CARTESIAN_POINT('',(0.0101,-0.0321239114153814,0.00928833135220092));
#3616=CARTESIAN_POINT('',(-0.0001,-0.0405845266421951,0.011532088784578));
#3617=CARTESIAN_POINT('',(0.,-0.0405035196029892,0.0115090706432914));
#3618=CARTESIAN_POINT('',(0.01,-0.0324028156823913,0.00920725651463315));
#3619=CARTESIAN_POINT('',(0.0101,-0.0323218086431853,0.00918423837334657));
#3620=CARTESIAN_POINT('',(-0.0001,-0.0406773870669758,0.0114766634883773));
#3621=CARTESIAN_POINT('',(0.,-0.0405961946776206,0.0114537559764244));
#3622=CARTESIAN_POINT('',(0.01,-0.0324769557420964,0.00916300478113954));
#3623=CARTESIAN_POINT('',(0.0101,-0.0323957633527412,0.00914009726918669));
#3624=CARTESIAN_POINT('',(-0.0001,-0.0408566078729589,0.0113561458629623));
#3625=CARTESIAN_POINT('',(0.,-0.040775057757444,0.011333478905152));
#3626=CARTESIAN_POINT('',(0.01,-0.0326200462059552,0.00906678312412159));
#3627=CARTESIAN_POINT('',(0.0101,-0.0325384960904403,0.00904411616631129));
#3628=CARTESIAN_POINT('',(-0.0001,-0.0409429678514362,0.0112910538045619));
#3629=CARTESIAN_POINT('',(0.,-0.0408612453607148,0.0112685167710199));
#3630=CARTESIAN_POINT('',(0.01,-0.0326889962885717,0.0090148134168159));
#3631=CARTESIAN_POINT('',(0.0101,-0.0326072737978503,0.00899227638327386));
#3632=CARTESIAN_POINT('',(-0.0001,-0.0411081856634118,0.0111519579026134));
#3633=CARTESIAN_POINT('',(0.,-0.0410261333966186,0.0111296985056022));
#3634=CARTESIAN_POINT('',(0.01,-0.0328209067172949,0.00890375880448177));
#3635=CARTESIAN_POINT('',(0.0101,-0.0327388544505016,0.00888149940747057));
#3636=CARTESIAN_POINT('',(-0.0001,-0.0411870431256511,0.0110779543716262));
#3637=CARTESIAN_POINT('',(0.,-0.0411048334587336,0.0110558426862537));
#3638=CARTESIAN_POINT('',(0.01,-0.0328838667669868,0.00884467414900294));
#3639=CARTESIAN_POINT('',(0.0101,-0.0328016571000694,0.00882256246363043));
#3640=CARTESIAN_POINT('',(-0.0001,-0.0413363408541879,0.0109218941794353));
#3641=CARTESIAN_POINT('',(0.,-0.0412538331878122,0.0109000939914524));
#3642=CARTESIAN_POINT('',(0.01,-0.0330030665502498,0.00872007519316193));
#3643=CARTESIAN_POINT('',(0.0101,-0.0329205588838742,0.00869827500517903));
#3644=CARTESIAN_POINT('',(-0.0001,-0.0414067807850001,0.0108398378689129));
#3645=CARTESIAN_POINT('',(0.,-0.0413241325199602,0.0108182014659809));
#3646=CARTESIAN_POINT('',(0.01,-0.0330593060159681,0.00865456117278471));
#3647=CARTESIAN_POINT('',(0.0101,-0.0329766577509282,0.00863292476985275));
#3648=CARTESIAN_POINT('',(-0.0001,-0.041538426067866,0.0106686242163262));
#3649=CARTESIAN_POINT('',(0.,-0.0414555150377904,0.0106473295572118));
#3650=CARTESIAN_POINT('',(0.01,-0.0331644120302323,0.00851786364576945));
#3651=CARTESIAN_POINT('',(0.0101,-0.0330815010001567,0.00849656898665502));
#3652=CARTESIAN_POINT('',(-0.0001,-0.041599631124101,0.0105794672589945));
#3653=CARTESIAN_POINT('',(0.,-0.0415165979282445,0.0105583505578787));
#3654=CARTESIAN_POINT('',(0.01,-0.0332132783425956,0.00844668044630296));
#3655=CARTESIAN_POINT('',(0.0101,-0.0331302451467391,0.0084255637451872));
#3656=CARTESIAN_POINT('',(-0.0001,-0.0417120964275667,0.0103950868076194));
#3657=CARTESIAN_POINT('',(0.,-0.0416288387500665,0.0103743381313567));
#3658=CARTESIAN_POINT('',(0.01,-0.0333030710000532,0.00829947050508536));
#3659=CARTESIAN_POINT('',(0.0101,-0.0332198133225531,0.00827872182882265));
#3660=CARTESIAN_POINT('',(-0.0001,-0.0417633564220778,0.0102998637278955));
#3661=CARTESIAN_POINT('',(0.,-0.0416799964292194,0.0102793051176602));
#3662=CARTESIAN_POINT('',(0.01,-0.0333439971433755,0.00822344409412813));
#3663=CARTESIAN_POINT('',(0.0101,-0.0332606371505171,0.00820288548389281));
#3664=CARTESIAN_POINT('',(-0.0001,-0.0418553367655114,0.0101044559190578));
#3665=CARTESIAN_POINT('',(0.,-0.0417717931791531,0.0100842873443691));
#3666=CARTESIAN_POINT('',(0.01,-0.0334174345433224,0.00806742987549525));
#3667=CARTESIAN_POINT('',(0.0101,-0.0333338909569641,0.00804726130080651));
#3668=CARTESIAN_POINT('',(-0.0001,-0.0418960569077457,0.0100042716290428));
#3669=CARTESIAN_POINT('',(0.,-0.0418124320436584,0.00998430302299684));
#3670=CARTESIAN_POINT('',(0.01,-0.0334499456349267,0.00798744241839747));
#3671=CARTESIAN_POINT('',(0.0101,-0.0333663207708394,0.00796747381235148));
#3672=CARTESIAN_POINT('',(-0.0001,-0.0419664850058333,0.00980010385897942));
#3673=CARTESIAN_POINT('',(0.,-0.0418827195666999,0.00978054277343256));
#3674=CARTESIAN_POINT('',(0.01,-0.0335061756533599,0.00782443421874605));
#3675=CARTESIAN_POINT('',(0.0101,-0.0334224102142265,0.00780487313319919));
#3676=CARTESIAN_POINT('',(-0.0001,-0.0419961928034283,0.00969612083771421));
#3677=CARTESIAN_POINT('',(0.,-0.0419123680672937,0.00967676730310799));
#3678=CARTESIAN_POINT('',(0.01,-0.033529894453835,0.00774141384248639));
#3679=CARTESIAN_POINT('',(0.0101,-0.0334460697177004,0.00772206030788017));
#3680=CARTESIAN_POINT('',(-0.0001,-0.0420442514503196,0.00948556214805292));
#3681=CARTESIAN_POINT('',(0.,-0.0419603307887422,0.00946662889027238));
#3682=CARTESIAN_POINT('',(0.01,-0.0335682646309937,0.00757330311221791));
#3683=CARTESIAN_POINT('',(0.0101,-0.0334843439694162,0.00755436985443737));
#3684=CARTESIAN_POINT('',(-0.0001,-0.0420626021916239,0.00937898695280106));
#3685=CARTESIAN_POINT('',(0.,-0.0419786449018203,0.00936026641996114));
#3686=CARTESIAN_POINT('',(0.01,-0.0335829159214562,0.00748821313596891));
#3687=CARTESIAN_POINT('',(0.0101,-0.0334989586316526,0.00746949260312899));
#3688=CARTESIAN_POINT('',(-0.0001,-0.0420877337433038,0.0091644805416077));
#3689=CARTESIAN_POINT('',(0.,-0.0420037262907224,0.00914618816527714));
#3690=CARTESIAN_POINT('',(0.01,-0.0336029810325778,0.00731695053222171));
#3691=CARTESIAN_POINT('',(0.0101,-0.0335189735799964,0.00729865815589116));
#3692=CARTESIAN_POINT('',(-0.0001,-0.0420945144972066,0.00905654980768126));
#3693=CARTESIAN_POINT('',(0.,-0.0420104935101863,0.00903847286195735));
#3694=CARTESIAN_POINT('',(0.01,-0.0336083948081489,0.00723077828956588));
#3695=CARTESIAN_POINT('',(0.0101,-0.0335243738211286,0.00721270134384197));
#3696=CARTESIAN_POINT('',(-0.0001,-0.0420964273420653,0.00884058468003922));
#3697=CARTESIAN_POINT('',(0.,-0.0420124025369913,0.00882293880243435));
#3698=CARTESIAN_POINT('',(0.01,-0.0336099220295931,0.00705835104194748));
#3699=CARTESIAN_POINT('',(0.0101,-0.0335258972245191,0.00704070516434261));
#3700=CARTESIAN_POINT('',(-0.0001,-0.0420915594287228,0.00873255077161654));
#3701=CARTESIAN_POINT('',(0.,-0.0420075443400427,0.00871512053055543));
#3702=CARTESIAN_POINT('',(0.01,-0.0336060354720341,0.00697209642444434));
#3703=CARTESIAN_POINT('',(0.0101,-0.0335220203833541,0.00695466618338323));
#3704=CARTESIAN_POINT('',(-0.0001,-0.0420702313712438,0.00851763285868914));
#3705=CARTESIAN_POINT('',(0.,-0.0419862588535368,0.00850063159549814));
#3706=CARTESIAN_POINT('',(0.01,-0.0335890070828293,0.00680050527639851));
#3707=CARTESIAN_POINT('',(0.0101,-0.0335050345651223,0.00678350401320751));
#3708=CARTESIAN_POINT('',(-0.0001,-0.0420537712750333,0.00841074933712415));
#3709=CARTESIAN_POINT('',(0.,-0.0419698316118097,0.00839396141429556));
#3710=CARTESIAN_POINT('',(0.01,-0.0335758652894477,0.00671516913143645));
#3711=CARTESIAN_POINT('',(0.0101,-0.0334919256262241,0.00669838120860786));
#3712=CARTESIAN_POINT('',(-0.0001,-0.0420094497933372,0.0081993724188167));
#3713=CARTESIAN_POINT('',(0.,-0.0419255985961449,0.00818300640600469));
#3714=CARTESIAN_POINT('',(0.01,-0.0335404788769159,0.00654640512480375));
#3715=CARTESIAN_POINT('',(0.0101,-0.0334566276797236,0.00653003911199174));
#3716=CARTESIAN_POINT('',(-0.0001,-0.0419815885074459,0.00809487949705704));
#3717=CARTESIAN_POINT('',(0.,-0.0418977929216027,0.00807872205295114));
#3718=CARTESIAN_POINT('',(0.01,-0.0335182343372821,0.00646297764236091));
#3719=CARTESIAN_POINT('',(0.0101,-0.0334344387514389,0.00644682019825501));
#3720=CARTESIAN_POINT('',(-0.0001,-0.0419147878817008,0.0078894962656749));
#3721=CARTESIAN_POINT('',(0.,-0.0418311256304399,0.00787374876813862));
#3722=CARTESIAN_POINT('',(0.01,-0.0334649005043519,0.0062989990145109));
#3723=CARTESIAN_POINT('',(0.0101,-0.0333812382530911,0.00628325151697462));
#3724=CARTESIAN_POINT('',(-0.0001,-0.0418758486919541,0.00778860641756688));
#3725=CARTESIAN_POINT('',(0.,-0.0417922641636268,0.00777306029697293));
#3726=CARTESIAN_POINT('',(0.01,-0.0334338113309015,0.00621844823757835));
#3727=CARTESIAN_POINT('',(0.0101,-0.0333502268025742,0.0062029021169844));
#3728=CARTESIAN_POINT('',(-0.0001,-0.0417873440369744,0.00759160001822963));
#3729=CARTESIAN_POINT('',(0.,-0.0417039361646451,0.00757644712398167));
#3730=CARTESIAN_POINT('',(0.01,-0.0333631489317161,0.00606115769918534));
#3731=CARTESIAN_POINT('',(0.0101,-0.0332797410593868,0.00604600480493738));
#3732=CARTESIAN_POINT('',(-0.0001,-0.0417377787706193,0.00749548390969139));
#3733=CARTESIAN_POINT('',(0.,-0.0416544698309574,0.00748052286396346));
#3734=CARTESIAN_POINT('',(0.01,-0.0333235758647659,0.00598441829117077));
#3735=CARTESIAN_POINT('',(0.0101,-0.033240266925104,0.00596945724544284));
#3736=CARTESIAN_POINT('',(-0.0001,-0.0416285970418928,0.00730914028773136));
#3737=CARTESIAN_POINT('',(0.,-0.0415455060298331,0.00729455118536064));
#3738=CARTESIAN_POINT('',(0.01,-0.0332364048238665,0.00583564094828851));
#3739=CARTESIAN_POINT('',(0.0101,-0.0331533138118068,0.00582105184591779));
#3740=CARTESIAN_POINT('',(-0.0001,-0.0415689808248624,0.00721891319304033));
#3741=CARTESIAN_POINT('',(0.,-0.041486008807248,0.00720450418467099));
#3742=CARTESIAN_POINT('',(0.01,-0.0331888070457984,0.00576360334773679));
#3743=CARTESIAN_POINT('',(0.0101,-0.0331058350281839,0.00574919433936745));
#3744=CARTESIAN_POINT('',(-0.0001,-0.0414018113256204,0.00699333898211238));
#3745=CARTESIAN_POINT('',(0.,-0.0413191729796611,0.00697938022166904));
#3746=CARTESIAN_POINT('',(0.01,-0.0330553383837289,0.00558350417733523));
#3747=CARTESIAN_POINT('',(0.0101,-0.0329727000377696,0.00556954541689189));
#3748=CARTESIAN_POINT('',(-0.0001,-0.0412989377876253,0.00685452408307979));
#3749=CARTESIAN_POINT('',(0.,-0.0412165047780692,0.00684084239828323));
#3750=CARTESIAN_POINT('',(0.01,-0.0329732038224553,0.00547267391862658));
#3751=CARTESIAN_POINT('',(0.0101,-0.0328907708128992,0.00545899223383002));
#3752=CARTESIAN_POINT('',(-0.0001,-0.0411960642496302,0.00671570918404721));
#3753=CARTESIAN_POINT('',(0.,-0.0411138365764773,0.00670230457489741));
#3754=CARTESIAN_POINT('',(0.01,-0.0328910692611818,0.00536184365991793));
#3755=CARTESIAN_POINT('',(0.0101,-0.0328088415880289,0.00534843905076814));
#3756=CARTESIAN_POINT('',(0.01,-0.031209252553178,0.007123308235857));
#3757=CARTESIAN_POINT('',(0.01,-0.0323265106013024,0.00924739261598435));
#3758=CARTESIAN_POINT('',(0.,-0.0404081382516281,0.0115592407699804));
#3759=CARTESIAN_POINT('',(0.,-0.0404081382516281,0.0115592407699804));
#3760=CARTESIAN_POINT('',(0.,-0.0390115656914724,0.00890413529482124));
#3761=CARTESIAN_POINT('',(0.0126128767678059,-0.010109050150475,0.0192189043154291));
#3762=CARTESIAN_POINT('',(0.01,-0.0303017114274392,0.0103124271287371));
#3763=CARTESIAN_POINT('',(0.01,-0.0282769122535758,0.0113774616414898));
#3764=CARTESIAN_POINT('',(0.,-0.0353461403169698,0.0142218270518623));
#3765=CARTESIAN_POINT('',(0.,-0.0353461403169698,0.0142218270518623));
#3766=CARTESIAN_POINT('',(0.,-0.0378771392842989,0.0128905339109214));
#3767=CARTESIAN_POINT('',(0.,5.03069808033274E-16,-2.9316826744008E-16));
#3768=CARTESIAN_POINT('',(0.01,7.51135265097957E-16,-4.17200995972422E-16));
#3769=CARTESIAN_POINT('',(0.01,-0.0265256241200479,0.0150140489223238));
#3770=CARTESIAN_POINT('',(0.,-0.0331570301500599,0.0187675611529047));
#3771=CARTESIAN_POINT('',(0.,-0.0331570301500599,0.0187675611529047));
#3772=CARTESIAN_POINT('',(0.,5.03069808033274E-16,-2.9316826744008E-16));
#3773=CARTESIAN_POINT('',(0.0126128767678059,-0.0213288341276428,-0.00407921717807933));
#3774=CARTESIAN_POINT('',(0.01,-0.0269553882437786,0.0172611388194543));
#3775=CARTESIAN_POINT('',(0.01,-0.0273851523675093,0.0195082287165848));
#3776=CARTESIAN_POINT('',(0.005,-0.030808296413448,0.0219467573061579));
#3777=CARTESIAN_POINT('',(-8.67361737988404E-19,-0.0342314404593866,0.024385285895731));
#3778=CARTESIAN_POINT('',(0.,-0.0336942353047232,0.0215764235243179));
#3779=CARTESIAN_POINT('',(-0.0001,-0.0309358788035494,0.0280212037956342));
#3780=CARTESIAN_POINT('',(0.,-0.0308741305424645,0.0279652732491359));
#3781=CARTESIAN_POINT('',(0.01,-0.0246993044339716,0.0223722185993087));
#3782=CARTESIAN_POINT('',(0.0101,-0.0246375561728866,0.0223162880528104));
#3783=CARTESIAN_POINT('',(-0.0001,-0.0311085492636698,0.0280150838924587));
#3784=CARTESIAN_POINT('',(0.,-0.0310464563509678,0.0279591655613361));
#3785=CARTESIAN_POINT('',(0.01,-0.0248371650807743,0.0223673324490688));
#3786=CARTESIAN_POINT('',(0.0101,-0.0247750721680723,0.0223114141179462));
#3787=CARTESIAN_POINT('',(-0.0001,-0.0312812197237901,0.0280089639892833));
#3788=CARTESIAN_POINT('',(0.,-0.0312187821594712,0.0279530578735362));
#3789=CARTESIAN_POINT('',(0.01,-0.0249750257275769,0.022362446298829));
#3790=CARTESIAN_POINT('',(0.0101,-0.024912588163258,0.0223065401830819));
#3791=CARTESIAN_POINT('',(-0.0001,-0.0315618092214857,0.0279990191466232));
#3792=CARTESIAN_POINT('',(0.,-0.0314988115982891,0.0279431328808615));
#3793=CARTESIAN_POINT('',(0.01,-0.0251990492786313,0.0223545063046892));
#3794=CARTESIAN_POINT('',(0.0101,-0.0251360516554347,0.0222986200389275));
#3795=CARTESIAN_POINT('',(-0.0001,-0.0316695217080306,0.027989373308572));
#3796=CARTESIAN_POINT('',(0.,-0.0316063090898509,0.02793350629598));
#3797=CARTESIAN_POINT('',(0.01,-0.0252850472718807,0.022346805036784));
#3798=CARTESIAN_POINT('',(0.0101,-0.025221834653701,0.022290938024192));
#3799=CARTESIAN_POINT('',(-0.0001,-0.0318832847126463,0.0279585516734672));
#3800=CARTESIAN_POINT('',(0.,-0.0318196454218027,0.0279027461811049));
#3801=CARTESIAN_POINT('',(0.01,-0.0254557163374422,0.022322196944884));
#3802=CARTESIAN_POINT('',(0.0101,-0.0253920770465986,0.0222663914525217));
#3803=CARTESIAN_POINT('',(-0.0001,-0.0319893347503727,0.0279373759456726));
#3804=CARTESIAN_POINT('',(0.,-0.0319254837828071,0.0278816127202321));
#3805=CARTESIAN_POINT('',(0.01,-0.0255403870262457,0.0223052901761857));
#3806=CARTESIAN_POINT('',(0.0101,-0.02547653605868,0.0222495269507452));
#3807=CARTESIAN_POINT('',(-0.0001,-0.0321985423054191,0.0278837401903929));
#3808=CARTESIAN_POINT('',(0.,-0.0321342737579033,0.0278280840223483));
#3809=CARTESIAN_POINT('',(0.01,-0.0257074190063226,0.0222624672178786));
#3810=CARTESIAN_POINT('',(0.0101,-0.0256431504588068,0.0222068110498339));
#3811=CARTESIAN_POINT('',(-0.0001,-0.0323016993526311,0.0278512802834323));
#3812=CARTESIAN_POINT('',(0.,-0.0322372249028254,0.027795688905621));
#3813=CARTESIAN_POINT('',(0.01,-0.0257897799222604,0.0222365511244969));
#3814=CARTESIAN_POINT('',(0.0101,-0.0257253054724547,0.0221809597466856));
#3815=CARTESIAN_POINT('',(-0.0001,-0.0325039239378065,0.0277754527654488));
#3816=CARTESIAN_POINT('',(0.,-0.0324390458461143,0.0277200127399689));
#3817=CARTESIAN_POINT('',(0.01,-0.0259512366768914,0.022176010191975));
#3818=CARTESIAN_POINT('',(0.0101,-0.0258863585851991,0.0221205701664951));
#3819=CARTESIAN_POINT('',(-0.0001,-0.0326029910213531,0.0277320853248171));
#3820=CARTESIAN_POINT('',(0.,-0.0325379151909712,0.0276767318610949));
#3821=CARTESIAN_POINT('',(0.01,-0.026030332152777,0.0221413854888759));
#3822=CARTESIAN_POINT('',(0.0101,-0.025965256322395,0.0220860320251537));
#3823=CARTESIAN_POINT('',(-0.0001,-0.0327958861425938,0.0276349459016437));
#3824=CARTESIAN_POINT('',(0.,-0.0327304252920098,0.0275797863289858));
#3825=CARTESIAN_POINT('',(0.01,-0.0261843402336078,0.0220638290631886));
#3826=CARTESIAN_POINT('',(0.0101,-0.0261188793830238,0.0220086694905306));
#3827=CARTESIAN_POINT('',(-0.0001,-0.0328897137468352,0.027581174137383));
#3828=CARTESIAN_POINT('',(0.,-0.032824065615604,0.0275261218935959));
#3829=CARTESIAN_POINT('',(0.01,-0.0262592524924832,0.0220208975148766));
#3830=CARTESIAN_POINT('',(0.0101,-0.026193604361252,0.0219658452710895));
#3831=CARTESIAN_POINT('',(-0.0001,-0.0330710411636398,0.027463849957233));
#3832=CARTESIAN_POINT('',(0.,-0.0330050311014369,0.0274090318934461));
#3833=CARTESIAN_POINT('',(0.01,-0.0264040248811495,0.0219272255147569));
#3834=CARTESIAN_POINT('',(0.0101,-0.0263380148189466,0.02187240745097));
#3835=CARTESIAN_POINT('',(-0.0001,-0.0331585405687441,0.0274002978049816));
#3836=CARTESIAN_POINT('',(0.,-0.03309235585703,0.027345606591798));
#3837=CARTESIAN_POINT('',(0.01,-0.026473884685624,0.0218764852734384));
#3838=CARTESIAN_POINT('',(0.0101,-0.0264076999739099,0.0218217940602548));
#3839=CARTESIAN_POINT('',(-0.0001,-0.0333261962653879,0.0272641502280081));
#3840=CARTESIAN_POINT('',(0.,-0.0332596769115648,0.0272097307664751));
#3841=CARTESIAN_POINT('',(0.01,-0.0266077415292518,0.0217677846131801));
#3842=CARTESIAN_POINT('',(0.0101,-0.0265412221754287,0.0217133651516471));
#3843=CARTESIAN_POINT('',(-0.0001,-0.0334063521801902,0.0271915551092218));
#3844=CARTESIAN_POINT('',(0.,-0.0333396728345211,0.0271372805481255));
#3845=CARTESIAN_POINT('',(0.01,-0.0266717382676169,0.0217098244385003));
#3846=CARTESIAN_POINT('',(0.0101,-0.0266050589219479,0.0216555498774041));
#3847=CARTESIAN_POINT('',(-0.0001,-0.0335583907794751,0.0270381639111027));
#3848=CARTESIAN_POINT('',(0.,-0.033491407963548,0.0269841955200626));
#3849=CARTESIAN_POINT('',(0.01,-0.0267931263708384,0.0215873564160501));
#3850=CARTESIAN_POINT('',(0.0101,-0.0267261435549113,0.0215333880250099));
#3851=CARTESIAN_POINT('',(-0.0001,-0.0336302731223134,0.0269573681764538));
#3852=CARTESIAN_POINT('',(0.,-0.0335631468286561,0.0269035610543451));
#3853=CARTESIAN_POINT('',(0.01,-0.0268505174629248,0.0215228488434761));
#3854=CARTESIAN_POINT('',(0.0101,-0.0267833911692675,0.0214690417213674));
#3855=CARTESIAN_POINT('',(-0.0001,-0.0337649304585699,0.0267885132176128));
#3856=CARTESIAN_POINT('',(0.,-0.0336975353877943,0.0267350431313501));
#3857=CARTESIAN_POINT('',(0.01,-0.0269580283102355,0.0213880345050801));
#3858=CARTESIAN_POINT('',(0.0101,-0.0268906332394599,0.0213345644188173));
#3859=CARTESIAN_POINT('',(-0.0001,-0.0338277051494011,0.0267004543728529));
#3860=CARTESIAN_POINT('',(0.,-0.0337601847798414,0.0266471600527474));
#3861=CARTESIAN_POINT('',(0.01,-0.0270081478238731,0.0213177280421979));
#3862=CARTESIAN_POINT('',(0.0101,-0.0269406274543134,0.0212644337220924));
#3863=CARTESIAN_POINT('',(-0.0001,-0.03394341873882,0.0265180949460149));
#3864=CARTESIAN_POINT('',(0.,-0.033875667404012,0.0264651646167814));
#3865=CARTESIAN_POINT('',(0.01,-0.0271005339232096,0.021172131693425));
#3866=CARTESIAN_POINT('',(0.0101,-0.0270327825884016,0.0211192013641915));
#3867=CARTESIAN_POINT('',(-0.0001,-0.0339963573773891,0.0264237947737147));
#3868=CARTESIAN_POINT('',(0.,-0.0339285003766358,0.0263710526683779));
#3869=CARTESIAN_POINT('',(0.01,-0.0271428003013086,0.0210968421347024));
#3870=CARTESIAN_POINT('',(0.0101,-0.0270749433005553,0.0210441000293656));
#3871=CARTESIAN_POINT('',(-0.0001,-0.0340917845481562,0.0262300468694363));
#3872=CARTESIAN_POINT('',(0.,-0.0340237370740081,0.0261776914864634));
#3873=CARTESIAN_POINT('',(0.01,-0.0272189896592065,0.0209421531891707));
#3874=CARTESIAN_POINT('',(0.0101,-0.0271509421850585,0.0208897978061978));
#3875=CARTESIAN_POINT('',(-0.0001,-0.0341342728659209,0.0261305995728269));
#3876=CARTESIAN_POINT('',(0.,-0.0340661405847514,0.026078442687452));
#3877=CARTESIAN_POINT('',(0.01,-0.0272529124678011,0.0208627541499616));
#3878=CARTESIAN_POINT('',(0.0101,-0.0271847801866316,0.0208105972645867));
#3879=CARTESIAN_POINT('',(-0.0001,-0.0342083063377838,0.0259277113267977));
#3880=CARTESIAN_POINT('',(0.,-0.0341400262852133,0.0258759594079817));
#3881=CARTESIAN_POINT('',(0.01,-0.0273120210281706,0.0207007675263854));
#3882=CARTESIAN_POINT('',(0.0101,-0.0272437409756002,0.0206490156075694));
#3883=CARTESIAN_POINT('',(-0.0001,-0.0342398513255221,0.0258242708332858));
#3884=CARTESIAN_POINT('',(0.,-0.0341715083089043,0.0257727253825208));
#3885=CARTESIAN_POINT('',(0.01,-0.0273372066471234,0.0206181803060166));
#3886=CARTESIAN_POINT('',(0.0101,-0.0272688636305056,0.0205666348552516));
#3887=CARTESIAN_POINT('',(-0.0001,-0.0342916320580129,0.0256145964402961));
#3888=CARTESIAN_POINT('',(0.,-0.0342231856866396,0.0255634695012935));
#3889=CARTESIAN_POINT('',(0.01,-0.0273785485493117,0.0204507756010348));
#3890=CARTESIAN_POINT('',(0.0101,-0.0273101021779384,0.0203996486620322));
#3891=CARTESIAN_POINT('',(-0.0001,-0.0343118676864095,0.0255083630119753));
#3892=CARTESIAN_POINT('',(0.,-0.0342433809245604,0.0254574481157438));
#3893=CARTESIAN_POINT('',(0.01,-0.0273947047396483,0.020365958492595));
#3894=CARTESIAN_POINT('',(0.0101,-0.0273262179777992,0.0203150435963636));
#3895=CARTESIAN_POINT('',(-0.0001,-0.034340794846641,0.0252943354092372));
#3896=CARTESIAN_POINT('',(0.,-0.0342722503459491,0.0252438477138095));
#3897=CARTESIAN_POINT('',(0.01,-0.0274178002767593,0.0201950781710476));
#3898=CARTESIAN_POINT('',(0.0101,-0.0273492557760674,0.02014459047562));
#3899=CARTESIAN_POINT('',(-0.0001,-0.034349486313474,0.0251865417157589));
#3900=CARTESIAN_POINT('',(0.,-0.0342809244645449,0.0251362691774041));
#3901=CARTESIAN_POINT('',(0.01,-0.0274247395716359,0.0201090153419233));
#3902=CARTESIAN_POINT('',(0.0101,-0.0273561777227068,0.0200587428035684));
#3903=CARTESIAN_POINT('',(-0.0001,-0.0343552242478474,0.0249706443525466));
#3904=CARTESIAN_POINT('',(0.,-0.0342866509459554,0.0249208027470525));
#3905=CARTESIAN_POINT('',(0.01,-0.0274293207567643,0.019936642197642));
#3906=CARTESIAN_POINT('',(0.0101,-0.0273607474548724,0.0198868005921479));
#3907=CARTESIAN_POINT('',(-0.0001,-0.0343522707024941,0.0248625411679532));
#3908=CARTESIAN_POINT('',(0.,-0.0342837032959023,0.0248129153372786));
#3909=CARTESIAN_POINT('',(0.01,-0.0274269626367219,0.0198503322698229));
#3910=CARTESIAN_POINT('',(0.0101,-0.02735839523013,0.0198007064391483));
#3911=CARTESIAN_POINT('',(-0.0001,-0.0343347528314244,0.0246472791891318));
#3912=CARTESIAN_POINT('',(0.,-0.0342662203906431,0.0245980830230857));
#3913=CARTESIAN_POINT('',(0.01,-0.0274129763125145,0.0196784664184686));
#3914=CARTESIAN_POINT('',(0.0101,-0.0273444438717333,0.0196292702524224));
#3915=CARTESIAN_POINT('',(-0.0001,-0.0343201885450723,0.0245401208786168));
#3916=CARTESIAN_POINT('',(0.,-0.0342516851747229,0.0244911386014139));
#3917=CARTESIAN_POINT('',(0.01,-0.0274013481397783,0.0195929108811312));
#3918=CARTESIAN_POINT('',(0.0101,-0.0273328447694288,0.0195439286039283));
#3919=CARTESIAN_POINT('',(-0.0001,-0.0342674470126783,0.0242643534097715));
#3920=CARTESIAN_POINT('',(0.,-0.0341990489148486,0.0242159215666382));
#3921=CARTESIAN_POINT('',(0.01,-0.0273592391318789,0.0193727372533106));
#3922=CARTESIAN_POINT('',(0.0101,-0.0272908410340492,0.0193243054101773));
#3923=CARTESIAN_POINT('',(-0.0001,-0.0342349906850512,0.0240946503520206));
#3924=CARTESIAN_POINT('',(0.,-0.0341666573703106,0.0240465572375455));
#3925=CARTESIAN_POINT('',(0.01,-0.0273333258962485,0.0192372457900364));
#3926=CARTESIAN_POINT('',(0.0101,-0.0272649925815078,0.0191891526755613));
#3927=CARTESIAN_POINT('',(-0.0001,-0.0342025343574242,0.0239249472942697));
#3928=CARTESIAN_POINT('',(0.,-0.0341342658257726,0.0238771929084527));
#3929=CARTESIAN_POINT('',(0.01,-0.0273074126606181,0.0191017543267622));
#3930=CARTESIAN_POINT('',(0.0101,-0.0272391441289665,0.0190539999409453));
#3931=CARTESIAN_POINT('',(0.01,-0.0250278773286569,0.0199590661498171));
#3932=CARTESIAN_POINT('',(0.01,-0.0251128863743796,0.0223575601485891));
#3933=CARTESIAN_POINT('',(0.,-0.0313911079679745,0.0279469501857364));
#3934=CARTESIAN_POINT('',(0.,-0.0313911079679745,0.0279469501857364));
#3935=CARTESIAN_POINT('',(0.,-0.0312848466608211,0.0249488326872714));
#3936=CARTESIAN_POINT('',(0.0126128767678059,-0.000769169403521264,0.021701786941612));
#3937=CARTESIAN_POINT('',(0.01,-0.0228265041982918,0.022438595651303));
#3938=CARTESIAN_POINT('',(0.01,-0.0205401220222041,0.0225196311540168));
#3939=CARTESIAN_POINT('',(0.,-0.0256751525277551,0.0281495389425211));
#3940=CARTESIAN_POINT('',(0.,-0.0256751525277551,0.0281495389425211));
#3941=CARTESIAN_POINT('',(0.,-0.0285331302478649,0.0280482445641288));
#3942=CARTESIAN_POINT('',(0.,-4.16333634234433E-17,4.16333634234433E-17));
#3943=CARTESIAN_POINT('',(0.01,-2.77555756156289E-17,4.33680868994202E-17));
#3944=CARTESIAN_POINT('',(0.01,-0.0173844098481329,0.0250362276358108));
#3945=CARTESIAN_POINT('',(0.,-0.0217305123101662,0.0312952845447636));
#3946=CARTESIAN_POINT('',(0.,-0.0217305123101662,0.0312952845447636));
#3947=CARTESIAN_POINT('',(0.,-4.16333634234433E-17,4.16333634234433E-17));
#3948=CARTESIAN_POINT('',(0.0126128767678059,-0.0209865215395585,0.0055789866194576));
#3949=CARTESIAN_POINT('',(0.01,-0.0167966381774553,0.0272472533414463));
#3950=CARTESIAN_POINT('',(0.01,-0.0162088665067777,0.0294582790470818));
#3951=CARTESIAN_POINT('',(0.005,-0.018234974820125,0.0331405639279671));
#3952=CARTESIAN_POINT('',(0.,-0.0202610831334722,0.0368228488088523));
#3953=CARTESIAN_POINT('',(0.,-0.0209957977218191,0.0340590666768079));
#3954=CARTESIAN_POINT('',(-0.0001,-0.0157143190257755,0.0386688070291871));
#3955=CARTESIAN_POINT('',(0.,-0.0156829531195364,0.0385916237816238));
#3956=CARTESIAN_POINT('',(0.01,-0.0125463624956291,0.0308732990252991));
#3957=CARTESIAN_POINT('',(0.0101,-0.0125149965893901,0.0307961157777358));
#3958=CARTESIAN_POINT('',(-0.0001,-0.0158725450612231,0.0387382120918236));
#3959=CARTESIAN_POINT('',(0.,-0.015840863334554,0.0386608903112012));
#3960=CARTESIAN_POINT('',(0.01,-0.0126726906676432,0.030928712248961));
#3961=CARTESIAN_POINT('',(0.0101,-0.0126410089409741,0.0308513904683386));
#3962=CARTESIAN_POINT('',(-0.0001,-0.0160307710966708,0.0388076171544602));
#3963=CARTESIAN_POINT('',(0.,-0.0159987735495716,0.0387301568407786));
#3964=CARTESIAN_POINT('',(0.01,-0.0127990188396573,0.0309841254726229));
#3965=CARTESIAN_POINT('',(0.0101,-0.0127670212925581,0.0309066651589413));
#3966=CARTESIAN_POINT('',(-0.0001,-0.0162878884042731,0.0389204003812445));
#3967=CARTESIAN_POINT('',(0.,-0.0162553776489752,0.0388427149513418));
#3968=CARTESIAN_POINT('',(0.01,-0.0130043021191802,0.0310741719610734));
#3969=CARTESIAN_POINT('',(0.0101,-0.0129717913638822,0.0309964865311708));
#3970=CARTESIAN_POINT('',(-0.0001,-0.016389119173615,0.0389584444778672));
#3971=CARTESIAN_POINT('',(0.,-0.0163564063608932,0.038880683111644));
#3972=CARTESIAN_POINT('',(0.01,-0.0130851250887146,0.0311045464893151));
#3973=CARTESIAN_POINT('',(0.0101,-0.0130524122759928,0.0310267851230919));
#3974=CARTESIAN_POINT('',(-0.0001,-0.0165950859921681,0.0390234234359077));
#3975=CARTESIAN_POINT('',(0.,-0.0165619620680321,0.0389455323711654));
#3976=CARTESIAN_POINT('',(0.01,-0.0132495696544256,0.0311564258969322));
#3977=CARTESIAN_POINT('',(0.0101,-0.0132164457302896,0.0310785348321899));
#3978=CARTESIAN_POINT('',(-0.0001,-0.0166998215785535,0.0390503581513118));
#3979=CARTESIAN_POINT('',(0.,-0.0166664886013508,0.0389724133246625));
#3980=CARTESIAN_POINT('',(0.01,-0.0133331908810806,0.03117793065973));
#3981=CARTESIAN_POINT('',(0.0101,-0.0132998579038779,0.0310999858330807));
#3982=CARTESIAN_POINT('',(-0.0001,-0.0169115827546314,0.0390928057618336));
#3983=CARTESIAN_POINT('',(0.,-0.0168778271004305,0.0390147762094148));
#3984=CARTESIAN_POINT('',(0.01,-0.0135022616803444,0.0312118209675319));
#3985=CARTESIAN_POINT('',(0.0101,-0.0134685060261435,0.031133791415113));
#3986=CARTESIAN_POINT('',(-0.0001,-0.0170186078684776,0.0391083185615678));
#3987=CARTESIAN_POINT('',(0.,-0.016984638591295,0.0390302580454768));
#3988=CARTESIAN_POINT('',(0.01,-0.013587710873036,0.0312242064363814));
#3989=CARTESIAN_POINT('',(0.0101,-0.0135537415958534,0.0311461459202904));
#3990=CARTESIAN_POINT('',(-0.0001,-0.0172337062510758,0.0391277422876917));
#3991=CARTESIAN_POINT('',(0.,-0.0171993076358042,0.0390496430016883));
#3992=CARTESIAN_POINT('',(0.01,-0.0137594461086433,0.0312397144013506));
#3993=CARTESIAN_POINT('',(0.0101,-0.0137250474933717,0.0311616151153472));
#3994=CARTESIAN_POINT('',(-0.0001,-0.0173417790364825,0.0391316531704346));
#3995=CARTESIAN_POINT('',(0.,-0.0173071647070683,0.0390535460782781));
#3996=CARTESIAN_POINT('',(0.01,-0.0138457317656547,0.0312428368626224));
#3997=CARTESIAN_POINT('',(0.0101,-0.0138111174362405,0.0311647297704659));
#3998=CARTESIAN_POINT('',(-0.0001,-0.0175577187516327,0.0391278276307709));
#3999=CARTESIAN_POINT('',(0.,-0.0175226734048231,0.0390497281744221));
#4000=CARTESIAN_POINT('',(0.01,-0.0140181387238585,0.0312397825395376));
#4001=CARTESIAN_POINT('',(0.0101,-0.0139830933770489,0.0311616830831888));
#4002=CARTESIAN_POINT('',(-0.0001,-0.0176655851961405,0.0391200912169605));
#4003=CARTESIAN_POINT('',(0.,-0.0176303245470464,0.0390420072025554));
#4004=CARTESIAN_POINT('',(0.01,-0.0141042596376371,0.0312336057620443));
#4005=CARTESIAN_POINT('',(0.0101,-0.014068998988543,0.0311555217476392));
#4006=CARTESIAN_POINT('',(-0.0001,-0.017879860607551,0.0390930608008008));
#4007=CARTESIAN_POINT('',(0.,-0.0178441722630249,0.0390150307393222));
#4008=CARTESIAN_POINT('',(0.01,-0.0142753378104199,0.0312120245914578));
#4009=CARTESIAN_POINT('',(0.0101,-0.0142396494658939,0.0311339945299791));
#4010=CARTESIAN_POINT('',(-0.0001,-0.0179862690929577,0.0390737668591913));
#4011=CARTESIAN_POINT('',(0.,-0.0179503683562452,0.0389957753085742));
#4012=CARTESIAN_POINT('',(0.01,-0.0143602946849962,0.0311966202468594));
#4013=CARTESIAN_POINT('',(0.0101,-0.0143243939482837,0.0311186286962422));
#4014=CARTESIAN_POINT('',(-0.0001,-0.0181963938759294,0.039023845211442));
#4015=CARTESIAN_POINT('',(0.,-0.0181600737284725,0.0389459533048324));
#4016=CARTESIAN_POINT('',(0.01,-0.014528058982778,0.0311567626438659));
#4017=CARTESIAN_POINT('',(0.0101,-0.014491738835321,0.0310788707372562));
#4018=CARTESIAN_POINT('',(-0.0001,-0.0183001097013252,0.0389932176174806));
#4019=CARTESIAN_POINT('',(0.,-0.0182635825362527,0.0389153868437931));
#4020=CARTESIAN_POINT('',(0.01,-0.0146108660290021,0.0311323094750344));
#4021=CARTESIAN_POINT('',(0.0101,-0.0145743388639296,0.0310544787013469));
#4022=CARTESIAN_POINT('',(-0.0001,-0.018503645692588,0.0389209839993131));
#4023=CARTESIAN_POINT('',(0.,-0.0184667122680519,0.0388432974045041));
#4024=CARTESIAN_POINT('',(0.01,-0.0147733698144415,0.0310746379236033));
#4025=CARTESIAN_POINT('',(0.0101,-0.0147364363899054,0.0309969513287942));
#4026=CARTESIAN_POINT('',(-0.0001,-0.0186034654010914,0.0388793781374223));
#4027=CARTESIAN_POINT('',(0.,-0.0185663327356202,0.0388017745882458));
#4028=CARTESIAN_POINT('',(0.01,-0.0148530661884961,0.0310414196705967));
#4029=CARTESIAN_POINT('',(0.0101,-0.0148159335230249,0.0309638161214202));
#4030=CARTESIAN_POINT('',(-0.0001,-0.0187980508898037,0.0387856707048703));
#4031=CARTESIAN_POINT('',(0.,-0.0187605298301434,0.0387082541964773));
#4032=CARTESIAN_POINT('',(0.01,-0.0150084238641147,0.0309666033571818));
#4033=CARTESIAN_POINT('',(0.0101,-0.0149709028044544,0.0308891868487888));
#4034=CARTESIAN_POINT('',(-0.0001,-0.0188928162327615,0.0387335693447779));
#4035=CARTESIAN_POINT('',(0.,-0.0188551060207201,0.0386562568311156));
#4036=CARTESIAN_POINT('',(0.01,-0.0150840848165761,0.0309250054648925));
#4037=CARTESIAN_POINT('',(0.0101,-0.0150463746045346,0.0308476929512303));
#4038=CARTESIAN_POINT('',(-0.0001,-0.019076193364401,0.0386194754232721));
#4039=CARTESIAN_POINT('',(0.,-0.0190381171301407,0.0385423906419881));
#4040=CARTESIAN_POINT('',(0.01,-0.0152304937041126,0.0308339125135905));
#4041=CARTESIAN_POINT('',(0.0101,-0.0151924174698523,0.0307568277323065));
#4042=CARTESIAN_POINT('',(-0.0001,-0.0191648047410179,0.038557483118238));
#4043=CARTESIAN_POINT('',(0.,-0.0191265516377424,0.0384805220740898));
#4044=CARTESIAN_POINT('',(0.01,-0.015301241310194,0.0307844176592718));
#4045=CARTESIAN_POINT('',(0.0101,-0.0152629882069185,0.0307074566151236));
#4046=CARTESIAN_POINT('',(-0.0001,-0.0193348457161856,0.0384243265859276));
#4047=CARTESIAN_POINT('',(0.,-0.0192962532097661,0.038347631323281));
#4048=CARTESIAN_POINT('',(0.01,-0.0154370025678129,0.0306781050586248));
#4049=CARTESIAN_POINT('',(0.0101,-0.0153984100613934,0.0306014097959782));
#4050=CARTESIAN_POINT('',(-0.0001,-0.0194162749326392,0.0383531626578661));
#4051=CARTESIAN_POINT('',(0.,-0.0193775198928535,0.0382766094389881));
#4052=CARTESIAN_POINT('',(0.01,-0.0155020159142828,0.0306212875511905));
#4053=CARTESIAN_POINT('',(0.0101,-0.0154632608744971,0.0305447343323125));
#4054=CARTESIAN_POINT('',(-0.0001,-0.0195710066967806,0.0382024885841221));
#4055=CARTESIAN_POINT('',(0.,-0.0195319428111583,0.0381262361118983));
#4056=CARTESIAN_POINT('',(0.01,-0.0156255542489266,0.0305009888895186));
#4057=CARTESIAN_POINT('',(0.0101,-0.0155864903633043,0.0304247364172948));
#4058=CARTESIAN_POINT('',(-0.0001,-0.0196443088967722,0.0381229787770178));
#4059=CARTESIAN_POINT('',(0.,-0.0196050986993735,0.0380468850070038));
#4060=CARTESIAN_POINT('',(0.01,-0.0156840789594988,0.030437508005603));
#4061=CARTESIAN_POINT('',(0.0101,-0.0156448687621001,0.030361414235589));
#4062=CARTESIAN_POINT('',(-0.0001,-0.0197819360343313,0.037956535494365));
#4063=CARTESIAN_POINT('',(0.,-0.0197424511320672,0.0378807739464721));
#4064=CARTESIAN_POINT('',(0.01,-0.0157939609056537,0.0303046191571777));
#4065=CARTESIAN_POINT('',(0.0101,-0.0157544760033896,0.0302288576092848));
#4066=CARTESIAN_POINT('',(-0.0001,-0.0198462606626381,0.0378696023928296));
#4067=CARTESIAN_POINT('',(0.,-0.0198066473679023,0.0377940143641014));
#4068=CARTESIAN_POINT('',(0.01,-0.0158453178943218,0.0302352114912811));
#4069=CARTESIAN_POINT('',(0.0101,-0.015805704599586,0.0301596234625529));
#4070=CARTESIAN_POINT('',(-0.0001,-0.0199651862299939,0.037689321210334));
#4071=CARTESIAN_POINT('',(0.,-0.0199253355588761,0.0376140930242854));
#4072=CARTESIAN_POINT('',(0.01,-0.0159402684471009,0.0300912744194284));
#4073=CARTESIAN_POINT('',(0.0101,-0.0159004177759831,0.0300160462333798));
#4074=CARTESIAN_POINT('',(-0.0001,-0.0200197869018065,0.0375959735344818));
#4075=CARTESIAN_POINT('',(0.,-0.0199798272473119,0.0375209316711396));
#4076=CARTESIAN_POINT('',(0.01,-0.0159838617978495,0.0300167453369116));
#4077=CARTESIAN_POINT('',(0.0101,-0.0159439021433548,0.0299417034735693));
#4078=CARTESIAN_POINT('',(-0.0001,-0.0201186309572591,0.0374039463279861));
#4079=CARTESIAN_POINT('',(0.,-0.0200784740092406,0.0373292877524811));
#4080=CARTESIAN_POINT('',(0.01,-0.0160627792073925,0.0298634302019848));
#4081=CARTESIAN_POINT('',(0.0101,-0.016022622259374,0.0297887716264799));
#4082=CARTESIAN_POINT('',(-0.0001,-0.0201628741187878,0.0373052672288448));
#4083=CARTESIAN_POINT('',(0.,-0.0201226288610656,0.0372308056176096));
#4084=CARTESIAN_POINT('',(0.01,-0.0160981030888525,0.0297846444940877));
#4085=CARTESIAN_POINT('',(0.0101,-0.0160578578311304,0.0297101828828524));
#4086=CARTESIAN_POINT('',(-0.0001,-0.020240489734583,0.0371037221680826));
#4087=CARTESIAN_POINT('',(0.,-0.0202000895554721,0.0370296628423978));
#4088=CARTESIAN_POINT('',(0.01,-0.0161600716443777,0.0296237302739182));
#4089=CARTESIAN_POINT('',(0.0101,-0.0161196714652667,0.0295496709482334));
#4090=CARTESIAN_POINT('',(-0.0001,-0.0202738620144402,0.0370008566593514));
#4091=CARTESIAN_POINT('',(0.,-0.0202333952239922,0.0369270026540434));
#4092=CARTESIAN_POINT('',(0.01,-0.0161867161791938,0.0295416021232347));
#4093=CARTESIAN_POINT('',(0.0101,-0.0161462493887458,0.0294677481179266));
#4094=CARTESIAN_POINT('',(-0.0001,-0.0203459945562174,0.0367295150618597));
#4095=CARTESIAN_POINT('',(0.,-0.0203053837886401,0.0366562026565466));
#4096=CARTESIAN_POINT('',(0.01,-0.0162443070309121,0.0293249621252373));
#4097=CARTESIAN_POINT('',(0.0101,-0.0162036962633348,0.0292516497199242));
#4098=CARTESIAN_POINT('',(-0.0001,-0.0203903838126956,0.0365625356172494));
#4099=CARTESIAN_POINT('',(0.,-0.020349684443808,0.0364895565042409));
#4100=CARTESIAN_POINT('',(0.01,-0.0162797475550464,0.0291916452033927));
#4101=CARTESIAN_POINT('',(0.0101,-0.0162390481861588,0.0291186660903842));
#4102=CARTESIAN_POINT('',(-0.0001,-0.0204347730691738,0.0363955561726391));
#4103=CARTESIAN_POINT('',(0.,-0.0203939850989759,0.0363229103519352));
#4104=CARTESIAN_POINT('',(0.01,-0.0163151880791807,0.0290583282815481));
#4105=CARTESIAN_POINT('',(0.0101,-0.0162744001089827,0.0289856824608443));
#4106=CARTESIAN_POINT('',(0.01,-0.0138894240524233,0.0288416862309234));
#4107=CARTESIAN_POINT('',(0.01,-0.0129253470116714,0.0310395386962848));
#4108=CARTESIAN_POINT('',(0.,-0.0161566837645892,0.038799423370356));
#4109=CARTESIAN_POINT('',(0.,-0.0161566837645892,0.038799423370356));
#4110=CARTESIAN_POINT('',(0.,-0.0173617800655291,0.0360521077886543));
#4111=CARTESIAN_POINT('',(0.0126128767678059,0.00872305477704348,0.0198863645090584));
#4112=CARTESIAN_POINT('',(0.01,-0.0108302278639705,0.0301205251138121));
#4113=CARTESIAN_POINT('',(0.01,-0.00873510871626967,0.0292015115313394));
#4114=CARTESIAN_POINT('',(0.,-0.0109188858953371,0.0365018894141743));
#4115=CARTESIAN_POINT('',(0.,-0.0109188858953371,0.0365018894141743));
#4116=CARTESIAN_POINT('',(0.,-0.0135377848299631,0.0376506563922651));
#4117=CARTESIAN_POINT('',(0.,4.33680868994202E-19,-2.04697370165263E-16));
#4118=CARTESIAN_POINT('',(0.01,-3.12250225675825E-17,1.14491749414469E-16));
#4119=CARTESIAN_POINT('',(0.,4.33680868994202E-19,-2.04697370165263E-16));
#4120=CARTESIAN_POINT('',(0.01,6.93889390390723E-18,-0.00581809505820274));
#4121=CARTESIAN_POINT('',(0.01,0.,1.19892921636526E-18));
#4122=CARTESIAN_POINT('',(0.01,0.,-0.0145));
#4123=CARTESIAN_POINT('',(0.,6.93889390390723E-18,0.00878815166652202));
#4124=CARTESIAN_POINT('',(0.,0.,3.11060286983428E-19));
#4125=CARTESIAN_POINT('',(0.,0.,-0.00508));
#4126=CARTESIAN_POINT('',(-0.09,0.,3.11060286983428E-19));
#4127=CARTESIAN_POINT('',(0.005,0.,1.11014232342708E-18));
#4128=CARTESIAN_POINT('',(0.005,0.,1.11014232342708E-18));
#4129=CARTESIAN_POINT('',(0.005,0.,-0.01305));
#4130=CARTESIAN_POINT('',(0.005,0.,1.19892921636526E-18));
#4131=CARTESIAN_POINT('',(0.005,0.,1.19892921636526E-18));
#4132=CARTESIAN_POINT('',(0.005,0.,-0.0145));
#4133=CARTESIAN_POINT('',(0.005,6.93889390390723E-18,0.));
#4134=MECHANICAL_DESIGN_GEOMETRIC_PRESENTATION_REPRESENTATION('',(#1205),
#4135);
#4135=(
GEOMETRIC_REPRESENTATION_CONTEXT(3)
GLOBAL_UNCERTAINTY_ASSIGNED_CONTEXT((#4136))
GLOBAL_UNIT_ASSIGNED_CONTEXT((#4139,#4138,#4137))
REPRESENTATION_CONTEXT('Part 1','TOP_LEVEL_ASSEMBLY_PART')
);
#4136=UNCERTAINTY_MEASURE_WITH_UNIT(LENGTH_MEASURE(1.E-8),#4139,
'DISTANCE_ACCURACY_VALUE','Maximum Tolerance applied to model');
#4137=(
NAMED_UNIT(*)
SI_UNIT($,.STERADIAN.)
SOLID_ANGLE_UNIT()
);
#4138=(
NAMED_UNIT(*)
PLANE_ANGLE_UNIT()
SI_UNIT($,.RADIAN.)
);
#4139=(
LENGTH_UNIT()
NAMED_UNIT(*)
SI_UNIT($,.METRE.)
);
#4140=PRODUCT_DEFINITION_SHAPE('','',#4141);
#4141=PRODUCT_DEFINITION('','',#4143,#4142);
#4142=PRODUCT_DEFINITION_CONTEXT('',#4149,'design');
#4143=PRODUCT_DEFINITION_FORMATION_WITH_SPECIFIED_SOURCE('','',#4145,
 .NOT_KNOWN.);
#4144=PRODUCT_RELATED_PRODUCT_CATEGORY('','',(#4145));
#4145=PRODUCT('Part 1','Part 1','Part 1',(#4147));
#4146=PRODUCT_CATEGORY('','');
#4147=PRODUCT_CONTEXT('',#4149,'mechanical');
#4148=APPLICATION_PROTOCOL_DEFINITION('international standard',
'ap242_managed_model_based_3d_engineering',2020,#4149);
#4149=APPLICATION_CONTEXT('managed model based 3d engineering');
ENDSEC;
END-ISO-10303-21;
