ISO-10303-21;
HEADER;
/* Generated by software containing ST-Developer
 * from STEP Tools, Inc. (www.steptools.com) 
 */
/* OPTION: using custom renumber hook */

FILE_DESCRIPTION(
/* description */ ('STEP AP242 Edition 2',
'CAx-IF Rec.Pracs.---Representation and Presentation of Product Manufa
cturing Information (PMI)---4.0---2014-10-13',
'CAx-IF Rec.Pracs.---3D Tessellated Geometry---0.4---2014-09-14','2;1',
'CAx-IF Rec.Pracs.---User Defined Attributes---1.5---2016-08-15'),
/* implementation_level */ '2;1');

FILE_NAME(
/* name */ 'Part Studio 1',
/* time_stamp */ '2026-08-29T18:16:40Z',
/* author */ (''),
/* organization */ (''),
/* preprocessor_version */ 'ST-DEVELOPER v20',
/* originating_system */ 'ONSHAPE BY PTC INC, 1.220',
/* authorisation */ '  ');

FILE_SCHEMA (('AP242_MANAGED_MODEL_BASED_3D_ENGINEERING_MIM_LF { 1 0 10303 442 3 1 4 }'));
ENDSEC;

DATA;
#10=SHAPE_REPRESENTATION_RELATIONSHIP('','',#2788,#11);
#11=ADVANCED_BREP_SHAPE_REPRESENTATION('',(#2786),#4908);
#12=B_SPLINE_SURFACE_WITH_KNOTS('',3,1,((#4001,#4002),(#4003,#4004),(#4005,
#4006),(#4007,#4008),(#4009,#4010),(#4011,#4012)),.RULED_SURF.,.F.,.F.,
 .F.,(4,2,4),(2,2),(0.,0.5,1.),(0.,1.),.UNSPECIFIED.);
#13=B_SPLINE_SURFACE_WITH_KNOTS('',3,1,((#4018,#4019),(#4020,#4021),(#4022,
#4023),(#4024,#4025)),.RULED_SURF.,.F.,.F.,.F.,(4,4),(2,2),(0.,1.),(0.,
1.),.PIECEWISE_BEZIER_KNOTS.);
#14=B_SPLINE_SURFACE_WITH_KNOTS('',3,1,((#4029,#4030),(#4031,#4032),(#4033,
#4034),(#4035,#4036)),.RULED_SURF.,.F.,.F.,.F.,(4,4),(2,2),(0.,1.),(0.,
1.),.PIECEWISE_BEZIER_KNOTS.);
#15=B_SPLINE_SURFACE_WITH_KNOTS('',3,1,((#4040,#4041),(#4042,#4043),(#4044,
#4045),(#4046,#4047)),.RULED_SURF.,.F.,.F.,.F.,(4,4),(2,2),(0.,1.),(0.,
1.),.PIECEWISE_BEZIER_KNOTS.);
#16=B_SPLINE_SURFACE_WITH_KNOTS('',3,1,((#4051,#4052),(#4053,#4054),(#4055,
#4056),(#4057,#4058)),.RULED_SURF.,.F.,.F.,.F.,(4,4),(2,2),(0.,1.),(0.,
1.),.PIECEWISE_BEZIER_KNOTS.);
#17=B_SPLINE_SURFACE_WITH_KNOTS('',3,1,((#4062,#4063),(#4064,#4065),(#4066,
#4067),(#4068,#4069),(#4070,#4071),(#4072,#4073)),.RULED_SURF.,.F.,.F.,
 .F.,(4,2,4),(2,2),(0.,0.5,1.),(0.,1.),.UNSPECIFIED.);
#18=B_SPLINE_SURFACE_WITH_KNOTS('',3,1,((#4077,#4078),(#4079,#4080),(#4081,
#4082),(#4083,#4084)),.RULED_SURF.,.F.,.F.,.F.,(4,4),(2,2),(0.,1.),(0.,
1.),.PIECEWISE_BEZIER_KNOTS.);
#19=B_SPLINE_SURFACE_WITH_KNOTS('',3,1,((#4088,#4089),(#4090,#4091),(#4092,
#4093),(#4094,#4095)),.RULED_SURF.,.F.,.F.,.F.,(4,4),(2,2),(0.,1.),(0.,
1.),.PIECEWISE_BEZIER_KNOTS.);
#20=B_SPLINE_SURFACE_WITH_KNOTS('',3,1,((#4099,#4100),(#4101,#4102),(#4103,
#4104),(#4105,#4106),(#4107,#4108),(#4109,#4110)),.RULED_SURF.,.F.,.F.,
 .F.,(4,2,4),(2,2),(0.,0.500000000000006,1.),(0.,1.),.UNSPECIFIED.);
#21=B_SPLINE_SURFACE_WITH_KNOTS('',3,1,((#4114,#4115),(#4116,#4117),(#4118,
#4119),(#4120,#4121)),.RULED_SURF.,.F.,.F.,.F.,(4,4),(2,2),(0.,1.),(0.,
1.),.PIECEWISE_BEZIER_KNOTS.);
#22=B_SPLINE_SURFACE_WITH_KNOTS('',3,1,((#4125,#4126),(#4127,#4128),(#4129,
#4130),(#4131,#4132)),.RULED_SURF.,.F.,.F.,.F.,(4,4),(2,2),(0.,1.),(0.,
1.),.PIECEWISE_BEZIER_KNOTS.);
#23=B_SPLINE_SURFACE_WITH_KNOTS('',3,1,((#4136,#4137),(#4138,#4139),(#4140,
#4141),(#4142,#4143),(#4144,#4145),(#4146,#4147)),.RULED_SURF.,.F.,.F.,
 .F.,(4,2,4),(2,2),(0.,0.5,1.),(0.,1.),.UNSPECIFIED.);
#24=B_SPLINE_SURFACE_WITH_KNOTS('',3,1,((#4151,#4152),(#4153,#4154),(#4155,
#4156),(#4157,#4158)),.RULED_SURF.,.F.,.F.,.F.,(4,4),(2,2),(0.,1.),(0.,
1.),.PIECEWISE_BEZIER_KNOTS.);
#25=B_SPLINE_SURFACE_WITH_KNOTS('',3,1,((#4162,#4163),(#4164,#4165),(#4166,
#4167),(#4168,#4169)),.RULED_SURF.,.F.,.F.,.F.,(4,4),(2,2),(0.,1.),(0.,
1.),.PIECEWISE_BEZIER_KNOTS.);
#26=B_SPLINE_SURFACE_WITH_KNOTS('',3,1,((#4173,#4174),(#4175,#4176),(#4177,
#4178),(#4179,#4180)),.RULED_SURF.,.F.,.F.,.F.,(4,4),(2,2),(0.,1.),(0.,
1.),.PIECEWISE_BEZIER_KNOTS.);
#27=B_SPLINE_SURFACE_WITH_KNOTS('',3,1,((#4184,#4185),(#4186,#4187),(#4188,
#4189),(#4190,#4191)),.RULED_SURF.,.F.,.F.,.F.,(4,4),(2,2),(0.,1.),(0.,
1.),.PIECEWISE_BEZIER_KNOTS.);
#28=B_SPLINE_SURFACE_WITH_KNOTS('',3,1,((#4195,#4196),(#4197,#4198),(#4199,
#4200),(#4201,#4202),(#4203,#4204),(#4205,#4206)),.RULED_SURF.,.F.,.F.,
 .F.,(4,2,4),(2,2),(0.,0.5,1.),(0.,1.),.UNSPECIFIED.);
#29=B_SPLINE_SURFACE_WITH_KNOTS('',3,1,((#4210,#4211),(#4212,#4213),(#4214,
#4215),(#4216,#4217)),.RULED_SURF.,.F.,.F.,.F.,(4,4),(2,2),(0.,1.),(0.,
1.),.PIECEWISE_BEZIER_KNOTS.);
#30=B_SPLINE_SURFACE_WITH_KNOTS('',3,1,((#4221,#4222),(#4223,#4224),(#4225,
#4226),(#4227,#4228)),.RULED_SURF.,.F.,.F.,.F.,(4,4),(2,2),(0.,1.),(0.,
1.),.PIECEWISE_BEZIER_KNOTS.);
#31=B_SPLINE_SURFACE_WITH_KNOTS('',3,1,((#4232,#4233),(#4234,#4235),(#4236,
#4237),(#4238,#4239)),.RULED_SURF.,.F.,.F.,.F.,(4,4),(2,2),(0.,1.),(0.,
1.),.PIECEWISE_BEZIER_KNOTS.);
#32=B_SPLINE_SURFACE_WITH_KNOTS('',3,1,((#4243,#4244),(#4245,#4246),(#4247,
#4248),(#4249,#4250)),.RULED_SURF.,.F.,.F.,.F.,(4,4),(2,2),(0.,1.),(0.,
1.),.PIECEWISE_BEZIER_KNOTS.);
#33=B_SPLINE_SURFACE_WITH_KNOTS('',3,1,((#4254,#4255),(#4256,#4257),(#4258,
#4259),(#4260,#4261),(#4262,#4263),(#4264,#4265)),.RULED_SURF.,.F.,.F.,
 .F.,(4,2,4),(2,2),(0.,0.5,1.),(0.,1.),.UNSPECIFIED.);
#34=B_SPLINE_SURFACE_WITH_KNOTS('',3,1,((#4269,#4270),(#4271,#4272),(#4273,
#4274),(#4275,#4276)),.RULED_SURF.,.F.,.F.,.F.,(4,4),(2,2),(0.,1.),(0.,
1.),.PIECEWISE_BEZIER_KNOTS.);
#35=B_SPLINE_SURFACE_WITH_KNOTS('',3,1,((#4280,#4281),(#4282,#4283),(#4284,
#4285),(#4286,#4287)),.RULED_SURF.,.F.,.F.,.F.,(4,4),(2,2),(0.,1.),(0.,
1.),.PIECEWISE_BEZIER_KNOTS.);
#36=B_SPLINE_SURFACE_WITH_KNOTS('',3,1,((#4291,#4292),(#4293,#4294),(#4295,
#4296),(#4297,#4298)),.RULED_SURF.,.F.,.F.,.F.,(4,4),(2,2),(0.,1.),(0.,
1.),.PIECEWISE_BEZIER_KNOTS.);
#37=B_SPLINE_SURFACE_WITH_KNOTS('',3,1,((#4302,#4303),(#4304,#4305),(#4306,
#4307),(#4308,#4309)),.RULED_SURF.,.F.,.F.,.F.,(4,4),(2,2),(0.,1.),(0.,
1.),.PIECEWISE_BEZIER_KNOTS.);
#38=B_SPLINE_SURFACE_WITH_KNOTS('',3,1,((#4313,#4314),(#4315,#4316),(#4317,
#4318),(#4319,#4320),(#4321,#4322),(#4323,#4324)),.RULED_SURF.,.F.,.F.,
 .F.,(4,2,4),(2,2),(0.,0.5,1.),(0.,1.),.UNSPECIFIED.);
#39=B_SPLINE_SURFACE_WITH_KNOTS('',3,1,((#4328,#4329),(#4330,#4331),(#4332,
#4333),(#4334,#4335),(#4336,#4337),(#4338,#4339)),.RULED_SURF.,.F.,.F.,
 .F.,(4,2,4),(2,2),(0.,0.500000000000014,1.),(0.,1.),.UNSPECIFIED.);
#40=B_SPLINE_SURFACE_WITH_KNOTS('',3,1,((#4343,#4344),(#4345,#4346),(#4347,
#4348),(#4349,#4350)),.RULED_SURF.,.F.,.F.,.F.,(4,4),(2,2),(0.,1.),(0.,
1.),.PIECEWISE_BEZIER_KNOTS.);
#41=B_SPLINE_SURFACE_WITH_KNOTS('',3,1,((#4354,#4355),(#4356,#4357),(#4358,
#4359),(#4360,#4361)),.RULED_SURF.,.F.,.F.,.F.,(4,4),(2,2),(0.,1.),(0.,
1.),.PIECEWISE_BEZIER_KNOTS.);
#42=B_SPLINE_SURFACE_WITH_KNOTS('',3,1,((#4365,#4366),(#4367,#4368),(#4369,
#4370),(#4371,#4372)),.RULED_SURF.,.F.,.F.,.F.,(4,4),(2,2),(0.,1.),(0.,
1.),.PIECEWISE_BEZIER_KNOTS.);
#43=B_SPLINE_SURFACE_WITH_KNOTS('',3,1,((#4376,#4377),(#4378,#4379),(#4380,
#4381),(#4382,#4383)),.RULED_SURF.,.F.,.F.,.F.,(4,4),(2,2),(0.,1.),(0.,
1.),.PIECEWISE_BEZIER_KNOTS.);
#44=B_SPLINE_SURFACE_WITH_KNOTS('',3,1,((#4387,#4388),(#4389,#4390),(#4391,
#4392),(#4393,#4394),(#4395,#4396),(#4397,#4398)),.RULED_SURF.,.F.,.F.,
 .F.,(4,2,4),(2,2),(0.,0.5,1.),(0.,1.),.UNSPECIFIED.);
#45=B_SPLINE_SURFACE_WITH_KNOTS('',3,1,((#4402,#4403),(#4404,#4405),(#4406,
#4407),(#4408,#4409)),.RULED_SURF.,.F.,.F.,.F.,(4,4),(2,2),(0.,1.),(0.,
1.),.PIECEWISE_BEZIER_KNOTS.);
#46=B_SPLINE_SURFACE_WITH_KNOTS('',3,1,((#4413,#4414),(#4415,#4416),(#4417,
#4418),(#4419,#4420)),.RULED_SURF.,.F.,.F.,.F.,(4,4),(2,2),(0.,1.),(0.,
1.),.PIECEWISE_BEZIER_KNOTS.);
#47=B_SPLINE_SURFACE_WITH_KNOTS('',3,1,((#4424,#4425),(#4426,#4427),(#4428,
#4429),(#4430,#4431)),.RULED_SURF.,.F.,.F.,.F.,(4,4),(2,2),(0.,1.),(0.,
1.),.PIECEWISE_BEZIER_KNOTS.);
#48=B_SPLINE_SURFACE_WITH_KNOTS('',3,1,((#4435,#4436),(#4437,#4438),(#4439,
#4440),(#4441,#4442)),.RULED_SURF.,.F.,.F.,.F.,(4,4),(2,2),(0.,1.),(0.,
1.),.PIECEWISE_BEZIER_KNOTS.);
#49=B_SPLINE_SURFACE_WITH_KNOTS('',3,1,((#4446,#4447),(#4448,#4449),(#4450,
#4451),(#4452,#4453),(#4454,#4455),(#4456,#4457)),.RULED_SURF.,.F.,.F.,
 .F.,(4,2,4),(2,2),(0.,0.5,1.),(0.,1.),.UNSPECIFIED.);
#50=B_SPLINE_SURFACE_WITH_KNOTS('',3,1,((#4461,#4462),(#4463,#4464),(#4465,
#4466),(#4467,#4468)),.RULED_SURF.,.F.,.F.,.F.,(4,4),(2,2),(0.,1.),(0.,
1.),.PIECEWISE_BEZIER_KNOTS.);
#51=B_SPLINE_SURFACE_WITH_KNOTS('',3,1,((#4472,#4473),(#4474,#4475),(#4476,
#4477),(#4478,#4479)),.RULED_SURF.,.F.,.F.,.F.,(4,4),(2,2),(0.,1.),(0.,
1.),.PIECEWISE_BEZIER_KNOTS.);
#52=B_SPLINE_SURFACE_WITH_KNOTS('',3,1,((#4483,#4484),(#4485,#4486),(#4487,
#4488),(#4489,#4490)),.RULED_SURF.,.F.,.F.,.F.,(4,4),(2,2),(0.,1.),(0.,
1.),.PIECEWISE_BEZIER_KNOTS.);
#53=B_SPLINE_SURFACE_WITH_KNOTS('',3,1,((#4494,#4495),(#4496,#4497),(#4498,
#4499),(#4500,#4501)),.RULED_SURF.,.F.,.F.,.F.,(4,4),(2,2),(0.,1.),(0.,
1.),.PIECEWISE_BEZIER_KNOTS.);
#54=B_SPLINE_SURFACE_WITH_KNOTS('',3,1,((#4505,#4506),(#4507,#4508),(#4509,
#4510),(#4511,#4512),(#4513,#4514),(#4515,#4516)),.RULED_SURF.,.F.,.F.,
 .F.,(4,2,4),(2,2),(0.,0.5,1.),(0.,1.),.UNSPECIFIED.);
#55=B_SPLINE_SURFACE_WITH_KNOTS('',3,1,((#4520,#4521),(#4522,#4523),(#4524,
#4525),(#4526,#4527)),.RULED_SURF.,.F.,.F.,.F.,(4,4),(2,2),(0.,1.),(0.,
1.),.PIECEWISE_BEZIER_KNOTS.);
#56=B_SPLINE_SURFACE_WITH_KNOTS('',3,1,((#4531,#4532),(#4533,#4534),(#4535,
#4536),(#4537,#4538)),.RULED_SURF.,.F.,.F.,.F.,(4,4),(2,2),(0.,1.),(0.,
1.),.PIECEWISE_BEZIER_KNOTS.);
#57=B_SPLINE_SURFACE_WITH_KNOTS('',3,1,((#4542,#4543),(#4544,#4545),(#4546,
#4547),(#4548,#4549)),.RULED_SURF.,.F.,.F.,.F.,(4,4),(2,2),(0.,1.),(0.,
1.),.PIECEWISE_BEZIER_KNOTS.);
#58=B_SPLINE_SURFACE_WITH_KNOTS('',3,1,((#4553,#4554),(#4555,#4556),(#4557,
#4558),(#4559,#4560)),.RULED_SURF.,.F.,.F.,.F.,(4,4),(2,2),(0.,1.),(0.,
1.),.PIECEWISE_BEZIER_KNOTS.);
#59=B_SPLINE_SURFACE_WITH_KNOTS('',3,1,((#4564,#4565),(#4566,#4567),(#4568,
#4569),(#4570,#4571),(#4572,#4573),(#4574,#4575)),.RULED_SURF.,.F.,.F.,
 .F.,(4,2,4),(2,2),(0.,0.5,1.),(0.,1.),.UNSPECIFIED.);
#60=B_SPLINE_SURFACE_WITH_KNOTS('',3,1,((#4579,#4580),(#4581,#4582),(#4583,
#4584),(#4585,#4586)),.RULED_SURF.,.F.,.F.,.F.,(4,4),(2,2),(0.,1.),(0.,
1.),.PIECEWISE_BEZIER_KNOTS.);
#61=B_SPLINE_SURFACE_WITH_KNOTS('',3,1,((#4590,#4591),(#4592,#4593),(#4594,
#4595),(#4596,#4597)),.RULED_SURF.,.F.,.F.,.F.,(4,4),(2,2),(0.,1.),(0.,
1.),.PIECEWISE_BEZIER_KNOTS.);
#62=B_SPLINE_SURFACE_WITH_KNOTS('',3,1,((#4601,#4602),(#4603,#4604),(#4605,
#4606),(#4607,#4608)),.RULED_SURF.,.F.,.F.,.F.,(4,4),(2,2),(0.,1.),(0.,
1.),.PIECEWISE_BEZIER_KNOTS.);
#63=B_SPLINE_SURFACE_WITH_KNOTS('',3,1,((#4612,#4613),(#4614,#4615),(#4616,
#4617),(#4618,#4619)),.RULED_SURF.,.F.,.F.,.F.,(4,4),(2,2),(0.,1.),(0.,
1.),.PIECEWISE_BEZIER_KNOTS.);
#64=B_SPLINE_SURFACE_WITH_KNOTS('',3,1,((#4623,#4624),(#4625,#4626),(#4627,
#4628),(#4629,#4630),(#4631,#4632),(#4633,#4634)),.RULED_SURF.,.F.,.F.,
 .F.,(4,2,4),(2,2),(0.,0.5,1.),(0.,1.),.UNSPECIFIED.);
#65=B_SPLINE_SURFACE_WITH_KNOTS('',3,1,((#4638,#4639),(#4640,#4641),(#4642,
#4643),(#4644,#4645)),.RULED_SURF.,.F.,.F.,.F.,(4,4),(2,2),(0.,1.),(0.,
1.),.PIECEWISE_BEZIER_KNOTS.);
#66=B_SPLINE_SURFACE_WITH_KNOTS('',3,1,((#4649,#4650),(#4651,#4652),(#4653,
#4654),(#4655,#4656)),.RULED_SURF.,.F.,.F.,.F.,(4,4),(2,2),(0.,1.),(0.,
1.),.PIECEWISE_BEZIER_KNOTS.);
#67=B_SPLINE_SURFACE_WITH_KNOTS('',3,1,((#4660,#4661),(#4662,#4663),(#4664,
#4665),(#4666,#4667)),.RULED_SURF.,.F.,.F.,.F.,(4,4),(2,2),(0.,1.),(0.,
1.),.PIECEWISE_BEZIER_KNOTS.);
#68=B_SPLINE_SURFACE_WITH_KNOTS('',3,1,((#4671,#4672),(#4673,#4674),(#4675,
#4676),(#4677,#4678)),.RULED_SURF.,.F.,.F.,.F.,(4,4),(2,2),(0.,1.),(0.,
1.),.PIECEWISE_BEZIER_KNOTS.);
#69=B_SPLINE_SURFACE_WITH_KNOTS('',3,1,((#4682,#4683),(#4684,#4685),(#4686,
#4687),(#4688,#4689)),.RULED_SURF.,.F.,.F.,.F.,(4,4),(2,2),(0.,1.),(0.,
1.),.PIECEWISE_BEZIER_KNOTS.);
#70=B_SPLINE_SURFACE_WITH_KNOTS('',3,1,((#4693,#4694),(#4695,#4696),(#4697,
#4698),(#4699,#4700),(#4701,#4702),(#4703,#4704)),.RULED_SURF.,.F.,.F.,
 .F.,(4,2,4),(2,2),(0.,0.5,1.),(0.,1.),.UNSPECIFIED.);
#71=B_SPLINE_SURFACE_WITH_KNOTS('',3,1,((#4708,#4709),(#4710,#4711),(#4712,
#4713),(#4714,#4715)),.RULED_SURF.,.F.,.F.,.F.,(4,4),(2,2),(0.,1.),(0.,
1.),.PIECEWISE_BEZIER_KNOTS.);
#72=B_SPLINE_SURFACE_WITH_KNOTS('',3,1,((#4719,#4720),(#4721,#4722),(#4723,
#4724),(#4725,#4726)),.RULED_SURF.,.F.,.F.,.F.,(4,4),(2,2),(0.,1.),(0.,
1.),.PIECEWISE_BEZIER_KNOTS.);
#73=B_SPLINE_SURFACE_WITH_KNOTS('',3,1,((#4730,#4731),(#4732,#4733),(#4734,
#4735),(#4736,#4737)),.RULED_SURF.,.F.,.F.,.F.,(4,4),(2,2),(0.,1.),(0.,
1.),.PIECEWISE_BEZIER_KNOTS.);
#74=B_SPLINE_SURFACE_WITH_KNOTS('',3,1,((#4741,#4742),(#4743,#4744),(#4745,
#4746),(#4747,#4748)),.RULED_SURF.,.F.,.F.,.F.,(4,4),(2,2),(0.,1.),(0.,
1.),.PIECEWISE_BEZIER_KNOTS.);
#75=B_SPLINE_SURFACE_WITH_KNOTS('',3,1,((#4752,#4753),(#4754,#4755),(#4756,
#4757),(#4758,#4759)),.RULED_SURF.,.F.,.F.,.F.,(4,4),(2,2),(0.,1.),(0.,
1.),.PIECEWISE_BEZIER_KNOTS.);
#76=B_SPLINE_SURFACE_WITH_KNOTS('',3,1,((#4763,#4764),(#4765,#4766),(#4767,
#4768),(#4769,#4770),(#4771,#4772),(#4773,#4774)),.RULED_SURF.,.F.,.F.,
 .F.,(4,2,4),(2,2),(0.,0.5,1.),(0.,1.),.UNSPECIFIED.);
#77=B_SPLINE_SURFACE_WITH_KNOTS('',3,1,((#4778,#4779),(#4780,#4781),(#4782,
#4783),(#4784,#4785)),.RULED_SURF.,.F.,.F.,.F.,(4,4),(2,2),(0.,1.),(0.,
1.),.PIECEWISE_BEZIER_KNOTS.);
#78=B_SPLINE_SURFACE_WITH_KNOTS('',3,1,((#4789,#4790),(#4791,#4792),(#4793,
#4794),(#4795,#4796),(#4797,#4798),(#4799,#4800)),.RULED_SURF.,.F.,.F.,
 .F.,(4,2,4),(2,2),(0.,0.5,1.),(0.,1.),.UNSPECIFIED.);
#79=B_SPLINE_SURFACE_WITH_KNOTS('',3,1,((#4804,#4805),(#4806,#4807),(#4808,
#4809),(#4810,#4811)),.RULED_SURF.,.F.,.F.,.F.,(4,4),(2,2),(0.,1.),(0.,
1.),.PIECEWISE_BEZIER_KNOTS.);
#80=B_SPLINE_SURFACE_WITH_KNOTS('',3,1,((#4815,#4816),(#4817,#4818),(#4819,
#4820),(#4821,#4822),(#4823,#4824),(#4825,#4826)),.RULED_SURF.,.F.,.F.,
 .F.,(4,2,4),(2,2),(0.,0.5,1.),(0.,1.),.UNSPECIFIED.);
#81=B_SPLINE_SURFACE_WITH_KNOTS('',3,1,((#4830,#4831),(#4832,#4833),(#4834,
#4835),(#4836,#4837)),.RULED_SURF.,.F.,.F.,.F.,(4,4),(2,2),(0.,1.),(0.,
1.),.PIECEWISE_BEZIER_KNOTS.);
#82=B_SPLINE_SURFACE_WITH_KNOTS('',3,1,((#4841,#4842),(#4843,#4844),(#4845,
#4846),(#4847,#4848)),.RULED_SURF.,.F.,.F.,.F.,(4,4),(2,2),(0.,1.),(0.,
1.),.PIECEWISE_BEZIER_KNOTS.);
#83=B_SPLINE_SURFACE_WITH_KNOTS('',3,1,((#4852,#4853),(#4854,#4855),(#4856,
#4857),(#4858,#4859)),.RULED_SURF.,.F.,.F.,.F.,(4,4),(2,2),(0.,1.),(0.,
1.),.PIECEWISE_BEZIER_KNOTS.);
#84=B_SPLINE_SURFACE_WITH_KNOTS('',3,1,((#4863,#4864),(#4865,#4866),(#4867,
#4868),(#4869,#4870)),.RULED_SURF.,.F.,.F.,.F.,(4,4),(2,2),(0.,1.),(0.,
1.),.PIECEWISE_BEZIER_KNOTS.);
#85=B_SPLINE_SURFACE_WITH_KNOTS('',3,1,((#4874,#4875),(#4876,#4877),(#4878,
#4879),(#4880,#4881),(#4882,#4883),(#4884,#4885)),.RULED_SURF.,.F.,.F.,
 .F.,(4,2,4),(2,2),(0.,0.5,1.),(0.,1.),.UNSPECIFIED.);
#86=B_SPLINE_SURFACE_WITH_KNOTS('',3,1,((#4897,#4898),(#4899,#4900),(#4901,
#4902),(#4903,#4904)),.RULED_SURF.,.F.,.F.,.F.,(4,4),(2,2),(0.,1.),(0.,
1.),.PIECEWISE_BEZIER_KNOTS.);
#87=CYLINDRICAL_SURFACE('',#2798,0.0134);
#88=CYLINDRICAL_SURFACE('',#2809,0.0134);
#89=CYLINDRICAL_SURFACE('',#2810,0.0134);
#90=CYLINDRICAL_SURFACE('',#2819,0.0635000000000071);
#91=CYLINDRICAL_SURFACE('',#2825,0.0635000000000035);
#92=CYLINDRICAL_SURFACE('',#2831,0.0635000000000075);
#93=CYLINDRICAL_SURFACE('',#2837,0.063500000000007);
#94=CYLINDRICAL_SURFACE('',#2843,0.0635000000000031);
#95=CYLINDRICAL_SURFACE('',#2849,0.063500000000007);
#96=CYLINDRICAL_SURFACE('',#2855,0.063500000000002);
#97=CYLINDRICAL_SURFACE('',#2861,0.0635000000000031);
#98=CYLINDRICAL_SURFACE('',#2867,0.0634999999999991);
#99=CYLINDRICAL_SURFACE('',#2872,0.0635000000000009);
#100=CYLINDRICAL_SURFACE('',#2877,0.063500000000002);
#101=CYLINDRICAL_SURFACE('',#2882,0.0635);
#102=CYLINDRICAL_SURFACE('',#2887,0.0635);
#103=CYLINDRICAL_SURFACE('',#2892,0.0635000000000033);
#104=CYLINDRICAL_SURFACE('',#2898,0.0635000000000015);
#105=CIRCLE('',#2791,0.0635);
#106=CIRCLE('',#2795,0.0134);
#107=CIRCLE('',#2797,0.0134);
#108=CIRCLE('',#2800,0.0134);
#109=CIRCLE('',#2802,0.0634999999999991);
#110=CIRCLE('',#2805,0.0134);
#111=CIRCLE('',#2807,0.0134);
#112=CIRCLE('',#2811,0.0134);
#113=CIRCLE('',#2813,0.0634999999999991);
#114=CIRCLE('',#2814,0.0635);
#115=CIRCLE('',#2815,0.0635);
#116=CIRCLE('',#2816,0.063500000000002);
#117=CIRCLE('',#2817,0.0635000000000009);
#118=CIRCLE('',#2820,0.0635000000000071);
#119=CIRCLE('',#2821,0.0635000000000071);
#120=CIRCLE('',#2826,0.0635000000000035);
#121=CIRCLE('',#2827,0.0635000000000035);
#122=CIRCLE('',#2832,0.0635000000000075);
#123=CIRCLE('',#2833,0.0635000000000075);
#124=CIRCLE('',#2838,0.063500000000007);
#125=CIRCLE('',#2839,0.063500000000007);
#126=CIRCLE('',#2844,0.0635000000000031);
#127=CIRCLE('',#2845,0.0635000000000031);
#128=CIRCLE('',#2850,0.063500000000007);
#129=CIRCLE('',#2851,0.063500000000007);
#130=CIRCLE('',#2856,0.063500000000002);
#131=CIRCLE('',#2857,0.063500000000002);
#132=CIRCLE('',#2862,0.0635000000000031);
#133=CIRCLE('',#2863,0.0635000000000031);
#134=CIRCLE('',#2868,0.0634999999999991);
#135=CIRCLE('',#2873,0.0635000000000009);
#136=CIRCLE('',#2878,0.063500000000002);
#137=CIRCLE('',#2883,0.0635);
#138=CIRCLE('',#2888,0.0635);
#139=CIRCLE('',#2893,0.0635000000000033);
#140=CIRCLE('',#2894,0.0635000000000033);
#141=CIRCLE('',#2899,0.0635000000000015);
#142=CIRCLE('',#2900,0.0635000000000015);
#143=CIRCLE('',#2904,0.0381000000000104);
#144=CIRCLE('',#2905,0.0381000000000154);
#145=CIRCLE('',#2906,0.0381000000000134);
#146=CIRCLE('',#2907,0.0381000000000022);
#147=CIRCLE('',#2908,0.0381000000000047);
#148=CIRCLE('',#2909,0.0380999999999993);
#149=CIRCLE('',#2910,0.0381);
#150=CIRCLE('',#2911,0.0381);
#151=CIRCLE('',#2912,0.0381000000000008);
#152=CIRCLE('',#2913,0.0380999999999989);
#153=CIRCLE('',#2914,0.038100000000002);
#154=CIRCLE('',#2915,0.0381000000000047);
#155=CIRCLE('',#2916,0.0381000000000061);
#156=CIRCLE('',#2917,0.0381000000000123);
#157=CIRCLE('',#2918,0.0381000000000158);
#158=CIRCLE('',#2919,0.0381000000000095);
#159=ORIENTED_EDGE('',*,*,#937,.F.);
#160=ORIENTED_EDGE('',*,*,#938,.F.);
#161=ORIENTED_EDGE('',*,*,#939,.T.);
#162=ORIENTED_EDGE('',*,*,#940,.F.);
#163=ORIENTED_EDGE('',*,*,#941,.T.);
#164=ORIENTED_EDGE('',*,*,#942,.F.);
#165=ORIENTED_EDGE('',*,*,#943,.F.);
#166=ORIENTED_EDGE('',*,*,#944,.F.);
#167=ORIENTED_EDGE('',*,*,#945,.T.);
#168=ORIENTED_EDGE('',*,*,#946,.F.);
#169=ORIENTED_EDGE('',*,*,#947,.F.);
#170=ORIENTED_EDGE('',*,*,#948,.T.);
#171=ORIENTED_EDGE('',*,*,#949,.T.);
#172=ORIENTED_EDGE('',*,*,#950,.F.);
#173=ORIENTED_EDGE('',*,*,#951,.F.);
#174=ORIENTED_EDGE('',*,*,#952,.F.);
#175=ORIENTED_EDGE('',*,*,#953,.T.);
#176=ORIENTED_EDGE('',*,*,#954,.T.);
#177=ORIENTED_EDGE('',*,*,#955,.F.);
#178=ORIENTED_EDGE('',*,*,#956,.T.);
#179=ORIENTED_EDGE('',*,*,#957,.T.);
#180=ORIENTED_EDGE('',*,*,#940,.T.);
#181=ORIENTED_EDGE('',*,*,#958,.F.);
#182=ORIENTED_EDGE('',*,*,#959,.F.);
#183=ORIENTED_EDGE('',*,*,#946,.T.);
#184=ORIENTED_EDGE('',*,*,#960,.T.);
#185=ORIENTED_EDGE('',*,*,#954,.F.);
#186=ORIENTED_EDGE('',*,*,#961,.T.);
#187=ORIENTED_EDGE('',*,*,#941,.F.);
#188=ORIENTED_EDGE('',*,*,#962,.T.);
#189=ORIENTED_EDGE('',*,*,#950,.T.);
#190=ORIENTED_EDGE('',*,*,#939,.F.);
#191=ORIENTED_EDGE('',*,*,#963,.F.);
#192=ORIENTED_EDGE('',*,*,#964,.F.);
#193=ORIENTED_EDGE('',*,*,#958,.T.);
#194=ORIENTED_EDGE('',*,*,#961,.F.);
#195=ORIENTED_EDGE('',*,*,#965,.F.);
#196=ORIENTED_EDGE('',*,*,#960,.F.);
#197=ORIENTED_EDGE('',*,*,#945,.F.);
#198=ORIENTED_EDGE('',*,*,#966,.T.);
#199=ORIENTED_EDGE('',*,*,#955,.T.);
#200=ORIENTED_EDGE('',*,*,#967,.F.);
#201=ORIENTED_EDGE('',*,*,#968,.T.);
#202=ORIENTED_EDGE('',*,*,#942,.T.);
#203=ORIENTED_EDGE('',*,*,#964,.T.);
#204=ORIENTED_EDGE('',*,*,#966,.F.);
#205=ORIENTED_EDGE('',*,*,#944,.T.);
#206=ORIENTED_EDGE('',*,*,#969,.T.);
#207=ORIENTED_EDGE('',*,*,#956,.F.);
#208=ORIENTED_EDGE('',*,*,#970,.T.);
#209=ORIENTED_EDGE('',*,*,#947,.T.);
#210=ORIENTED_EDGE('',*,*,#959,.T.);
#211=ORIENTED_EDGE('',*,*,#953,.F.);
#212=ORIENTED_EDGE('',*,*,#971,.F.);
#213=ORIENTED_EDGE('',*,*,#972,.F.);
#214=ORIENTED_EDGE('',*,*,#962,.F.);
#215=ORIENTED_EDGE('',*,*,#949,.F.);
#216=ORIENTED_EDGE('',*,*,#973,.T.);
#217=ORIENTED_EDGE('',*,*,#951,.T.);
#218=ORIENTED_EDGE('',*,*,#948,.F.);
#219=ORIENTED_EDGE('',*,*,#971,.T.);
#220=ORIENTED_EDGE('',*,*,#952,.T.);
#221=ORIENTED_EDGE('',*,*,#973,.F.);
#222=ORIENTED_EDGE('',*,*,#972,.T.);
#223=ORIENTED_EDGE('',*,*,#970,.F.);
#224=ORIENTED_EDGE('',*,*,#965,.T.);
#225=ORIENTED_EDGE('',*,*,#974,.T.);
#226=ORIENTED_EDGE('',*,*,#975,.F.);
#227=ORIENTED_EDGE('',*,*,#963,.T.);
#228=ORIENTED_EDGE('',*,*,#976,.F.);
#229=ORIENTED_EDGE('',*,*,#977,.T.);
#230=ORIENTED_EDGE('',*,*,#978,.F.);
#231=ORIENTED_EDGE('',*,*,#979,.F.);
#232=ORIENTED_EDGE('',*,*,#980,.F.);
#233=ORIENTED_EDGE('',*,*,#981,.T.);
#234=ORIENTED_EDGE('',*,*,#982,.F.);
#235=ORIENTED_EDGE('',*,*,#983,.F.);
#236=ORIENTED_EDGE('',*,*,#984,.F.);
#237=ORIENTED_EDGE('',*,*,#985,.T.);
#238=ORIENTED_EDGE('',*,*,#986,.F.);
#239=ORIENTED_EDGE('',*,*,#987,.F.);
#240=ORIENTED_EDGE('',*,*,#988,.F.);
#241=ORIENTED_EDGE('',*,*,#989,.T.);
#242=ORIENTED_EDGE('',*,*,#990,.F.);
#243=ORIENTED_EDGE('',*,*,#991,.F.);
#244=ORIENTED_EDGE('',*,*,#992,.F.);
#245=ORIENTED_EDGE('',*,*,#993,.F.);
#246=ORIENTED_EDGE('',*,*,#994,.T.);
#247=ORIENTED_EDGE('',*,*,#995,.T.);
#248=ORIENTED_EDGE('',*,*,#996,.T.);
#249=ORIENTED_EDGE('',*,*,#997,.F.);
#250=ORIENTED_EDGE('',*,*,#998,.F.);
#251=ORIENTED_EDGE('',*,*,#993,.T.);
#252=ORIENTED_EDGE('',*,*,#999,.T.);
#253=ORIENTED_EDGE('',*,*,#1000,.F.);
#254=ORIENTED_EDGE('',*,*,#1001,.F.);
#255=ORIENTED_EDGE('',*,*,#1002,.F.);
#256=ORIENTED_EDGE('',*,*,#997,.T.);
#257=ORIENTED_EDGE('',*,*,#1003,.T.);
#258=ORIENTED_EDGE('',*,*,#1004,.F.);
#259=ORIENTED_EDGE('',*,*,#1005,.F.);
#260=ORIENTED_EDGE('',*,*,#1000,.T.);
#261=ORIENTED_EDGE('',*,*,#1006,.F.);
#262=ORIENTED_EDGE('',*,*,#1007,.F.);
#263=ORIENTED_EDGE('',*,*,#1008,.T.);
#264=ORIENTED_EDGE('',*,*,#1009,.F.);
#265=ORIENTED_EDGE('',*,*,#1004,.T.);
#266=ORIENTED_EDGE('',*,*,#1010,.T.);
#267=ORIENTED_EDGE('',*,*,#1011,.F.);
#268=ORIENTED_EDGE('',*,*,#1012,.F.);
#269=ORIENTED_EDGE('',*,*,#1007,.T.);
#270=ORIENTED_EDGE('',*,*,#1013,.T.);
#271=ORIENTED_EDGE('',*,*,#1014,.F.);
#272=ORIENTED_EDGE('',*,*,#1015,.F.);
#273=ORIENTED_EDGE('',*,*,#1011,.T.);
#274=ORIENTED_EDGE('',*,*,#1016,.T.);
#275=ORIENTED_EDGE('',*,*,#1017,.F.);
#276=ORIENTED_EDGE('',*,*,#1018,.F.);
#277=ORIENTED_EDGE('',*,*,#1019,.F.);
#278=ORIENTED_EDGE('',*,*,#1014,.T.);
#279=ORIENTED_EDGE('',*,*,#1020,.F.);
#280=ORIENTED_EDGE('',*,*,#1021,.F.);
#281=ORIENTED_EDGE('',*,*,#1022,.T.);
#282=ORIENTED_EDGE('',*,*,#1017,.T.);
#283=ORIENTED_EDGE('',*,*,#1023,.T.);
#284=ORIENTED_EDGE('',*,*,#1024,.F.);
#285=ORIENTED_EDGE('',*,*,#1025,.F.);
#286=ORIENTED_EDGE('',*,*,#1021,.T.);
#287=ORIENTED_EDGE('',*,*,#1026,.T.);
#288=ORIENTED_EDGE('',*,*,#1027,.F.);
#289=ORIENTED_EDGE('',*,*,#1028,.F.);
#290=ORIENTED_EDGE('',*,*,#1024,.T.);
#291=ORIENTED_EDGE('',*,*,#1029,.T.);
#292=ORIENTED_EDGE('',*,*,#1030,.F.);
#293=ORIENTED_EDGE('',*,*,#1031,.F.);
#294=ORIENTED_EDGE('',*,*,#1027,.T.);
#295=ORIENTED_EDGE('',*,*,#1032,.F.);
#296=ORIENTED_EDGE('',*,*,#1033,.F.);
#297=ORIENTED_EDGE('',*,*,#1034,.T.);
#298=ORIENTED_EDGE('',*,*,#1030,.T.);
#299=ORIENTED_EDGE('',*,*,#1035,.T.);
#300=ORIENTED_EDGE('',*,*,#1036,.F.);
#301=ORIENTED_EDGE('',*,*,#1037,.F.);
#302=ORIENTED_EDGE('',*,*,#1033,.T.);
#303=ORIENTED_EDGE('',*,*,#1038,.T.);
#304=ORIENTED_EDGE('',*,*,#1039,.F.);
#305=ORIENTED_EDGE('',*,*,#1040,.F.);
#306=ORIENTED_EDGE('',*,*,#1041,.F.);
#307=ORIENTED_EDGE('',*,*,#1036,.T.);
#308=ORIENTED_EDGE('',*,*,#1042,.T.);
#309=ORIENTED_EDGE('',*,*,#1043,.F.);
#310=ORIENTED_EDGE('',*,*,#1044,.F.);
#311=ORIENTED_EDGE('',*,*,#1039,.T.);
#312=ORIENTED_EDGE('',*,*,#1045,.F.);
#313=ORIENTED_EDGE('',*,*,#1046,.F.);
#314=ORIENTED_EDGE('',*,*,#1047,.T.);
#315=ORIENTED_EDGE('',*,*,#1043,.T.);
#316=ORIENTED_EDGE('',*,*,#1048,.T.);
#317=ORIENTED_EDGE('',*,*,#1049,.F.);
#318=ORIENTED_EDGE('',*,*,#1050,.F.);
#319=ORIENTED_EDGE('',*,*,#1046,.T.);
#320=ORIENTED_EDGE('',*,*,#1051,.T.);
#321=ORIENTED_EDGE('',*,*,#1052,.F.);
#322=ORIENTED_EDGE('',*,*,#1053,.F.);
#323=ORIENTED_EDGE('',*,*,#1049,.T.);
#324=ORIENTED_EDGE('',*,*,#1054,.T.);
#325=ORIENTED_EDGE('',*,*,#1055,.F.);
#326=ORIENTED_EDGE('',*,*,#1056,.F.);
#327=ORIENTED_EDGE('',*,*,#1052,.T.);
#328=ORIENTED_EDGE('',*,*,#1057,.F.);
#329=ORIENTED_EDGE('',*,*,#1058,.F.);
#330=ORIENTED_EDGE('',*,*,#1059,.T.);
#331=ORIENTED_EDGE('',*,*,#1055,.T.);
#332=ORIENTED_EDGE('',*,*,#1060,.T.);
#333=ORIENTED_EDGE('',*,*,#1061,.F.);
#334=ORIENTED_EDGE('',*,*,#1062,.F.);
#335=ORIENTED_EDGE('',*,*,#1058,.T.);
#336=ORIENTED_EDGE('',*,*,#1063,.T.);
#337=ORIENTED_EDGE('',*,*,#1064,.F.);
#338=ORIENTED_EDGE('',*,*,#1065,.F.);
#339=ORIENTED_EDGE('',*,*,#1066,.F.);
#340=ORIENTED_EDGE('',*,*,#1061,.T.);
#341=ORIENTED_EDGE('',*,*,#1067,.T.);
#342=ORIENTED_EDGE('',*,*,#1068,.F.);
#343=ORIENTED_EDGE('',*,*,#1069,.F.);
#344=ORIENTED_EDGE('',*,*,#1070,.F.);
#345=ORIENTED_EDGE('',*,*,#1064,.T.);
#346=ORIENTED_EDGE('',*,*,#1071,.F.);
#347=ORIENTED_EDGE('',*,*,#1072,.F.);
#348=ORIENTED_EDGE('',*,*,#1073,.T.);
#349=ORIENTED_EDGE('',*,*,#1068,.T.);
#350=ORIENTED_EDGE('',*,*,#1074,.T.);
#351=ORIENTED_EDGE('',*,*,#1075,.F.);
#352=ORIENTED_EDGE('',*,*,#1076,.F.);
#353=ORIENTED_EDGE('',*,*,#1072,.T.);
#354=ORIENTED_EDGE('',*,*,#1077,.T.);
#355=ORIENTED_EDGE('',*,*,#1078,.F.);
#356=ORIENTED_EDGE('',*,*,#1079,.F.);
#357=ORIENTED_EDGE('',*,*,#1075,.T.);
#358=ORIENTED_EDGE('',*,*,#1080,.T.);
#359=ORIENTED_EDGE('',*,*,#1081,.F.);
#360=ORIENTED_EDGE('',*,*,#1082,.F.);
#361=ORIENTED_EDGE('',*,*,#1083,.F.);
#362=ORIENTED_EDGE('',*,*,#1078,.T.);
#363=ORIENTED_EDGE('',*,*,#1084,.F.);
#364=ORIENTED_EDGE('',*,*,#1085,.F.);
#365=ORIENTED_EDGE('',*,*,#1086,.T.);
#366=ORIENTED_EDGE('',*,*,#1087,.F.);
#367=ORIENTED_EDGE('',*,*,#1081,.T.);
#368=ORIENTED_EDGE('',*,*,#1088,.T.);
#369=ORIENTED_EDGE('',*,*,#1089,.F.);
#370=ORIENTED_EDGE('',*,*,#1090,.F.);
#371=ORIENTED_EDGE('',*,*,#1085,.T.);
#372=ORIENTED_EDGE('',*,*,#1091,.T.);
#373=ORIENTED_EDGE('',*,*,#1092,.F.);
#374=ORIENTED_EDGE('',*,*,#1093,.F.);
#375=ORIENTED_EDGE('',*,*,#1089,.T.);
#376=ORIENTED_EDGE('',*,*,#1094,.T.);
#377=ORIENTED_EDGE('',*,*,#1095,.F.);
#378=ORIENTED_EDGE('',*,*,#1096,.F.);
#379=ORIENTED_EDGE('',*,*,#1097,.F.);
#380=ORIENTED_EDGE('',*,*,#1092,.T.);
#381=ORIENTED_EDGE('',*,*,#968,.F.);
#382=ORIENTED_EDGE('',*,*,#1098,.F.);
#383=ORIENTED_EDGE('',*,*,#1099,.T.);
#384=ORIENTED_EDGE('',*,*,#1095,.T.);
#385=ORIENTED_EDGE('',*,*,#1100,.F.);
#386=ORIENTED_EDGE('',*,*,#967,.T.);
#387=ORIENTED_EDGE('',*,*,#975,.T.);
#388=ORIENTED_EDGE('',*,*,#1101,.F.);
#389=ORIENTED_EDGE('',*,*,#1102,.F.);
#390=ORIENTED_EDGE('',*,*,#1098,.T.);
#391=ORIENTED_EDGE('',*,*,#991,.T.);
#392=ORIENTED_EDGE('',*,*,#1103,.F.);
#393=ORIENTED_EDGE('',*,*,#1104,.F.);
#394=ORIENTED_EDGE('',*,*,#1101,.T.);
#395=ORIENTED_EDGE('',*,*,#990,.T.);
#396=ORIENTED_EDGE('',*,*,#1105,.F.);
#397=ORIENTED_EDGE('',*,*,#1106,.F.);
#398=ORIENTED_EDGE('',*,*,#1103,.T.);
#399=ORIENTED_EDGE('',*,*,#989,.F.);
#400=ORIENTED_EDGE('',*,*,#1107,.F.);
#401=ORIENTED_EDGE('',*,*,#1108,.T.);
#402=ORIENTED_EDGE('',*,*,#1109,.F.);
#403=ORIENTED_EDGE('',*,*,#1105,.T.);
#404=ORIENTED_EDGE('',*,*,#988,.T.);
#405=ORIENTED_EDGE('',*,*,#1110,.F.);
#406=ORIENTED_EDGE('',*,*,#1111,.F.);
#407=ORIENTED_EDGE('',*,*,#1107,.T.);
#408=ORIENTED_EDGE('',*,*,#987,.T.);
#409=ORIENTED_EDGE('',*,*,#1112,.F.);
#410=ORIENTED_EDGE('',*,*,#1113,.F.);
#411=ORIENTED_EDGE('',*,*,#1114,.F.);
#412=ORIENTED_EDGE('',*,*,#1110,.T.);
#413=ORIENTED_EDGE('',*,*,#986,.T.);
#414=ORIENTED_EDGE('',*,*,#1115,.F.);
#415=ORIENTED_EDGE('',*,*,#1116,.F.);
#416=ORIENTED_EDGE('',*,*,#1112,.T.);
#417=ORIENTED_EDGE('',*,*,#985,.F.);
#418=ORIENTED_EDGE('',*,*,#1117,.F.);
#419=ORIENTED_EDGE('',*,*,#1118,.T.);
#420=ORIENTED_EDGE('',*,*,#1115,.T.);
#421=ORIENTED_EDGE('',*,*,#984,.T.);
#422=ORIENTED_EDGE('',*,*,#1119,.F.);
#423=ORIENTED_EDGE('',*,*,#1120,.F.);
#424=ORIENTED_EDGE('',*,*,#1117,.T.);
#425=ORIENTED_EDGE('',*,*,#983,.T.);
#426=ORIENTED_EDGE('',*,*,#1121,.F.);
#427=ORIENTED_EDGE('',*,*,#1122,.F.);
#428=ORIENTED_EDGE('',*,*,#1119,.T.);
#429=ORIENTED_EDGE('',*,*,#982,.T.);
#430=ORIENTED_EDGE('',*,*,#1123,.F.);
#431=ORIENTED_EDGE('',*,*,#1124,.F.);
#432=ORIENTED_EDGE('',*,*,#1125,.F.);
#433=ORIENTED_EDGE('',*,*,#1121,.T.);
#434=ORIENTED_EDGE('',*,*,#981,.F.);
#435=ORIENTED_EDGE('',*,*,#1126,.F.);
#436=ORIENTED_EDGE('',*,*,#1127,.T.);
#437=ORIENTED_EDGE('',*,*,#1123,.T.);
#438=ORIENTED_EDGE('',*,*,#980,.T.);
#439=ORIENTED_EDGE('',*,*,#1128,.F.);
#440=ORIENTED_EDGE('',*,*,#1129,.F.);
#441=ORIENTED_EDGE('',*,*,#1126,.T.);
#442=ORIENTED_EDGE('',*,*,#979,.T.);
#443=ORIENTED_EDGE('',*,*,#1130,.F.);
#444=ORIENTED_EDGE('',*,*,#1131,.F.);
#445=ORIENTED_EDGE('',*,*,#1132,.F.);
#446=ORIENTED_EDGE('',*,*,#1128,.T.);
#447=ORIENTED_EDGE('',*,*,#978,.T.);
#448=ORIENTED_EDGE('',*,*,#1133,.F.);
#449=ORIENTED_EDGE('',*,*,#1134,.F.);
#450=ORIENTED_EDGE('',*,*,#1135,.F.);
#451=ORIENTED_EDGE('',*,*,#1130,.T.);
#452=ORIENTED_EDGE('',*,*,#977,.F.);
#453=ORIENTED_EDGE('',*,*,#1136,.F.);
#454=ORIENTED_EDGE('',*,*,#1137,.T.);
#455=ORIENTED_EDGE('',*,*,#1133,.T.);
#456=ORIENTED_EDGE('',*,*,#976,.T.);
#457=ORIENTED_EDGE('',*,*,#938,.T.);
#458=ORIENTED_EDGE('',*,*,#1138,.F.);
#459=ORIENTED_EDGE('',*,*,#1139,.F.);
#460=ORIENTED_EDGE('',*,*,#1136,.T.);
#461=ORIENTED_EDGE('',*,*,#937,.T.);
#462=ORIENTED_EDGE('',*,*,#1140,.T.);
#463=ORIENTED_EDGE('',*,*,#1141,.F.);
#464=ORIENTED_EDGE('',*,*,#1142,.F.);
#465=ORIENTED_EDGE('',*,*,#1138,.T.);
#466=ORIENTED_EDGE('',*,*,#1143,.T.);
#467=ORIENTED_EDGE('',*,*,#1144,.F.);
#468=ORIENTED_EDGE('',*,*,#1145,.F.);
#469=ORIENTED_EDGE('',*,*,#1146,.F.);
#470=ORIENTED_EDGE('',*,*,#1141,.T.);
#471=ORIENTED_EDGE('',*,*,#1147,.F.);
#472=ORIENTED_EDGE('',*,*,#1148,.F.);
#473=ORIENTED_EDGE('',*,*,#1149,.T.);
#474=ORIENTED_EDGE('',*,*,#1144,.T.);
#475=ORIENTED_EDGE('',*,*,#1150,.T.);
#476=ORIENTED_EDGE('',*,*,#1151,.F.);
#477=ORIENTED_EDGE('',*,*,#1152,.F.);
#478=ORIENTED_EDGE('',*,*,#1148,.T.);
#479=ORIENTED_EDGE('',*,*,#1153,.T.);
#480=ORIENTED_EDGE('',*,*,#1154,.F.);
#481=ORIENTED_EDGE('',*,*,#1155,.F.);
#482=ORIENTED_EDGE('',*,*,#1151,.T.);
#483=ORIENTED_EDGE('',*,*,#1156,.T.);
#484=ORIENTED_EDGE('',*,*,#1157,.F.);
#485=ORIENTED_EDGE('',*,*,#1158,.F.);
#486=ORIENTED_EDGE('',*,*,#1159,.F.);
#487=ORIENTED_EDGE('',*,*,#1154,.T.);
#488=ORIENTED_EDGE('',*,*,#1160,.F.);
#489=ORIENTED_EDGE('',*,*,#1161,.F.);
#490=ORIENTED_EDGE('',*,*,#1162,.T.);
#491=ORIENTED_EDGE('',*,*,#1157,.T.);
#492=ORIENTED_EDGE('',*,*,#1163,.T.);
#493=ORIENTED_EDGE('',*,*,#1164,.F.);
#494=ORIENTED_EDGE('',*,*,#1165,.F.);
#495=ORIENTED_EDGE('',*,*,#1161,.T.);
#496=ORIENTED_EDGE('',*,*,#1166,.T.);
#497=ORIENTED_EDGE('',*,*,#1167,.F.);
#498=ORIENTED_EDGE('',*,*,#1168,.F.);
#499=ORIENTED_EDGE('',*,*,#1164,.T.);
#500=ORIENTED_EDGE('',*,*,#1169,.T.);
#501=ORIENTED_EDGE('',*,*,#995,.F.);
#502=ORIENTED_EDGE('',*,*,#1170,.F.);
#503=ORIENTED_EDGE('',*,*,#1171,.F.);
#504=ORIENTED_EDGE('',*,*,#1167,.T.);
#505=ORIENTED_EDGE('',*,*,#957,.F.);
#506=ORIENTED_EDGE('',*,*,#969,.F.);
#507=ORIENTED_EDGE('',*,*,#943,.T.);
#508=ORIENTED_EDGE('',*,*,#1100,.T.);
#509=ORIENTED_EDGE('',*,*,#1094,.F.);
#510=ORIENTED_EDGE('',*,*,#1091,.F.);
#511=ORIENTED_EDGE('',*,*,#1088,.F.);
#512=ORIENTED_EDGE('',*,*,#1084,.T.);
#513=ORIENTED_EDGE('',*,*,#1080,.F.);
#514=ORIENTED_EDGE('',*,*,#1077,.F.);
#515=ORIENTED_EDGE('',*,*,#1074,.F.);
#516=ORIENTED_EDGE('',*,*,#1071,.T.);
#517=ORIENTED_EDGE('',*,*,#1067,.F.);
#518=ORIENTED_EDGE('',*,*,#1063,.F.);
#519=ORIENTED_EDGE('',*,*,#1060,.F.);
#520=ORIENTED_EDGE('',*,*,#1057,.T.);
#521=ORIENTED_EDGE('',*,*,#1054,.F.);
#522=ORIENTED_EDGE('',*,*,#1051,.F.);
#523=ORIENTED_EDGE('',*,*,#1048,.F.);
#524=ORIENTED_EDGE('',*,*,#1045,.T.);
#525=ORIENTED_EDGE('',*,*,#1042,.F.);
#526=ORIENTED_EDGE('',*,*,#1038,.F.);
#527=ORIENTED_EDGE('',*,*,#1035,.F.);
#528=ORIENTED_EDGE('',*,*,#1032,.T.);
#529=ORIENTED_EDGE('',*,*,#1029,.F.);
#530=ORIENTED_EDGE('',*,*,#1026,.F.);
#531=ORIENTED_EDGE('',*,*,#1023,.F.);
#532=ORIENTED_EDGE('',*,*,#1020,.T.);
#533=ORIENTED_EDGE('',*,*,#1016,.F.);
#534=ORIENTED_EDGE('',*,*,#1013,.F.);
#535=ORIENTED_EDGE('',*,*,#1010,.F.);
#536=ORIENTED_EDGE('',*,*,#1006,.T.);
#537=ORIENTED_EDGE('',*,*,#1003,.F.);
#538=ORIENTED_EDGE('',*,*,#999,.F.);
#539=ORIENTED_EDGE('',*,*,#996,.F.);
#540=ORIENTED_EDGE('',*,*,#992,.T.);
#541=ORIENTED_EDGE('',*,*,#1169,.F.);
#542=ORIENTED_EDGE('',*,*,#1166,.F.);
#543=ORIENTED_EDGE('',*,*,#1163,.F.);
#544=ORIENTED_EDGE('',*,*,#1160,.T.);
#545=ORIENTED_EDGE('',*,*,#1156,.F.);
#546=ORIENTED_EDGE('',*,*,#1153,.F.);
#547=ORIENTED_EDGE('',*,*,#1150,.F.);
#548=ORIENTED_EDGE('',*,*,#1147,.T.);
#549=ORIENTED_EDGE('',*,*,#1143,.F.);
#550=ORIENTED_EDGE('',*,*,#1140,.F.);
#551=ORIENTED_EDGE('',*,*,#1172,.F.);
#552=ORIENTED_EDGE('',*,*,#1173,.F.);
#553=ORIENTED_EDGE('',*,*,#1025,.T.);
#554=ORIENTED_EDGE('',*,*,#1174,.T.);
#555=ORIENTED_EDGE('',*,*,#1173,.T.);
#556=ORIENTED_EDGE('',*,*,#1175,.F.);
#557=ORIENTED_EDGE('',*,*,#1176,.F.);
#558=ORIENTED_EDGE('',*,*,#1022,.F.);
#559=ORIENTED_EDGE('',*,*,#1176,.T.);
#560=ORIENTED_EDGE('',*,*,#1177,.F.);
#561=ORIENTED_EDGE('',*,*,#1178,.F.);
#562=ORIENTED_EDGE('',*,*,#1018,.T.);
#563=ORIENTED_EDGE('',*,*,#1178,.T.);
#564=ORIENTED_EDGE('',*,*,#1179,.F.);
#565=ORIENTED_EDGE('',*,*,#1180,.F.);
#566=ORIENTED_EDGE('',*,*,#1019,.T.);
#567=ORIENTED_EDGE('',*,*,#1180,.T.);
#568=ORIENTED_EDGE('',*,*,#1181,.F.);
#569=ORIENTED_EDGE('',*,*,#1182,.F.);
#570=ORIENTED_EDGE('',*,*,#1015,.T.);
#571=ORIENTED_EDGE('',*,*,#1182,.T.);
#572=ORIENTED_EDGE('',*,*,#1183,.F.);
#573=ORIENTED_EDGE('',*,*,#1184,.F.);
#574=ORIENTED_EDGE('',*,*,#1012,.T.);
#575=ORIENTED_EDGE('',*,*,#1184,.T.);
#576=ORIENTED_EDGE('',*,*,#1185,.F.);
#577=ORIENTED_EDGE('',*,*,#1186,.F.);
#578=ORIENTED_EDGE('',*,*,#1008,.F.);
#579=ORIENTED_EDGE('',*,*,#1186,.T.);
#580=ORIENTED_EDGE('',*,*,#1187,.F.);
#581=ORIENTED_EDGE('',*,*,#1188,.F.);
#582=ORIENTED_EDGE('',*,*,#1009,.T.);
#583=ORIENTED_EDGE('',*,*,#1005,.T.);
#584=ORIENTED_EDGE('',*,*,#1188,.T.);
#585=ORIENTED_EDGE('',*,*,#1189,.F.);
#586=ORIENTED_EDGE('',*,*,#1190,.F.);
#587=ORIENTED_EDGE('',*,*,#1190,.T.);
#588=ORIENTED_EDGE('',*,*,#1191,.F.);
#589=ORIENTED_EDGE('',*,*,#1192,.F.);
#590=ORIENTED_EDGE('',*,*,#1001,.T.);
#591=ORIENTED_EDGE('',*,*,#1192,.T.);
#592=ORIENTED_EDGE('',*,*,#1193,.F.);
#593=ORIENTED_EDGE('',*,*,#1194,.F.);
#594=ORIENTED_EDGE('',*,*,#1002,.T.);
#595=ORIENTED_EDGE('',*,*,#1194,.T.);
#596=ORIENTED_EDGE('',*,*,#1195,.F.);
#597=ORIENTED_EDGE('',*,*,#1196,.F.);
#598=ORIENTED_EDGE('',*,*,#998,.T.);
#599=ORIENTED_EDGE('',*,*,#1196,.T.);
#600=ORIENTED_EDGE('',*,*,#1197,.F.);
#601=ORIENTED_EDGE('',*,*,#1198,.F.);
#602=ORIENTED_EDGE('',*,*,#994,.F.);
#603=ORIENTED_EDGE('',*,*,#1198,.T.);
#604=ORIENTED_EDGE('',*,*,#1199,.F.);
#605=ORIENTED_EDGE('',*,*,#1200,.F.);
#606=ORIENTED_EDGE('',*,*,#1170,.T.);
#607=ORIENTED_EDGE('',*,*,#1200,.T.);
#608=ORIENTED_EDGE('',*,*,#1201,.F.);
#609=ORIENTED_EDGE('',*,*,#1202,.F.);
#610=ORIENTED_EDGE('',*,*,#1171,.T.);
#611=ORIENTED_EDGE('',*,*,#1202,.T.);
#612=ORIENTED_EDGE('',*,*,#1203,.F.);
#613=ORIENTED_EDGE('',*,*,#1204,.F.);
#614=ORIENTED_EDGE('',*,*,#1168,.T.);
#615=ORIENTED_EDGE('',*,*,#1204,.T.);
#616=ORIENTED_EDGE('',*,*,#1205,.F.);
#617=ORIENTED_EDGE('',*,*,#1206,.F.);
#618=ORIENTED_EDGE('',*,*,#1165,.T.);
#619=ORIENTED_EDGE('',*,*,#1206,.T.);
#620=ORIENTED_EDGE('',*,*,#1207,.F.);
#621=ORIENTED_EDGE('',*,*,#1208,.F.);
#622=ORIENTED_EDGE('',*,*,#1162,.F.);
#623=ORIENTED_EDGE('',*,*,#1208,.T.);
#624=ORIENTED_EDGE('',*,*,#1209,.F.);
#625=ORIENTED_EDGE('',*,*,#1210,.F.);
#626=ORIENTED_EDGE('',*,*,#1158,.T.);
#627=ORIENTED_EDGE('',*,*,#1210,.T.);
#628=ORIENTED_EDGE('',*,*,#1211,.F.);
#629=ORIENTED_EDGE('',*,*,#1212,.F.);
#630=ORIENTED_EDGE('',*,*,#1159,.T.);
#631=ORIENTED_EDGE('',*,*,#1212,.T.);
#632=ORIENTED_EDGE('',*,*,#1213,.F.);
#633=ORIENTED_EDGE('',*,*,#1214,.F.);
#634=ORIENTED_EDGE('',*,*,#1155,.T.);
#635=ORIENTED_EDGE('',*,*,#1214,.T.);
#636=ORIENTED_EDGE('',*,*,#1215,.F.);
#637=ORIENTED_EDGE('',*,*,#1216,.F.);
#638=ORIENTED_EDGE('',*,*,#1152,.T.);
#639=ORIENTED_EDGE('',*,*,#1216,.T.);
#640=ORIENTED_EDGE('',*,*,#1217,.F.);
#641=ORIENTED_EDGE('',*,*,#1218,.F.);
#642=ORIENTED_EDGE('',*,*,#1149,.F.);
#643=ORIENTED_EDGE('',*,*,#1218,.T.);
#644=ORIENTED_EDGE('',*,*,#1219,.F.);
#645=ORIENTED_EDGE('',*,*,#1220,.F.);
#646=ORIENTED_EDGE('',*,*,#1145,.T.);
#647=ORIENTED_EDGE('',*,*,#1220,.T.);
#648=ORIENTED_EDGE('',*,*,#1221,.F.);
#649=ORIENTED_EDGE('',*,*,#1222,.F.);
#650=ORIENTED_EDGE('',*,*,#1146,.T.);
#651=ORIENTED_EDGE('',*,*,#1222,.T.);
#652=ORIENTED_EDGE('',*,*,#1223,.F.);
#653=ORIENTED_EDGE('',*,*,#1224,.F.);
#654=ORIENTED_EDGE('',*,*,#1142,.T.);
#655=ORIENTED_EDGE('',*,*,#1224,.T.);
#656=ORIENTED_EDGE('',*,*,#1225,.F.);
#657=ORIENTED_EDGE('',*,*,#1226,.F.);
#658=ORIENTED_EDGE('',*,*,#1139,.T.);
#659=ORIENTED_EDGE('',*,*,#1137,.F.);
#660=ORIENTED_EDGE('',*,*,#1226,.T.);
#661=ORIENTED_EDGE('',*,*,#1227,.F.);
#662=ORIENTED_EDGE('',*,*,#1228,.F.);
#663=ORIENTED_EDGE('',*,*,#1228,.T.);
#664=ORIENTED_EDGE('',*,*,#1229,.F.);
#665=ORIENTED_EDGE('',*,*,#1230,.F.);
#666=ORIENTED_EDGE('',*,*,#1134,.T.);
#667=ORIENTED_EDGE('',*,*,#1230,.T.);
#668=ORIENTED_EDGE('',*,*,#1231,.F.);
#669=ORIENTED_EDGE('',*,*,#1232,.F.);
#670=ORIENTED_EDGE('',*,*,#1135,.T.);
#671=ORIENTED_EDGE('',*,*,#1232,.T.);
#672=ORIENTED_EDGE('',*,*,#1233,.F.);
#673=ORIENTED_EDGE('',*,*,#1234,.F.);
#674=ORIENTED_EDGE('',*,*,#1131,.T.);
#675=ORIENTED_EDGE('',*,*,#1234,.T.);
#676=ORIENTED_EDGE('',*,*,#1235,.F.);
#677=ORIENTED_EDGE('',*,*,#1236,.F.);
#678=ORIENTED_EDGE('',*,*,#1132,.T.);
#679=ORIENTED_EDGE('',*,*,#1236,.T.);
#680=ORIENTED_EDGE('',*,*,#1237,.F.);
#681=ORIENTED_EDGE('',*,*,#1238,.F.);
#682=ORIENTED_EDGE('',*,*,#1129,.T.);
#683=ORIENTED_EDGE('',*,*,#1238,.T.);
#684=ORIENTED_EDGE('',*,*,#1239,.F.);
#685=ORIENTED_EDGE('',*,*,#1240,.F.);
#686=ORIENTED_EDGE('',*,*,#1127,.F.);
#687=ORIENTED_EDGE('',*,*,#1240,.T.);
#688=ORIENTED_EDGE('',*,*,#1241,.F.);
#689=ORIENTED_EDGE('',*,*,#1242,.F.);
#690=ORIENTED_EDGE('',*,*,#1124,.T.);
#691=ORIENTED_EDGE('',*,*,#1242,.T.);
#692=ORIENTED_EDGE('',*,*,#1243,.F.);
#693=ORIENTED_EDGE('',*,*,#1244,.F.);
#694=ORIENTED_EDGE('',*,*,#1125,.T.);
#695=ORIENTED_EDGE('',*,*,#1244,.T.);
#696=ORIENTED_EDGE('',*,*,#1245,.F.);
#697=ORIENTED_EDGE('',*,*,#1246,.F.);
#698=ORIENTED_EDGE('',*,*,#1122,.T.);
#699=ORIENTED_EDGE('',*,*,#1246,.T.);
#700=ORIENTED_EDGE('',*,*,#1247,.F.);
#701=ORIENTED_EDGE('',*,*,#1248,.F.);
#702=ORIENTED_EDGE('',*,*,#1120,.T.);
#703=ORIENTED_EDGE('',*,*,#1248,.T.);
#704=ORIENTED_EDGE('',*,*,#1249,.F.);
#705=ORIENTED_EDGE('',*,*,#1250,.F.);
#706=ORIENTED_EDGE('',*,*,#1118,.F.);
#707=ORIENTED_EDGE('',*,*,#1250,.T.);
#708=ORIENTED_EDGE('',*,*,#1251,.F.);
#709=ORIENTED_EDGE('',*,*,#1252,.F.);
#710=ORIENTED_EDGE('',*,*,#1116,.T.);
#711=ORIENTED_EDGE('',*,*,#1252,.T.);
#712=ORIENTED_EDGE('',*,*,#1253,.F.);
#713=ORIENTED_EDGE('',*,*,#1254,.F.);
#714=ORIENTED_EDGE('',*,*,#1113,.T.);
#715=ORIENTED_EDGE('',*,*,#1254,.T.);
#716=ORIENTED_EDGE('',*,*,#1255,.F.);
#717=ORIENTED_EDGE('',*,*,#1256,.F.);
#718=ORIENTED_EDGE('',*,*,#1114,.T.);
#719=ORIENTED_EDGE('',*,*,#1256,.T.);
#720=ORIENTED_EDGE('',*,*,#1257,.F.);
#721=ORIENTED_EDGE('',*,*,#1258,.F.);
#722=ORIENTED_EDGE('',*,*,#1111,.T.);
#723=ORIENTED_EDGE('',*,*,#1258,.T.);
#724=ORIENTED_EDGE('',*,*,#1259,.F.);
#725=ORIENTED_EDGE('',*,*,#1260,.F.);
#726=ORIENTED_EDGE('',*,*,#1108,.F.);
#727=ORIENTED_EDGE('',*,*,#1260,.T.);
#728=ORIENTED_EDGE('',*,*,#1261,.F.);
#729=ORIENTED_EDGE('',*,*,#1262,.F.);
#730=ORIENTED_EDGE('',*,*,#1109,.T.);
#731=ORIENTED_EDGE('',*,*,#1262,.T.);
#732=ORIENTED_EDGE('',*,*,#1263,.F.);
#733=ORIENTED_EDGE('',*,*,#1264,.F.);
#734=ORIENTED_EDGE('',*,*,#1106,.T.);
#735=ORIENTED_EDGE('',*,*,#1264,.T.);
#736=ORIENTED_EDGE('',*,*,#1265,.F.);
#737=ORIENTED_EDGE('',*,*,#1266,.F.);
#738=ORIENTED_EDGE('',*,*,#1104,.T.);
#739=ORIENTED_EDGE('',*,*,#1266,.T.);
#740=ORIENTED_EDGE('',*,*,#1267,.F.);
#741=ORIENTED_EDGE('',*,*,#1268,.F.);
#742=ORIENTED_EDGE('',*,*,#1102,.T.);
#743=ORIENTED_EDGE('',*,*,#1268,.T.);
#744=ORIENTED_EDGE('',*,*,#1269,.F.);
#745=ORIENTED_EDGE('',*,*,#1270,.F.);
#746=ORIENTED_EDGE('',*,*,#1099,.F.);
#747=ORIENTED_EDGE('',*,*,#1270,.T.);
#748=ORIENTED_EDGE('',*,*,#1271,.F.);
#749=ORIENTED_EDGE('',*,*,#1272,.F.);
#750=ORIENTED_EDGE('',*,*,#1096,.T.);
#751=ORIENTED_EDGE('',*,*,#1272,.T.);
#752=ORIENTED_EDGE('',*,*,#1273,.F.);
#753=ORIENTED_EDGE('',*,*,#1274,.F.);
#754=ORIENTED_EDGE('',*,*,#1097,.T.);
#755=ORIENTED_EDGE('',*,*,#1274,.T.);
#756=ORIENTED_EDGE('',*,*,#1275,.F.);
#757=ORIENTED_EDGE('',*,*,#1276,.F.);
#758=ORIENTED_EDGE('',*,*,#1093,.T.);
#759=ORIENTED_EDGE('',*,*,#1276,.T.);
#760=ORIENTED_EDGE('',*,*,#1277,.F.);
#761=ORIENTED_EDGE('',*,*,#1278,.F.);
#762=ORIENTED_EDGE('',*,*,#1090,.T.);
#763=ORIENTED_EDGE('',*,*,#1278,.T.);
#764=ORIENTED_EDGE('',*,*,#1279,.F.);
#765=ORIENTED_EDGE('',*,*,#1280,.F.);
#766=ORIENTED_EDGE('',*,*,#1086,.F.);
#767=ORIENTED_EDGE('',*,*,#1280,.T.);
#768=ORIENTED_EDGE('',*,*,#1281,.F.);
#769=ORIENTED_EDGE('',*,*,#1282,.F.);
#770=ORIENTED_EDGE('',*,*,#1087,.T.);
#771=ORIENTED_EDGE('',*,*,#1282,.T.);
#772=ORIENTED_EDGE('',*,*,#1283,.F.);
#773=ORIENTED_EDGE('',*,*,#1284,.F.);
#774=ORIENTED_EDGE('',*,*,#1082,.T.);
#775=ORIENTED_EDGE('',*,*,#1284,.T.);
#776=ORIENTED_EDGE('',*,*,#1285,.F.);
#777=ORIENTED_EDGE('',*,*,#1286,.F.);
#778=ORIENTED_EDGE('',*,*,#1083,.T.);
#779=ORIENTED_EDGE('',*,*,#1286,.T.);
#780=ORIENTED_EDGE('',*,*,#1287,.F.);
#781=ORIENTED_EDGE('',*,*,#1288,.F.);
#782=ORIENTED_EDGE('',*,*,#1079,.T.);
#783=ORIENTED_EDGE('',*,*,#1288,.T.);
#784=ORIENTED_EDGE('',*,*,#1289,.F.);
#785=ORIENTED_EDGE('',*,*,#1290,.F.);
#786=ORIENTED_EDGE('',*,*,#1076,.T.);
#787=ORIENTED_EDGE('',*,*,#1290,.T.);
#788=ORIENTED_EDGE('',*,*,#1291,.F.);
#789=ORIENTED_EDGE('',*,*,#1292,.F.);
#790=ORIENTED_EDGE('',*,*,#1073,.F.);
#791=ORIENTED_EDGE('',*,*,#1292,.T.);
#792=ORIENTED_EDGE('',*,*,#1293,.F.);
#793=ORIENTED_EDGE('',*,*,#1294,.F.);
#794=ORIENTED_EDGE('',*,*,#1069,.T.);
#795=ORIENTED_EDGE('',*,*,#1294,.T.);
#796=ORIENTED_EDGE('',*,*,#1295,.F.);
#797=ORIENTED_EDGE('',*,*,#1296,.F.);
#798=ORIENTED_EDGE('',*,*,#1070,.T.);
#799=ORIENTED_EDGE('',*,*,#1296,.T.);
#800=ORIENTED_EDGE('',*,*,#1297,.F.);
#801=ORIENTED_EDGE('',*,*,#1298,.F.);
#802=ORIENTED_EDGE('',*,*,#1065,.T.);
#803=ORIENTED_EDGE('',*,*,#1298,.T.);
#804=ORIENTED_EDGE('',*,*,#1299,.F.);
#805=ORIENTED_EDGE('',*,*,#1300,.F.);
#806=ORIENTED_EDGE('',*,*,#1066,.T.);
#807=ORIENTED_EDGE('',*,*,#1300,.T.);
#808=ORIENTED_EDGE('',*,*,#1301,.F.);
#809=ORIENTED_EDGE('',*,*,#1302,.F.);
#810=ORIENTED_EDGE('',*,*,#1062,.T.);
#811=ORIENTED_EDGE('',*,*,#1302,.T.);
#812=ORIENTED_EDGE('',*,*,#1303,.F.);
#813=ORIENTED_EDGE('',*,*,#1304,.F.);
#814=ORIENTED_EDGE('',*,*,#1059,.F.);
#815=ORIENTED_EDGE('',*,*,#1056,.T.);
#816=ORIENTED_EDGE('',*,*,#1304,.T.);
#817=ORIENTED_EDGE('',*,*,#1305,.F.);
#818=ORIENTED_EDGE('',*,*,#1306,.F.);
#819=ORIENTED_EDGE('',*,*,#1306,.T.);
#820=ORIENTED_EDGE('',*,*,#1307,.F.);
#821=ORIENTED_EDGE('',*,*,#1308,.F.);
#822=ORIENTED_EDGE('',*,*,#1053,.T.);
#823=ORIENTED_EDGE('',*,*,#1308,.T.);
#824=ORIENTED_EDGE('',*,*,#1309,.F.);
#825=ORIENTED_EDGE('',*,*,#1310,.F.);
#826=ORIENTED_EDGE('',*,*,#1050,.T.);
#827=ORIENTED_EDGE('',*,*,#1310,.T.);
#828=ORIENTED_EDGE('',*,*,#1311,.F.);
#829=ORIENTED_EDGE('',*,*,#1312,.F.);
#830=ORIENTED_EDGE('',*,*,#1047,.F.);
#831=ORIENTED_EDGE('',*,*,#1312,.T.);
#832=ORIENTED_EDGE('',*,*,#1313,.F.);
#833=ORIENTED_EDGE('',*,*,#1314,.F.);
#834=ORIENTED_EDGE('',*,*,#1044,.T.);
#835=ORIENTED_EDGE('',*,*,#1314,.T.);
#836=ORIENTED_EDGE('',*,*,#1315,.F.);
#837=ORIENTED_EDGE('',*,*,#1316,.F.);
#838=ORIENTED_EDGE('',*,*,#1040,.T.);
#839=ORIENTED_EDGE('',*,*,#1316,.T.);
#840=ORIENTED_EDGE('',*,*,#1317,.F.);
#841=ORIENTED_EDGE('',*,*,#1318,.F.);
#842=ORIENTED_EDGE('',*,*,#1041,.T.);
#843=ORIENTED_EDGE('',*,*,#1318,.T.);
#844=ORIENTED_EDGE('',*,*,#1319,.F.);
#845=ORIENTED_EDGE('',*,*,#1320,.F.);
#846=ORIENTED_EDGE('',*,*,#1037,.T.);
#847=ORIENTED_EDGE('',*,*,#1320,.T.);
#848=ORIENTED_EDGE('',*,*,#1321,.F.);
#849=ORIENTED_EDGE('',*,*,#1322,.F.);
#850=ORIENTED_EDGE('',*,*,#1034,.F.);
#851=ORIENTED_EDGE('',*,*,#1322,.T.);
#852=ORIENTED_EDGE('',*,*,#1323,.F.);
#853=ORIENTED_EDGE('',*,*,#1324,.F.);
#854=ORIENTED_EDGE('',*,*,#1031,.T.);
#855=ORIENTED_EDGE('',*,*,#1324,.T.);
#856=ORIENTED_EDGE('',*,*,#1325,.F.);
#857=ORIENTED_EDGE('',*,*,#1174,.F.);
#858=ORIENTED_EDGE('',*,*,#1028,.T.);
#859=ORIENTED_EDGE('',*,*,#974,.F.);
#860=ORIENTED_EDGE('',*,*,#1207,.T.);
#861=ORIENTED_EDGE('',*,*,#1205,.T.);
#862=ORIENTED_EDGE('',*,*,#1203,.T.);
#863=ORIENTED_EDGE('',*,*,#1201,.T.);
#864=ORIENTED_EDGE('',*,*,#1199,.T.);
#865=ORIENTED_EDGE('',*,*,#1197,.T.);
#866=ORIENTED_EDGE('',*,*,#1195,.T.);
#867=ORIENTED_EDGE('',*,*,#1193,.T.);
#868=ORIENTED_EDGE('',*,*,#1191,.T.);
#869=ORIENTED_EDGE('',*,*,#1189,.T.);
#870=ORIENTED_EDGE('',*,*,#1187,.T.);
#871=ORIENTED_EDGE('',*,*,#1185,.T.);
#872=ORIENTED_EDGE('',*,*,#1183,.T.);
#873=ORIENTED_EDGE('',*,*,#1181,.T.);
#874=ORIENTED_EDGE('',*,*,#1179,.T.);
#875=ORIENTED_EDGE('',*,*,#1177,.T.);
#876=ORIENTED_EDGE('',*,*,#1175,.T.);
#877=ORIENTED_EDGE('',*,*,#1172,.T.);
#878=ORIENTED_EDGE('',*,*,#1325,.T.);
#879=ORIENTED_EDGE('',*,*,#1323,.T.);
#880=ORIENTED_EDGE('',*,*,#1321,.T.);
#881=ORIENTED_EDGE('',*,*,#1319,.T.);
#882=ORIENTED_EDGE('',*,*,#1317,.T.);
#883=ORIENTED_EDGE('',*,*,#1315,.T.);
#884=ORIENTED_EDGE('',*,*,#1313,.T.);
#885=ORIENTED_EDGE('',*,*,#1311,.T.);
#886=ORIENTED_EDGE('',*,*,#1309,.T.);
#887=ORIENTED_EDGE('',*,*,#1307,.T.);
#888=ORIENTED_EDGE('',*,*,#1305,.T.);
#889=ORIENTED_EDGE('',*,*,#1303,.T.);
#890=ORIENTED_EDGE('',*,*,#1301,.T.);
#891=ORIENTED_EDGE('',*,*,#1299,.T.);
#892=ORIENTED_EDGE('',*,*,#1297,.T.);
#893=ORIENTED_EDGE('',*,*,#1295,.T.);
#894=ORIENTED_EDGE('',*,*,#1293,.T.);
#895=ORIENTED_EDGE('',*,*,#1291,.T.);
#896=ORIENTED_EDGE('',*,*,#1289,.T.);
#897=ORIENTED_EDGE('',*,*,#1287,.T.);
#898=ORIENTED_EDGE('',*,*,#1285,.T.);
#899=ORIENTED_EDGE('',*,*,#1283,.T.);
#900=ORIENTED_EDGE('',*,*,#1281,.T.);
#901=ORIENTED_EDGE('',*,*,#1279,.T.);
#902=ORIENTED_EDGE('',*,*,#1277,.T.);
#903=ORIENTED_EDGE('',*,*,#1275,.T.);
#904=ORIENTED_EDGE('',*,*,#1273,.T.);
#905=ORIENTED_EDGE('',*,*,#1271,.T.);
#906=ORIENTED_EDGE('',*,*,#1269,.T.);
#907=ORIENTED_EDGE('',*,*,#1267,.T.);
#908=ORIENTED_EDGE('',*,*,#1265,.T.);
#909=ORIENTED_EDGE('',*,*,#1263,.T.);
#910=ORIENTED_EDGE('',*,*,#1261,.T.);
#911=ORIENTED_EDGE('',*,*,#1259,.T.);
#912=ORIENTED_EDGE('',*,*,#1257,.T.);
#913=ORIENTED_EDGE('',*,*,#1255,.T.);
#914=ORIENTED_EDGE('',*,*,#1253,.T.);
#915=ORIENTED_EDGE('',*,*,#1251,.T.);
#916=ORIENTED_EDGE('',*,*,#1249,.T.);
#917=ORIENTED_EDGE('',*,*,#1247,.T.);
#918=ORIENTED_EDGE('',*,*,#1245,.T.);
#919=ORIENTED_EDGE('',*,*,#1243,.T.);
#920=ORIENTED_EDGE('',*,*,#1241,.T.);
#921=ORIENTED_EDGE('',*,*,#1239,.T.);
#922=ORIENTED_EDGE('',*,*,#1237,.T.);
#923=ORIENTED_EDGE('',*,*,#1235,.T.);
#924=ORIENTED_EDGE('',*,*,#1233,.T.);
#925=ORIENTED_EDGE('',*,*,#1231,.T.);
#926=ORIENTED_EDGE('',*,*,#1229,.T.);
#927=ORIENTED_EDGE('',*,*,#1227,.T.);
#928=ORIENTED_EDGE('',*,*,#1225,.T.);
#929=ORIENTED_EDGE('',*,*,#1223,.T.);
#930=ORIENTED_EDGE('',*,*,#1221,.T.);
#931=ORIENTED_EDGE('',*,*,#1219,.T.);
#932=ORIENTED_EDGE('',*,*,#1217,.T.);
#933=ORIENTED_EDGE('',*,*,#1215,.T.);
#934=ORIENTED_EDGE('',*,*,#1213,.T.);
#935=ORIENTED_EDGE('',*,*,#1211,.T.);
#936=ORIENTED_EDGE('',*,*,#1209,.T.);
#937=EDGE_CURVE('',#1326,#1327,#1566,.T.);
#938=EDGE_CURVE('',#1328,#1326,#105,.T.);
#939=EDGE_CURVE('',#1328,#1329,#1567,.T.);
#940=EDGE_CURVE('',#1327,#1329,#1568,.T.);
#941=EDGE_CURVE('',#1330,#1331,#1569,.T.);
#942=EDGE_CURVE('',#1332,#1331,#1570,.T.);
#943=EDGE_CURVE('',#1333,#1332,#1571,.T.);
#944=EDGE_CURVE('',#1334,#1333,#1572,.T.);
#945=EDGE_CURVE('',#1334,#1335,#1573,.T.);
#946=EDGE_CURVE('',#1336,#1335,#1574,.T.);
#947=EDGE_CURVE('',#1337,#1336,#1575,.T.);
#948=EDGE_CURVE('',#1337,#1338,#1576,.T.);
#949=EDGE_CURVE('',#1338,#1330,#1577,.T.);
#950=EDGE_CURVE('',#1339,#1329,#1578,.T.);
#951=EDGE_CURVE('',#1340,#1339,#1579,.T.);
#952=EDGE_CURVE('',#1341,#1340,#1580,.T.);
#953=EDGE_CURVE('',#1341,#1342,#1581,.T.);
#954=EDGE_CURVE('',#1342,#1343,#1582,.T.);
#955=EDGE_CURVE('',#1344,#1343,#1583,.T.);
#956=EDGE_CURVE('',#1344,#1345,#1584,.T.);
#957=EDGE_CURVE('',#1345,#1327,#1585,.T.);
#958=EDGE_CURVE('',#1346,#1346,#106,.T.);
#959=EDGE_CURVE('',#1336,#1342,#1586,.T.);
#960=EDGE_CURVE('',#1335,#1343,#1587,.T.);
#961=EDGE_CURVE('',#1347,#1347,#107,.T.);
#962=EDGE_CURVE('',#1330,#1339,#1588,.T.);
#963=EDGE_CURVE('',#1348,#1328,#1589,.T.);
#964=EDGE_CURVE('',#1331,#1348,#1590,.T.);
#965=EDGE_CURVE('',#1349,#1349,#108,.T.);
#966=EDGE_CURVE('',#1334,#1344,#1591,.T.);
#967=EDGE_CURVE('',#1350,#1348,#109,.T.);
#968=EDGE_CURVE('',#1350,#1332,#1592,.T.);
#969=EDGE_CURVE('',#1333,#1345,#1593,.T.);
#970=EDGE_CURVE('',#1351,#1351,#110,.T.);
#971=EDGE_CURVE('',#1337,#1341,#1594,.T.);
#972=EDGE_CURVE('',#1352,#1352,#111,.T.);
#973=EDGE_CURVE('',#1338,#1340,#1595,.T.);
#974=EDGE_CURVE('',#1353,#1353,#112,.T.);
#975=EDGE_CURVE('',#1348,#1354,#113,.T.);
#976=EDGE_CURVE('',#1355,#1328,#114,.T.);
#977=EDGE_CURVE('',#1355,#1356,#1596,.T.);
#978=EDGE_CURVE('',#1357,#1356,#1597,.T.);
#979=EDGE_CURVE('',#1358,#1357,#1598,.T.);
#980=EDGE_CURVE('',#1359,#1358,#115,.T.);
#981=EDGE_CURVE('',#1359,#1360,#1599,.T.);
#982=EDGE_CURVE('',#1361,#1360,#1600,.T.);
#983=EDGE_CURVE('',#1362,#1361,#1601,.T.);
#984=EDGE_CURVE('',#1363,#1362,#116,.T.);
#985=EDGE_CURVE('',#1363,#1364,#1602,.T.);
#986=EDGE_CURVE('',#1365,#1364,#1603,.T.);
#987=EDGE_CURVE('',#1366,#1365,#1604,.T.);
#988=EDGE_CURVE('',#1367,#1366,#117,.T.);
#989=EDGE_CURVE('',#1367,#1368,#1605,.T.);
#990=EDGE_CURVE('',#1369,#1368,#1606,.T.);
#991=EDGE_CURVE('',#1354,#1369,#1607,.T.);
#992=EDGE_CURVE('',#1370,#1371,#1608,.T.);
#993=EDGE_CURVE('',#1372,#1370,#1609,.T.);
#994=EDGE_CURVE('',#1372,#1373,#1610,.T.);
#995=EDGE_CURVE('',#1373,#1371,#1611,.T.);
#996=EDGE_CURVE('',#1370,#1374,#118,.T.);
#997=EDGE_CURVE('',#1375,#1374,#1612,.T.);
#998=EDGE_CURVE('',#1372,#1375,#119,.T.);
#999=EDGE_CURVE('',#1374,#1376,#1613,.T.);
#1000=EDGE_CURVE('',#1377,#1376,#1614,.T.);
#1001=EDGE_CURVE('',#1378,#1377,#1615,.T.);
#1002=EDGE_CURVE('',#1375,#1378,#1616,.T.);
#1003=EDGE_CURVE('',#1376,#1379,#1617,.T.);
#1004=EDGE_CURVE('',#1380,#1379,#1618,.T.);
#1005=EDGE_CURVE('',#1377,#1380,#1619,.T.);
#1006=EDGE_CURVE('',#1381,#1379,#1620,.T.);
#1007=EDGE_CURVE('',#1382,#1381,#1621,.T.);
#1008=EDGE_CURVE('',#1382,#1383,#1622,.T.);
#1009=EDGE_CURVE('',#1380,#1383,#1623,.F.);
#1010=EDGE_CURVE('',#1381,#1384,#120,.T.);
#1011=EDGE_CURVE('',#1385,#1384,#1624,.T.);
#1012=EDGE_CURVE('',#1382,#1385,#121,.T.);
#1013=EDGE_CURVE('',#1384,#1386,#1625,.T.);
#1014=EDGE_CURVE('',#1387,#1386,#1626,.T.);
#1015=EDGE_CURVE('',#1385,#1387,#1627,.T.);
#1016=EDGE_CURVE('',#1386,#1388,#1628,.T.);
#1017=EDGE_CURVE('',#1389,#1388,#1629,.T.);
#1018=EDGE_CURVE('',#1390,#1389,#1630,.T.);
#1019=EDGE_CURVE('',#1387,#1390,#1631,.T.);
#1020=EDGE_CURVE('',#1391,#1388,#1632,.T.);
#1021=EDGE_CURVE('',#1392,#1391,#1633,.T.);
#1022=EDGE_CURVE('',#1392,#1389,#1634,.T.);
#1023=EDGE_CURVE('',#1391,#1393,#122,.T.);
#1024=EDGE_CURVE('',#1394,#1393,#1635,.T.);
#1025=EDGE_CURVE('',#1392,#1394,#123,.T.);
#1026=EDGE_CURVE('',#1393,#1395,#1636,.T.);
#1027=EDGE_CURVE('',#1396,#1395,#1637,.T.);
#1028=EDGE_CURVE('',#1394,#1396,#1638,.T.);
#1029=EDGE_CURVE('',#1395,#1397,#1639,.T.);
#1030=EDGE_CURVE('',#1398,#1397,#1640,.T.);
#1031=EDGE_CURVE('',#1396,#1398,#1641,.T.);
#1032=EDGE_CURVE('',#1399,#1397,#1642,.T.);
#1033=EDGE_CURVE('',#1400,#1399,#1643,.T.);
#1034=EDGE_CURVE('',#1400,#1398,#1644,.T.);
#1035=EDGE_CURVE('',#1399,#1401,#124,.T.);
#1036=EDGE_CURVE('',#1402,#1401,#1645,.T.);
#1037=EDGE_CURVE('',#1400,#1402,#125,.T.);
#1038=EDGE_CURVE('',#1401,#1403,#1646,.T.);
#1039=EDGE_CURVE('',#1404,#1403,#1647,.T.);
#1040=EDGE_CURVE('',#1405,#1404,#1648,.T.);
#1041=EDGE_CURVE('',#1402,#1405,#1649,.T.);
#1042=EDGE_CURVE('',#1403,#1406,#1650,.T.);
#1043=EDGE_CURVE('',#1407,#1406,#1651,.T.);
#1044=EDGE_CURVE('',#1404,#1407,#1652,.T.);
#1045=EDGE_CURVE('',#1408,#1406,#1653,.T.);
#1046=EDGE_CURVE('',#1409,#1408,#1654,.T.);
#1047=EDGE_CURVE('',#1409,#1407,#1655,.T.);
#1048=EDGE_CURVE('',#1408,#1410,#126,.T.);
#1049=EDGE_CURVE('',#1411,#1410,#1656,.T.);
#1050=EDGE_CURVE('',#1409,#1411,#127,.T.);
#1051=EDGE_CURVE('',#1410,#1412,#1657,.T.);
#1052=EDGE_CURVE('',#1413,#1412,#1658,.T.);
#1053=EDGE_CURVE('',#1411,#1413,#1659,.T.);
#1054=EDGE_CURVE('',#1412,#1414,#1660,.T.);
#1055=EDGE_CURVE('',#1415,#1414,#1661,.T.);
#1056=EDGE_CURVE('',#1413,#1415,#1662,.T.);
#1057=EDGE_CURVE('',#1416,#1414,#1663,.T.);
#1058=EDGE_CURVE('',#1417,#1416,#1664,.T.);
#1059=EDGE_CURVE('',#1417,#1415,#1665,.T.);
#1060=EDGE_CURVE('',#1416,#1418,#128,.T.);
#1061=EDGE_CURVE('',#1419,#1418,#1666,.T.);
#1062=EDGE_CURVE('',#1417,#1419,#129,.T.);
#1063=EDGE_CURVE('',#1418,#1420,#1667,.T.);
#1064=EDGE_CURVE('',#1421,#1420,#1668,.T.);
#1065=EDGE_CURVE('',#1422,#1421,#1669,.T.);
#1066=EDGE_CURVE('',#1419,#1422,#1670,.T.);
#1067=EDGE_CURVE('',#1420,#1423,#1671,.T.);
#1068=EDGE_CURVE('',#1424,#1423,#1672,.T.);
#1069=EDGE_CURVE('',#1425,#1424,#1673,.T.);
#1070=EDGE_CURVE('',#1421,#1425,#1674,.T.);
#1071=EDGE_CURVE('',#1426,#1423,#1675,.T.);
#1072=EDGE_CURVE('',#1427,#1426,#1676,.T.);
#1073=EDGE_CURVE('',#1427,#1424,#1677,.T.);
#1074=EDGE_CURVE('',#1426,#1428,#130,.T.);
#1075=EDGE_CURVE('',#1429,#1428,#1678,.T.);
#1076=EDGE_CURVE('',#1427,#1429,#131,.T.);
#1077=EDGE_CURVE('',#1428,#1430,#1679,.T.);
#1078=EDGE_CURVE('',#1431,#1430,#1680,.T.);
#1079=EDGE_CURVE('',#1429,#1431,#1681,.T.);
#1080=EDGE_CURVE('',#1430,#1432,#1682,.T.);
#1081=EDGE_CURVE('',#1433,#1432,#1683,.T.);
#1082=EDGE_CURVE('',#1434,#1433,#1684,.T.);
#1083=EDGE_CURVE('',#1431,#1434,#1685,.T.);
#1084=EDGE_CURVE('',#1435,#1432,#1686,.T.);
#1085=EDGE_CURVE('',#1436,#1435,#1687,.T.);
#1086=EDGE_CURVE('',#1436,#1437,#1688,.T.);
#1087=EDGE_CURVE('',#1433,#1437,#1689,.F.);
#1088=EDGE_CURVE('',#1435,#1438,#132,.T.);
#1089=EDGE_CURVE('',#1439,#1438,#1690,.T.);
#1090=EDGE_CURVE('',#1436,#1439,#133,.T.);
#1091=EDGE_CURVE('',#1438,#1440,#1691,.T.);
#1092=EDGE_CURVE('',#1441,#1440,#1692,.T.);
#1093=EDGE_CURVE('',#1439,#1441,#1693,.T.);
#1094=EDGE_CURVE('',#1440,#1442,#1694,.T.);
#1095=EDGE_CURVE('',#1443,#1442,#1695,.T.);
#1096=EDGE_CURVE('',#1444,#1443,#1696,.T.);
#1097=EDGE_CURVE('',#1441,#1444,#1697,.T.);
#1098=EDGE_CURVE('',#1445,#1350,#1698,.T.);
#1099=EDGE_CURVE('',#1445,#1443,#1699,.T.);
#1100=EDGE_CURVE('',#1332,#1442,#1700,.T.);
#1101=EDGE_CURVE('',#1446,#1354,#1701,.T.);
#1102=EDGE_CURVE('',#1445,#1446,#134,.T.);
#1103=EDGE_CURVE('',#1447,#1369,#1702,.T.);
#1104=EDGE_CURVE('',#1446,#1447,#1703,.T.);
#1105=EDGE_CURVE('',#1448,#1368,#1704,.T.);
#1106=EDGE_CURVE('',#1447,#1448,#1705,.T.);
#1107=EDGE_CURVE('',#1449,#1367,#1706,.T.);
#1108=EDGE_CURVE('',#1449,#1450,#1707,.T.);
#1109=EDGE_CURVE('',#1448,#1450,#1708,.F.);
#1110=EDGE_CURVE('',#1451,#1366,#1709,.T.);
#1111=EDGE_CURVE('',#1449,#1451,#135,.T.);
#1112=EDGE_CURVE('',#1452,#1365,#1710,.T.);
#1113=EDGE_CURVE('',#1453,#1452,#1711,.T.);
#1114=EDGE_CURVE('',#1451,#1453,#1712,.T.);
#1115=EDGE_CURVE('',#1454,#1364,#1713,.T.);
#1116=EDGE_CURVE('',#1452,#1454,#1714,.T.);
#1117=EDGE_CURVE('',#1455,#1363,#1715,.T.);
#1118=EDGE_CURVE('',#1455,#1454,#1716,.T.);
#1119=EDGE_CURVE('',#1456,#1362,#1717,.T.);
#1120=EDGE_CURVE('',#1455,#1456,#136,.T.);
#1121=EDGE_CURVE('',#1457,#1361,#1718,.T.);
#1122=EDGE_CURVE('',#1456,#1457,#1719,.T.);
#1123=EDGE_CURVE('',#1458,#1360,#1720,.T.);
#1124=EDGE_CURVE('',#1459,#1458,#1721,.T.);
#1125=EDGE_CURVE('',#1457,#1459,#1722,.T.);
#1126=EDGE_CURVE('',#1460,#1359,#1723,.T.);
#1127=EDGE_CURVE('',#1460,#1458,#1724,.T.);
#1128=EDGE_CURVE('',#1461,#1358,#1725,.T.);
#1129=EDGE_CURVE('',#1460,#1461,#137,.T.);
#1130=EDGE_CURVE('',#1462,#1357,#1726,.T.);
#1131=EDGE_CURVE('',#1463,#1462,#1727,.T.);
#1132=EDGE_CURVE('',#1461,#1463,#1728,.T.);
#1133=EDGE_CURVE('',#1464,#1356,#1729,.T.);
#1134=EDGE_CURVE('',#1465,#1464,#1730,.T.);
#1135=EDGE_CURVE('',#1462,#1465,#1731,.T.);
#1136=EDGE_CURVE('',#1466,#1355,#1732,.T.);
#1137=EDGE_CURVE('',#1466,#1464,#1733,.T.);
#1138=EDGE_CURVE('',#1467,#1326,#1734,.T.);
#1139=EDGE_CURVE('',#1466,#1467,#138,.T.);
#1140=EDGE_CURVE('',#1327,#1468,#1735,.T.);
#1141=EDGE_CURVE('',#1469,#1468,#1736,.T.);
#1142=EDGE_CURVE('',#1467,#1469,#1737,.T.);
#1143=EDGE_CURVE('',#1468,#1470,#1738,.T.);
#1144=EDGE_CURVE('',#1471,#1470,#1739,.T.);
#1145=EDGE_CURVE('',#1472,#1471,#1740,.T.);
#1146=EDGE_CURVE('',#1469,#1472,#1741,.T.);
#1147=EDGE_CURVE('',#1473,#1470,#1742,.T.);
#1148=EDGE_CURVE('',#1474,#1473,#1743,.T.);
#1149=EDGE_CURVE('',#1474,#1471,#1744,.T.);
#1150=EDGE_CURVE('',#1473,#1475,#139,.T.);
#1151=EDGE_CURVE('',#1476,#1475,#1745,.T.);
#1152=EDGE_CURVE('',#1474,#1476,#140,.T.);
#1153=EDGE_CURVE('',#1475,#1477,#1746,.T.);
#1154=EDGE_CURVE('',#1478,#1477,#1747,.T.);
#1155=EDGE_CURVE('',#1476,#1478,#1748,.T.);
#1156=EDGE_CURVE('',#1477,#1479,#1749,.T.);
#1157=EDGE_CURVE('',#1480,#1479,#1750,.T.);
#1158=EDGE_CURVE('',#1481,#1480,#1751,.T.);
#1159=EDGE_CURVE('',#1478,#1481,#1752,.T.);
#1160=EDGE_CURVE('',#1482,#1479,#1753,.T.);
#1161=EDGE_CURVE('',#1483,#1482,#1754,.T.);
#1162=EDGE_CURVE('',#1483,#1480,#1755,.T.);
#1163=EDGE_CURVE('',#1482,#1484,#141,.T.);
#1164=EDGE_CURVE('',#1485,#1484,#1756,.T.);
#1165=EDGE_CURVE('',#1483,#1485,#142,.T.);
#1166=EDGE_CURVE('',#1484,#1486,#1757,.T.);
#1167=EDGE_CURVE('',#1487,#1486,#1758,.T.);
#1168=EDGE_CURVE('',#1485,#1487,#1759,.T.);
#1169=EDGE_CURVE('',#1486,#1371,#1760,.T.);
#1170=EDGE_CURVE('',#1488,#1373,#1761,.T.);
#1171=EDGE_CURVE('',#1487,#1488,#1762,.T.);
#1172=EDGE_CURVE('',#1489,#1490,#1763,.F.);
#1173=EDGE_CURVE('',#1392,#1489,#1764,.T.);
#1174=EDGE_CURVE('',#1394,#1490,#1765,.T.);
#1175=EDGE_CURVE('',#1491,#1489,#143,.T.);
#1176=EDGE_CURVE('',#1389,#1491,#1766,.T.);
#1177=EDGE_CURVE('',#1492,#1491,#1767,.T.);
#1178=EDGE_CURVE('',#1390,#1492,#1768,.T.);
#1179=EDGE_CURVE('',#1493,#1492,#1769,.T.);
#1180=EDGE_CURVE('',#1387,#1493,#1770,.T.);
#1181=EDGE_CURVE('',#1494,#1493,#1771,.F.);
#1182=EDGE_CURVE('',#1385,#1494,#1772,.T.);
#1183=EDGE_CURVE('',#1495,#1494,#1773,.F.);
#1184=EDGE_CURVE('',#1382,#1495,#1774,.T.);
#1185=EDGE_CURVE('',#1496,#1495,#144,.T.);
#1186=EDGE_CURVE('',#1383,#1496,#1775,.T.);
#1187=EDGE_CURVE('',#1497,#1496,#1776,.T.);
#1188=EDGE_CURVE('',#1380,#1497,#1777,.T.);
#1189=EDGE_CURVE('',#1498,#1497,#1778,.F.);
#1190=EDGE_CURVE('',#1377,#1498,#1779,.T.);
#1191=EDGE_CURVE('',#1499,#1498,#1780,.F.);
#1192=EDGE_CURVE('',#1378,#1499,#1781,.T.);
#1193=EDGE_CURVE('',#1500,#1499,#145,.T.);
#1194=EDGE_CURVE('',#1375,#1500,#1782,.T.);
#1195=EDGE_CURVE('',#1501,#1500,#1783,.T.);
#1196=EDGE_CURVE('',#1372,#1501,#1784,.T.);
#1197=EDGE_CURVE('',#1502,#1501,#1785,.T.);
#1198=EDGE_CURVE('',#1373,#1502,#1786,.T.);
#1199=EDGE_CURVE('',#1503,#1502,#1787,.F.);
#1200=EDGE_CURVE('',#1488,#1503,#1788,.T.);
#1201=EDGE_CURVE('',#1504,#1503,#1789,.F.);
#1202=EDGE_CURVE('',#1487,#1504,#1790,.T.);
#1203=EDGE_CURVE('',#1505,#1504,#146,.T.);
#1204=EDGE_CURVE('',#1485,#1505,#1791,.T.);
#1205=EDGE_CURVE('',#1506,#1505,#1792,.T.);
#1206=EDGE_CURVE('',#1483,#1506,#1793,.T.);
#1207=EDGE_CURVE('',#1507,#1506,#1794,.T.);
#1208=EDGE_CURVE('',#1480,#1507,#1795,.T.);
#1209=EDGE_CURVE('',#1508,#1507,#1796,.F.);
#1210=EDGE_CURVE('',#1481,#1508,#1797,.T.);
#1211=EDGE_CURVE('',#1509,#1508,#1798,.F.);
#1212=EDGE_CURVE('',#1478,#1509,#1799,.T.);
#1213=EDGE_CURVE('',#1510,#1509,#147,.T.);
#1214=EDGE_CURVE('',#1476,#1510,#1800,.T.);
#1215=EDGE_CURVE('',#1511,#1510,#1801,.T.);
#1216=EDGE_CURVE('',#1474,#1511,#1802,.T.);
#1217=EDGE_CURVE('',#1512,#1511,#1803,.T.);
#1218=EDGE_CURVE('',#1471,#1512,#1804,.T.);
#1219=EDGE_CURVE('',#1513,#1512,#1805,.F.);
#1220=EDGE_CURVE('',#1472,#1513,#1806,.T.);
#1221=EDGE_CURVE('',#1514,#1513,#1807,.F.);
#1222=EDGE_CURVE('',#1469,#1514,#1808,.T.);
#1223=EDGE_CURVE('',#1515,#1514,#148,.T.);
#1224=EDGE_CURVE('',#1467,#1515,#1809,.T.);
#1225=EDGE_CURVE('',#1516,#1515,#1810,.T.);
#1226=EDGE_CURVE('',#1466,#1516,#1811,.T.);
#1227=EDGE_CURVE('',#1517,#1516,#1812,.F.);
#1228=EDGE_CURVE('',#1464,#1517,#1813,.T.);
#1229=EDGE_CURVE('',#1518,#1517,#1814,.F.);
#1230=EDGE_CURVE('',#1465,#1518,#1815,.T.);
#1231=EDGE_CURVE('',#1519,#1518,#149,.T.);
#1232=EDGE_CURVE('',#1462,#1519,#1816,.T.);
#1233=EDGE_CURVE('',#1520,#1519,#1817,.T.);
#1234=EDGE_CURVE('',#1463,#1520,#1818,.T.);
#1235=EDGE_CURVE('',#1521,#1520,#1819,.T.);
#1236=EDGE_CURVE('',#1461,#1521,#1820,.T.);
#1237=EDGE_CURVE('',#1522,#1521,#1821,.F.);
#1238=EDGE_CURVE('',#1460,#1522,#1822,.T.);
#1239=EDGE_CURVE('',#1523,#1522,#1823,.F.);
#1240=EDGE_CURVE('',#1458,#1523,#1824,.T.);
#1241=EDGE_CURVE('',#1524,#1523,#150,.T.);
#1242=EDGE_CURVE('',#1459,#1524,#1825,.T.);
#1243=EDGE_CURVE('',#1525,#1524,#1826,.T.);
#1244=EDGE_CURVE('',#1457,#1525,#1827,.T.);
#1245=EDGE_CURVE('',#1526,#1525,#1828,.T.);
#1246=EDGE_CURVE('',#1456,#1526,#1829,.T.);
#1247=EDGE_CURVE('',#1527,#1526,#1830,.F.);
#1248=EDGE_CURVE('',#1455,#1527,#1831,.T.);
#1249=EDGE_CURVE('',#1528,#1527,#1832,.F.);
#1250=EDGE_CURVE('',#1454,#1528,#1833,.T.);
#1251=EDGE_CURVE('',#1529,#1528,#151,.T.);
#1252=EDGE_CURVE('',#1452,#1529,#1834,.T.);
#1253=EDGE_CURVE('',#1530,#1529,#1835,.T.);
#1254=EDGE_CURVE('',#1453,#1530,#1836,.T.);
#1255=EDGE_CURVE('',#1531,#1530,#1837,.T.);
#1256=EDGE_CURVE('',#1451,#1531,#1838,.T.);
#1257=EDGE_CURVE('',#1532,#1531,#1839,.F.);
#1258=EDGE_CURVE('',#1449,#1532,#1840,.T.);
#1259=EDGE_CURVE('',#1533,#1532,#1841,.F.);
#1260=EDGE_CURVE('',#1450,#1533,#1842,.T.);
#1261=EDGE_CURVE('',#1534,#1533,#152,.T.);
#1262=EDGE_CURVE('',#1448,#1534,#1843,.T.);
#1263=EDGE_CURVE('',#1535,#1534,#1844,.T.);
#1264=EDGE_CURVE('',#1447,#1535,#1845,.T.);
#1265=EDGE_CURVE('',#1536,#1535,#1846,.T.);
#1266=EDGE_CURVE('',#1446,#1536,#1847,.T.);
#1267=EDGE_CURVE('',#1537,#1536,#1848,.F.);
#1268=EDGE_CURVE('',#1445,#1537,#1849,.T.);
#1269=EDGE_CURVE('',#1538,#1537,#1850,.F.);
#1270=EDGE_CURVE('',#1443,#1538,#1851,.T.);
#1271=EDGE_CURVE('',#1539,#1538,#153,.T.);
#1272=EDGE_CURVE('',#1444,#1539,#1852,.T.);
#1273=EDGE_CURVE('',#1540,#1539,#1853,.T.);
#1274=EDGE_CURVE('',#1441,#1540,#1854,.T.);
#1275=EDGE_CURVE('',#1541,#1540,#1855,.T.);
#1276=EDGE_CURVE('',#1439,#1541,#1856,.T.);
#1277=EDGE_CURVE('',#1542,#1541,#1857,.F.);
#1278=EDGE_CURVE('',#1436,#1542,#1858,.T.);
#1279=EDGE_CURVE('',#1543,#1542,#1859,.F.);
#1280=EDGE_CURVE('',#1437,#1543,#1860,.T.);
#1281=EDGE_CURVE('',#1544,#1543,#154,.T.);
#1282=EDGE_CURVE('',#1433,#1544,#1861,.T.);
#1283=EDGE_CURVE('',#1545,#1544,#1862,.T.);
#1284=EDGE_CURVE('',#1434,#1545,#1863,.T.);
#1285=EDGE_CURVE('',#1546,#1545,#1864,.T.);
#1286=EDGE_CURVE('',#1431,#1546,#1865,.T.);
#1287=EDGE_CURVE('',#1547,#1546,#1866,.F.);
#1288=EDGE_CURVE('',#1429,#1547,#1867,.T.);
#1289=EDGE_CURVE('',#1548,#1547,#1868,.F.);
#1290=EDGE_CURVE('',#1427,#1548,#1869,.T.);
#1291=EDGE_CURVE('',#1549,#1548,#155,.T.);
#1292=EDGE_CURVE('',#1424,#1549,#1870,.T.);
#1293=EDGE_CURVE('',#1550,#1549,#1871,.T.);
#1294=EDGE_CURVE('',#1425,#1550,#1872,.T.);
#1295=EDGE_CURVE('',#1551,#1550,#1873,.T.);
#1296=EDGE_CURVE('',#1421,#1551,#1874,.T.);
#1297=EDGE_CURVE('',#1552,#1551,#1875,.F.);
#1298=EDGE_CURVE('',#1422,#1552,#1876,.T.);
#1299=EDGE_CURVE('',#1553,#1552,#1877,.F.);
#1300=EDGE_CURVE('',#1419,#1553,#1878,.T.);
#1301=EDGE_CURVE('',#1554,#1553,#156,.T.);
#1302=EDGE_CURVE('',#1417,#1554,#1879,.T.);
#1303=EDGE_CURVE('',#1555,#1554,#1880,.T.);
#1304=EDGE_CURVE('',#1415,#1555,#1881,.T.);
#1305=EDGE_CURVE('',#1556,#1555,#1882,.F.);
#1306=EDGE_CURVE('',#1413,#1556,#1883,.T.);
#1307=EDGE_CURVE('',#1557,#1556,#1884,.F.);
#1308=EDGE_CURVE('',#1411,#1557,#1885,.T.);
#1309=EDGE_CURVE('',#1558,#1557,#157,.T.);
#1310=EDGE_CURVE('',#1409,#1558,#1886,.T.);
#1311=EDGE_CURVE('',#1559,#1558,#1887,.T.);
#1312=EDGE_CURVE('',#1407,#1559,#1888,.T.);
#1313=EDGE_CURVE('',#1560,#1559,#1889,.T.);
#1314=EDGE_CURVE('',#1404,#1560,#1890,.T.);
#1315=EDGE_CURVE('',#1561,#1560,#1891,.F.);
#1316=EDGE_CURVE('',#1405,#1561,#1892,.T.);
#1317=EDGE_CURVE('',#1562,#1561,#1893,.F.);
#1318=EDGE_CURVE('',#1402,#1562,#1894,.T.);
#1319=EDGE_CURVE('',#1563,#1562,#158,.T.);
#1320=EDGE_CURVE('',#1400,#1563,#1895,.T.);
#1321=EDGE_CURVE('',#1564,#1563,#1896,.T.);
#1322=EDGE_CURVE('',#1398,#1564,#1897,.T.);
#1323=EDGE_CURVE('',#1565,#1564,#1898,.T.);
#1324=EDGE_CURVE('',#1396,#1565,#1899,.T.);
#1325=EDGE_CURVE('',#1490,#1565,#1900,.F.);
#1326=VERTEX_POINT('',#3529);
#1327=VERTEX_POINT('',#3530);
#1328=VERTEX_POINT('',#3532);
#1329=VERTEX_POINT('',#3534);
#1330=VERTEX_POINT('',#3538);
#1331=VERTEX_POINT('',#3539);
#1332=VERTEX_POINT('',#3541);
#1333=VERTEX_POINT('',#3543);
#1334=VERTEX_POINT('',#3545);
#1335=VERTEX_POINT('',#3547);
#1336=VERTEX_POINT('',#3549);
#1337=VERTEX_POINT('',#3551);
#1338=VERTEX_POINT('',#3553);
#1339=VERTEX_POINT('',#3557);
#1340=VERTEX_POINT('',#3559);
#1341=VERTEX_POINT('',#3561);
#1342=VERTEX_POINT('',#3563);
#1343=VERTEX_POINT('',#3565);
#1344=VERTEX_POINT('',#3567);
#1345=VERTEX_POINT('',#3569);
#1346=VERTEX_POINT('',#3573);
#1347=VERTEX_POINT('',#3578);
#1348=VERTEX_POINT('',#3581);
#1349=VERTEX_POINT('',#3586);
#1350=VERTEX_POINT('',#3590);
#1351=VERTEX_POINT('',#3596);
#1352=VERTEX_POINT('',#3600);
#1353=VERTEX_POINT('',#3606);
#1354=VERTEX_POINT('',#3609);
#1355=VERTEX_POINT('',#3611);
#1356=VERTEX_POINT('',#3613);
#1357=VERTEX_POINT('',#3615);
#1358=VERTEX_POINT('',#3617);
#1359=VERTEX_POINT('',#3619);
#1360=VERTEX_POINT('',#3621);
#1361=VERTEX_POINT('',#3623);
#1362=VERTEX_POINT('',#3625);
#1363=VERTEX_POINT('',#3627);
#1364=VERTEX_POINT('',#3629);
#1365=VERTEX_POINT('',#3631);
#1366=VERTEX_POINT('',#3633);
#1367=VERTEX_POINT('',#3635);
#1368=VERTEX_POINT('',#3637);
#1369=VERTEX_POINT('',#3639);
#1370=VERTEX_POINT('',#3643);
#1371=VERTEX_POINT('',#3644);
#1372=VERTEX_POINT('',#3646);
#1373=VERTEX_POINT('',#3648);
#1374=VERTEX_POINT('',#3652);
#1375=VERTEX_POINT('',#3654);
#1376=VERTEX_POINT('',#3658);
#1377=VERTEX_POINT('',#3660);
#1378=VERTEX_POINT('',#3662);
#1379=VERTEX_POINT('',#3666);
#1380=VERTEX_POINT('',#3668);
#1381=VERTEX_POINT('',#3672);
#1382=VERTEX_POINT('',#3674);
#1383=VERTEX_POINT('',#3676);
#1384=VERTEX_POINT('',#3680);
#1385=VERTEX_POINT('',#3682);
#1386=VERTEX_POINT('',#3686);
#1387=VERTEX_POINT('',#3688);
#1388=VERTEX_POINT('',#3692);
#1389=VERTEX_POINT('',#3694);
#1390=VERTEX_POINT('',#3696);
#1391=VERTEX_POINT('',#3700);
#1392=VERTEX_POINT('',#3702);
#1393=VERTEX_POINT('',#3706);
#1394=VERTEX_POINT('',#3708);
#1395=VERTEX_POINT('',#3712);
#1396=VERTEX_POINT('',#3714);
#1397=VERTEX_POINT('',#3718);
#1398=VERTEX_POINT('',#3720);
#1399=VERTEX_POINT('',#3724);
#1400=VERTEX_POINT('',#3726);
#1401=VERTEX_POINT('',#3730);
#1402=VERTEX_POINT('',#3732);
#1403=VERTEX_POINT('',#3736);
#1404=VERTEX_POINT('',#3738);
#1405=VERTEX_POINT('',#3740);
#1406=VERTEX_POINT('',#3744);
#1407=VERTEX_POINT('',#3746);
#1408=VERTEX_POINT('',#3750);
#1409=VERTEX_POINT('',#3752);
#1410=VERTEX_POINT('',#3756);
#1411=VERTEX_POINT('',#3758);
#1412=VERTEX_POINT('',#3762);
#1413=VERTEX_POINT('',#3764);
#1414=VERTEX_POINT('',#3768);
#1415=VERTEX_POINT('',#3770);
#1416=VERTEX_POINT('',#3774);
#1417=VERTEX_POINT('',#3776);
#1418=VERTEX_POINT('',#3780);
#1419=VERTEX_POINT('',#3782);
#1420=VERTEX_POINT('',#3786);
#1421=VERTEX_POINT('',#3788);
#1422=VERTEX_POINT('',#3790);
#1423=VERTEX_POINT('',#3794);
#1424=VERTEX_POINT('',#3796);
#1425=VERTEX_POINT('',#3798);
#1426=VERTEX_POINT('',#3802);
#1427=VERTEX_POINT('',#3804);
#1428=VERTEX_POINT('',#3808);
#1429=VERTEX_POINT('',#3810);
#1430=VERTEX_POINT('',#3814);
#1431=VERTEX_POINT('',#3816);
#1432=VERTEX_POINT('',#3820);
#1433=VERTEX_POINT('',#3822);
#1434=VERTEX_POINT('',#3824);
#1435=VERTEX_POINT('',#3828);
#1436=VERTEX_POINT('',#3830);
#1437=VERTEX_POINT('',#3832);
#1438=VERTEX_POINT('',#3836);
#1439=VERTEX_POINT('',#3838);
#1440=VERTEX_POINT('',#3842);
#1441=VERTEX_POINT('',#3844);
#1442=VERTEX_POINT('',#3848);
#1443=VERTEX_POINT('',#3850);
#1444=VERTEX_POINT('',#3852);
#1445=VERTEX_POINT('',#3856);
#1446=VERTEX_POINT('',#3861);
#1447=VERTEX_POINT('',#3865);
#1448=VERTEX_POINT('',#3869);
#1449=VERTEX_POINT('',#3873);
#1450=VERTEX_POINT('',#3875);
#1451=VERTEX_POINT('',#3879);
#1452=VERTEX_POINT('',#3883);
#1453=VERTEX_POINT('',#3885);
#1454=VERTEX_POINT('',#3889);
#1455=VERTEX_POINT('',#3893);
#1456=VERTEX_POINT('',#3897);
#1457=VERTEX_POINT('',#3901);
#1458=VERTEX_POINT('',#3905);
#1459=VERTEX_POINT('',#3907);
#1460=VERTEX_POINT('',#3911);
#1461=VERTEX_POINT('',#3915);
#1462=VERTEX_POINT('',#3919);
#1463=VERTEX_POINT('',#3921);
#1464=VERTEX_POINT('',#3925);
#1465=VERTEX_POINT('',#3927);
#1466=VERTEX_POINT('',#3931);
#1467=VERTEX_POINT('',#3935);
#1468=VERTEX_POINT('',#3939);
#1469=VERTEX_POINT('',#3941);
#1470=VERTEX_POINT('',#3945);
#1471=VERTEX_POINT('',#3947);
#1472=VERTEX_POINT('',#3949);
#1473=VERTEX_POINT('',#3953);
#1474=VERTEX_POINT('',#3955);
#1475=VERTEX_POINT('',#3959);
#1476=VERTEX_POINT('',#3961);
#1477=VERTEX_POINT('',#3965);
#1478=VERTEX_POINT('',#3967);
#1479=VERTEX_POINT('',#3971);
#1480=VERTEX_POINT('',#3973);
#1481=VERTEX_POINT('',#3975);
#1482=VERTEX_POINT('',#3979);
#1483=VERTEX_POINT('',#3981);
#1484=VERTEX_POINT('',#3985);
#1485=VERTEX_POINT('',#3987);
#1486=VERTEX_POINT('',#3991);
#1487=VERTEX_POINT('',#3993);
#1488=VERTEX_POINT('',#3998);
#1489=VERTEX_POINT('',#4014);
#1490=VERTEX_POINT('',#4015);
#1491=VERTEX_POINT('',#4027);
#1492=VERTEX_POINT('',#4038);
#1493=VERTEX_POINT('',#4049);
#1494=VERTEX_POINT('',#4060);
#1495=VERTEX_POINT('',#4075);
#1496=VERTEX_POINT('',#4086);
#1497=VERTEX_POINT('',#4097);
#1498=VERTEX_POINT('',#4112);
#1499=VERTEX_POINT('',#4123);
#1500=VERTEX_POINT('',#4134);
#1501=VERTEX_POINT('',#4149);
#1502=VERTEX_POINT('',#4160);
#1503=VERTEX_POINT('',#4171);
#1504=VERTEX_POINT('',#4182);
#1505=VERTEX_POINT('',#4193);
#1506=VERTEX_POINT('',#4208);
#1507=VERTEX_POINT('',#4219);
#1508=VERTEX_POINT('',#4230);
#1509=VERTEX_POINT('',#4241);
#1510=VERTEX_POINT('',#4252);
#1511=VERTEX_POINT('',#4267);
#1512=VERTEX_POINT('',#4278);
#1513=VERTEX_POINT('',#4289);
#1514=VERTEX_POINT('',#4300);
#1515=VERTEX_POINT('',#4311);
#1516=VERTEX_POINT('',#4326);
#1517=VERTEX_POINT('',#4341);
#1518=VERTEX_POINT('',#4352);
#1519=VERTEX_POINT('',#4363);
#1520=VERTEX_POINT('',#4374);
#1521=VERTEX_POINT('',#4385);
#1522=VERTEX_POINT('',#4400);
#1523=VERTEX_POINT('',#4411);
#1524=VERTEX_POINT('',#4422);
#1525=VERTEX_POINT('',#4433);
#1526=VERTEX_POINT('',#4444);
#1527=VERTEX_POINT('',#4459);
#1528=VERTEX_POINT('',#4470);
#1529=VERTEX_POINT('',#4481);
#1530=VERTEX_POINT('',#4492);
#1531=VERTEX_POINT('',#4503);
#1532=VERTEX_POINT('',#4518);
#1533=VERTEX_POINT('',#4529);
#1534=VERTEX_POINT('',#4540);
#1535=VERTEX_POINT('',#4551);
#1536=VERTEX_POINT('',#4562);
#1537=VERTEX_POINT('',#4577);
#1538=VERTEX_POINT('',#4588);
#1539=VERTEX_POINT('',#4599);
#1540=VERTEX_POINT('',#4610);
#1541=VERTEX_POINT('',#4621);
#1542=VERTEX_POINT('',#4636);
#1543=VERTEX_POINT('',#4647);
#1544=VERTEX_POINT('',#4658);
#1545=VERTEX_POINT('',#4669);
#1546=VERTEX_POINT('',#4680);
#1547=VERTEX_POINT('',#4691);
#1548=VERTEX_POINT('',#4706);
#1549=VERTEX_POINT('',#4717);
#1550=VERTEX_POINT('',#4728);
#1551=VERTEX_POINT('',#4739);
#1552=VERTEX_POINT('',#4750);
#1553=VERTEX_POINT('',#4761);
#1554=VERTEX_POINT('',#4776);
#1555=VERTEX_POINT('',#4787);
#1556=VERTEX_POINT('',#4802);
#1557=VERTEX_POINT('',#4813);
#1558=VERTEX_POINT('',#4828);
#1559=VERTEX_POINT('',#4839);
#1560=VERTEX_POINT('',#4850);
#1561=VERTEX_POINT('',#4861);
#1562=VERTEX_POINT('',#4872);
#1563=VERTEX_POINT('',#4887);
#1564=VERTEX_POINT('',#4891);
#1565=VERTEX_POINT('',#4895);
#1566=LINE('',#3528,#1901);
#1567=LINE('',#3533,#1902);
#1568=LINE('',#3535,#1903);
#1569=LINE('',#3537,#1904);
#1570=LINE('',#3540,#1905);
#1571=LINE('',#3542,#1906);
#1572=LINE('',#3544,#1907);
#1573=LINE('',#3546,#1908);
#1574=LINE('',#3548,#1909);
#1575=LINE('',#3550,#1910);
#1576=LINE('',#3552,#1911);
#1577=LINE('',#3554,#1912);
#1578=LINE('',#3556,#1913);
#1579=LINE('',#3558,#1914);
#1580=LINE('',#3560,#1915);
#1581=LINE('',#3562,#1916);
#1582=LINE('',#3564,#1917);
#1583=LINE('',#3566,#1918);
#1584=LINE('',#3568,#1919);
#1585=LINE('',#3570,#1920);
#1586=LINE('',#3574,#1921);
#1587=LINE('',#3575,#1922);
#1588=LINE('',#3579,#1923);
#1589=LINE('',#3580,#1924);
#1590=LINE('',#3582,#1925);
#1591=LINE('',#3587,#1926);
#1592=LINE('',#3591,#1927);
#1593=LINE('',#3593,#1928);
#1594=LINE('',#3597,#1929);
#1595=LINE('',#3601,#1930);
#1596=LINE('',#3612,#1931);
#1597=LINE('',#3614,#1932);
#1598=LINE('',#3616,#1933);
#1599=LINE('',#3620,#1934);
#1600=LINE('',#3622,#1935);
#1601=LINE('',#3624,#1936);
#1602=LINE('',#3628,#1937);
#1603=LINE('',#3630,#1938);
#1604=LINE('',#3632,#1939);
#1605=LINE('',#3636,#1940);
#1606=LINE('',#3638,#1941);
#1607=LINE('',#3640,#1942);
#1608=LINE('',#3642,#1943);
#1609=LINE('',#3645,#1944);
#1610=LINE('',#3647,#1945);
#1611=LINE('',#3649,#1946);
#1612=LINE('',#3653,#1947);
#1613=LINE('',#3657,#1948);
#1614=LINE('',#3659,#1949);
#1615=LINE('',#3661,#1950);
#1616=LINE('',#3663,#1951);
#1617=LINE('',#3665,#1952);
#1618=LINE('',#3667,#1953);
#1619=LINE('',#3669,#1954);
#1620=LINE('',#3671,#1955);
#1621=LINE('',#3673,#1956);
#1622=LINE('',#3675,#1957);
#1623=LINE('',#3677,#1958);
#1624=LINE('',#3681,#1959);
#1625=LINE('',#3685,#1960);
#1626=LINE('',#3687,#1961);
#1627=LINE('',#3689,#1962);
#1628=LINE('',#3691,#1963);
#1629=LINE('',#3693,#1964);
#1630=LINE('',#3695,#1965);
#1631=LINE('',#3697,#1966);
#1632=LINE('',#3699,#1967);
#1633=LINE('',#3701,#1968);
#1634=LINE('',#3703,#1969);
#1635=LINE('',#3707,#1970);
#1636=LINE('',#3711,#1971);
#1637=LINE('',#3713,#1972);
#1638=LINE('',#3715,#1973);
#1639=LINE('',#3717,#1974);
#1640=LINE('',#3719,#1975);
#1641=LINE('',#3721,#1976);
#1642=LINE('',#3723,#1977);
#1643=LINE('',#3725,#1978);
#1644=LINE('',#3727,#1979);
#1645=LINE('',#3731,#1980);
#1646=LINE('',#3735,#1981);
#1647=LINE('',#3737,#1982);
#1648=LINE('',#3739,#1983);
#1649=LINE('',#3741,#1984);
#1650=LINE('',#3743,#1985);
#1651=LINE('',#3745,#1986);
#1652=LINE('',#3747,#1987);
#1653=LINE('',#3749,#1988);
#1654=LINE('',#3751,#1989);
#1655=LINE('',#3753,#1990);
#1656=LINE('',#3757,#1991);
#1657=LINE('',#3761,#1992);
#1658=LINE('',#3763,#1993);
#1659=LINE('',#3765,#1994);
#1660=LINE('',#3767,#1995);
#1661=LINE('',#3769,#1996);
#1662=LINE('',#3771,#1997);
#1663=LINE('',#3773,#1998);
#1664=LINE('',#3775,#1999);
#1665=LINE('',#3777,#2000);
#1666=LINE('',#3781,#2001);
#1667=LINE('',#3785,#2002);
#1668=LINE('',#3787,#2003);
#1669=LINE('',#3789,#2004);
#1670=LINE('',#3791,#2005);
#1671=LINE('',#3793,#2006);
#1672=LINE('',#3795,#2007);
#1673=LINE('',#3797,#2008);
#1674=LINE('',#3799,#2009);
#1675=LINE('',#3801,#2010);
#1676=LINE('',#3803,#2011);
#1677=LINE('',#3805,#2012);
#1678=LINE('',#3809,#2013);
#1679=LINE('',#3813,#2014);
#1680=LINE('',#3815,#2015);
#1681=LINE('',#3817,#2016);
#1682=LINE('',#3819,#2017);
#1683=LINE('',#3821,#2018);
#1684=LINE('',#3823,#2019);
#1685=LINE('',#3825,#2020);
#1686=LINE('',#3827,#2021);
#1687=LINE('',#3829,#2022);
#1688=LINE('',#3831,#2023);
#1689=LINE('',#3833,#2024);
#1690=LINE('',#3837,#2025);
#1691=LINE('',#3841,#2026);
#1692=LINE('',#3843,#2027);
#1693=LINE('',#3845,#2028);
#1694=LINE('',#3847,#2029);
#1695=LINE('',#3849,#2030);
#1696=LINE('',#3851,#2031);
#1697=LINE('',#3853,#2032);
#1698=LINE('',#3855,#2033);
#1699=LINE('',#3857,#2034);
#1700=LINE('',#3858,#2035);
#1701=LINE('',#3860,#2036);
#1702=LINE('',#3864,#2037);
#1703=LINE('',#3866,#2038);
#1704=LINE('',#3868,#2039);
#1705=LINE('',#3870,#2040);
#1706=LINE('',#3872,#2041);
#1707=LINE('',#3874,#2042);
#1708=LINE('',#3876,#2043);
#1709=LINE('',#3878,#2044);
#1710=LINE('',#3882,#2045);
#1711=LINE('',#3884,#2046);
#1712=LINE('',#3886,#2047);
#1713=LINE('',#3888,#2048);
#1714=LINE('',#3890,#2049);
#1715=LINE('',#3892,#2050);
#1716=LINE('',#3894,#2051);
#1717=LINE('',#3896,#2052);
#1718=LINE('',#3900,#2053);
#1719=LINE('',#3902,#2054);
#1720=LINE('',#3904,#2055);
#1721=LINE('',#3906,#2056);
#1722=LINE('',#3908,#2057);
#1723=LINE('',#3910,#2058);
#1724=LINE('',#3912,#2059);
#1725=LINE('',#3914,#2060);
#1726=LINE('',#3918,#2061);
#1727=LINE('',#3920,#2062);
#1728=LINE('',#3922,#2063);
#1729=LINE('',#3924,#2064);
#1730=LINE('',#3926,#2065);
#1731=LINE('',#3928,#2066);
#1732=LINE('',#3930,#2067);
#1733=LINE('',#3932,#2068);
#1734=LINE('',#3934,#2069);
#1735=LINE('',#3938,#2070);
#1736=LINE('',#3940,#2071);
#1737=LINE('',#3942,#2072);
#1738=LINE('',#3944,#2073);
#1739=LINE('',#3946,#2074);
#1740=LINE('',#3948,#2075);
#1741=LINE('',#3950,#2076);
#1742=LINE('',#3952,#2077);
#1743=LINE('',#3954,#2078);
#1744=LINE('',#3956,#2079);
#1745=LINE('',#3960,#2080);
#1746=LINE('',#3964,#2081);
#1747=LINE('',#3966,#2082);
#1748=LINE('',#3968,#2083);
#1749=LINE('',#3970,#2084);
#1750=LINE('',#3972,#2085);
#1751=LINE('',#3974,#2086);
#1752=LINE('',#3976,#2087);
#1753=LINE('',#3978,#2088);
#1754=LINE('',#3980,#2089);
#1755=LINE('',#3982,#2090);
#1756=LINE('',#3986,#2091);
#1757=LINE('',#3990,#2092);
#1758=LINE('',#3992,#2093);
#1759=LINE('',#3994,#2094);
#1760=LINE('',#3996,#2095);
#1761=LINE('',#3997,#2096);
#1762=LINE('',#3999,#2097);
#1763=LINE('',#4013,#2098);
#1764=LINE('',#4016,#2099);
#1765=LINE('',#4017,#2100);
#1766=LINE('',#4028,#2101);
#1767=LINE('',#4037,#2102);
#1768=LINE('',#4039,#2103);
#1769=LINE('',#4048,#2104);
#1770=LINE('',#4050,#2105);
#1771=LINE('',#4059,#2106);
#1772=LINE('',#4061,#2107);
#1773=LINE('',#4074,#2108);
#1774=LINE('',#4076,#2109);
#1775=LINE('',#4087,#2110);
#1776=LINE('',#4096,#2111);
#1777=LINE('',#4098,#2112);
#1778=LINE('',#4111,#2113);
#1779=LINE('',#4113,#2114);
#1780=LINE('',#4122,#2115);
#1781=LINE('',#4124,#2116);
#1782=LINE('',#4135,#2117);
#1783=LINE('',#4148,#2118);
#1784=LINE('',#4150,#2119);
#1785=LINE('',#4159,#2120);
#1786=LINE('',#4161,#2121);
#1787=LINE('',#4170,#2122);
#1788=LINE('',#4172,#2123);
#1789=LINE('',#4181,#2124);
#1790=LINE('',#4183,#2125);
#1791=LINE('',#4194,#2126);
#1792=LINE('',#4207,#2127);
#1793=LINE('',#4209,#2128);
#1794=LINE('',#4218,#2129);
#1795=LINE('',#4220,#2130);
#1796=LINE('',#4229,#2131);
#1797=LINE('',#4231,#2132);
#1798=LINE('',#4240,#2133);
#1799=LINE('',#4242,#2134);
#1800=LINE('',#4253,#2135);
#1801=LINE('',#4266,#2136);
#1802=LINE('',#4268,#2137);
#1803=LINE('',#4277,#2138);
#1804=LINE('',#4279,#2139);
#1805=LINE('',#4288,#2140);
#1806=LINE('',#4290,#2141);
#1807=LINE('',#4299,#2142);
#1808=LINE('',#4301,#2143);
#1809=LINE('',#4312,#2144);
#1810=LINE('',#4325,#2145);
#1811=LINE('',#4327,#2146);
#1812=LINE('',#4340,#2147);
#1813=LINE('',#4342,#2148);
#1814=LINE('',#4351,#2149);
#1815=LINE('',#4353,#2150);
#1816=LINE('',#4364,#2151);
#1817=LINE('',#4373,#2152);
#1818=LINE('',#4375,#2153);
#1819=LINE('',#4384,#2154);
#1820=LINE('',#4386,#2155);
#1821=LINE('',#4399,#2156);
#1822=LINE('',#4401,#2157);
#1823=LINE('',#4410,#2158);
#1824=LINE('',#4412,#2159);
#1825=LINE('',#4423,#2160);
#1826=LINE('',#4432,#2161);
#1827=LINE('',#4434,#2162);
#1828=LINE('',#4443,#2163);
#1829=LINE('',#4445,#2164);
#1830=LINE('',#4458,#2165);
#1831=LINE('',#4460,#2166);
#1832=LINE('',#4469,#2167);
#1833=LINE('',#4471,#2168);
#1834=LINE('',#4482,#2169);
#1835=LINE('',#4491,#2170);
#1836=LINE('',#4493,#2171);
#1837=LINE('',#4502,#2172);
#1838=LINE('',#4504,#2173);
#1839=LINE('',#4517,#2174);
#1840=LINE('',#4519,#2175);
#1841=LINE('',#4528,#2176);
#1842=LINE('',#4530,#2177);
#1843=LINE('',#4541,#2178);
#1844=LINE('',#4550,#2179);
#1845=LINE('',#4552,#2180);
#1846=LINE('',#4561,#2181);
#1847=LINE('',#4563,#2182);
#1848=LINE('',#4576,#2183);
#1849=LINE('',#4578,#2184);
#1850=LINE('',#4587,#2185);
#1851=LINE('',#4589,#2186);
#1852=LINE('',#4600,#2187);
#1853=LINE('',#4609,#2188);
#1854=LINE('',#4611,#2189);
#1855=LINE('',#4620,#2190);
#1856=LINE('',#4622,#2191);
#1857=LINE('',#4635,#2192);
#1858=LINE('',#4637,#2193);
#1859=LINE('',#4646,#2194);
#1860=LINE('',#4648,#2195);
#1861=LINE('',#4659,#2196);
#1862=LINE('',#4668,#2197);
#1863=LINE('',#4670,#2198);
#1864=LINE('',#4679,#2199);
#1865=LINE('',#4681,#2200);
#1866=LINE('',#4690,#2201);
#1867=LINE('',#4692,#2202);
#1868=LINE('',#4705,#2203);
#1869=LINE('',#4707,#2204);
#1870=LINE('',#4718,#2205);
#1871=LINE('',#4727,#2206);
#1872=LINE('',#4729,#2207);
#1873=LINE('',#4738,#2208);
#1874=LINE('',#4740,#2209);
#1875=LINE('',#4749,#2210);
#1876=LINE('',#4751,#2211);
#1877=LINE('',#4760,#2212);
#1878=LINE('',#4762,#2213);
#1879=LINE('',#4777,#2214);
#1880=LINE('',#4786,#2215);
#1881=LINE('',#4788,#2216);
#1882=LINE('',#4801,#2217);
#1883=LINE('',#4803,#2218);
#1884=LINE('',#4812,#2219);
#1885=LINE('',#4814,#2220);
#1886=LINE('',#4829,#2221);
#1887=LINE('',#4838,#2222);
#1888=LINE('',#4840,#2223);
#1889=LINE('',#4849,#2224);
#1890=LINE('',#4851,#2225);
#1891=LINE('',#4860,#2226);
#1892=LINE('',#4862,#2227);
#1893=LINE('',#4871,#2228);
#1894=LINE('',#4873,#2229);
#1895=LINE('',#4888,#2230);
#1896=LINE('',#4890,#2231);
#1897=LINE('',#4892,#2232);
#1898=LINE('',#4894,#2233);
#1899=LINE('',#4896,#2234);
#1900=LINE('',#4905,#2235);
#1901=VECTOR('',#2927,1.);
#1902=VECTOR('',#2930,1.);
#1903=VECTOR('',#2931,1.);
#1904=VECTOR('',#2934,1.);
#1905=VECTOR('',#2935,1.);
#1906=VECTOR('',#2936,1.);
#1907=VECTOR('',#2937,1.);
#1908=VECTOR('',#2938,1.);
#1909=VECTOR('',#2939,1.);
#1910=VECTOR('',#2940,1.);
#1911=VECTOR('',#2941,1.);
#1912=VECTOR('',#2942,1.);
#1913=VECTOR('',#2945,1.);
#1914=VECTOR('',#2946,1.);
#1915=VECTOR('',#2947,1.);
#1916=VECTOR('',#2948,1.);
#1917=VECTOR('',#2949,1.);
#1918=VECTOR('',#2950,1.);
#1919=VECTOR('',#2951,1.);
#1920=VECTOR('',#2952,1.);
#1921=VECTOR('',#2957,1.);
#1922=VECTOR('',#2958,1.);
#1923=VECTOR('',#2963,1.);
#1924=VECTOR('',#2964,1.);
#1925=VECTOR('',#2965,1.);
#1926=VECTOR('',#2972,1.);
#1927=VECTOR('',#2977,1.);
#1928=VECTOR('',#2980,1.);
#1929=VECTOR('',#2985,1.);
#1930=VECTOR('',#2990,1.);
#1931=VECTOR('',#3005,1.);
#1932=VECTOR('',#3006,1.);
#1933=VECTOR('',#3007,1.);
#1934=VECTOR('',#3010,1.);
#1935=VECTOR('',#3011,1.);
#1936=VECTOR('',#3012,1.);
#1937=VECTOR('',#3015,1.);
#1938=VECTOR('',#3016,1.);
#1939=VECTOR('',#3017,1.);
#1940=VECTOR('',#3020,1.);
#1941=VECTOR('',#3021,1.);
#1942=VECTOR('',#3022,1.);
#1943=VECTOR('',#3025,1.);
#1944=VECTOR('',#3026,1.);
#1945=VECTOR('',#3027,1.);
#1946=VECTOR('',#3028,1.);
#1947=VECTOR('',#3033,1.);
#1948=VECTOR('',#3038,1.);
#1949=VECTOR('',#3039,1.);
#1950=VECTOR('',#3040,1.);
#1951=VECTOR('',#3041,1.);
#1952=VECTOR('',#3044,1.);
#1953=VECTOR('',#3045,1.);
#1954=VECTOR('',#3046,1.);
#1955=VECTOR('',#3049,1.);
#1956=VECTOR('',#3050,1.);
#1957=VECTOR('',#3051,1.);
#1958=VECTOR('',#3052,1.);
#1959=VECTOR('',#3057,1.);
#1960=VECTOR('',#3062,1.);
#1961=VECTOR('',#3063,1.);
#1962=VECTOR('',#3064,1.);
#1963=VECTOR('',#3067,1.);
#1964=VECTOR('',#3068,1.);
#1965=VECTOR('',#3069,1.);
#1966=VECTOR('',#3070,1.);
#1967=VECTOR('',#3073,1.);
#1968=VECTOR('',#3074,1.);
#1969=VECTOR('',#3075,1.);
#1970=VECTOR('',#3080,1.);
#1971=VECTOR('',#3085,1.);
#1972=VECTOR('',#3086,1.);
#1973=VECTOR('',#3087,1.);
#1974=VECTOR('',#3090,1.);
#1975=VECTOR('',#3091,1.);
#1976=VECTOR('',#3092,1.);
#1977=VECTOR('',#3095,1.);
#1978=VECTOR('',#3096,1.);
#1979=VECTOR('',#3097,1.);
#1980=VECTOR('',#3102,1.);
#1981=VECTOR('',#3107,1.);
#1982=VECTOR('',#3108,1.);
#1983=VECTOR('',#3109,1.);
#1984=VECTOR('',#3110,1.);
#1985=VECTOR('',#3113,1.);
#1986=VECTOR('',#3114,1.);
#1987=VECTOR('',#3115,1.);
#1988=VECTOR('',#3118,1.);
#1989=VECTOR('',#3119,1.);
#1990=VECTOR('',#3120,1.);
#1991=VECTOR('',#3125,1.);
#1992=VECTOR('',#3130,1.);
#1993=VECTOR('',#3131,1.);
#1994=VECTOR('',#3132,1.);
#1995=VECTOR('',#3135,1.);
#1996=VECTOR('',#3136,1.);
#1997=VECTOR('',#3137,1.);
#1998=VECTOR('',#3140,1.);
#1999=VECTOR('',#3141,1.);
#2000=VECTOR('',#3142,1.);
#2001=VECTOR('',#3147,1.);
#2002=VECTOR('',#3152,1.);
#2003=VECTOR('',#3153,1.);
#2004=VECTOR('',#3154,1.);
#2005=VECTOR('',#3155,1.);
#2006=VECTOR('',#3158,1.);
#2007=VECTOR('',#3159,1.);
#2008=VECTOR('',#3160,1.);
#2009=VECTOR('',#3161,1.);
#2010=VECTOR('',#3164,1.);
#2011=VECTOR('',#3165,1.);
#2012=VECTOR('',#3166,1.);
#2013=VECTOR('',#3171,1.);
#2014=VECTOR('',#3176,1.);
#2015=VECTOR('',#3177,1.);
#2016=VECTOR('',#3178,1.);
#2017=VECTOR('',#3181,1.);
#2018=VECTOR('',#3182,1.);
#2019=VECTOR('',#3183,1.);
#2020=VECTOR('',#3184,1.);
#2021=VECTOR('',#3187,1.);
#2022=VECTOR('',#3188,1.);
#2023=VECTOR('',#3189,1.);
#2024=VECTOR('',#3190,1.);
#2025=VECTOR('',#3195,1.);
#2026=VECTOR('',#3200,1.);
#2027=VECTOR('',#3201,1.);
#2028=VECTOR('',#3202,1.);
#2029=VECTOR('',#3205,1.);
#2030=VECTOR('',#3206,1.);
#2031=VECTOR('',#3207,1.);
#2032=VECTOR('',#3208,1.);
#2033=VECTOR('',#3211,1.);
#2034=VECTOR('',#3212,1.);
#2035=VECTOR('',#3213,1.);
#2036=VECTOR('',#3216,1.);
#2037=VECTOR('',#3221,1.);
#2038=VECTOR('',#3222,1.);
#2039=VECTOR('',#3225,1.);
#2040=VECTOR('',#3226,1.);
#2041=VECTOR('',#3229,1.);
#2042=VECTOR('',#3230,1.);
#2043=VECTOR('',#3231,1.);
#2044=VECTOR('',#3234,1.);
#2045=VECTOR('',#3239,1.);
#2046=VECTOR('',#3240,1.);
#2047=VECTOR('',#3241,1.);
#2048=VECTOR('',#3244,1.);
#2049=VECTOR('',#3245,1.);
#2050=VECTOR('',#3248,1.);
#2051=VECTOR('',#3249,1.);
#2052=VECTOR('',#3252,1.);
#2053=VECTOR('',#3257,1.);
#2054=VECTOR('',#3258,1.);
#2055=VECTOR('',#3261,1.);
#2056=VECTOR('',#3262,1.);
#2057=VECTOR('',#3263,1.);
#2058=VECTOR('',#3266,1.);
#2059=VECTOR('',#3267,1.);
#2060=VECTOR('',#3270,1.);
#2061=VECTOR('',#3275,1.);
#2062=VECTOR('',#3276,1.);
#2063=VECTOR('',#3277,1.);
#2064=VECTOR('',#3280,1.);
#2065=VECTOR('',#3281,1.);
#2066=VECTOR('',#3282,1.);
#2067=VECTOR('',#3285,1.);
#2068=VECTOR('',#3286,1.);
#2069=VECTOR('',#3289,1.);
#2070=VECTOR('',#3294,1.);
#2071=VECTOR('',#3295,1.);
#2072=VECTOR('',#3296,1.);
#2073=VECTOR('',#3299,1.);
#2074=VECTOR('',#3300,1.);
#2075=VECTOR('',#3301,1.);
#2076=VECTOR('',#3302,1.);
#2077=VECTOR('',#3305,1.);
#2078=VECTOR('',#3306,1.);
#2079=VECTOR('',#3307,1.);
#2080=VECTOR('',#3312,1.);
#2081=VECTOR('',#3317,1.);
#2082=VECTOR('',#3318,1.);
#2083=VECTOR('',#3319,1.);
#2084=VECTOR('',#3322,1.);
#2085=VECTOR('',#3323,1.);
#2086=VECTOR('',#3324,1.);
#2087=VECTOR('',#3325,1.);
#2088=VECTOR('',#3328,1.);
#2089=VECTOR('',#3329,1.);
#2090=VECTOR('',#3330,1.);
#2091=VECTOR('',#3335,1.);
#2092=VECTOR('',#3340,1.);
#2093=VECTOR('',#3341,1.);
#2094=VECTOR('',#3342,1.);
#2095=VECTOR('',#3345,1.);
#2096=VECTOR('',#3346,1.);
#2097=VECTOR('',#3347,1.);
#2098=VECTOR('',#3350,1.);
#2099=VECTOR('',#3351,1.);
#2100=VECTOR('',#3352,1.);
#2101=VECTOR('',#3355,1.);
#2102=VECTOR('',#3356,1.);
#2103=VECTOR('',#3357,1.);
#2104=VECTOR('',#3358,1.);
#2105=VECTOR('',#3359,1.);
#2106=VECTOR('',#3360,1.);
#2107=VECTOR('',#3361,1.);
#2108=VECTOR('',#3362,1.);
#2109=VECTOR('',#3363,1.);
#2110=VECTOR('',#3366,1.);
#2111=VECTOR('',#3367,1.);
#2112=VECTOR('',#3368,1.);
#2113=VECTOR('',#3369,1.);
#2114=VECTOR('',#3370,1.);
#2115=VECTOR('',#3371,1.);
#2116=VECTOR('',#3372,1.);
#2117=VECTOR('',#3375,1.);
#2118=VECTOR('',#3376,1.);
#2119=VECTOR('',#3377,1.);
#2120=VECTOR('',#3378,1.);
#2121=VECTOR('',#3379,1.);
#2122=VECTOR('',#3380,1.);
#2123=VECTOR('',#3381,1.);
#2124=VECTOR('',#3382,1.);
#2125=VECTOR('',#3383,1.);
#2126=VECTOR('',#3386,1.);
#2127=VECTOR('',#3387,1.);
#2128=VECTOR('',#3388,1.);
#2129=VECTOR('',#3389,1.);
#2130=VECTOR('',#3390,1.);
#2131=VECTOR('',#3391,1.);
#2132=VECTOR('',#3392,1.);
#2133=VECTOR('',#3393,1.);
#2134=VECTOR('',#3394,1.);
#2135=VECTOR('',#3397,1.);
#2136=VECTOR('',#3398,1.);
#2137=VECTOR('',#3399,1.);
#2138=VECTOR('',#3400,1.);
#2139=VECTOR('',#3401,1.);
#2140=VECTOR('',#3402,1.);
#2141=VECTOR('',#3403,1.);
#2142=VECTOR('',#3404,1.);
#2143=VECTOR('',#3405,1.);
#2144=VECTOR('',#3408,1.);
#2145=VECTOR('',#3409,1.);
#2146=VECTOR('',#3410,1.);
#2147=VECTOR('',#3411,1.);
#2148=VECTOR('',#3412,1.);
#2149=VECTOR('',#3413,1.);
#2150=VECTOR('',#3414,1.);
#2151=VECTOR('',#3417,1.);
#2152=VECTOR('',#3418,1.);
#2153=VECTOR('',#3419,1.);
#2154=VECTOR('',#3420,1.);
#2155=VECTOR('',#3421,1.);
#2156=VECTOR('',#3422,1.);
#2157=VECTOR('',#3423,1.);
#2158=VECTOR('',#3424,1.);
#2159=VECTOR('',#3425,1.);
#2160=VECTOR('',#3428,1.);
#2161=VECTOR('',#3429,1.);
#2162=VECTOR('',#3430,1.);
#2163=VECTOR('',#3431,1.);
#2164=VECTOR('',#3432,1.);
#2165=VECTOR('',#3433,1.);
#2166=VECTOR('',#3434,1.);
#2167=VECTOR('',#3435,1.);
#2168=VECTOR('',#3436,1.);
#2169=VECTOR('',#3439,1.);
#2170=VECTOR('',#3440,1.);
#2171=VECTOR('',#3441,1.);
#2172=VECTOR('',#3442,1.);
#2173=VECTOR('',#3443,1.);
#2174=VECTOR('',#3444,1.);
#2175=VECTOR('',#3445,1.);
#2176=VECTOR('',#3446,1.);
#2177=VECTOR('',#3447,1.);
#2178=VECTOR('',#3450,1.);
#2179=VECTOR('',#3451,1.);
#2180=VECTOR('',#3452,1.);
#2181=VECTOR('',#3453,1.);
#2182=VECTOR('',#3454,1.);
#2183=VECTOR('',#3455,1.);
#2184=VECTOR('',#3456,1.);
#2185=VECTOR('',#3457,1.);
#2186=VECTOR('',#3458,1.);
#2187=VECTOR('',#3461,1.);
#2188=VECTOR('',#3462,1.);
#2189=VECTOR('',#3463,1.);
#2190=VECTOR('',#3464,1.);
#2191=VECTOR('',#3465,1.);
#2192=VECTOR('',#3466,1.);
#2193=VECTOR('',#3467,1.);
#2194=VECTOR('',#3468,1.);
#2195=VECTOR('',#3469,1.);
#2196=VECTOR('',#3472,1.);
#2197=VECTOR('',#3473,1.);
#2198=VECTOR('',#3474,1.);
#2199=VECTOR('',#3475,1.);
#2200=VECTOR('',#3476,1.);
#2201=VECTOR('',#3477,1.);
#2202=VECTOR('',#3478,1.);
#2203=VECTOR('',#3479,1.);
#2204=VECTOR('',#3480,1.);
#2205=VECTOR('',#3483,1.);
#2206=VECTOR('',#3484,1.);
#2207=VECTOR('',#3485,1.);
#2208=VECTOR('',#3486,1.);
#2209=VECTOR('',#3487,1.);
#2210=VECTOR('',#3488,1.);
#2211=VECTOR('',#3489,1.);
#2212=VECTOR('',#3490,1.);
#2213=VECTOR('',#3491,1.);
#2214=VECTOR('',#3494,1.);
#2215=VECTOR('',#3495,1.);
#2216=VECTOR('',#3496,1.);
#2217=VECTOR('',#3497,1.);
#2218=VECTOR('',#3498,1.);
#2219=VECTOR('',#3499,1.);
#2220=VECTOR('',#3500,1.);
#2221=VECTOR('',#3503,1.);
#2222=VECTOR('',#3504,1.);
#2223=VECTOR('',#3505,1.);
#2224=VECTOR('',#3506,1.);
#2225=VECTOR('',#3507,1.);
#2226=VECTOR('',#3508,1.);
#2227=VECTOR('',#3509,1.);
#2228=VECTOR('',#3510,1.);
#2229=VECTOR('',#3511,1.);
#2230=VECTOR('',#3514,1.);
#2231=VECTOR('',#3517,1.);
#2232=VECTOR('',#3518,1.);
#2233=VECTOR('',#3521,1.);
#2234=VECTOR('',#3522,1.);
#2235=VECTOR('',#3523,1.);
#2236=EDGE_LOOP('',(#159,#160,#161,#162));
#2237=EDGE_LOOP('',(#163,#164,#165,#166,#167,#168,#169,#170,#171));
#2238=EDGE_LOOP('',(#172,#173,#174,#175,#176,#177,#178,#179,#180));
#2239=EDGE_LOOP('',(#181));
#2240=EDGE_LOOP('',(#182,#183,#184,#185));
#2241=EDGE_LOOP('',(#186));
#2242=EDGE_LOOP('',(#187,#188,#189,#190,#191,#192));
#2243=EDGE_LOOP('',(#193));
#2244=EDGE_LOOP('',(#194));
#2245=EDGE_LOOP('',(#195));
#2246=EDGE_LOOP('',(#196,#197,#198,#199));
#2247=EDGE_LOOP('',(#200,#201,#202,#203));
#2248=EDGE_LOOP('',(#204,#205,#206,#207));
#2249=EDGE_LOOP('',(#208));
#2250=EDGE_LOOP('',(#209,#210,#211,#212));
#2251=EDGE_LOOP('',(#213));
#2252=EDGE_LOOP('',(#214,#215,#216,#217));
#2253=EDGE_LOOP('',(#218,#219,#220,#221));
#2254=EDGE_LOOP('',(#222));
#2255=EDGE_LOOP('',(#223));
#2256=EDGE_LOOP('',(#224));
#2257=EDGE_LOOP('',(#225));
#2258=EDGE_LOOP('',(#226,#227,#228,#229,#230,#231,#232,#233,#234,#235,#236,
#237,#238,#239,#240,#241,#242,#243));
#2259=EDGE_LOOP('',(#244,#245,#246,#247));
#2260=EDGE_LOOP('',(#248,#249,#250,#251));
#2261=EDGE_LOOP('',(#252,#253,#254,#255,#256));
#2262=EDGE_LOOP('',(#257,#258,#259,#260));
#2263=EDGE_LOOP('',(#261,#262,#263,#264,#265));
#2264=EDGE_LOOP('',(#266,#267,#268,#269));
#2265=EDGE_LOOP('',(#270,#271,#272,#273));
#2266=EDGE_LOOP('',(#274,#275,#276,#277,#278));
#2267=EDGE_LOOP('',(#279,#280,#281,#282));
#2268=EDGE_LOOP('',(#283,#284,#285,#286));
#2269=EDGE_LOOP('',(#287,#288,#289,#290));
#2270=EDGE_LOOP('',(#291,#292,#293,#294));
#2271=EDGE_LOOP('',(#295,#296,#297,#298));
#2272=EDGE_LOOP('',(#299,#300,#301,#302));
#2273=EDGE_LOOP('',(#303,#304,#305,#306,#307));
#2274=EDGE_LOOP('',(#308,#309,#310,#311));
#2275=EDGE_LOOP('',(#312,#313,#314,#315));
#2276=EDGE_LOOP('',(#316,#317,#318,#319));
#2277=EDGE_LOOP('',(#320,#321,#322,#323));
#2278=EDGE_LOOP('',(#324,#325,#326,#327));
#2279=EDGE_LOOP('',(#328,#329,#330,#331));
#2280=EDGE_LOOP('',(#332,#333,#334,#335));
#2281=EDGE_LOOP('',(#336,#337,#338,#339,#340));
#2282=EDGE_LOOP('',(#341,#342,#343,#344,#345));
#2283=EDGE_LOOP('',(#346,#347,#348,#349));
#2284=EDGE_LOOP('',(#350,#351,#352,#353));
#2285=EDGE_LOOP('',(#354,#355,#356,#357));
#2286=EDGE_LOOP('',(#358,#359,#360,#361,#362));
#2287=EDGE_LOOP('',(#363,#364,#365,#366,#367));
#2288=EDGE_LOOP('',(#368,#369,#370,#371));
#2289=EDGE_LOOP('',(#372,#373,#374,#375));
#2290=EDGE_LOOP('',(#376,#377,#378,#379,#380));
#2291=EDGE_LOOP('',(#381,#382,#383,#384,#385));
#2292=EDGE_LOOP('',(#386,#387,#388,#389,#390));
#2293=EDGE_LOOP('',(#391,#392,#393,#394));
#2294=EDGE_LOOP('',(#395,#396,#397,#398));
#2295=EDGE_LOOP('',(#399,#400,#401,#402,#403));
#2296=EDGE_LOOP('',(#404,#405,#406,#407));
#2297=EDGE_LOOP('',(#408,#409,#410,#411,#412));
#2298=EDGE_LOOP('',(#413,#414,#415,#416));
#2299=EDGE_LOOP('',(#417,#418,#419,#420));
#2300=EDGE_LOOP('',(#421,#422,#423,#424));
#2301=EDGE_LOOP('',(#425,#426,#427,#428));
#2302=EDGE_LOOP('',(#429,#430,#431,#432,#433));
#2303=EDGE_LOOP('',(#434,#435,#436,#437));
#2304=EDGE_LOOP('',(#438,#439,#440,#441));
#2305=EDGE_LOOP('',(#442,#443,#444,#445,#446));
#2306=EDGE_LOOP('',(#447,#448,#449,#450,#451));
#2307=EDGE_LOOP('',(#452,#453,#454,#455));
#2308=EDGE_LOOP('',(#456,#457,#458,#459,#460));
#2309=EDGE_LOOP('',(#461,#462,#463,#464,#465));
#2310=EDGE_LOOP('',(#466,#467,#468,#469,#470));
#2311=EDGE_LOOP('',(#471,#472,#473,#474));
#2312=EDGE_LOOP('',(#475,#476,#477,#478));
#2313=EDGE_LOOP('',(#479,#480,#481,#482));
#2314=EDGE_LOOP('',(#483,#484,#485,#486,#487));
#2315=EDGE_LOOP('',(#488,#489,#490,#491));
#2316=EDGE_LOOP('',(#492,#493,#494,#495));
#2317=EDGE_LOOP('',(#496,#497,#498,#499));
#2318=EDGE_LOOP('',(#500,#501,#502,#503,#504));
#2319=EDGE_LOOP('',(#505,#506,#507,#508,#509,#510,#511,#512,#513,#514,#515,
#516,#517,#518,#519,#520,#521,#522,#523,#524,#525,#526,#527,#528,#529,#530,
#531,#532,#533,#534,#535,#536,#537,#538,#539,#540,#541,#542,#543,#544,#545,
#546,#547,#548,#549,#550));
#2320=EDGE_LOOP('',(#551,#552,#553,#554));
#2321=EDGE_LOOP('',(#555,#556,#557,#558));
#2322=EDGE_LOOP('',(#559,#560,#561,#562));
#2323=EDGE_LOOP('',(#563,#564,#565,#566));
#2324=EDGE_LOOP('',(#567,#568,#569,#570));
#2325=EDGE_LOOP('',(#571,#572,#573,#574));
#2326=EDGE_LOOP('',(#575,#576,#577,#578));
#2327=EDGE_LOOP('',(#579,#580,#581,#582));
#2328=EDGE_LOOP('',(#583,#584,#585,#586));
#2329=EDGE_LOOP('',(#587,#588,#589,#590));
#2330=EDGE_LOOP('',(#591,#592,#593,#594));
#2331=EDGE_LOOP('',(#595,#596,#597,#598));
#2332=EDGE_LOOP('',(#599,#600,#601,#602));
#2333=EDGE_LOOP('',(#603,#604,#605,#606));
#2334=EDGE_LOOP('',(#607,#608,#609,#610));
#2335=EDGE_LOOP('',(#611,#612,#613,#614));
#2336=EDGE_LOOP('',(#615,#616,#617,#618));
#2337=EDGE_LOOP('',(#619,#620,#621,#622));
#2338=EDGE_LOOP('',(#623,#624,#625,#626));
#2339=EDGE_LOOP('',(#627,#628,#629,#630));
#2340=EDGE_LOOP('',(#631,#632,#633,#634));
#2341=EDGE_LOOP('',(#635,#636,#637,#638));
#2342=EDGE_LOOP('',(#639,#640,#641,#642));
#2343=EDGE_LOOP('',(#643,#644,#645,#646));
#2344=EDGE_LOOP('',(#647,#648,#649,#650));
#2345=EDGE_LOOP('',(#651,#652,#653,#654));
#2346=EDGE_LOOP('',(#655,#656,#657,#658));
#2347=EDGE_LOOP('',(#659,#660,#661,#662));
#2348=EDGE_LOOP('',(#663,#664,#665,#666));
#2349=EDGE_LOOP('',(#667,#668,#669,#670));
#2350=EDGE_LOOP('',(#671,#672,#673,#674));
#2351=EDGE_LOOP('',(#675,#676,#677,#678));
#2352=EDGE_LOOP('',(#679,#680,#681,#682));
#2353=EDGE_LOOP('',(#683,#684,#685,#686));
#2354=EDGE_LOOP('',(#687,#688,#689,#690));
#2355=EDGE_LOOP('',(#691,#692,#693,#694));
#2356=EDGE_LOOP('',(#695,#696,#697,#698));
#2357=EDGE_LOOP('',(#699,#700,#701,#702));
#2358=EDGE_LOOP('',(#703,#704,#705,#706));
#2359=EDGE_LOOP('',(#707,#708,#709,#710));
#2360=EDGE_LOOP('',(#711,#712,#713,#714));
#2361=EDGE_LOOP('',(#715,#716,#717,#718));
#2362=EDGE_LOOP('',(#719,#720,#721,#722));
#2363=EDGE_LOOP('',(#723,#724,#725,#726));
#2364=EDGE_LOOP('',(#727,#728,#729,#730));
#2365=EDGE_LOOP('',(#731,#732,#733,#734));
#2366=EDGE_LOOP('',(#735,#736,#737,#738));
#2367=EDGE_LOOP('',(#739,#740,#741,#742));
#2368=EDGE_LOOP('',(#743,#744,#745,#746));
#2369=EDGE_LOOP('',(#747,#748,#749,#750));
#2370=EDGE_LOOP('',(#751,#752,#753,#754));
#2371=EDGE_LOOP('',(#755,#756,#757,#758));
#2372=EDGE_LOOP('',(#759,#760,#761,#762));
#2373=EDGE_LOOP('',(#763,#764,#765,#766));
#2374=EDGE_LOOP('',(#767,#768,#769,#770));
#2375=EDGE_LOOP('',(#771,#772,#773,#774));
#2376=EDGE_LOOP('',(#775,#776,#777,#778));
#2377=EDGE_LOOP('',(#779,#780,#781,#782));
#2378=EDGE_LOOP('',(#783,#784,#785,#786));
#2379=EDGE_LOOP('',(#787,#788,#789,#790));
#2380=EDGE_LOOP('',(#791,#792,#793,#794));
#2381=EDGE_LOOP('',(#795,#796,#797,#798));
#2382=EDGE_LOOP('',(#799,#800,#801,#802));
#2383=EDGE_LOOP('',(#803,#804,#805,#806));
#2384=EDGE_LOOP('',(#807,#808,#809,#810));
#2385=EDGE_LOOP('',(#811,#812,#813,#814));
#2386=EDGE_LOOP('',(#815,#816,#817,#818));
#2387=EDGE_LOOP('',(#819,#820,#821,#822));
#2388=EDGE_LOOP('',(#823,#824,#825,#826));
#2389=EDGE_LOOP('',(#827,#828,#829,#830));
#2390=EDGE_LOOP('',(#831,#832,#833,#834));
#2391=EDGE_LOOP('',(#835,#836,#837,#838));
#2392=EDGE_LOOP('',(#839,#840,#841,#842));
#2393=EDGE_LOOP('',(#843,#844,#845,#846));
#2394=EDGE_LOOP('',(#847,#848,#849,#850));
#2395=EDGE_LOOP('',(#851,#852,#853,#854));
#2396=EDGE_LOOP('',(#855,#856,#857,#858));
#2397=EDGE_LOOP('',(#859));
#2398=EDGE_LOOP('',(#860,#861,#862,#863,#864,#865,#866,#867,#868,#869,#870,
#871,#872,#873,#874,#875,#876,#877,#878,#879,#880,#881,#882,#883,#884,#885,
#886,#887,#888,#889,#890,#891,#892,#893,#894,#895,#896,#897,#898,#899,#900,
#901,#902,#903,#904,#905,#906,#907,#908,#909,#910,#911,#912,#913,#914,#915,
#916,#917,#918,#919,#920,#921,#922,#923,#924,#925,#926,#927,#928,#929,#930,
#931,#932,#933,#934,#935,#936));
#2399=FACE_BOUND('',#2236,.T.);
#2400=FACE_BOUND('',#2237,.T.);
#2401=FACE_BOUND('',#2238,.T.);
#2402=FACE_BOUND('',#2239,.T.);
#2403=FACE_BOUND('',#2240,.T.);
#2404=FACE_BOUND('',#2241,.T.);
#2405=FACE_BOUND('',#2242,.T.);
#2406=FACE_BOUND('',#2243,.T.);
#2407=FACE_BOUND('',#2244,.T.);
#2408=FACE_BOUND('',#2245,.T.);
#2409=FACE_BOUND('',#2246,.T.);
#2410=FACE_BOUND('',#2247,.T.);
#2411=FACE_BOUND('',#2248,.T.);
#2412=FACE_BOUND('',#2249,.T.);
#2413=FACE_BOUND('',#2250,.T.);
#2414=FACE_BOUND('',#2251,.T.);
#2415=FACE_BOUND('',#2252,.T.);
#2416=FACE_BOUND('',#2253,.T.);
#2417=FACE_BOUND('',#2254,.T.);
#2418=FACE_BOUND('',#2255,.T.);
#2419=FACE_BOUND('',#2256,.T.);
#2420=FACE_BOUND('',#2257,.T.);
#2421=FACE_BOUND('',#2258,.T.);
#2422=FACE_BOUND('',#2259,.T.);
#2423=FACE_BOUND('',#2260,.T.);
#2424=FACE_BOUND('',#2261,.T.);
#2425=FACE_BOUND('',#2262,.T.);
#2426=FACE_BOUND('',#2263,.T.);
#2427=FACE_BOUND('',#2264,.T.);
#2428=FACE_BOUND('',#2265,.T.);
#2429=FACE_BOUND('',#2266,.T.);
#2430=FACE_BOUND('',#2267,.T.);
#2431=FACE_BOUND('',#2268,.T.);
#2432=FACE_BOUND('',#2269,.T.);
#2433=FACE_BOUND('',#2270,.T.);
#2434=FACE_BOUND('',#2271,.T.);
#2435=FACE_BOUND('',#2272,.T.);
#2436=FACE_BOUND('',#2273,.T.);
#2437=FACE_BOUND('',#2274,.T.);
#2438=FACE_BOUND('',#2275,.T.);
#2439=FACE_BOUND('',#2276,.T.);
#2440=FACE_BOUND('',#2277,.T.);
#2441=FACE_BOUND('',#2278,.T.);
#2442=FACE_BOUND('',#2279,.T.);
#2443=FACE_BOUND('',#2280,.T.);
#2444=FACE_BOUND('',#2281,.T.);
#2445=FACE_BOUND('',#2282,.T.);
#2446=FACE_BOUND('',#2283,.T.);
#2447=FACE_BOUND('',#2284,.T.);
#2448=FACE_BOUND('',#2285,.T.);
#2449=FACE_BOUND('',#2286,.T.);
#2450=FACE_BOUND('',#2287,.T.);
#2451=FACE_BOUND('',#2288,.T.);
#2452=FACE_BOUND('',#2289,.T.);
#2453=FACE_BOUND('',#2290,.T.);
#2454=FACE_BOUND('',#2291,.T.);
#2455=FACE_BOUND('',#2292,.T.);
#2456=FACE_BOUND('',#2293,.T.);
#2457=FACE_BOUND('',#2294,.T.);
#2458=FACE_BOUND('',#2295,.T.);
#2459=FACE_BOUND('',#2296,.T.);
#2460=FACE_BOUND('',#2297,.T.);
#2461=FACE_BOUND('',#2298,.T.);
#2462=FACE_BOUND('',#2299,.T.);
#2463=FACE_BOUND('',#2300,.T.);
#2464=FACE_BOUND('',#2301,.T.);
#2465=FACE_BOUND('',#2302,.T.);
#2466=FACE_BOUND('',#2303,.T.);
#2467=FACE_BOUND('',#2304,.T.);
#2468=FACE_BOUND('',#2305,.T.);
#2469=FACE_BOUND('',#2306,.T.);
#2470=FACE_BOUND('',#2307,.T.);
#2471=FACE_BOUND('',#2308,.T.);
#2472=FACE_BOUND('',#2309,.T.);
#2473=FACE_BOUND('',#2310,.T.);
#2474=FACE_BOUND('',#2311,.T.);
#2475=FACE_BOUND('',#2312,.T.);
#2476=FACE_BOUND('',#2313,.T.);
#2477=FACE_BOUND('',#2314,.T.);
#2478=FACE_BOUND('',#2315,.T.);
#2479=FACE_BOUND('',#2316,.T.);
#2480=FACE_BOUND('',#2317,.T.);
#2481=FACE_BOUND('',#2318,.T.);
#2482=FACE_BOUND('',#2319,.T.);
#2483=FACE_BOUND('',#2320,.T.);
#2484=FACE_BOUND('',#2321,.T.);
#2485=FACE_BOUND('',#2322,.T.);
#2486=FACE_BOUND('',#2323,.T.);
#2487=FACE_BOUND('',#2324,.T.);
#2488=FACE_BOUND('',#2325,.T.);
#2489=FACE_BOUND('',#2326,.T.);
#2490=FACE_BOUND('',#2327,.T.);
#2491=FACE_BOUND('',#2328,.T.);
#2492=FACE_BOUND('',#2329,.T.);
#2493=FACE_BOUND('',#2330,.T.);
#2494=FACE_BOUND('',#2331,.T.);
#2495=FACE_BOUND('',#2332,.T.);
#2496=FACE_BOUND('',#2333,.T.);
#2497=FACE_BOUND('',#2334,.T.);
#2498=FACE_BOUND('',#2335,.T.);
#2499=FACE_BOUND('',#2336,.T.);
#2500=FACE_BOUND('',#2337,.T.);
#2501=FACE_BOUND('',#2338,.T.);
#2502=FACE_BOUND('',#2339,.T.);
#2503=FACE_BOUND('',#2340,.T.);
#2504=FACE_BOUND('',#2341,.T.);
#2505=FACE_BOUND('',#2342,.T.);
#2506=FACE_BOUND('',#2343,.T.);
#2507=FACE_BOUND('',#2344,.T.);
#2508=FACE_BOUND('',#2345,.T.);
#2509=FACE_BOUND('',#2346,.T.);
#2510=FACE_BOUND('',#2347,.T.);
#2511=FACE_BOUND('',#2348,.T.);
#2512=FACE_BOUND('',#2349,.T.);
#2513=FACE_BOUND('',#2350,.T.);
#2514=FACE_BOUND('',#2351,.T.);
#2515=FACE_BOUND('',#2352,.T.);
#2516=FACE_BOUND('',#2353,.T.);
#2517=FACE_BOUND('',#2354,.T.);
#2518=FACE_BOUND('',#2355,.T.);
#2519=FACE_BOUND('',#2356,.T.);
#2520=FACE_BOUND('',#2357,.T.);
#2521=FACE_BOUND('',#2358,.T.);
#2522=FACE_BOUND('',#2359,.T.);
#2523=FACE_BOUND('',#2360,.T.);
#2524=FACE_BOUND('',#2361,.T.);
#2525=FACE_BOUND('',#2362,.T.);
#2526=FACE_BOUND('',#2363,.T.);
#2527=FACE_BOUND('',#2364,.T.);
#2528=FACE_BOUND('',#2365,.T.);
#2529=FACE_BOUND('',#2366,.T.);
#2530=FACE_BOUND('',#2367,.T.);
#2531=FACE_BOUND('',#2368,.T.);
#2532=FACE_BOUND('',#2369,.T.);
#2533=FACE_BOUND('',#2370,.T.);
#2534=FACE_BOUND('',#2371,.T.);
#2535=FACE_BOUND('',#2372,.T.);
#2536=FACE_BOUND('',#2373,.T.);
#2537=FACE_BOUND('',#2374,.T.);
#2538=FACE_BOUND('',#2375,.T.);
#2539=FACE_BOUND('',#2376,.T.);
#2540=FACE_BOUND('',#2377,.T.);
#2541=FACE_BOUND('',#2378,.T.);
#2542=FACE_BOUND('',#2379,.T.);
#2543=FACE_BOUND('',#2380,.T.);
#2544=FACE_BOUND('',#2381,.T.);
#2545=FACE_BOUND('',#2382,.T.);
#2546=FACE_BOUND('',#2383,.T.);
#2547=FACE_BOUND('',#2384,.T.);
#2548=FACE_BOUND('',#2385,.T.);
#2549=FACE_BOUND('',#2386,.T.);
#2550=FACE_BOUND('',#2387,.T.);
#2551=FACE_BOUND('',#2388,.T.);
#2552=FACE_BOUND('',#2389,.T.);
#2553=FACE_BOUND('',#2390,.T.);
#2554=FACE_BOUND('',#2391,.T.);
#2555=FACE_BOUND('',#2392,.T.);
#2556=FACE_BOUND('',#2393,.T.);
#2557=FACE_BOUND('',#2394,.T.);
#2558=FACE_BOUND('',#2395,.T.);
#2559=FACE_BOUND('',#2396,.T.);
#2560=FACE_BOUND('',#2397,.T.);
#2561=FACE_BOUND('',#2398,.T.);
#2562=PLANE('',#2790);
#2563=PLANE('',#2792);
#2564=PLANE('',#2793);
#2565=PLANE('',#2794);
#2566=PLANE('',#2796);
#2567=PLANE('',#2799);
#2568=PLANE('',#2801);
#2569=PLANE('',#2803);
#2570=PLANE('',#2804);
#2571=PLANE('',#2806);
#2572=PLANE('',#2808);
#2573=PLANE('',#2812);
#2574=PLANE('',#2818);
#2575=PLANE('',#2822);
#2576=PLANE('',#2823);
#2577=PLANE('',#2824);
#2578=PLANE('',#2828);
#2579=PLANE('',#2829);
#2580=PLANE('',#2830);
#2581=PLANE('',#2834);
#2582=PLANE('',#2835);
#2583=PLANE('',#2836);
#2584=PLANE('',#2840);
#2585=PLANE('',#2841);
#2586=PLANE('',#2842);
#2587=PLANE('',#2846);
#2588=PLANE('',#2847);
#2589=PLANE('',#2848);
#2590=PLANE('',#2852);
#2591=PLANE('',#2853);
#2592=PLANE('',#2854);
#2593=PLANE('',#2858);
#2594=PLANE('',#2859);
#2595=PLANE('',#2860);
#2596=PLANE('',#2864);
#2597=PLANE('',#2865);
#2598=PLANE('',#2866);
#2599=PLANE('',#2869);
#2600=PLANE('',#2870);
#2601=PLANE('',#2871);
#2602=PLANE('',#2874);
#2603=PLANE('',#2875);
#2604=PLANE('',#2876);
#2605=PLANE('',#2879);
#2606=PLANE('',#2880);
#2607=PLANE('',#2881);
#2608=PLANE('',#2884);
#2609=PLANE('',#2885);
#2610=PLANE('',#2886);
#2611=PLANE('',#2889);
#2612=PLANE('',#2890);
#2613=PLANE('',#2891);
#2614=PLANE('',#2895);
#2615=PLANE('',#2896);
#2616=PLANE('',#2897);
#2617=PLANE('',#2901);
#2618=PLANE('',#2902);
#2619=PLANE('',#2903);
#2620=PLANE('',#2920);
#2621=PLANE('',#2921);
#2622=PLANE('',#2922);
#2623=ADVANCED_FACE('',(#2399),#2562,.F.);
#2624=ADVANCED_FACE('',(#2400),#2563,.F.);
#2625=ADVANCED_FACE('',(#2401),#2564,.T.);
#2626=ADVANCED_FACE('',(#2402,#2403),#2565,.T.);
#2627=ADVANCED_FACE('',(#2404,#2405),#2566,.F.);
#2628=ADVANCED_FACE('',(#2406,#2407),#87,.F.);
#2629=ADVANCED_FACE('',(#2408,#2409),#2567,.T.);
#2630=ADVANCED_FACE('',(#2410),#2568,.F.);
#2631=ADVANCED_FACE('',(#2411),#2569,.T.);
#2632=ADVANCED_FACE('',(#2412,#2413),#2570,.F.);
#2633=ADVANCED_FACE('',(#2414,#2415),#2571,.T.);
#2634=ADVANCED_FACE('',(#2416),#2572,.T.);
#2635=ADVANCED_FACE('',(#2417,#2418),#88,.F.);
#2636=ADVANCED_FACE('',(#2419,#2420),#89,.F.);
#2637=ADVANCED_FACE('',(#2421),#2573,.F.);
#2638=ADVANCED_FACE('',(#2422),#2574,.T.);
#2639=ADVANCED_FACE('',(#2423),#90,.T.);
#2640=ADVANCED_FACE('',(#2424),#2575,.F.);
#2641=ADVANCED_FACE('',(#2425),#2576,.F.);
#2642=ADVANCED_FACE('',(#2426),#2577,.T.);
#2643=ADVANCED_FACE('',(#2427),#91,.T.);
#2644=ADVANCED_FACE('',(#2428),#2578,.F.);
#2645=ADVANCED_FACE('',(#2429),#2579,.F.);
#2646=ADVANCED_FACE('',(#2430),#2580,.T.);
#2647=ADVANCED_FACE('',(#2431),#92,.T.);
#2648=ADVANCED_FACE('',(#2432),#2581,.F.);
#2649=ADVANCED_FACE('',(#2433),#2582,.F.);
#2650=ADVANCED_FACE('',(#2434),#2583,.T.);
#2651=ADVANCED_FACE('',(#2435),#93,.T.);
#2652=ADVANCED_FACE('',(#2436),#2584,.F.);
#2653=ADVANCED_FACE('',(#2437),#2585,.F.);
#2654=ADVANCED_FACE('',(#2438),#2586,.T.);
#2655=ADVANCED_FACE('',(#2439),#94,.T.);
#2656=ADVANCED_FACE('',(#2440),#2587,.F.);
#2657=ADVANCED_FACE('',(#2441),#2588,.F.);
#2658=ADVANCED_FACE('',(#2442),#2589,.T.);
#2659=ADVANCED_FACE('',(#2443),#95,.T.);
#2660=ADVANCED_FACE('',(#2444),#2590,.F.);
#2661=ADVANCED_FACE('',(#2445),#2591,.F.);
#2662=ADVANCED_FACE('',(#2446),#2592,.T.);
#2663=ADVANCED_FACE('',(#2447),#96,.T.);
#2664=ADVANCED_FACE('',(#2448),#2593,.F.);
#2665=ADVANCED_FACE('',(#2449),#2594,.F.);
#2666=ADVANCED_FACE('',(#2450),#2595,.T.);
#2667=ADVANCED_FACE('',(#2451),#97,.T.);
#2668=ADVANCED_FACE('',(#2452),#2596,.F.);
#2669=ADVANCED_FACE('',(#2453),#2597,.F.);
#2670=ADVANCED_FACE('',(#2454),#2598,.T.);
#2671=ADVANCED_FACE('',(#2455),#98,.T.);
#2672=ADVANCED_FACE('',(#2456),#2599,.F.);
#2673=ADVANCED_FACE('',(#2457),#2600,.F.);
#2674=ADVANCED_FACE('',(#2458),#2601,.T.);
#2675=ADVANCED_FACE('',(#2459),#99,.T.);
#2676=ADVANCED_FACE('',(#2460),#2602,.F.);
#2677=ADVANCED_FACE('',(#2461),#2603,.F.);
#2678=ADVANCED_FACE('',(#2462),#2604,.T.);
#2679=ADVANCED_FACE('',(#2463),#100,.T.);
#2680=ADVANCED_FACE('',(#2464),#2605,.F.);
#2681=ADVANCED_FACE('',(#2465),#2606,.F.);
#2682=ADVANCED_FACE('',(#2466),#2607,.T.);
#2683=ADVANCED_FACE('',(#2467),#101,.T.);
#2684=ADVANCED_FACE('',(#2468),#2608,.F.);
#2685=ADVANCED_FACE('',(#2469),#2609,.F.);
#2686=ADVANCED_FACE('',(#2470),#2610,.T.);
#2687=ADVANCED_FACE('',(#2471),#102,.T.);
#2688=ADVANCED_FACE('',(#2472),#2611,.F.);
#2689=ADVANCED_FACE('',(#2473),#2612,.F.);
#2690=ADVANCED_FACE('',(#2474),#2613,.T.);
#2691=ADVANCED_FACE('',(#2475),#103,.T.);
#2692=ADVANCED_FACE('',(#2476),#2614,.F.);
#2693=ADVANCED_FACE('',(#2477),#2615,.F.);
#2694=ADVANCED_FACE('',(#2478),#2616,.T.);
#2695=ADVANCED_FACE('',(#2479),#104,.T.);
#2696=ADVANCED_FACE('',(#2480),#2617,.F.);
#2697=ADVANCED_FACE('',(#2481),#2618,.F.);
#2698=ADVANCED_FACE('',(#2482),#2619,.F.);
#2699=ADVANCED_FACE('',(#2483),#12,.T.);
#2700=ADVANCED_FACE('',(#2484),#13,.T.);
#2701=ADVANCED_FACE('',(#2485),#14,.T.);
#2702=ADVANCED_FACE('',(#2486),#15,.T.);
#2703=ADVANCED_FACE('',(#2487),#16,.T.);
#2704=ADVANCED_FACE('',(#2488),#17,.T.);
#2705=ADVANCED_FACE('',(#2489),#18,.T.);
#2706=ADVANCED_FACE('',(#2490),#19,.T.);
#2707=ADVANCED_FACE('',(#2491),#20,.T.);
#2708=ADVANCED_FACE('',(#2492),#21,.T.);
#2709=ADVANCED_FACE('',(#2493),#22,.T.);
#2710=ADVANCED_FACE('',(#2494),#23,.T.);
#2711=ADVANCED_FACE('',(#2495),#24,.T.);
#2712=ADVANCED_FACE('',(#2496),#25,.T.);
#2713=ADVANCED_FACE('',(#2497),#26,.T.);
#2714=ADVANCED_FACE('',(#2498),#27,.T.);
#2715=ADVANCED_FACE('',(#2499),#28,.T.);
#2716=ADVANCED_FACE('',(#2500),#29,.T.);
#2717=ADVANCED_FACE('',(#2501),#30,.T.);
#2718=ADVANCED_FACE('',(#2502),#31,.T.);
#2719=ADVANCED_FACE('',(#2503),#32,.T.);
#2720=ADVANCED_FACE('',(#2504),#33,.T.);
#2721=ADVANCED_FACE('',(#2505),#34,.T.);
#2722=ADVANCED_FACE('',(#2506),#35,.T.);
#2723=ADVANCED_FACE('',(#2507),#36,.T.);
#2724=ADVANCED_FACE('',(#2508),#37,.T.);
#2725=ADVANCED_FACE('',(#2509),#38,.T.);
#2726=ADVANCED_FACE('',(#2510),#39,.T.);
#2727=ADVANCED_FACE('',(#2511),#40,.T.);
#2728=ADVANCED_FACE('',(#2512),#41,.T.);
#2729=ADVANCED_FACE('',(#2513),#42,.T.);
#2730=ADVANCED_FACE('',(#2514),#43,.T.);
#2731=ADVANCED_FACE('',(#2515),#44,.T.);
#2732=ADVANCED_FACE('',(#2516),#45,.T.);
#2733=ADVANCED_FACE('',(#2517),#46,.T.);
#2734=ADVANCED_FACE('',(#2518),#47,.T.);
#2735=ADVANCED_FACE('',(#2519),#48,.T.);
#2736=ADVANCED_FACE('',(#2520),#49,.T.);
#2737=ADVANCED_FACE('',(#2521),#50,.T.);
#2738=ADVANCED_FACE('',(#2522),#51,.T.);
#2739=ADVANCED_FACE('',(#2523),#52,.T.);
#2740=ADVANCED_FACE('',(#2524),#53,.T.);
#2741=ADVANCED_FACE('',(#2525),#54,.T.);
#2742=ADVANCED_FACE('',(#2526),#55,.T.);
#2743=ADVANCED_FACE('',(#2527),#56,.T.);
#2744=ADVANCED_FACE('',(#2528),#57,.T.);
#2745=ADVANCED_FACE('',(#2529),#58,.T.);
#2746=ADVANCED_FACE('',(#2530),#59,.T.);
#2747=ADVANCED_FACE('',(#2531),#60,.T.);
#2748=ADVANCED_FACE('',(#2532),#61,.T.);
#2749=ADVANCED_FACE('',(#2533),#62,.T.);
#2750=ADVANCED_FACE('',(#2534),#63,.T.);
#2751=ADVANCED_FACE('',(#2535),#64,.T.);
#2752=ADVANCED_FACE('',(#2536),#65,.T.);
#2753=ADVANCED_FACE('',(#2537),#66,.T.);
#2754=ADVANCED_FACE('',(#2538),#67,.T.);
#2755=ADVANCED_FACE('',(#2539),#68,.T.);
#2756=ADVANCED_FACE('',(#2540),#69,.T.);
#2757=ADVANCED_FACE('',(#2541),#70,.T.);
#2758=ADVANCED_FACE('',(#2542),#71,.T.);
#2759=ADVANCED_FACE('',(#2543),#72,.T.);
#2760=ADVANCED_FACE('',(#2544),#73,.T.);
#2761=ADVANCED_FACE('',(#2545),#74,.T.);
#2762=ADVANCED_FACE('',(#2546),#75,.T.);
#2763=ADVANCED_FACE('',(#2547),#76,.T.);
#2764=ADVANCED_FACE('',(#2548),#77,.T.);
#2765=ADVANCED_FACE('',(#2549),#78,.T.);
#2766=ADVANCED_FACE('',(#2550),#79,.T.);
#2767=ADVANCED_FACE('',(#2551),#80,.T.);
#2768=ADVANCED_FACE('',(#2552),#81,.T.);
#2769=ADVANCED_FACE('',(#2553),#82,.T.);
#2770=ADVANCED_FACE('',(#2554),#83,.T.);
#2771=ADVANCED_FACE('',(#2555),#84,.T.);
#2772=ADVANCED_FACE('',(#2556),#85,.T.);
#2773=ADVANCED_FACE('',(#2557),#2620,.F.);
#2774=ADVANCED_FACE('',(#2558),#2621,.T.);
#2775=ADVANCED_FACE('',(#2559),#86,.T.);
#2776=ADVANCED_FACE('',(#2560,#2561),#2622,.T.);
#2777=CLOSED_SHELL('',(#2623,#2624,#2625,#2626,#2627,#2628,#2629,#2630,
#2631,#2632,#2633,#2634,#2635,#2636,#2637,#2638,#2639,#2640,#2641,#2642,
#2643,#2644,#2645,#2646,#2647,#2648,#2649,#2650,#2651,#2652,#2653,#2654,
#2655,#2656,#2657,#2658,#2659,#2660,#2661,#2662,#2663,#2664,#2665,#2666,
#2667,#2668,#2669,#2670,#2671,#2672,#2673,#2674,#2675,#2676,#2677,#2678,
#2679,#2680,#2681,#2682,#2683,#2684,#2685,#2686,#2687,#2688,#2689,#2690,
#2691,#2692,#2693,#2694,#2695,#2696,#2697,#2698,#2699,#2700,#2701,#2702,
#2703,#2704,#2705,#2706,#2707,#2708,#2709,#2710,#2711,#2712,#2713,#2714,
#2715,#2716,#2717,#2718,#2719,#2720,#2721,#2722,#2723,#2724,#2725,#2726,
#2727,#2728,#2729,#2730,#2731,#2732,#2733,#2734,#2735,#2736,#2737,#2738,
#2739,#2740,#2741,#2742,#2743,#2744,#2745,#2746,#2747,#2748,#2749,#2750,
#2751,#2752,#2753,#2754,#2755,#2756,#2757,#2758,#2759,#2760,#2761,#2762,
#2763,#2764,#2765,#2766,#2767,#2768,#2769,#2770,#2771,#2772,#2773,#2774,
#2775,#2776));
#2778=STYLED_ITEM('',(#2779),#2786);
#2779=PRESENTATION_STYLE_ASSIGNMENT((#2780));
#2780=SURFACE_STYLE_USAGE(.BOTH.,#2781);
#2781=SURFACE_SIDE_STYLE('',(#2782));
#2782=SURFACE_STYLE_FILL_AREA(#2783);
#2783=FILL_AREA_STYLE('',(#2784));
#2784=FILL_AREA_STYLE_COLOUR('',#2785);
#2785=COLOUR_RGB('',0.615686274509804,0.811764705882353,0.929411764705882);
#2786=MANIFOLD_SOLID_BREP('Part 1',#2777);
#2787=SHAPE_DEFINITION_REPRESENTATION(#4913,#2788);
#2788=SHAPE_REPRESENTATION('Part 1',(#2789),#4908);
#2789=AXIS2_PLACEMENT_3D('',#3526,#2923,#2924);
#2790=AXIS2_PLACEMENT_3D('',#3527,#2925,#2926);
#2791=AXIS2_PLACEMENT_3D('',#3531,#2928,#2929);
#2792=AXIS2_PLACEMENT_3D('',#3536,#2932,#2933);
#2793=AXIS2_PLACEMENT_3D('',#3555,#2943,#2944);
#2794=AXIS2_PLACEMENT_3D('',#3571,#2953,#2954);
#2795=AXIS2_PLACEMENT_3D('',#3572,#2955,#2956);
#2796=AXIS2_PLACEMENT_3D('',#3576,#2959,#2960);
#2797=AXIS2_PLACEMENT_3D('',#3577,#2961,#2962);
#2798=AXIS2_PLACEMENT_3D('',#3583,#2966,#2967);
#2799=AXIS2_PLACEMENT_3D('',#3584,#2968,#2969);
#2800=AXIS2_PLACEMENT_3D('',#3585,#2970,#2971);
#2801=AXIS2_PLACEMENT_3D('',#3588,#2973,#2974);
#2802=AXIS2_PLACEMENT_3D('',#3589,#2975,#2976);
#2803=AXIS2_PLACEMENT_3D('',#3592,#2978,#2979);
#2804=AXIS2_PLACEMENT_3D('',#3594,#2981,#2982);
#2805=AXIS2_PLACEMENT_3D('',#3595,#2983,#2984);
#2806=AXIS2_PLACEMENT_3D('',#3598,#2986,#2987);
#2807=AXIS2_PLACEMENT_3D('',#3599,#2988,#2989);
#2808=AXIS2_PLACEMENT_3D('',#3602,#2991,#2992);
#2809=AXIS2_PLACEMENT_3D('',#3603,#2993,#2994);
#2810=AXIS2_PLACEMENT_3D('',#3604,#2995,#2996);
#2811=AXIS2_PLACEMENT_3D('',#3605,#2997,#2998);
#2812=AXIS2_PLACEMENT_3D('',#3607,#2999,#3000);
#2813=AXIS2_PLACEMENT_3D('',#3608,#3001,#3002);
#2814=AXIS2_PLACEMENT_3D('',#3610,#3003,#3004);
#2815=AXIS2_PLACEMENT_3D('',#3618,#3008,#3009);
#2816=AXIS2_PLACEMENT_3D('',#3626,#3013,#3014);
#2817=AXIS2_PLACEMENT_3D('',#3634,#3018,#3019);
#2818=AXIS2_PLACEMENT_3D('',#3641,#3023,#3024);
#2819=AXIS2_PLACEMENT_3D('',#3650,#3029,#3030);
#2820=AXIS2_PLACEMENT_3D('',#3651,#3031,#3032);
#2821=AXIS2_PLACEMENT_3D('',#3655,#3034,#3035);
#2822=AXIS2_PLACEMENT_3D('',#3656,#3036,#3037);
#2823=AXIS2_PLACEMENT_3D('',#3664,#3042,#3043);
#2824=AXIS2_PLACEMENT_3D('',#3670,#3047,#3048);
#2825=AXIS2_PLACEMENT_3D('',#3678,#3053,#3054);
#2826=AXIS2_PLACEMENT_3D('',#3679,#3055,#3056);
#2827=AXIS2_PLACEMENT_3D('',#3683,#3058,#3059);
#2828=AXIS2_PLACEMENT_3D('',#3684,#3060,#3061);
#2829=AXIS2_PLACEMENT_3D('',#3690,#3065,#3066);
#2830=AXIS2_PLACEMENT_3D('',#3698,#3071,#3072);
#2831=AXIS2_PLACEMENT_3D('',#3704,#3076,#3077);
#2832=AXIS2_PLACEMENT_3D('',#3705,#3078,#3079);
#2833=AXIS2_PLACEMENT_3D('',#3709,#3081,#3082);
#2834=AXIS2_PLACEMENT_3D('',#3710,#3083,#3084);
#2835=AXIS2_PLACEMENT_3D('',#3716,#3088,#3089);
#2836=AXIS2_PLACEMENT_3D('',#3722,#3093,#3094);
#2837=AXIS2_PLACEMENT_3D('',#3728,#3098,#3099);
#2838=AXIS2_PLACEMENT_3D('',#3729,#3100,#3101);
#2839=AXIS2_PLACEMENT_3D('',#3733,#3103,#3104);
#2840=AXIS2_PLACEMENT_3D('',#3734,#3105,#3106);
#2841=AXIS2_PLACEMENT_3D('',#3742,#3111,#3112);
#2842=AXIS2_PLACEMENT_3D('',#3748,#3116,#3117);
#2843=AXIS2_PLACEMENT_3D('',#3754,#3121,#3122);
#2844=AXIS2_PLACEMENT_3D('',#3755,#3123,#3124);
#2845=AXIS2_PLACEMENT_3D('',#3759,#3126,#3127);
#2846=AXIS2_PLACEMENT_3D('',#3760,#3128,#3129);
#2847=AXIS2_PLACEMENT_3D('',#3766,#3133,#3134);
#2848=AXIS2_PLACEMENT_3D('',#3772,#3138,#3139);
#2849=AXIS2_PLACEMENT_3D('',#3778,#3143,#3144);
#2850=AXIS2_PLACEMENT_3D('',#3779,#3145,#3146);
#2851=AXIS2_PLACEMENT_3D('',#3783,#3148,#3149);
#2852=AXIS2_PLACEMENT_3D('',#3784,#3150,#3151);
#2853=AXIS2_PLACEMENT_3D('',#3792,#3156,#3157);
#2854=AXIS2_PLACEMENT_3D('',#3800,#3162,#3163);
#2855=AXIS2_PLACEMENT_3D('',#3806,#3167,#3168);
#2856=AXIS2_PLACEMENT_3D('',#3807,#3169,#3170);
#2857=AXIS2_PLACEMENT_3D('',#3811,#3172,#3173);
#2858=AXIS2_PLACEMENT_3D('',#3812,#3174,#3175);
#2859=AXIS2_PLACEMENT_3D('',#3818,#3179,#3180);
#2860=AXIS2_PLACEMENT_3D('',#3826,#3185,#3186);
#2861=AXIS2_PLACEMENT_3D('',#3834,#3191,#3192);
#2862=AXIS2_PLACEMENT_3D('',#3835,#3193,#3194);
#2863=AXIS2_PLACEMENT_3D('',#3839,#3196,#3197);
#2864=AXIS2_PLACEMENT_3D('',#3840,#3198,#3199);
#2865=AXIS2_PLACEMENT_3D('',#3846,#3203,#3204);
#2866=AXIS2_PLACEMENT_3D('',#3854,#3209,#3210);
#2867=AXIS2_PLACEMENT_3D('',#3859,#3214,#3215);
#2868=AXIS2_PLACEMENT_3D('',#3862,#3217,#3218);
#2869=AXIS2_PLACEMENT_3D('',#3863,#3219,#3220);
#2870=AXIS2_PLACEMENT_3D('',#3867,#3223,#3224);
#2871=AXIS2_PLACEMENT_3D('',#3871,#3227,#3228);
#2872=AXIS2_PLACEMENT_3D('',#3877,#3232,#3233);
#2873=AXIS2_PLACEMENT_3D('',#3880,#3235,#3236);
#2874=AXIS2_PLACEMENT_3D('',#3881,#3237,#3238);
#2875=AXIS2_PLACEMENT_3D('',#3887,#3242,#3243);
#2876=AXIS2_PLACEMENT_3D('',#3891,#3246,#3247);
#2877=AXIS2_PLACEMENT_3D('',#3895,#3250,#3251);
#2878=AXIS2_PLACEMENT_3D('',#3898,#3253,#3254);
#2879=AXIS2_PLACEMENT_3D('',#3899,#3255,#3256);
#2880=AXIS2_PLACEMENT_3D('',#3903,#3259,#3260);
#2881=AXIS2_PLACEMENT_3D('',#3909,#3264,#3265);
#2882=AXIS2_PLACEMENT_3D('',#3913,#3268,#3269);
#2883=AXIS2_PLACEMENT_3D('',#3916,#3271,#3272);
#2884=AXIS2_PLACEMENT_3D('',#3917,#3273,#3274);
#2885=AXIS2_PLACEMENT_3D('',#3923,#3278,#3279);
#2886=AXIS2_PLACEMENT_3D('',#3929,#3283,#3284);
#2887=AXIS2_PLACEMENT_3D('',#3933,#3287,#3288);
#2888=AXIS2_PLACEMENT_3D('',#3936,#3290,#3291);
#2889=AXIS2_PLACEMENT_3D('',#3937,#3292,#3293);
#2890=AXIS2_PLACEMENT_3D('',#3943,#3297,#3298);
#2891=AXIS2_PLACEMENT_3D('',#3951,#3303,#3304);
#2892=AXIS2_PLACEMENT_3D('',#3957,#3308,#3309);
#2893=AXIS2_PLACEMENT_3D('',#3958,#3310,#3311);
#2894=AXIS2_PLACEMENT_3D('',#3962,#3313,#3314);
#2895=AXIS2_PLACEMENT_3D('',#3963,#3315,#3316);
#2896=AXIS2_PLACEMENT_3D('',#3969,#3320,#3321);
#2897=AXIS2_PLACEMENT_3D('',#3977,#3326,#3327);
#2898=AXIS2_PLACEMENT_3D('',#3983,#3331,#3332);
#2899=AXIS2_PLACEMENT_3D('',#3984,#3333,#3334);
#2900=AXIS2_PLACEMENT_3D('',#3988,#3336,#3337);
#2901=AXIS2_PLACEMENT_3D('',#3989,#3338,#3339);
#2902=AXIS2_PLACEMENT_3D('',#3995,#3343,#3344);
#2903=AXIS2_PLACEMENT_3D('',#4000,#3348,#3349);
#2904=AXIS2_PLACEMENT_3D('',#4026,#3353,#3354);
#2905=AXIS2_PLACEMENT_3D('',#4085,#3364,#3365);
#2906=AXIS2_PLACEMENT_3D('',#4133,#3373,#3374);
#2907=AXIS2_PLACEMENT_3D('',#4192,#3384,#3385);
#2908=AXIS2_PLACEMENT_3D('',#4251,#3395,#3396);
#2909=AXIS2_PLACEMENT_3D('',#4310,#3406,#3407);
#2910=AXIS2_PLACEMENT_3D('',#4362,#3415,#3416);
#2911=AXIS2_PLACEMENT_3D('',#4421,#3426,#3427);
#2912=AXIS2_PLACEMENT_3D('',#4480,#3437,#3438);
#2913=AXIS2_PLACEMENT_3D('',#4539,#3448,#3449);
#2914=AXIS2_PLACEMENT_3D('',#4598,#3459,#3460);
#2915=AXIS2_PLACEMENT_3D('',#4657,#3470,#3471);
#2916=AXIS2_PLACEMENT_3D('',#4716,#3481,#3482);
#2917=AXIS2_PLACEMENT_3D('',#4775,#3492,#3493);
#2918=AXIS2_PLACEMENT_3D('',#4827,#3501,#3502);
#2919=AXIS2_PLACEMENT_3D('',#4886,#3512,#3513);
#2920=AXIS2_PLACEMENT_3D('',#4889,#3515,#3516);
#2921=AXIS2_PLACEMENT_3D('',#4893,#3519,#3520);
#2922=AXIS2_PLACEMENT_3D('',#4906,#3524,#3525);
#2923=DIRECTION('',(0.,0.,1.));
#2924=DIRECTION('',(1.,0.,0.));
#2925=DIRECTION('',(1.,3.41480999208033E-16,0.));
#2926=DIRECTION('',(-3.41480999208033E-16,1.,0.));
#2927=DIRECTION('',(3.32321057632684E-16,-0.973175838197169,-0.230062573986377));
#2928=DIRECTION('',(-1.,-3.41480999208033E-16,0.));
#2929=DIRECTION('',(3.41480999208033E-16,-1.,0.));
#2930=DIRECTION('',(3.41480999208033E-16,-1.,0.));
#2931=DIRECTION('',(0.,0.,-1.));
#2932=DIRECTION('',(0.,-1.,0.));
#2933=DIRECTION('',(0.,0.,-1.));
#2934=DIRECTION('',(-1.,0.,0.));
#2935=DIRECTION('',(0.,0.,-1.));
#2936=DIRECTION('',(0.,0.,-1.));
#2937=DIRECTION('',(-1.,0.,0.));
#2938=DIRECTION('',(0.,0.,-1.));
#2939=DIRECTION('',(-1.,0.,0.));
#2940=DIRECTION('',(0.,0.,-1.));
#2941=DIRECTION('',(1.,0.,0.));
#2942=DIRECTION('',(0.,0.,-1.));
#2943=DIRECTION('',(0.,-1.,0.));
#2944=DIRECTION('',(0.,0.,-1.));
#2945=DIRECTION('',(-1.,0.,0.));
#2946=DIRECTION('',(0.,0.,-1.));
#2947=DIRECTION('',(1.,0.,0.));
#2948=DIRECTION('',(0.,0.,-1.));
#2949=DIRECTION('',(-1.,0.,0.));
#2950=DIRECTION('',(0.,0.,-1.));
#2951=DIRECTION('',(-1.,0.,0.));
#2952=DIRECTION('',(0.,0.,-1.));
#2953=DIRECTION('',(0.,0.,1.));
#2954=DIRECTION('',(1.,0.,0.));
#2955=DIRECTION('',(0.,0.,1.));
#2956=DIRECTION('',(1.,0.,0.));
#2957=DIRECTION('',(-6.82961998416066E-17,-1.,0.));
#2958=DIRECTION('',(-6.82961998416066E-17,-1.,0.));
#2959=DIRECTION('',(0.,0.,1.));
#2960=DIRECTION('',(1.,0.,0.));
#2961=DIRECTION('',(0.,0.,1.));
#2962=DIRECTION('',(1.,0.,0.));
#2963=DIRECTION('',(0.,-1.,0.));
#2964=DIRECTION('',(3.41480999208033E-16,-1.,0.));
#2965=DIRECTION('',(3.41480999208033E-16,-1.,0.));
#2966=DIRECTION('',(0.,0.,1.));
#2967=DIRECTION('',(1.,0.,0.));
#2968=DIRECTION('',(1.,3.41480999208033E-16,0.));
#2969=DIRECTION('',(-3.41480999208033E-16,1.,0.));
#2970=DIRECTION('',(1.,3.41480999208033E-16,0.));
#2971=DIRECTION('',(-3.41480999208033E-16,1.,0.));
#2972=DIRECTION('',(3.41480999208033E-16,-1.,0.));
#2973=DIRECTION('',(1.,3.41480999208033E-16,0.));
#2974=DIRECTION('',(-3.41480999208033E-16,1.,0.));
#2975=DIRECTION('',(-1.,-3.41480999208033E-16,0.));
#2976=DIRECTION('',(3.41480999208033E-16,-1.,0.));
#2977=DIRECTION('',(-3.32321057632684E-16,0.973175838197169,-0.230062573986377));
#2978=DIRECTION('',(0.,0.,1.));
#2979=DIRECTION('',(1.,0.,0.));
#2980=DIRECTION('',(3.41480999208033E-16,-1.,0.));
#2981=DIRECTION('',(1.,0.,0.));
#2982=DIRECTION('',(0.,0.,-1.));
#2983=DIRECTION('',(1.,0.,0.));
#2984=DIRECTION('',(0.,0.,-1.));
#2985=DIRECTION('',(0.,-1.,0.));
#2986=DIRECTION('',(1.,0.,0.));
#2987=DIRECTION('',(0.,0.,-1.));
#2988=DIRECTION('',(1.,0.,0.));
#2989=DIRECTION('',(0.,0.,-1.));
#2990=DIRECTION('',(0.,-1.,0.));
#2991=DIRECTION('',(0.,0.,1.));
#2992=DIRECTION('',(1.,0.,0.));
#2993=DIRECTION('',(1.,0.,0.));
#2994=DIRECTION('',(0.,0.,-1.));
#2995=DIRECTION('',(1.,0.,0.));
#2996=DIRECTION('',(0.,0.,-1.));
#2997=DIRECTION('',(-1.,-3.41480999208033E-16,0.));
#2998=DIRECTION('',(3.41480999208033E-16,-1.,0.));
#2999=DIRECTION('',(-1.,-3.41480999208033E-16,0.));
#3000=DIRECTION('',(3.41480999208033E-16,-1.,0.));
#3001=DIRECTION('',(-1.,-3.41480999208033E-16,0.));
#3002=DIRECTION('',(3.41480999208033E-16,-1.,0.));
#3003=DIRECTION('',(-1.,-3.41480999208033E-16,0.));
#3004=DIRECTION('',(3.41480999208033E-16,-1.,0.));
#3005=DIRECTION('',(1.12868636267888E-16,-0.330526841990196,-0.94379659181626));
#3006=DIRECTION('',(2.76263931615437E-16,-0.809016994374948,0.587785252292473));
#3007=DIRECTION('',(2.7163634948377E-16,-0.795465487431958,-0.605998892989614));
#3008=DIRECTION('',(-1.,-3.41480999208033E-16,0.));
#3009=DIRECTION('',(3.41480999208033E-16,-1.,0.));
#3010=DIRECTION('',(-2.79759546034856E-17,0.0819253623726294,-0.99663846754985));
#3011=DIRECTION('',(3.3401882007152E-16,-0.978147600733806,0.20791169081776));
#3012=DIRECTION('',(1.63983248770348E-16,-0.480211927312676,-0.877152498067836));
#3013=DIRECTION('',(-1.,-3.41480999208033E-16,0.));
#3014=DIRECTION('',(3.41480999208033E-16,-1.,0.));
#3015=DIRECTION('',(-1.63983248770348E-16,0.480211927312676,-0.877152498067836));
#3016=DIRECTION('',(3.3401882007152E-16,-0.978147600733806,-0.207911690817759));
#3017=DIRECTION('',(2.79759546034859E-17,-0.0819253623726301,-0.99663846754985));
#3018=DIRECTION('',(-1.,-3.41480999208033E-16,0.));
#3019=DIRECTION('',(3.41480999208033E-16,-1.,0.));
#3020=DIRECTION('',(-2.7163634948377E-16,0.795465487431958,-0.605998892989614));
#3021=DIRECTION('',(2.76263931615437E-16,-0.809016994374948,-0.587785252292473));
#3022=DIRECTION('',(-1.12868636267887E-16,0.330526841990195,-0.94379659181626));
#3023=DIRECTION('',(-7.75179651878855E-18,0.0227005207808534,0.999742309976065));
#3024=DIRECTION('',(0.,-0.999742309976065,0.0227005207808534));
#3025=DIRECTION('',(3.41393002961174E-16,-0.999742309976065,0.0227005207808534));
#3026=DIRECTION('',(1.,3.41480999208033E-16,0.));
#3027=DIRECTION('',(3.41393002961174E-16,-0.999742309976065,0.0227005207808534));
#3028=DIRECTION('',(1.,3.41480999208033E-16,0.));
#3029=DIRECTION('',(1.,3.41480999208033E-16,0.));
#3030=DIRECTION('',(-3.41480999208033E-16,1.,0.));
#3031=DIRECTION('',(-1.,-3.41480999208033E-16,0.));
#3032=DIRECTION('',(3.41480999208033E-16,-1.,0.));
#3033=DIRECTION('',(1.,3.41480999208033E-16,0.));
#3034=DIRECTION('',(-1.,-3.41480999208033E-16,0.));
#3035=DIRECTION('',(3.41480999208033E-16,-1.,0.));
#3036=DIRECTION('',(-2.91779114979238E-16,0.854451977286982,0.519530382663389));
#3037=DIRECTION('',(0.,-0.519530382663389,0.854451977286982));
#3038=DIRECTION('',(1.77409754190825E-16,-0.519530382663389,0.854451977286982));
#3039=DIRECTION('',(1.,3.41480999208033E-16,0.));
#3040=DIRECTION('',(1.77409754190825E-16,-0.519530382663389,0.854451977286982));
#3041=DIRECTION('',(1.77409754190825E-16,-0.519530382663389,0.854451977286982));
#3042=DIRECTION('',(-2.537698375603E-16,0.743144825477394,-0.669130606358858));
#3043=DIRECTION('',(0.,0.669130606358858,0.743144825477394));
#3044=DIRECTION('',(-2.284953880601E-16,0.669130606358858,0.743144825477394));
#3045=DIRECTION('',(1.,3.41480999208033E-16,0.));
#3046=DIRECTION('',(-2.284953880601E-16,0.669130606358858,0.743144825477394));
#3047=DIRECTION('',(-1.45938662492303E-16,0.427369788745981,0.904076912473278));
#3048=DIRECTION('',(0.,-0.904076912473278,0.427369788745981));
#3049=DIRECTION('',(3.08725087432289E-16,-0.904076912473278,0.427369788745981));
#3050=DIRECTION('',(1.,3.41480999208033E-16,0.));
#3051=DIRECTION('',(3.08725087432289E-16,-0.904076912473278,0.427369788745981));
#3052=DIRECTION('',(3.08725087432289E-16,-0.904076912473278,0.427369788745981));
#3053=DIRECTION('',(1.,3.41480999208033E-16,0.));
#3054=DIRECTION('',(-3.41480999208033E-16,1.,0.));
#3055=DIRECTION('',(-1.,-3.41480999208033E-16,0.));
#3056=DIRECTION('',(3.41480999208033E-16,-1.,0.));
#3057=DIRECTION('',(1.,3.41480999208033E-16,0.));
#3058=DIRECTION('',(-1.,-3.41480999208033E-16,0.));
#3059=DIRECTION('',(3.41480999208033E-16,-1.,0.));
#3060=DIRECTION('',(-3.3871253299274E-16,0.991892766444654,0.127077692278275));
#3061=DIRECTION('',(0.,-0.127077692278275,0.991892766444654));
#3062=DIRECTION('',(4.33946173362361E-17,-0.127077692278275,0.991892766444654));
#3063=DIRECTION('',(1.,3.41480999208033E-16,0.));
#3064=DIRECTION('',(4.33946173362361E-17,-0.127077692278275,0.991892766444654));
#3065=DIRECTION('',(-1.38892835292045E-16,0.406736643075799,-0.913545457642601));
#3066=DIRECTION('',(0.,0.913545457642601,0.406736643075799));
#3067=DIRECTION('',(-3.11958415697755E-16,0.913545457642601,0.406736643075799));
#3068=DIRECTION('',(1.,3.41480999208033E-16,0.));
#3069=DIRECTION('',(-3.11958415697755E-16,0.913545457642601,0.406736643075799));
#3070=DIRECTION('',(-3.11958415697755E-16,0.913545457642601,0.406736643075799));
#3071=DIRECTION('',(-2.58891407909772E-16,0.758142937704285,0.652088403522956));
#3072=DIRECTION('',(0.,-0.652088403522956,0.758142937704285));
#3073=DIRECTION('',(2.2267579960699E-16,-0.652088403522956,0.758142937704284));
#3074=DIRECTION('',(1.,3.41480999208033E-16,0.));
#3075=DIRECTION('',(2.2267579960699E-16,-0.652088403522956,0.758142937704284));
#3076=DIRECTION('',(1.,3.41480999208033E-16,0.));
#3077=DIRECTION('',(-3.41480999208033E-16,1.,0.));
#3078=DIRECTION('',(-1.,-3.41480999208033E-16,0.));
#3079=DIRECTION('',(3.41480999208033E-16,-1.,0.));
#3080=DIRECTION('',(1.,3.41480999208033E-16,0.));
#3081=DIRECTION('',(-1.,-3.41480999208033E-16,0.));
#3082=DIRECTION('',(3.41480999208033E-16,-1.,0.));
#3083=DIRECTION('',(-3.27079476945037E-16,0.957826285221151,-0.287347885566346));
#3084=DIRECTION('',(0.,0.287347885566346,0.957826285221151));
#3085=DIRECTION('',(-9.81238430835112E-17,0.287347885566346,0.957826285221151));
#3086=DIRECTION('',(1.,3.41480999208033E-16,0.));
#3087=DIRECTION('',(-9.81238430835112E-17,0.287347885566346,0.957826285221151));
#3088=DIRECTION('',(0.,0.,-1.));
#3089=DIRECTION('',(-1.,0.,0.));
#3090=DIRECTION('',(-3.41480999208033E-16,1.,0.));
#3091=DIRECTION('',(1.,3.41480999208033E-16,0.));
#3092=DIRECTION('',(-3.41480999208033E-16,1.,0.));
#3093=DIRECTION('',(-3.27079476945037E-16,0.957826285221151,0.287347885566346));
#3094=DIRECTION('',(0.,-0.287347885566346,0.957826285221151));
#3095=DIRECTION('',(9.81238430835112E-17,-0.287347885566346,0.957826285221151));
#3096=DIRECTION('',(1.,3.41480999208033E-16,0.));
#3097=DIRECTION('',(9.81238430835112E-17,-0.287347885566346,0.957826285221151));
#3098=DIRECTION('',(1.,3.41480999208033E-16,0.));
#3099=DIRECTION('',(-3.41480999208033E-16,1.,0.));
#3100=DIRECTION('',(-1.,-3.41480999208033E-16,0.));
#3101=DIRECTION('',(3.41480999208033E-16,-1.,0.));
#3102=DIRECTION('',(1.,3.41480999208033E-16,0.));
#3103=DIRECTION('',(-1.,-3.41480999208033E-16,0.));
#3104=DIRECTION('',(3.41480999208033E-16,-1.,0.));
#3105=DIRECTION('',(-2.58891407909772E-16,0.758142937704284,-0.652088403522957));
#3106=DIRECTION('',(0.,0.652088403522957,0.758142937704284));
#3107=DIRECTION('',(-2.2267579960699E-16,0.652088403522957,0.758142937704284));
#3108=DIRECTION('',(1.,3.41480999208033E-16,0.));
#3109=DIRECTION('',(-2.2267579960699E-16,0.652088403522957,0.758142937704284));
#3110=DIRECTION('',(-2.2267579960699E-16,0.652088403522957,0.758142937704284));
#3111=DIRECTION('',(1.38892835292046E-16,-0.406736643075801,-0.913545457642601));
#3112=DIRECTION('',(0.,0.913545457642601,-0.406736643075801));
#3113=DIRECTION('',(-3.11958415697755E-16,0.913545457642601,-0.406736643075801));
#3114=DIRECTION('',(1.,3.41480999208033E-16,0.));
#3115=DIRECTION('',(-3.11958415697755E-16,0.913545457642601,-0.406736643075801));
#3116=DIRECTION('',(-3.3871253299274E-16,0.991892766444654,-0.127077692278275));
#3117=DIRECTION('',(0.,0.127077692278275,0.991892766444654));
#3118=DIRECTION('',(-4.33946173362364E-17,0.127077692278275,0.991892766444654));
#3119=DIRECTION('',(1.,3.41480999208033E-16,0.));
#3120=DIRECTION('',(-4.33946173362364E-17,0.127077692278275,0.991892766444654));
#3121=DIRECTION('',(1.,3.41480999208033E-16,0.));
#3122=DIRECTION('',(-3.41480999208033E-16,1.,0.));
#3123=DIRECTION('',(-1.,-3.41480999208033E-16,0.));
#3124=DIRECTION('',(3.41480999208033E-16,-1.,0.));
#3125=DIRECTION('',(1.,3.41480999208033E-16,0.));
#3126=DIRECTION('',(-1.,-3.41480999208033E-16,0.));
#3127=DIRECTION('',(3.41480999208033E-16,-1.,0.));
#3128=DIRECTION('',(-1.45938662492304E-16,0.427369788745982,-0.904076912473278));
#3129=DIRECTION('',(0.,0.904076912473278,0.427369788745982));
#3130=DIRECTION('',(-3.08725087432288E-16,0.904076912473278,0.427369788745982));
#3131=DIRECTION('',(1.,3.41480999208033E-16,0.));
#3132=DIRECTION('',(-3.08725087432288E-16,0.904076912473278,0.427369788745982));
#3133=DIRECTION('',(2.537698375603E-16,-0.743144825477394,-0.669130606358858));
#3134=DIRECTION('',(0.,0.669130606358858,-0.743144825477394));
#3135=DIRECTION('',(-2.284953880601E-16,0.669130606358858,-0.743144825477394));
#3136=DIRECTION('',(1.,3.41480999208033E-16,0.));
#3137=DIRECTION('',(-2.284953880601E-16,0.669130606358858,-0.743144825477394));
#3138=DIRECTION('',(-2.91779114979238E-16,0.854451977286981,-0.519530382663389));
#3139=DIRECTION('',(0.,0.519530382663389,0.854451977286981));
#3140=DIRECTION('',(-1.77409754190826E-16,0.519530382663389,0.854451977286981));
#3141=DIRECTION('',(1.,3.41480999208033E-16,0.));
#3142=DIRECTION('',(-1.77409754190826E-16,0.519530382663389,0.854451977286981));
#3143=DIRECTION('',(1.,3.41480999208033E-16,0.));
#3144=DIRECTION('',(-3.41480999208033E-16,1.,0.));
#3145=DIRECTION('',(-1.,-3.41480999208033E-16,0.));
#3146=DIRECTION('',(3.41480999208033E-16,-1.,0.));
#3147=DIRECTION('',(1.,3.41480999208033E-16,0.));
#3148=DIRECTION('',(-1.,-3.41480999208033E-16,0.));
#3149=DIRECTION('',(3.41480999208033E-16,-1.,0.));
#3150=DIRECTION('',(-7.75179651878857E-18,0.0227005207808535,-0.999742309976065));
#3151=DIRECTION('',(0.,0.999742309976065,0.0227005207808535));
#3152=DIRECTION('',(-3.41393002961174E-16,0.999742309976065,0.0227005207808535));
#3153=DIRECTION('',(1.,3.41480999208033E-16,0.));
#3154=DIRECTION('',(-3.41393002961174E-16,0.999742309976065,0.0227005207808535));
#3155=DIRECTION('',(-3.41393002961174E-16,0.999742309976065,0.0227005207808535));
#3156=DIRECTION('',(3.2476772948778E-16,-0.951056516295154,-0.309016994374947));
#3157=DIRECTION('',(0.,0.309016994374947,-0.951056516295154));
#3158=DIRECTION('',(-1.0552343201142E-16,0.309016994374947,-0.951056516295154));
#3159=DIRECTION('',(1.,3.41480999208033E-16,0.));
#3160=DIRECTION('',(-1.0552343201142E-16,0.309016994374947,-0.951056516295154));
#3161=DIRECTION('',(-1.0552343201142E-16,0.309016994374947,-0.951056516295154));
#3162=DIRECTION('',(-1.94394437255781E-16,0.569268678803868,-0.822151550100648));
#3163=DIRECTION('',(0.,0.822151550100648,0.569268678803868));
#3164=DIRECTION('',(-2.80749132828803E-16,0.822151550100648,0.569268678803868));
#3165=DIRECTION('',(1.,3.41480999208033E-16,0.));
#3166=DIRECTION('',(-2.80749132828803E-16,0.822151550100648,0.569268678803868));
#3167=DIRECTION('',(1.,3.41480999208033E-16,0.));
#3168=DIRECTION('',(-3.41480999208033E-16,1.,0.));
#3169=DIRECTION('',(-1.,-3.41480999208033E-16,0.));
#3170=DIRECTION('',(3.41480999208033E-16,-1.,0.));
#3171=DIRECTION('',(1.,3.41480999208033E-16,0.));
#3172=DIRECTION('',(-1.,-3.41480999208033E-16,0.));
#3173=DIRECTION('',(3.41480999208033E-16,-1.,0.));
#3174=DIRECTION('',(1.31775425495685E-16,-0.385893873455041,-0.922543179710232));
#3175=DIRECTION('',(0.,0.922543179710232,-0.385893873455041));
#3176=DIRECTION('',(-3.15030966820006E-16,0.922543179710232,-0.385893873455041));
#3177=DIRECTION('',(1.,3.41480999208033E-16,0.));
#3178=DIRECTION('',(-3.15030966820006E-16,0.922543179710232,-0.385893873455041));
#3179=DIRECTION('',(3.39610330564624E-16,-0.994521895368273,0.104528463267655));
#3180=DIRECTION('',(0.,-0.104528463267655,-0.994521895368273));
#3181=DIRECTION('',(3.5694484082319E-17,-0.104528463267655,-0.994521895368273));
#3182=DIRECTION('',(1.,3.41480999208033E-16,0.));
#3183=DIRECTION('',(3.5694484082319E-17,-0.104528463267655,-0.994521895368273));
#3184=DIRECTION('',(3.5694484082319E-17,-0.104528463267655,-0.994521895368273));
#3185=DIRECTION('',(-6.33971953127797E-17,0.185653654111975,-0.982615245513152));
#3186=DIRECTION('',(0.,0.982615245513152,0.185653654111975));
#3187=DIRECTION('',(-3.35544435874878E-16,0.982615245513152,0.185653654111975));
#3188=DIRECTION('',(1.,3.41480999208033E-16,0.));
#3189=DIRECTION('',(-3.35544435874878E-16,0.982615245513152,0.185653654111975));
#3190=DIRECTION('',(-3.35544435874878E-16,0.982615245513152,0.185653654111975));
#3191=DIRECTION('',(1.,3.41480999208033E-16,0.));
#3192=DIRECTION('',(-3.41480999208033E-16,1.,0.));
#3193=DIRECTION('',(-1.,-3.41480999208033E-16,0.));
#3194=DIRECTION('',(3.41480999208033E-16,-1.,0.));
#3195=DIRECTION('',(1.,3.41480999208033E-16,0.));
#3196=DIRECTION('',(-1.,-3.41480999208033E-16,0.));
#3197=DIRECTION('',(3.41480999208033E-16,-1.,0.));
#3198=DIRECTION('',(2.48517479299797E-16,-0.727763711234775,-0.685827952630823));
#3199=DIRECTION('',(0.,0.685827952630823,-0.727763711234775));
#3200=DIRECTION('',(-2.34197214549173E-16,0.685827952630823,-0.727763711234775));
#3201=DIRECTION('',(1.,3.41480999208033E-16,0.));
#3202=DIRECTION('',(-2.34197214549173E-16,0.685827952630823,-0.727763711234775));
#3203=DIRECTION('',(2.9573122022385E-16,-0.866025403784439,0.5));
#3204=DIRECTION('',(0.,-0.5,-0.866025403784439));
#3205=DIRECTION('',(1.70740499604017E-16,-0.5,-0.866025403784439));
#3206=DIRECTION('',(1.,3.41480999208033E-16,0.));
#3207=DIRECTION('',(1.70740499604017E-16,-0.5,-0.866025403784439));
#3208=DIRECTION('',(1.70740499604017E-16,-0.5,-0.866025403784439));
#3209=DIRECTION('',(7.85619976452401E-17,-0.230062573986377,-0.973175838197169));
#3210=DIRECTION('',(0.,0.973175838197169,-0.230062573986377));
#3211=DIRECTION('',(1.,3.41480999208033E-16,0.));
#3212=DIRECTION('',(-3.32321057632684E-16,0.973175838197169,-0.230062573986377));
#3213=DIRECTION('',(-3.32321057632684E-16,0.973175838197169,-0.230062573986377));
#3214=DIRECTION('',(1.,3.41480999208033E-16,0.));
#3215=DIRECTION('',(-3.41480999208033E-16,1.,0.));
#3216=DIRECTION('',(1.,3.41480999208033E-16,0.));
#3217=DIRECTION('',(-1.,-3.41480999208033E-16,0.));
#3218=DIRECTION('',(3.41480999208033E-16,-1.,0.));
#3219=DIRECTION('',(3.22288603222553E-16,-0.94379659181626,-0.330526841990195));
#3220=DIRECTION('',(0.,0.330526841990195,-0.94379659181626));
#3221=DIRECTION('',(1.,3.41480999208033E-16,0.));
#3222=DIRECTION('',(-1.12868636267887E-16,0.330526841990195,-0.94379659181626));
#3223=DIRECTION('',(2.00717495272579E-16,-0.587785252292473,0.809016994374948));
#3224=DIRECTION('',(0.,-0.809016994374948,-0.587785252292473));
#3225=DIRECTION('',(1.,3.41480999208033E-16,0.));
#3226=DIRECTION('',(2.76263931615437E-16,-0.809016994374948,-0.587785252292473));
#3227=DIRECTION('',(2.06937107497055E-16,-0.605998892989614,-0.795465487431958));
#3228=DIRECTION('',(0.,0.795465487431958,-0.605998892989614));
#3229=DIRECTION('',(1.,3.41480999208033E-16,0.));
#3230=DIRECTION('',(-2.7163634948377E-16,0.795465487431958,-0.605998892989614));
#3231=DIRECTION('',(-2.7163634948377E-16,0.795465487431958,-0.605998892989614));
#3232=DIRECTION('',(1.,3.41480999208033E-16,0.));
#3233=DIRECTION('',(-3.41480999208033E-16,1.,0.));
#3234=DIRECTION('',(1.,3.41480999208033E-16,0.));
#3235=DIRECTION('',(-1.,-3.41480999208033E-16,0.));
#3236=DIRECTION('',(3.41480999208033E-16,-1.,0.));
#3237=DIRECTION('',(3.40333099748086E-16,-0.99663846754985,0.0819253623726301));
#3238=DIRECTION('',(0.,-0.0819253623726301,-0.99663846754985));
#3239=DIRECTION('',(1.,3.41480999208033E-16,0.));
#3240=DIRECTION('',(2.79759546034859E-17,-0.0819253623726301,-0.99663846754985));
#3241=DIRECTION('',(2.79759546034859E-17,-0.0819253623726301,-0.99663846754985));
#3242=DIRECTION('',(7.09978919274799E-17,-0.207911690817759,0.978147600733806));
#3243=DIRECTION('',(0.,-0.978147600733806,-0.207911690817759));
#3244=DIRECTION('',(1.,3.41480999208033E-16,0.));
#3245=DIRECTION('',(3.3401882007152E-16,-0.978147600733806,-0.207911690817759));
#3246=DIRECTION('',(2.99530911498027E-16,-0.877152498067836,-0.480211927312676));
#3247=DIRECTION('',(0.,0.480211927312676,-0.877152498067836));
#3248=DIRECTION('',(1.,3.41480999208033E-16,0.));
#3249=DIRECTION('',(-1.63983248770348E-16,0.480211927312676,-0.877152498067836));
#3250=DIRECTION('',(1.,3.41480999208033E-16,0.));
#3251=DIRECTION('',(-3.41480999208033E-16,1.,0.));
#3252=DIRECTION('',(1.,3.41480999208033E-16,0.));
#3253=DIRECTION('',(-1.,-3.41480999208033E-16,0.));
#3254=DIRECTION('',(3.41480999208033E-16,-1.,0.));
#3255=DIRECTION('',(2.99530911498026E-16,-0.877152498067836,0.480211927312677));
#3256=DIRECTION('',(0.,-0.480211927312677,-0.877152498067836));
#3257=DIRECTION('',(1.,3.41480999208033E-16,0.));
#3258=DIRECTION('',(1.63983248770348E-16,-0.480211927312676,-0.877152498067836));
#3259=DIRECTION('',(-7.09978919274802E-17,0.20791169081776,0.978147600733805));
#3260=DIRECTION('',(0.,-0.978147600733806,0.20791169081776));
#3261=DIRECTION('',(1.,3.41480999208033E-16,0.));
#3262=DIRECTION('',(3.3401882007152E-16,-0.978147600733806,0.20791169081776));
#3263=DIRECTION('',(3.3401882007152E-16,-0.978147600733806,0.20791169081776));
#3264=DIRECTION('',(3.40333099748086E-16,-0.99663846754985,-0.0819253623726294));
#3265=DIRECTION('',(0.,0.0819253623726294,-0.99663846754985));
#3266=DIRECTION('',(1.,3.41480999208033E-16,0.));
#3267=DIRECTION('',(-2.79759546034856E-17,0.0819253623726294,-0.99663846754985));
#3268=DIRECTION('',(1.,3.41480999208033E-16,0.));
#3269=DIRECTION('',(-3.41480999208033E-16,1.,0.));
#3270=DIRECTION('',(1.,3.41480999208033E-16,0.));
#3271=DIRECTION('',(-1.,-3.41480999208033E-16,0.));
#3272=DIRECTION('',(3.41480999208033E-16,-1.,0.));
#3273=DIRECTION('',(2.06937107497055E-16,-0.605998892989614,0.795465487431958));
#3274=DIRECTION('',(0.,-0.795465487431958,-0.605998892989614));
#3275=DIRECTION('',(1.,3.41480999208033E-16,0.));
#3276=DIRECTION('',(2.7163634948377E-16,-0.795465487431958,-0.605998892989614));
#3277=DIRECTION('',(2.7163634948377E-16,-0.795465487431958,-0.605998892989614));
#3278=DIRECTION('',(-2.00717495272579E-16,0.587785252292473,0.809016994374947));
#3279=DIRECTION('',(0.,-0.809016994374948,0.587785252292473));
#3280=DIRECTION('',(1.,3.41480999208033E-16,0.));
#3281=DIRECTION('',(2.76263931615437E-16,-0.809016994374948,0.587785252292473));
#3282=DIRECTION('',(2.76263931615437E-16,-0.809016994374948,0.587785252292473));
#3283=DIRECTION('',(3.22288603222553E-16,-0.94379659181626,0.330526841990196));
#3284=DIRECTION('',(0.,-0.330526841990196,-0.94379659181626));
#3285=DIRECTION('',(1.,3.41480999208033E-16,0.));
#3286=DIRECTION('',(1.12868636267888E-16,-0.330526841990196,-0.94379659181626));
#3287=DIRECTION('',(1.,3.41480999208033E-16,0.));
#3288=DIRECTION('',(-3.41480999208033E-16,1.,0.));
#3289=DIRECTION('',(1.,3.41480999208033E-16,0.));
#3290=DIRECTION('',(-1.,-3.41480999208033E-16,0.));
#3291=DIRECTION('',(3.41480999208033E-16,-1.,0.));
#3292=DIRECTION('',(7.85619976452399E-17,-0.230062573986377,0.973175838197169));
#3293=DIRECTION('',(0.,-0.973175838197169,-0.230062573986377));
#3294=DIRECTION('',(3.32321057632684E-16,-0.973175838197169,-0.230062573986377));
#3295=DIRECTION('',(1.,3.41480999208033E-16,0.));
#3296=DIRECTION('',(3.32321057632684E-16,-0.973175838197169,-0.230062573986377));
#3297=DIRECTION('',(-2.95731220223851E-16,0.866025403784439,0.5));
#3298=DIRECTION('',(0.,-0.5,0.866025403784439));
#3299=DIRECTION('',(1.70740499604017E-16,-0.5,0.866025403784439));
#3300=DIRECTION('',(1.,3.41480999208033E-16,0.));
#3301=DIRECTION('',(1.70740499604017E-16,-0.5,0.866025403784439));
#3302=DIRECTION('',(1.70740499604017E-16,-0.5,0.866025403784439));
#3303=DIRECTION('',(2.48517479299797E-16,-0.727763711234775,0.685827952630824));
#3304=DIRECTION('',(0.,-0.685827952630824,-0.727763711234775));
#3305=DIRECTION('',(2.34197214549173E-16,-0.685827952630824,-0.727763711234775));
#3306=DIRECTION('',(1.,3.41480999208033E-16,0.));
#3307=DIRECTION('',(2.34197214549173E-16,-0.685827952630824,-0.727763711234775));
#3308=DIRECTION('',(1.,3.41480999208033E-16,0.));
#3309=DIRECTION('',(-3.41480999208033E-16,1.,0.));
#3310=DIRECTION('',(-1.,-3.41480999208033E-16,0.));
#3311=DIRECTION('',(3.41480999208033E-16,-1.,0.));
#3312=DIRECTION('',(1.,3.41480999208033E-16,0.));
#3313=DIRECTION('',(-1.,-3.41480999208033E-16,0.));
#3314=DIRECTION('',(3.41480999208033E-16,-1.,0.));
#3315=DIRECTION('',(-6.33971953127801E-17,0.185653654111976,0.982615245513151));
#3316=DIRECTION('',(0.,-0.982615245513151,0.185653654111976));
#3317=DIRECTION('',(3.35544435874878E-16,-0.982615245513151,0.185653654111976));
#3318=DIRECTION('',(1.,3.41480999208033E-16,0.));
#3319=DIRECTION('',(3.35544435874878E-16,-0.982615245513151,0.185653654111976));
#3320=DIRECTION('',(-3.39610330564624E-16,0.994521895368273,0.104528463267653));
#3321=DIRECTION('',(0.,-0.104528463267653,0.994521895368273));
#3322=DIRECTION('',(3.56944840823183E-17,-0.104528463267653,0.994521895368273));
#3323=DIRECTION('',(1.,3.41480999208033E-16,0.));
#3324=DIRECTION('',(3.56944840823183E-17,-0.104528463267653,0.994521895368273));
#3325=DIRECTION('',(3.56944840823183E-17,-0.104528463267653,0.994521895368273));
#3326=DIRECTION('',(1.31775425495685E-16,-0.38589387345504,0.922543179710232));
#3327=DIRECTION('',(0.,-0.922543179710232,-0.38589387345504));
#3328=DIRECTION('',(3.15030966820006E-16,-0.922543179710232,-0.38589387345504));
#3329=DIRECTION('',(1.,3.41480999208033E-16,0.));
#3330=DIRECTION('',(3.15030966820006E-16,-0.922543179710232,-0.38589387345504));
#3331=DIRECTION('',(1.,3.41480999208033E-16,0.));
#3332=DIRECTION('',(-3.41480999208033E-16,1.,0.));
#3333=DIRECTION('',(-1.,-3.41480999208033E-16,0.));
#3334=DIRECTION('',(3.41480999208033E-16,-1.,0.));
#3335=DIRECTION('',(1.,3.41480999208033E-16,0.));
#3336=DIRECTION('',(-1.,-3.41480999208033E-16,0.));
#3337=DIRECTION('',(3.41480999208033E-16,-1.,0.));
#3338=DIRECTION('',(-1.94394437255782E-16,0.569268678803869,0.822151550100648));
#3339=DIRECTION('',(0.,-0.822151550100648,0.569268678803869));
#3340=DIRECTION('',(2.80749132828803E-16,-0.822151550100648,0.569268678803869));
#3341=DIRECTION('',(1.,3.41480999208033E-16,0.));
#3342=DIRECTION('',(2.80749132828803E-16,-0.822151550100648,0.569268678803869));
#3343=DIRECTION('',(-3.2476772948778E-16,0.951056516295153,-0.309016994374948));
#3344=DIRECTION('',(0.,0.309016994374948,0.951056516295154));
#3345=DIRECTION('',(-1.0552343201142E-16,0.309016994374948,0.951056516295153));
#3346=DIRECTION('',(-1.0552343201142E-16,0.309016994374948,0.951056516295153));
#3347=DIRECTION('',(-1.0552343201142E-16,0.309016994374948,0.951056516295153));
#3348=DIRECTION('',(-1.,-3.41480999208033E-16,0.));
#3349=DIRECTION('',(3.41480999208033E-16,-1.,0.));
#3350=DIRECTION('',(9.8123843083511E-17,-0.287347885566345,-0.957826285221152));
#3351=DIRECTION('',(-0.886213932297682,0.179370524567011,-0.427142928207919));
#3352=DIRECTION('',(-0.928411440672943,0.104446287075706,-0.356571409318933));
#3353=DIRECTION('',(-1.,-3.41480999208033E-16,0.));
#3354=DIRECTION('',(3.41480999208033E-16,-1.,0.));
#3355=DIRECTION('',(-0.814602134190157,0.237368071600926,-0.529225624433756));
#3356=DIRECTION('',(-2.1582250716971E-16,0.632019080623076,-0.77495282548576));
#3357=DIRECTION('',(-0.859040022676046,0.289330582366041,-0.422300904034629));
#3358=DIRECTION('',(-3.15487305909805E-16,0.923879532511286,0.382683432365091));
#3359=DIRECTION('',(-0.855449656826758,0.328376135689877,-0.400468473346362));
#3360=DIRECTION('',(3.15487305909805E-16,-0.923879532511287,-0.382683432365091));
#3361=DIRECTION('',(-0.92720569070668,0.256362838126819,-0.273070874222629));
#3362=DIRECTION('',(-3.45132866173002E-17,0.101069420252793,-0.99487937574852));
#3363=DIRECTION('',(-0.884913400435772,0.349586644843763,-0.307762004601086));
#3364=DIRECTION('',(-1.,-3.41480999208033E-16,0.));
#3365=DIRECTION('',(3.41480999208033E-16,-1.,0.));
#3366=DIRECTION('',(-0.851975030843986,0.382921699962872,-0.357084749766681));
#3367=DIRECTION('',(-3.0066415097522E-16,0.880471099922176,-0.474099823035017));
#3368=DIRECTION('',(-0.862105101338523,0.369787341002941,-0.346456514847202));
#3369=DIRECTION('',(2.41463530186358E-16,-0.707106781186547,-0.707106781186548));
#3370=DIRECTION('',(-0.862764034049978,0.424952888144165,-0.273958508551461));
#3371=DIRECTION('',(-1.61896081294349E-16,0.474099823035018,-0.880471099922175));
#3372=DIRECTION('',(-0.854985515043539,0.427646225466851,-0.293459494495731));
#3373=DIRECTION('',(-1.,-3.41480999208033E-16,0.));
#3374=DIRECTION('',(3.41480999208033E-16,-1.,0.));
#3375=DIRECTION('',(-0.890097808015186,0.373146375380459,-0.261701499244821));
#3376=DIRECTION('',(-3.39732403322069E-16,0.99487937574852,-0.101069420252791));
#3377=DIRECTION('',(-0.930924118726663,0.330019601366669,-0.156420420299814));
#3378=DIRECTION('',(-1.3067912086439E-16,0.38268343236509,0.923879532511287));
#3379=DIRECTION('',(-0.862268325674001,0.456808239632545,-0.218676854612394));
#3380=DIRECTION('',(1.30679120864391E-16,-0.382683432365091,-0.923879532511286));
#3381=DIRECTION('',(-0.86657652553753,0.467563636736577,-0.174440164494789));
#3382=DIRECTION('',(-2.64631665185965E-16,0.77495282548576,-0.632019080623076));
#3383=DIRECTION('',(-0.819100990968986,0.560223561128472,-0.123382041441042));
#3384=DIRECTION('',(-1.,-3.41480999208033E-16,0.));
#3385=DIRECTION('',(3.41480999208033E-16,-1.,0.));
#3386=DIRECTION('',(-0.891176631952536,0.448169538068251,-0.0703439820412842));
#3387=DIRECTION('',(-3.27079476945037E-16,0.957826285221151,0.287347885566346));
#3388=DIRECTION('',(-0.931108208740788,0.364539063100993,0.0121973394218379));
#3389=DIRECTION('',(0.,0.,1.));
#3390=DIRECTION('',(-0.863461944085809,0.504385790325753,0.00533344476118766));
#3391=DIRECTION('',(0.,0.,-1.));
#3392=DIRECTION('',(-0.867862404576147,0.494256005982627,0.0502578080840216));
#3393=DIRECTION('',(-3.27079476945037E-16,0.957826285221152,-0.287347885566345));
#3394=DIRECTION('',(-0.819860323691876,0.55740307505713,0.130884917208623));
#3395=DIRECTION('',(-1.,-3.41480999208033E-16,0.));
#3396=DIRECTION('',(3.41480999208033E-16,-1.,0.));
#3397=DIRECTION('',(-0.89185919749383,0.431733143798417,0.134883892261447));
#3398=DIRECTION('',(-2.64631665185965E-16,0.77495282548576,0.632019080623076));
#3399=DIRECTION('',(-0.930665807538819,0.318938507359542,0.17927460277849));
#3400=DIRECTION('',(1.30679120864391E-16,-0.382683432365091,0.923879532511286));
#3401=DIRECTION('',(-0.864084308419009,0.448796028883458,0.227904436996038));
#3402=DIRECTION('',(-1.3067912086439E-16,0.38268343236509,-0.923879532511287));
#3403=DIRECTION('',(-0.868522128983052,0.419386725852113,0.264166776196007));
#3404=DIRECTION('',(-3.39732403322069E-16,0.99487937574852,0.101069420252792));
#3405=DIRECTION('',(-0.820086863868095,0.44506896241992,0.359682018457205));
#3406=DIRECTION('',(-1.,-3.41480999208033E-16,0.));
#3407=DIRECTION('',(3.41480999208033E-16,-1.,0.));
#3408=DIRECTION('',(-0.891928116415148,0.326645366898428,0.312677212844041));
#3409=DIRECTION('',(-1.61896081294349E-16,0.474099823035017,0.880471099922175));
#3410=DIRECTION('',(-0.929398820233348,0.201865123719097,0.308979456881416));
#3411=DIRECTION('',(-2.41463530186358E-16,0.707106781186548,-0.707106781186548));
#3412=DIRECTION('',(-0.866223925828685,0.355116636286637,0.351494359776093));
#3413=DIRECTION('',(-3.0066415097522E-16,0.880471099922175,0.474099823035018));
#3414=DIRECTION('',(-0.824267719806053,0.339270132714961,0.453297367225205));
#3415=DIRECTION('',(-1.,-3.41480999208033E-16,0.));
#3416=DIRECTION('',(3.41480999208033E-16,-1.,0.));
#3417=DIRECTION('',(-0.821687374850595,0.277999777919672,0.497539929541088));
#3418=DIRECTION('',(-3.45132866173001E-17,0.101069420252792,0.99487937574852));
#3419=DIRECTION('',(-0.902151642199618,0.218400930553604,0.372053017740552));
#3420=DIRECTION('',(3.15487305909805E-16,-0.923879532511287,0.38268343236509));
#3421=DIRECTION('',(-0.929607674747225,0.222993693465347,0.293433780819013));
#3422=DIRECTION('',(-3.15487305909805E-16,0.923879532511287,-0.38268343236509));
#3423=DIRECTION('',(-0.931283636424515,0.18786983390892,0.312114905179114));
#3424=DIRECTION('',(-2.1582250716971E-16,0.632019080623075,0.77495282548576));
#3425=DIRECTION('',(-0.820174884993708,0.219074064327445,0.528507059900445));
#3426=DIRECTION('',(-1.,-3.41480999208033E-16,0.));
#3427=DIRECTION('',(3.41480999208033E-16,-1.,0.));
#3428=DIRECTION('',(-0.824089051045913,0.146140186122344,0.547284461634326));
#3429=DIRECTION('',(9.81238430835111E-17,-0.287347885566346,0.957826285221151));
#3430=DIRECTION('',(-0.867456675937559,0.0675703345895732,0.492902794935082));
#3431=DIRECTION('',(3.41480999208033E-16,-1.,-4.46071750965465E-16));
#3432=DIRECTION('',(-0.931487522599955,0.0606617943394648,0.358679720569918));
#3433=DIRECTION('',(-3.41480999208033E-16,1.,-1.98254111540206E-16));
#3434=DIRECTION('',(-0.933002740006493,0.0208772690418867,0.359263172030935));
#3435=DIRECTION('',(-9.8123843083511E-17,0.287347885566345,0.957826285221152));
#3436=DIRECTION('',(-0.821390157736174,-0.0331798630292387,0.56940083022727));
#3437=DIRECTION('',(-1.,-3.41480999208033E-16,0.));
#3438=DIRECTION('',(3.41480999208033E-16,-1.,0.));
#3439=DIRECTION('',(-0.820174884993707,-0.219074064327449,0.528507059900444));
#3440=DIRECTION('',(2.1582250716971E-16,-0.632019080623076,0.77495282548576));
#3441=DIRECTION('',(-0.901591925692064,-0.174168512587358,0.395976424487598));
#3442=DIRECTION('',(3.15487305909805E-16,-0.923879532511287,-0.38268343236509));
#3443=DIRECTION('',(-0.932301001106623,-0.112708360412802,0.34367378257389));
#3444=DIRECTION('',(-3.15487305909805E-16,0.923879532511287,0.38268343236509));
#3445=DIRECTION('',(-0.933645713672849,-0.148486921176428,0.325971341654235));
#3446=DIRECTION('',(3.45132866173001E-17,-0.101069420252792,0.99487937574852));
#3447=DIRECTION('',(-0.857747276111074,-0.218964765591866,0.465106484316583));
#3448=DIRECTION('',(-1.,-3.41480999208033E-16,0.));
#3449=DIRECTION('',(3.41480999208033E-16,-1.,0.));
#3450=DIRECTION('',(-0.81958389653481,-0.244514240224142,0.518165053692768));
#3451=DIRECTION('',(3.0066415097522E-16,-0.880471099922175,0.474099823035017));
#3452=DIRECTION('',(-0.866223925828683,-0.355116636286641,0.351494359776092));
#3453=DIRECTION('',(2.41463530186358E-16,-0.707106781186547,-0.707106781186548));
#3454=DIRECTION('',(-0.932061605113979,-0.26011184936328,0.252196332434013));
#3455=DIRECTION('',(-2.41463530186358E-16,0.707106781186548,0.707106781186548));
#3456=DIRECTION('',(-0.933249662801513,-0.284036426599463,0.219928113813286));
#3457=DIRECTION('',(1.61896081294349E-16,-0.474099823035018,0.880471099922175));
#3458=DIRECTION('',(-0.821126372210633,-0.467573128882545,0.327302383137049));
#3459=DIRECTION('',(-1.,-3.41480999208033E-16,0.));
#3460=DIRECTION('',(3.41480999208033E-16,-1.,0.));
#3461=DIRECTION('',(-0.823074027765997,-0.504305306700355,0.261199736697647));
#3462=DIRECTION('',(3.39732403322069E-16,-0.99487937574852,0.101069420252792));
#3463=DIRECTION('',(-0.864150022811649,-0.477766051197788,0.158064348913659));
#3464=DIRECTION('',(1.3067912086439E-16,-0.38268343236509,-0.923879532511287));
#3465=DIRECTION('',(-0.930882560547657,-0.350183205133252,0.104064313339587));
#3466=DIRECTION('',(-1.3067912086439E-16,0.38268343236509,0.923879532511287));
#3467=DIRECTION('',(-0.931947126591247,-0.356887163612095,0.064078902044528));
#3468=DIRECTION('',(2.64631665185965E-16,-0.77495282548576,0.632019080623075));
#3469=DIRECTION('',(-0.856999031883869,-0.50277581277171,0.113000625847195));
#3470=DIRECTION('',(-1.,-3.41480999208033E-16,0.));
#3471=DIRECTION('',(3.41480999208033E-16,-1.,0.));
#3472=DIRECTION('',(-0.819860323691875,-0.557403075057132,0.130884917208622));
#3473=DIRECTION('',(3.27079476945037E-16,-0.957826285221151,-0.287347885566346));
#3474=DIRECTION('',(-0.867862404576145,-0.494256005982629,0.0502578080840207));
#3475=DIRECTION('',(0.,0.,-1.));
#3476=DIRECTION('',(-0.863461944085808,-0.504385790325756,0.00533344476118669));
#3477=DIRECTION('',(0.,0.,1.));
#3478=DIRECTION('',(-0.931108208740787,-0.364539063100996,0.0121973394218361));
#3479=DIRECTION('',(3.27079476945037E-16,-0.957826285221151,0.287347885566346));
#3480=DIRECTION('',(-0.891176631952535,-0.448169538068253,-0.0703439820412863));
#3481=DIRECTION('',(-1.,-3.41480999208033E-16,0.));
#3482=DIRECTION('',(3.41480999208033E-16,-1.,0.));
#3483=DIRECTION('',(-0.819100990968985,-0.560223561128473,-0.123382041441044));
#3484=DIRECTION('',(2.64631665185965E-16,-0.77495282548576,-0.632019080623075));
#3485=DIRECTION('',(-0.866576525537529,-0.467563636736578,-0.174440164494791));
#3486=DIRECTION('',(-1.3067912086439E-16,0.38268343236509,-0.923879532511287));
#3487=DIRECTION('',(-0.862268325674,-0.456808239632547,-0.218676854612396));
#3488=DIRECTION('',(1.3067912086439E-16,-0.38268343236509,0.923879532511287));
#3489=DIRECTION('',(-0.898167988162795,-0.412154633681407,-0.153045166452725));
#3490=DIRECTION('',(3.39732403322069E-16,-0.99487937574852,-0.101069420252791));
#3491=DIRECTION('',(-0.888256473778449,-0.430220886164238,-0.160967157826479));
#3492=DIRECTION('',(-1.,-3.41480999208033E-16,0.));
#3493=DIRECTION('',(3.41480999208033E-16,-1.,0.));
#3494=DIRECTION('',(-0.889674544956007,-0.396740517612195,-0.226000366685831));
#3495=DIRECTION('',(1.61896081294349E-16,-0.474099823035017,-0.880471099922176));
#3496=DIRECTION('',(-0.862764034049977,-0.424952888144166,-0.273958508551462));
#3497=DIRECTION('',(2.41463530186358E-16,-0.707106781186547,0.707106781186548));
#3498=DIRECTION('',(-0.862105101338522,-0.369787341002943,-0.346456514847202));
#3499=DIRECTION('',(3.0066415097522E-16,-0.880471099922175,-0.474099823035017));
#3500=DIRECTION('',(-0.888642966355628,-0.315524580676787,-0.332803120982074));
#3501=DIRECTION('',(-1.,-3.41480999208033E-16,0.));
#3502=DIRECTION('',(3.41480999208033E-16,-1.,0.));
#3503=DIRECTION('',(-0.889466052327415,-0.257660225939961,-0.377440524752778));
#3504=DIRECTION('',(3.45132866173E-17,-0.101069420252792,-0.99487937574852));
#3505=DIRECTION('',(-0.862758772057646,-0.261436887801319,-0.432779452994645));
#3506=DIRECTION('',(-3.15487305909805E-16,0.923879532511288,-0.382683432365089));
#3507=DIRECTION('',(-0.859024615806179,-0.110016182927361,-0.499973148212121));
#3508=DIRECTION('',(3.15487305909805E-16,-0.923879532511287,0.382683432365091));
#3509=DIRECTION('',(-0.897969529901165,-0.126461479204215,-0.421495216635446));
#3510=DIRECTION('',(2.1582250716971E-16,-0.632019080623076,-0.77495282548576));
#3511=DIRECTION('',(-0.888918693479797,-0.137988060099996,-0.436786963692841));
#3512=DIRECTION('',(-1.,-3.41480999208033E-16,0.));
#3513=DIRECTION('',(3.41480999208033E-16,-1.,0.));
#3514=DIRECTION('',(-0.889188111498358,-0.0666891083623774,-0.452655570158829));
#3515=DIRECTION('',(0.213105740714495,-0.935824193123551,-0.280747257937065));
#3516=DIRECTION('',(0.,0.287347885566346,-0.957826285221151));
#3517=DIRECTION('',(-9.8123843083511E-17,0.287347885566345,-0.957826285221152));
#3518=DIRECTION('',(-0.862617404606951,-0.0452874137418652,-0.503825627996176));
#3519=DIRECTION('',(-0.504343084636993,-1.72223580485502E-16,0.863503360143342));
#3520=DIRECTION('',(0.863503360143342,0.,0.504343084636993));
#3521=DIRECTION('',(-3.41480999208033E-16,1.,0.));
#3522=DIRECTION('',(-0.85726185239331,0.120016659335063,-0.500697631223918));
#3523=DIRECTION('',(3.41480999208033E-16,-1.,0.));
#3524=DIRECTION('',(-1.,-3.41480999208033E-16,0.));
#3525=DIRECTION('',(3.41480999208033E-16,-1.,0.));
#3526=CARTESIAN_POINT('',(0.,0.,0.));
#3527=CARTESIAN_POINT('',(-0.0615644983005524,6.93889390390723E-18,0.08636));
#3528=CARTESIAN_POINT('',(-0.0615644983005524,-0.0543865492910623,0.00196495655028664));
#3529=CARTESIAN_POINT('',(-0.0615644983005524,-0.0493064222721401,0.00316591844460999));
#3530=CARTESIAN_POINT('',(-0.0615644983005524,-0.0508,0.00281283082875144));
#3531=CARTESIAN_POINT('',(-0.0615644983005524,2.87964097012152E-16,0.04318));
#3532=CARTESIAN_POINT('',(-0.0615644983005524,-0.0465589690607513,0.));
#3533=CARTESIAN_POINT('',(-0.0615644983005524,6.93889390390723E-18,0.));
#3534=CARTESIAN_POINT('',(-0.0615644983005524,-0.0508,0.));
#3535=CARTESIAN_POINT('',(-0.0615644983005524,-0.0508,0.08636));
#3536=CARTESIAN_POINT('',(6.93889390390723E-18,0.0508,0.00762));
#3537=CARTESIAN_POINT('',(6.93889390390723E-18,0.0508,0.));
#3538=CARTESIAN_POINT('',(0.0615644983005524,0.0508,0.));
#3539=CARTESIAN_POINT('',(-0.0615644983005524,0.0508,0.));
#3540=CARTESIAN_POINT('',(-0.0615644983005524,0.0508,0.08636));
#3541=CARTESIAN_POINT('',(-0.0615644983005524,0.0508,0.00281283082875152));
#3542=CARTESIAN_POINT('',(-0.0615644983005524,0.0508,0.08636));
#3543=CARTESIAN_POINT('',(-0.0615644983005524,0.0508,0.08636));
#3544=CARTESIAN_POINT('',(-0.0561822491502762,0.0508,0.08636));
#3545=CARTESIAN_POINT('',(-0.0508,0.0508,0.08636));
#3546=CARTESIAN_POINT('',(-0.0508,0.0508,0.08636));
#3547=CARTESIAN_POINT('',(-0.0508,0.0508,0.00762));
#3548=CARTESIAN_POINT('',(6.93889390390723E-18,0.0508,0.00762));
#3549=CARTESIAN_POINT('',(0.0508,0.0508,0.00762));
#3550=CARTESIAN_POINT('',(0.0508,0.0508,0.08636));
#3551=CARTESIAN_POINT('',(0.0508,0.0508,0.08636));
#3552=CARTESIAN_POINT('',(0.0561822491502762,0.0508,0.08636));
#3553=CARTESIAN_POINT('',(0.0615644983005524,0.0508,0.08636));
#3554=CARTESIAN_POINT('',(0.0615644983005524,0.0508,0.08636));
#3555=CARTESIAN_POINT('',(-6.93889390390723E-18,-0.0508,0.00762));
#3556=CARTESIAN_POINT('',(-6.93889390390723E-18,-0.0508,0.));
#3557=CARTESIAN_POINT('',(0.0615644983005524,-0.0508,0.));
#3558=CARTESIAN_POINT('',(0.0615644983005524,-0.0508,0.08636));
#3559=CARTESIAN_POINT('',(0.0615644983005524,-0.0508,0.08636));
#3560=CARTESIAN_POINT('',(0.0561822491502762,-0.0508,0.08636));
#3561=CARTESIAN_POINT('',(0.0508,-0.0508,0.08636));
#3562=CARTESIAN_POINT('',(0.0508,-0.0508,0.08636));
#3563=CARTESIAN_POINT('',(0.0508,-0.0508,0.00762));
#3564=CARTESIAN_POINT('',(-6.93889390390723E-18,-0.0508,0.00762));
#3565=CARTESIAN_POINT('',(-0.0508,-0.0508,0.00762));
#3566=CARTESIAN_POINT('',(-0.0508,-0.0508,0.08636));
#3567=CARTESIAN_POINT('',(-0.0508,-0.0508,0.08636));
#3568=CARTESIAN_POINT('',(-0.0561822491502762,-0.0508,0.08636));
#3569=CARTESIAN_POINT('',(-0.0615644983005524,-0.0508,0.08636));
#3570=CARTESIAN_POINT('',(-0.0615644983005524,-0.0508,0.08636));
#3571=CARTESIAN_POINT('',(0.,0.,0.00762));
#3572=CARTESIAN_POINT('',(0.,8.20513355428727E-19,0.00762));
#3573=CARTESIAN_POINT('',(0.0134,8.20513355428727E-19,0.00762));
#3574=CARTESIAN_POINT('',(0.0508,0.,0.00762));
#3575=CARTESIAN_POINT('',(-0.0508,0.,0.00762));
#3576=CARTESIAN_POINT('',(0.,0.,0.));
#3577=CARTESIAN_POINT('',(0.,8.20513355428727E-19,0.));
#3578=CARTESIAN_POINT('',(0.0134,8.20513355428727E-19,0.));
#3579=CARTESIAN_POINT('',(0.0615644983005524,2.08166817117217E-17,0.));
#3580=CARTESIAN_POINT('',(-0.0615644983005524,6.93889390390723E-18,0.));
#3581=CARTESIAN_POINT('',(-0.0615644983005524,0.0465589690607514,0.));
#3582=CARTESIAN_POINT('',(-0.0615644983005524,6.93889390390723E-18,0.));
#3583=CARTESIAN_POINT('',(0.,8.20513355428727E-19,-0.09738));
#3584=CARTESIAN_POINT('',(-0.0508,6.93889390390723E-18,0.08636));
#3585=CARTESIAN_POINT('',(-0.0508,-2.60208521396521E-18,0.04318));
#3586=CARTESIAN_POINT('',(-0.0508,0.0134,0.04318));
#3587=CARTESIAN_POINT('',(-0.0508,6.93889390390723E-18,0.08636));
#3588=CARTESIAN_POINT('',(-0.0615644983005524,6.93889390390723E-18,0.08636));
#3589=CARTESIAN_POINT('',(-0.0615644983005524,7.00828284294631E-16,0.0431799999999995));
#3590=CARTESIAN_POINT('',(-0.0615644983005524,0.0493064222721402,0.00316591844461005));
#3591=CARTESIAN_POINT('',(-0.0615644983005524,0.0543865492910624,0.00196495655028669));
#3592=CARTESIAN_POINT('',(0.,-0.000820958986878395,0.08636));
#3593=CARTESIAN_POINT('',(-0.0615644983005524,6.93889390390723E-18,0.08636));
#3594=CARTESIAN_POINT('',(0.0508,2.08166817117217E-17,0.08636));
#3595=CARTESIAN_POINT('',(0.0508,-2.60208521396521E-18,0.04318));
#3596=CARTESIAN_POINT('',(0.0508,-2.60208521396521E-18,0.02978));
#3597=CARTESIAN_POINT('',(0.0508,2.08166817117217E-17,0.08636));
#3598=CARTESIAN_POINT('',(0.0615644983005524,2.08166817117217E-17,0.08636));
#3599=CARTESIAN_POINT('',(0.0615644983005524,-2.60208521396521E-18,0.04318));
#3600=CARTESIAN_POINT('',(0.0615644983005524,-2.60208521396521E-18,0.02978));
#3601=CARTESIAN_POINT('',(0.0615644983005524,2.08166817117217E-17,0.08636));
#3602=CARTESIAN_POINT('',(0.,-0.000820958986878395,0.08636));
#3603=CARTESIAN_POINT('',(-0.165435501699448,-2.60208521396521E-18,0.04318));
#3604=CARTESIAN_POINT('',(-0.165435501699448,-2.60208521396521E-18,0.04318));
#3605=CARTESIAN_POINT('',(-0.126564498300552,-2.47983501624873E-17,0.04318));
#3606=CARTESIAN_POINT('',(-0.126564498300552,-0.0134,0.04318));
#3607=CARTESIAN_POINT('',(-0.0615644983005524,4.83658326436584E-17,0.0150941126048565));
#3608=CARTESIAN_POINT('',(-0.0615644983005524,7.00828284294631E-16,0.0431799999999995));
#3609=CARTESIAN_POINT('',(-0.0615644983005524,0.04494880477922,-0.00167370607786573));
#3610=CARTESIAN_POINT('',(-0.0615644983005524,2.87964097012152E-16,0.04318));
#3611=CARTESIAN_POINT('',(-0.0615644983005524,-0.0449488047792199,-0.00167370607786578));
#3612=CARTESIAN_POINT('',(-0.0615644983005524,-0.0466742055491198,-0.00660046892817923));
#3613=CARTESIAN_POINT('',(-0.0615644983005524,-0.0483996063190198,-0.0115272317784927));
#3614=CARTESIAN_POINT('',(-0.0615644983005524,-0.0399049278780828,-0.0176989769275637));
#3615=CARTESIAN_POINT('',(-0.0615644983005524,-0.0370733683977705,-0.0197562253105873));
#3616=CARTESIAN_POINT('',(-0.0615644983005524,-0.0329209166447457,-0.0165928182171513));
#3617=CARTESIAN_POINT('',(-0.0615644983005524,-0.028768464891721,-0.0134294111237153));
#3618=CARTESIAN_POINT('',(-0.0615644983005524,2.04697370165264E-16,0.0431800000000005));
#3619=CARTESIAN_POINT('',(-0.0615644983005524,-0.0228191305929006,-0.01607822541204));
#3620=CARTESIAN_POINT('',(-0.0615644983005524,-0.0223914676458887,-0.0212808309519357));
#3621=CARTESIAN_POINT('',(-0.0615644983005524,-0.0219638046988768,-0.0264834364918314));
#3622=CARTESIAN_POINT('',(-0.0615644983005524,-0.0116932548911718,-0.0286665092454178));
#3623=CARTESIAN_POINT('',(-0.0615644983005524,-0.00826973828860349,-0.02939420016328));
#3624=CARTESIAN_POINT('',(-0.0615644983005524,-0.00576295843341398,-0.0248153296958376));
#3625=CARTESIAN_POINT('',(-0.0615644983005524,-0.00325617857822444,-0.0202364592283952));
#3626=CARTESIAN_POINT('',(-0.0615644983005524,4.98732999343346E-17,0.0431800000000021));
#3627=CARTESIAN_POINT('',(-0.0615644983005524,0.00325617857822464,-0.0202364592283952));
#3628=CARTESIAN_POINT('',(-0.0615644983005524,0.00576295843341411,-0.0248153296958376));
#3629=CARTESIAN_POINT('',(-0.0615644983005524,0.00826973828860361,-0.02939420016328));
#3630=CARTESIAN_POINT('',(-0.0615644983005524,0.0185402880963085,-0.0272111274096935));
#3631=CARTESIAN_POINT('',(-0.0615644983005524,0.0219638046988769,-0.0264834364918314));
#3632=CARTESIAN_POINT('',(-0.0615644983005524,0.0223914676458888,-0.0212808309519356));
#3633=CARTESIAN_POINT('',(-0.0615644983005524,0.0228191305929007,-0.01607822541204));
#3634=CARTESIAN_POINT('',(-0.0615644983005524,-3.34801630863522E-16,0.0431800000000008));
#3635=CARTESIAN_POINT('',(-0.0615644983005524,0.0287684648917211,-0.0134294111237152));
#3636=CARTESIAN_POINT('',(-0.0615644983005524,0.0329209166447459,-0.0165928182171512));
#3637=CARTESIAN_POINT('',(-0.0615644983005524,0.0370733683977707,-0.0197562253105873));
#3638=CARTESIAN_POINT('',(-0.0615644983005524,0.0455680468387076,-0.0135844801615163));
#3639=CARTESIAN_POINT('',(-0.0615644983005524,0.0483996063190199,-0.0115272317784926));
#3640=CARTESIAN_POINT('',(-0.0615644983005524,0.04667420554912,-0.00660046892817921));
#3641=CARTESIAN_POINT('',(-0.0765644983005523,-0.0617671620720008,0.0721867964436284));
#3642=CARTESIAN_POINT('',(-0.0615644983005524,-0.0617671620720008,0.0721867964436284));
#3643=CARTESIAN_POINT('',(-0.0615644983005524,-0.0565483539989626,0.0720682962461965));
#3644=CARTESIAN_POINT('',(-0.0615644983005524,-0.066985970145039,0.0723052966410605));
#3645=CARTESIAN_POINT('',(-0.0765644983005523,-0.0565483539989626,0.0720682962461965));
#3646=CARTESIAN_POINT('',(-0.0765644983005523,-0.0565483539989626,0.0720682962461965));
#3647=CARTESIAN_POINT('',(-0.0765644983005523,-0.0617671620720008,0.0721867964436284));
#3648=CARTESIAN_POINT('',(-0.0765644983005523,-0.066985970145039,0.0723052966410605));
#3649=CARTESIAN_POINT('',(-0.0765644983005523,-0.066985970145039,0.0723052966410605));
#3650=CARTESIAN_POINT('',(-0.0765644983005524,6.17743225339322E-15,0.0431799999999964));
#3651=CARTESIAN_POINT('',(-0.0615644983005524,6.18255446838134E-15,0.0431799999999964));
#3652=CARTESIAN_POINT('',(-0.0615644983005524,-0.0532921754207381,0.0777081629821987));
#3653=CARTESIAN_POINT('',(-0.0765644983005523,-0.0532921754207381,0.0777081629821987));
#3654=CARTESIAN_POINT('',(-0.0765644983005523,-0.0532921754207381,0.0777081629821987));
#3655=CARTESIAN_POINT('',(-0.0765644983005524,6.17743225339322E-15,0.0431799999999964));
#3656=CARTESIAN_POINT('',(-0.0765644983005523,-0.0560042036385868,0.0821685332522091));
#3657=CARTESIAN_POINT('',(-0.0615644983005524,-0.0560042036385868,0.0821685332522091));
#3658=CARTESIAN_POINT('',(-0.0615644983005524,-0.0587162318564355,0.0866289035222195));
#3659=CARTESIAN_POINT('',(-0.0765644983005523,-0.0587162318564355,0.0866289035222195));
#3660=CARTESIAN_POINT('',(-0.0765644983005523,-0.0587162318564355,0.0866289035222195));
#3661=CARTESIAN_POINT('',(-0.0765644983005523,-0.0560042036385868,0.0821685332522091));
#3662=CARTESIAN_POINT('',(-0.0765644983005523,-0.0560042036385868,0.0821685332522091));
#3663=CARTESIAN_POINT('',(-0.0765644983005523,-0.0560042036385868,0.0821685332522091));
#3664=CARTESIAN_POINT('',(-0.0765644983005523,-0.0563742747341794,0.0892299104113904));
#3665=CARTESIAN_POINT('',(-0.0615644983005524,-0.0563742747341794,0.0892299104113904));
#3666=CARTESIAN_POINT('',(-0.0615644983005524,-0.0493484033674114,0.097032931078903));
#3667=CARTESIAN_POINT('',(-0.0765644983005524,-0.0493484033674114,0.097032931078903));
#3668=CARTESIAN_POINT('',(-0.0765644983005524,-0.0493484033674114,0.097032931078903));
#3669=CARTESIAN_POINT('',(-0.0765644983005523,-0.0563742747341794,0.0892299104113904));
#3670=CARTESIAN_POINT('',(-0.0765644983005524,-0.0446289833304862,0.0948019952853248));
#3671=CARTESIAN_POINT('',(-0.0615644983005524,-0.0446289833304862,0.0948019952853248));
#3672=CARTESIAN_POINT('',(-0.0615644983005524,-0.0399095632935609,0.0925710594917466));
#3673=CARTESIAN_POINT('',(-0.0765644983005524,-0.0399095632935609,0.0925710594917466));
#3674=CARTESIAN_POINT('',(-0.0765644983005524,-0.0399095632935609,0.0925710594917466));
#3675=CARTESIAN_POINT('',(-0.0765644983005524,-0.0446289833304862,0.0948019952853248));
#3676=CARTESIAN_POINT('',(-0.0765644983005524,-0.0446289833304861,0.0948019952853248));
#3677=CARTESIAN_POINT('',(-0.0765644983005524,-0.0446289833304862,0.0948019952853248));
#3678=CARTESIAN_POINT('',(-0.0765644983005524,2.13205710741531E-15,0.0431799999999972));
#3679=CARTESIAN_POINT('',(-0.0615644983005524,2.13717932240343E-15,0.0431799999999972));
#3680=CARTESIAN_POINT('',(-0.0615644983005524,-0.0346409556805544,0.0963989269859687));
#3681=CARTESIAN_POINT('',(-0.0765644983005524,-0.0346409556805544,0.0963989269859687));
#3682=CARTESIAN_POINT('',(-0.0765644983005524,-0.0346409556805544,0.0963989269859687));
#3683=CARTESIAN_POINT('',(-0.0765644983005524,2.13205710741531E-15,0.0431799999999972));
#3684=CARTESIAN_POINT('',(-0.0765644983005524,-0.0353043207094695,0.101576759238795));
#3685=CARTESIAN_POINT('',(-0.0615644983005524,-0.0353043207094695,0.101576759238795));
#3686=CARTESIAN_POINT('',(-0.0615644983005524,-0.0359676857383846,0.106754591491622));
#3687=CARTESIAN_POINT('',(-0.0765644983005524,-0.0359676857383846,0.106754591491622));
#3688=CARTESIAN_POINT('',(-0.0765644983005524,-0.0359676857383846,0.106754591491622));
#3689=CARTESIAN_POINT('',(-0.0765644983005524,-0.0353043207094695,0.101576759238795));
#3690=CARTESIAN_POINT('',(-0.0765644983005524,-0.0327702766366355,0.108178169742387));
#3691=CARTESIAN_POINT('',(-0.0615644983005524,-0.0327702766366354,0.108178169742387));
#3692=CARTESIAN_POINT('',(-0.0615644983005524,-0.0231780493313881,0.112448904494683));
#3693=CARTESIAN_POINT('',(-0.0765644983005524,-0.0231780493313881,0.112448904494683));
#3694=CARTESIAN_POINT('',(-0.0765644983005524,-0.0231780493313881,0.112448904494683));
#3695=CARTESIAN_POINT('',(-0.0765644983005524,-0.0327702766366355,0.108178169742387));
#3696=CARTESIAN_POINT('',(-0.0765644983005524,-0.0295728675348863,0.109601747993153));
#3697=CARTESIAN_POINT('',(-0.0765644983005524,-0.0327702766366355,0.108178169742387));
#3698=CARTESIAN_POINT('',(-0.0765644983005524,-0.0197740479295452,0.108491282171084));
#3699=CARTESIAN_POINT('',(-0.0615644983005524,-0.0197740479295452,0.108491282171084));
#3700=CARTESIAN_POINT('',(-0.0615644983005524,-0.0163700465277023,0.104533659847485));
#3701=CARTESIAN_POINT('',(-0.0765644983005524,-0.0163700465277023,0.104533659847485));
#3702=CARTESIAN_POINT('',(-0.0765644983005524,-0.0163700465277023,0.104533659847485));
#3703=CARTESIAN_POINT('',(-0.0765644983005524,-0.0197740479295452,0.108491282171084));
#3704=CARTESIAN_POINT('',(-0.0765644983005524,1.71398874970489E-15,0.0431799999999927));
#3705=CARTESIAN_POINT('',(-0.0615644983005524,1.71911096469302E-15,0.0431799999999927));
#3706=CARTESIAN_POINT('',(-0.0615644983005524,-0.01,0.105887655035091));
#3707=CARTESIAN_POINT('',(-0.0765644983005524,-0.01,0.105887655035091));
#3708=CARTESIAN_POINT('',(-0.0765644983005524,-0.01,0.105887655035091));
#3709=CARTESIAN_POINT('',(-0.0765644983005524,1.71398874970489E-15,0.0431799999999927));
#3710=CARTESIAN_POINT('',(-0.0765644983005524,-0.0085,0.110887655035091));
#3711=CARTESIAN_POINT('',(-0.0615644983005524,-0.0085,0.110887655035091));
#3712=CARTESIAN_POINT('',(-0.0615644983005524,-0.007,0.115887655035091));
#3713=CARTESIAN_POINT('',(-0.0765644983005524,-0.007,0.115887655035091));
#3714=CARTESIAN_POINT('',(-0.0765644983005524,-0.007,0.115887655035091));
#3715=CARTESIAN_POINT('',(-0.0765644983005524,-0.0085,0.110887655035091));
#3716=CARTESIAN_POINT('',(-0.0765644983005524,-0.0035,0.115887655035091));
#3717=CARTESIAN_POINT('',(-0.0615644983005524,-0.0035,0.115887655035091));
#3718=CARTESIAN_POINT('',(-0.0615644983005524,0.007,0.115887655035091));
#3719=CARTESIAN_POINT('',(-0.0765644983005524,0.007,0.115887655035091));
#3720=CARTESIAN_POINT('',(-0.0765644983005524,0.007,0.115887655035091));
#3721=CARTESIAN_POINT('',(-0.0765644983005524,-0.0035,0.115887655035091));
#3722=CARTESIAN_POINT('',(-0.0765644983005524,0.0085,0.110887655035091));
#3723=CARTESIAN_POINT('',(-0.0615644983005524,0.0085,0.110887655035091));
#3724=CARTESIAN_POINT('',(-0.0615644983005524,0.01,0.105887655035091));
#3725=CARTESIAN_POINT('',(-0.0765644983005524,0.01,0.105887655035091));
#3726=CARTESIAN_POINT('',(-0.0765644983005524,0.01,0.105887655035091));
#3727=CARTESIAN_POINT('',(-0.0765644983005524,0.0085,0.110887655035091));
#3728=CARTESIAN_POINT('',(-0.0765644983005524,-1.29575648111486E-15,0.0431799999999932));
#3729=CARTESIAN_POINT('',(-0.0615644983005524,-1.29063426612674E-15,0.0431799999999932));
#3730=CARTESIAN_POINT('',(-0.0615644983005524,0.0163700465277023,0.104533659847485));
#3731=CARTESIAN_POINT('',(-0.0765644983005524,0.0163700465277023,0.104533659847485));
#3732=CARTESIAN_POINT('',(-0.0765644983005524,0.0163700465277023,0.104533659847485));
#3733=CARTESIAN_POINT('',(-0.0765644983005524,-1.29575648111486E-15,0.0431799999999932));
#3734=CARTESIAN_POINT('',(-0.0765644983005524,0.0197740479295452,0.108491282171084));
#3735=CARTESIAN_POINT('',(-0.0615644983005524,0.0197740479295452,0.108491282171084));
#3736=CARTESIAN_POINT('',(-0.0615644983005524,0.0231780493313881,0.112448904494683));
#3737=CARTESIAN_POINT('',(-0.0765644983005524,0.0231780493313881,0.112448904494683));
#3738=CARTESIAN_POINT('',(-0.0765644983005524,0.0231780493313881,0.112448904494683));
#3739=CARTESIAN_POINT('',(-0.0765644983005524,0.0197740479295452,0.108491282171084));
#3740=CARTESIAN_POINT('',(-0.0765644983005524,0.0197740479295452,0.108491282171084));
#3741=CARTESIAN_POINT('',(-0.0765644983005524,0.0197740479295452,0.108491282171084));
#3742=CARTESIAN_POINT('',(-0.0765644983005524,0.0263754584331372,0.111025326243918));
#3743=CARTESIAN_POINT('',(-0.0615644983005524,0.0263754584331372,0.111025326243918));
#3744=CARTESIAN_POINT('',(-0.0615644983005524,0.0359676857383846,0.106754591491622));
#3745=CARTESIAN_POINT('',(-0.0765644983005524,0.0359676857383846,0.106754591491622));
#3746=CARTESIAN_POINT('',(-0.0765644983005524,0.0359676857383846,0.106754591491622));
#3747=CARTESIAN_POINT('',(-0.0765644983005524,0.0263754584331372,0.111025326243918));
#3748=CARTESIAN_POINT('',(-0.0765644983005524,0.0353043207094695,0.101576759238795));
#3749=CARTESIAN_POINT('',(-0.0615644983005524,0.0353043207094695,0.101576759238795));
#3750=CARTESIAN_POINT('',(-0.0615644983005524,0.0346409556805544,0.0963989269859688));
#3751=CARTESIAN_POINT('',(-0.0765644983005524,0.0346409556805544,0.0963989269859688));
#3752=CARTESIAN_POINT('',(-0.0765644983005524,0.0346409556805544,0.0963989269859688));
#3753=CARTESIAN_POINT('',(-0.0765644983005524,0.0353043207094695,0.101576759238795));
#3754=CARTESIAN_POINT('',(-0.0765644983005524,-2.04168757578489E-15,0.0431799999999977));
#3755=CARTESIAN_POINT('',(-0.0615644983005524,-2.03656536079677E-15,0.0431799999999977));
#3756=CARTESIAN_POINT('',(-0.0615644983005524,0.0399095632935609,0.0925710594917467));
#3757=CARTESIAN_POINT('',(-0.0765644983005524,0.0399095632935609,0.0925710594917467));
#3758=CARTESIAN_POINT('',(-0.0765644983005524,0.0399095632935609,0.0925710594917467));
#3759=CARTESIAN_POINT('',(-0.0765644983005524,-2.04168757578489E-15,0.0431799999999977));
#3760=CARTESIAN_POINT('',(-0.0765644983005524,0.0446289833304862,0.0948019952853249));
#3761=CARTESIAN_POINT('',(-0.0615644983005524,0.0446289833304862,0.0948019952853249));
#3762=CARTESIAN_POINT('',(-0.0615644983005524,0.0493484033674115,0.0970329310789031));
#3763=CARTESIAN_POINT('',(-0.0765644983005524,0.0493484033674115,0.0970329310789031));
#3764=CARTESIAN_POINT('',(-0.0765644983005524,0.0493484033674115,0.0970329310789031));
#3765=CARTESIAN_POINT('',(-0.0765644983005524,0.0446289833304862,0.0948019952853249));
#3766=CARTESIAN_POINT('',(-0.0765644983005524,0.0516903604896675,0.0944319241897322));
#3767=CARTESIAN_POINT('',(-0.0615644983005524,0.0516903604896675,0.0944319241897322));
#3768=CARTESIAN_POINT('',(-0.0615644983005524,0.0587162318564355,0.0866289035222195));
#3769=CARTESIAN_POINT('',(-0.0765644983005524,0.0587162318564355,0.0866289035222195));
#3770=CARTESIAN_POINT('',(-0.0765644983005524,0.0587162318564355,0.0866289035222195));
#3771=CARTESIAN_POINT('',(-0.0765644983005524,0.0516903604896675,0.0944319241897322));
#3772=CARTESIAN_POINT('',(-0.0765644983005524,0.0560042036385868,0.0821685332522092));
#3773=CARTESIAN_POINT('',(-0.0615644983005524,0.0560042036385868,0.0821685332522092));
#3774=CARTESIAN_POINT('',(-0.0615644983005524,0.0532921754207381,0.0777081629821988));
#3775=CARTESIAN_POINT('',(-0.0765644983005524,0.0532921754207381,0.0777081629821988));
#3776=CARTESIAN_POINT('',(-0.0765644983005524,0.0532921754207381,0.0777081629821988));
#3777=CARTESIAN_POINT('',(-0.0765644983005524,0.0560042036385868,0.0821685332522092));
#3778=CARTESIAN_POINT('',(-0.0765644983005524,-6.07665438090694E-15,0.0431799999999965));
#3779=CARTESIAN_POINT('',(-0.0615644983005524,-6.07153216591882E-15,0.0431799999999965));
#3780=CARTESIAN_POINT('',(-0.0615644983005524,0.0565483539989626,0.0720682962461965));
#3781=CARTESIAN_POINT('',(-0.0765644983005524,0.0565483539989626,0.0720682962461965));
#3782=CARTESIAN_POINT('',(-0.0765644983005524,0.0565483539989626,0.0720682962461965));
#3783=CARTESIAN_POINT('',(-0.0765644983005524,-6.07665438090694E-15,0.0431799999999965));
#3784=CARTESIAN_POINT('',(-0.0765644983005524,0.0617671620720008,0.0721867964436285));
#3785=CARTESIAN_POINT('',(-0.0615644983005524,0.0617671620720008,0.0721867964436285));
#3786=CARTESIAN_POINT('',(-0.0615644983005524,0.066985970145039,0.0723052966410605));
#3787=CARTESIAN_POINT('',(-0.0765644983005524,0.066985970145039,0.0723052966410605));
#3788=CARTESIAN_POINT('',(-0.0765644983005524,0.066985970145039,0.0723052966410605));
#3789=CARTESIAN_POINT('',(-0.0765644983005524,0.0617671620720008,0.0721867964436285));
#3790=CARTESIAN_POINT('',(-0.0765644983005524,0.0617671620720008,0.0721867964436285));
#3791=CARTESIAN_POINT('',(-0.0765644983005524,0.0617671620720008,0.0721867964436285));
#3792=CARTESIAN_POINT('',(-0.0765644983005524,0.0680675296253513,0.0689765988340275));
#3793=CARTESIAN_POINT('',(-0.0615644983005524,0.0680675296253513,0.0689765988340275));
#3794=CARTESIAN_POINT('',(-0.0615644983005524,0.0713122080662883,0.0589905054129284));
#3795=CARTESIAN_POINT('',(-0.0765644983005524,0.0713122080662883,0.0589905054129284));
#3796=CARTESIAN_POINT('',(-0.0765644983005524,0.0713122080662883,0.0589905054129284));
#3797=CARTESIAN_POINT('',(-0.0765644983005524,0.0680675296253513,0.0689765988340275));
#3798=CARTESIAN_POINT('',(-0.0765644983005524,0.0691490891056636,0.0656479010269945));
#3799=CARTESIAN_POINT('',(-0.0765644983005524,0.0680675296253513,0.0689765988340275));
#3800=CARTESIAN_POINT('',(-0.0765644983005524,0.0670204509763749,0.0560188356666109));
#3801=CARTESIAN_POINT('',(-0.0615644983005524,0.0670204509763749,0.0560188356666109));
#3802=CARTESIAN_POINT('',(-0.0615644983005524,0.0627286938864616,0.0530471659202935));
#3803=CARTESIAN_POINT('',(-0.0765644983005524,0.0627286938864616,0.0530471659202935));
#3804=CARTESIAN_POINT('',(-0.0765644983005524,0.0627286938864616,0.0530471659202935));
#3805=CARTESIAN_POINT('',(-0.0765644983005524,0.0670204509763749,0.0560188356666109));
#3806=CARTESIAN_POINT('',(-0.0765644983005524,-1.97576808369777E-15,0.04318));
#3807=CARTESIAN_POINT('',(-0.0615644983005524,-1.97064586870965E-15,0.04318));
#3808=CARTESIAN_POINT('',(-0.0615644983005524,0.0634094205722753,0.0465704841377466));
#3809=CARTESIAN_POINT('',(-0.0765644983005524,0.0634094205722753,0.0465704841377466));
#3810=CARTESIAN_POINT('',(-0.0765644983005524,0.0634094205722753,0.0465704841377466));
#3811=CARTESIAN_POINT('',(-0.0765644983005524,-1.97576808369777E-15,0.04318));
#3812=CARTESIAN_POINT('',(-0.0765644983005524,0.0682252373542152,0.0445560589783559));
#3813=CARTESIAN_POINT('',(-0.0615644983005524,0.0682252373542152,0.0445560589783559));
#3814=CARTESIAN_POINT('',(-0.0615644983005524,0.0730410541361551,0.0425416338189652));
#3815=CARTESIAN_POINT('',(-0.0765644983005524,0.0730410541361551,0.0425416338189652));
#3816=CARTESIAN_POINT('',(-0.0765644983005524,0.0730410541361551,0.0425416338189652));
#3817=CARTESIAN_POINT('',(-0.0765644983005524,0.0682252373542152,0.0445560589783559));
#3818=CARTESIAN_POINT('',(-0.0765644983005524,0.0726752045147183,0.0390608071851762));
#3819=CARTESIAN_POINT('',(-0.0615644983005524,0.0726752045147183,0.0390608071851762));
#3820=CARTESIAN_POINT('',(-0.0615644983005524,0.0715776556504079,0.0286183272838093));
#3821=CARTESIAN_POINT('',(-0.0765644983005524,0.0715776556504079,0.0286183272838093));
#3822=CARTESIAN_POINT('',(-0.0765644983005524,0.0715776556504079,0.0286183272838093));
#3823=CARTESIAN_POINT('',(-0.0765644983005524,0.0726752045147183,0.0390608071851762));
#3824=CARTESIAN_POINT('',(-0.0765644983005524,0.0723093548932815,0.0355799805513872));
#3825=CARTESIAN_POINT('',(-0.0765644983005524,0.0726752045147183,0.0390608071851762));
#3826=CARTESIAN_POINT('',(-0.0765644983005524,0.0664482534786651,0.0276491867570952));
#3827=CARTESIAN_POINT('',(-0.0615644983005524,0.0664482534786651,0.0276491867570952));
#3828=CARTESIAN_POINT('',(-0.0615644983005524,0.0613188513069223,0.0266800462303811));
#3829=CARTESIAN_POINT('',(-0.0765644983005524,0.0613188513069223,0.0266800462303811));
#3830=CARTESIAN_POINT('',(-0.0765644983005524,0.0613188513069223,0.0266800462303811));
#3831=CARTESIAN_POINT('',(-0.0765644983005524,0.0664482534786651,0.0276491867570952));
#3832=CARTESIAN_POINT('',(-0.0765644983005524,0.0664482534786651,0.0276491867570952));
#3833=CARTESIAN_POINT('',(-0.0765644983005524,0.0664482534786651,0.0276491867570952));
#3834=CARTESIAN_POINT('',(-0.0765644983005524,-2.97149935890846E-15,0.043180000000001));
#3835=CARTESIAN_POINT('',(-0.0615644983005524,-2.96637714392034E-15,0.043180000000001));
#3836=CARTESIAN_POINT('',(-0.0615644983005524,0.0593064222721402,0.0204864265202989));
#3837=CARTESIAN_POINT('',(-0.0765644983005524,0.0593064222721402,0.0204864265202989));
#3838=CARTESIAN_POINT('',(-0.0765644983005524,0.0593064222721402,0.0204864265202989));
#3839=CARTESIAN_POINT('',(-0.0765644983005524,-2.97149935890846E-15,0.043180000000001));
#3840=CARTESIAN_POINT('',(-0.0765644983005524,0.0628865492910624,0.0166873884146222));
#3841=CARTESIAN_POINT('',(-0.0615644983005524,0.0628865492910624,0.0166873884146222));
#3842=CARTESIAN_POINT('',(-0.0615644983005524,0.0664666763099846,0.0128883503089455));
#3843=CARTESIAN_POINT('',(-0.0765644983005524,0.0664666763099846,0.0128883503089455));
#3844=CARTESIAN_POINT('',(-0.0765644983005524,0.0664666763099846,0.0128883503089455));
#3845=CARTESIAN_POINT('',(-0.0765644983005524,0.0628865492910624,0.0166873884146222));
#3846=CARTESIAN_POINT('',(-0.0765644983005524,0.0647166763099846,0.00985726139569995));
#3847=CARTESIAN_POINT('',(-0.0615644983005524,0.0647166763099846,0.00985726139569995));
#3848=CARTESIAN_POINT('',(-0.0615644983005524,0.0594666763099846,0.000763994655963359));
#3849=CARTESIAN_POINT('',(-0.0765644983005524,0.0594666763099846,0.000763994655963359));
#3850=CARTESIAN_POINT('',(-0.0765644983005524,0.0594666763099846,0.000763994655963359));
#3851=CARTESIAN_POINT('',(-0.0765644983005524,0.0647166763099846,0.00985726139569995));
#3852=CARTESIAN_POINT('',(-0.0765644983005524,0.0629666763099846,0.00682617248245442));
#3853=CARTESIAN_POINT('',(-0.0765644983005524,0.0647166763099846,0.00985726139569995));
#3854=CARTESIAN_POINT('',(-0.0765644983005524,0.0543865492910624,0.00196495655028669));
#3855=CARTESIAN_POINT('',(-0.0765644983005524,0.0493064222721402,0.00316591844461005));
#3856=CARTESIAN_POINT('',(-0.0765644983005524,0.0493064222721402,0.00316591844461005));
#3857=CARTESIAN_POINT('',(-0.0765644983005524,0.0543865492910624,0.00196495655028669));
#3858=CARTESIAN_POINT('',(-0.0615644983005524,0.0543865492910624,0.00196495655028669));
#3859=CARTESIAN_POINT('',(-0.0765644983005524,6.95706069306511E-16,0.0431799999999995));
#3860=CARTESIAN_POINT('',(-0.0765644983005524,0.04494880477922,-0.00167370607786573));
#3861=CARTESIAN_POINT('',(-0.0765644983005524,0.04494880477922,-0.00167370607786573));
#3862=CARTESIAN_POINT('',(-0.0765644983005524,6.95706069306511E-16,0.0431799999999995));
#3863=CARTESIAN_POINT('',(-0.0765644983005524,0.04667420554912,-0.00660046892817921));
#3864=CARTESIAN_POINT('',(-0.0765644983005524,0.0483996063190199,-0.0115272317784926));
#3865=CARTESIAN_POINT('',(-0.0765644983005524,0.0483996063190199,-0.0115272317784926));
#3866=CARTESIAN_POINT('',(-0.0765644983005524,0.04667420554912,-0.00660046892817921));
#3867=CARTESIAN_POINT('',(-0.0765644983005524,0.0455680468387076,-0.0135844801615163));
#3868=CARTESIAN_POINT('',(-0.0765644983005524,0.0370733683977707,-0.0197562253105873));
#3869=CARTESIAN_POINT('',(-0.0765644983005524,0.0370733683977707,-0.0197562253105873));
#3870=CARTESIAN_POINT('',(-0.0765644983005524,0.0455680468387076,-0.0135844801615163));
#3871=CARTESIAN_POINT('',(-0.0765644983005524,0.0329209166447459,-0.0165928182171512));
#3872=CARTESIAN_POINT('',(-0.0765644983005524,0.0287684648917211,-0.0134294111237152));
#3873=CARTESIAN_POINT('',(-0.0765644983005524,0.0287684648917211,-0.0134294111237152));
#3874=CARTESIAN_POINT('',(-0.0765644983005524,0.0329209166447459,-0.0165928182171512));
#3875=CARTESIAN_POINT('',(-0.0765644983005524,0.0329209166447459,-0.0165928182171512));
#3876=CARTESIAN_POINT('',(-0.0765644983005524,0.0329209166447459,-0.0165928182171512));
#3877=CARTESIAN_POINT('',(-0.0765644983005524,-3.39923845851643E-16,0.0431800000000008));
#3878=CARTESIAN_POINT('',(-0.0765644983005524,0.0228191305929007,-0.01607822541204));
#3879=CARTESIAN_POINT('',(-0.0765644983005524,0.0228191305929007,-0.01607822541204));
#3880=CARTESIAN_POINT('',(-0.0765644983005524,-3.39923845851643E-16,0.0431800000000008));
#3881=CARTESIAN_POINT('',(-0.0765644983005524,0.0223914676458888,-0.0212808309519356));
#3882=CARTESIAN_POINT('',(-0.0765644983005524,0.0219638046988769,-0.0264834364918314));
#3883=CARTESIAN_POINT('',(-0.0765644983005524,0.0219638046988769,-0.0264834364918314));
#3884=CARTESIAN_POINT('',(-0.0765644983005524,0.0223914676458888,-0.0212808309519356));
#3885=CARTESIAN_POINT('',(-0.0765644983005524,0.0223914676458888,-0.0212808309519356));
#3886=CARTESIAN_POINT('',(-0.0765644983005524,0.0223914676458888,-0.0212808309519356));
#3887=CARTESIAN_POINT('',(-0.0765644983005524,0.0185402880963085,-0.0272111274096935));
#3888=CARTESIAN_POINT('',(-0.0765644983005524,0.00826973828860361,-0.02939420016328));
#3889=CARTESIAN_POINT('',(-0.0765644983005524,0.00826973828860361,-0.02939420016328));
#3890=CARTESIAN_POINT('',(-0.0765644983005524,0.0185402880963085,-0.0272111274096935));
#3891=CARTESIAN_POINT('',(-0.0765644983005524,0.0057629584334141,-0.0248153296958376));
#3892=CARTESIAN_POINT('',(-0.0765644983005524,0.00325617857822464,-0.0202364592283952));
#3893=CARTESIAN_POINT('',(-0.0765644983005524,0.00325617857822464,-0.0202364592283952));
#3894=CARTESIAN_POINT('',(-0.0765644983005524,0.0057629584334141,-0.0248153296958376));
#3895=CARTESIAN_POINT('',(-0.0765644983005524,4.4751084946214E-17,0.0431800000000021));
#3896=CARTESIAN_POINT('',(-0.0765644983005524,-0.00325617857822445,-0.0202364592283952));
#3897=CARTESIAN_POINT('',(-0.0765644983005524,-0.00325617857822445,-0.0202364592283952));
#3898=CARTESIAN_POINT('',(-0.0765644983005524,4.4751084946214E-17,0.0431800000000021));
#3899=CARTESIAN_POINT('',(-0.0765644983005524,-0.00576295843341399,-0.0248153296958376));
#3900=CARTESIAN_POINT('',(-0.0765644983005524,-0.00826973828860349,-0.02939420016328));
#3901=CARTESIAN_POINT('',(-0.0765644983005524,-0.00826973828860349,-0.02939420016328));
#3902=CARTESIAN_POINT('',(-0.0765644983005524,-0.00576295843341399,-0.0248153296958376));
#3903=CARTESIAN_POINT('',(-0.0765644983005524,-0.0116932548911718,-0.0286665092454178));
#3904=CARTESIAN_POINT('',(-0.0765644983005524,-0.0219638046988768,-0.0264834364918314));
#3905=CARTESIAN_POINT('',(-0.0765644983005524,-0.0219638046988768,-0.0264834364918314));
#3906=CARTESIAN_POINT('',(-0.0765644983005524,-0.0116932548911718,-0.0286665092454178));
#3907=CARTESIAN_POINT('',(-0.0765644983005524,-0.0151167714937402,-0.0279388183275556));
#3908=CARTESIAN_POINT('',(-0.0765644983005524,-0.0116932548911718,-0.0286665092454178));
#3909=CARTESIAN_POINT('',(-0.0765644983005524,-0.0223914676458887,-0.0212808309519357));
#3910=CARTESIAN_POINT('',(-0.0765644983005524,-0.0228191305929006,-0.01607822541204));
#3911=CARTESIAN_POINT('',(-0.0765644983005524,-0.0228191305929006,-0.01607822541204));
#3912=CARTESIAN_POINT('',(-0.0765644983005524,-0.0223914676458887,-0.0212808309519357));
#3913=CARTESIAN_POINT('',(-0.0765644983005524,1.99575155177144E-16,0.0431800000000005));
#3914=CARTESIAN_POINT('',(-0.0765644983005524,-0.028768464891721,-0.0134294111237153));
#3915=CARTESIAN_POINT('',(-0.0765644983005524,-0.028768464891721,-0.0134294111237153));
#3916=CARTESIAN_POINT('',(-0.0765644983005524,1.99575155177144E-16,0.0431800000000005));
#3917=CARTESIAN_POINT('',(-0.0765644983005524,-0.0329209166447457,-0.0165928182171513));
#3918=CARTESIAN_POINT('',(-0.0765644983005524,-0.0370733683977705,-0.0197562253105873));
#3919=CARTESIAN_POINT('',(-0.0765644983005524,-0.0370733683977705,-0.0197562253105873));
#3920=CARTESIAN_POINT('',(-0.0765644983005524,-0.0329209166447457,-0.0165928182171513));
#3921=CARTESIAN_POINT('',(-0.0765644983005524,-0.0329209166447457,-0.0165928182171513));
#3922=CARTESIAN_POINT('',(-0.0765644983005524,-0.0329209166447457,-0.0165928182171513));
#3923=CARTESIAN_POINT('',(-0.0765644983005524,-0.0399049278780828,-0.0176989769275637));
#3924=CARTESIAN_POINT('',(-0.0765644983005524,-0.0483996063190198,-0.0115272317784927));
#3925=CARTESIAN_POINT('',(-0.0765644983005524,-0.0483996063190198,-0.0115272317784927));
#3926=CARTESIAN_POINT('',(-0.0765644983005524,-0.0399049278780828,-0.0176989769275637));
#3927=CARTESIAN_POINT('',(-0.0765644983005524,-0.0427364873583952,-0.01564172854454));
#3928=CARTESIAN_POINT('',(-0.0765644983005524,-0.0399049278780828,-0.0176989769275637));
#3929=CARTESIAN_POINT('',(-0.0765644983005524,-0.0466742055491198,-0.00660046892817923));
#3930=CARTESIAN_POINT('',(-0.0765644983005524,-0.0449488047792199,-0.00167370607786578));
#3931=CARTESIAN_POINT('',(-0.0765644983005524,-0.0449488047792199,-0.00167370607786578));
#3932=CARTESIAN_POINT('',(-0.0765644983005524,-0.0466742055491198,-0.00660046892817923));
#3933=CARTESIAN_POINT('',(-0.0765644983005524,2.82841882024031E-16,0.04318));
#3934=CARTESIAN_POINT('',(-0.0765644983005524,-0.0493064222721401,0.00316591844460999));
#3935=CARTESIAN_POINT('',(-0.0765644983005524,-0.0493064222721401,0.00316591844460999));
#3936=CARTESIAN_POINT('',(-0.0765644983005524,2.82841882024031E-16,0.04318));
#3937=CARTESIAN_POINT('',(-0.0765644983005523,-0.0543865492910623,0.00196495655028664));
#3938=CARTESIAN_POINT('',(-0.0615644983005524,-0.0543865492910623,0.00196495655028664));
#3939=CARTESIAN_POINT('',(-0.0615644983005524,-0.0594666763099845,0.000763994655963314));
#3940=CARTESIAN_POINT('',(-0.0765644983005523,-0.0594666763099845,0.000763994655963314));
#3941=CARTESIAN_POINT('',(-0.0765644983005523,-0.0594666763099845,0.000763994655963314));
#3942=CARTESIAN_POINT('',(-0.0765644983005523,-0.0543865492910623,0.00196495655028664));
#3943=CARTESIAN_POINT('',(-0.0765644983005523,-0.0612166763099845,0.00379508356920885));
#3944=CARTESIAN_POINT('',(-0.0615644983005524,-0.0612166763099845,0.00379508356920885));
#3945=CARTESIAN_POINT('',(-0.0615644983005524,-0.0664666763099845,0.0128883503089455));
#3946=CARTESIAN_POINT('',(-0.0765644983005523,-0.0664666763099845,0.0128883503089455));
#3947=CARTESIAN_POINT('',(-0.0765644983005523,-0.0664666763099845,0.0128883503089455));
#3948=CARTESIAN_POINT('',(-0.0765644983005523,-0.0612166763099845,0.00379508356920885));
#3949=CARTESIAN_POINT('',(-0.0765644983005523,-0.0629666763099845,0.00682617248245439));
#3950=CARTESIAN_POINT('',(-0.0765644983005523,-0.0612166763099845,0.00379508356920885));
#3951=CARTESIAN_POINT('',(-0.0765644983005523,-0.0628865492910623,0.0166873884146221));
#3952=CARTESIAN_POINT('',(-0.0615644983005524,-0.0628865492910623,0.0166873884146221));
#3953=CARTESIAN_POINT('',(-0.0615644983005524,-0.0593064222721401,0.0204864265202988));
#3954=CARTESIAN_POINT('',(-0.0765644983005523,-0.0593064222721401,0.0204864265202988));
#3955=CARTESIAN_POINT('',(-0.0765644983005523,-0.0593064222721401,0.0204864265202988));
#3956=CARTESIAN_POINT('',(-0.0765644983005523,-0.0628865492910623,0.0166873884146221));
#3957=CARTESIAN_POINT('',(-0.0765644983005524,3.15207451128967E-15,0.0431800000000011));
#3958=CARTESIAN_POINT('',(-0.0615644983005524,3.15719672627779E-15,0.0431800000000011));
#3959=CARTESIAN_POINT('',(-0.0615644983005524,-0.0613188513069222,0.026680046230381));
#3960=CARTESIAN_POINT('',(-0.0765644983005523,-0.0613188513069222,0.026680046230381));
#3961=CARTESIAN_POINT('',(-0.0765644983005523,-0.0613188513069222,0.026680046230381));
#3962=CARTESIAN_POINT('',(-0.0765644983005524,3.15207451128967E-15,0.0431800000000011));
#3963=CARTESIAN_POINT('',(-0.0765644983005523,-0.066448253478665,0.0276491867570952));
#3964=CARTESIAN_POINT('',(-0.0615644983005524,-0.066448253478665,0.0276491867570952));
#3965=CARTESIAN_POINT('',(-0.0615644983005523,-0.0715776556504079,0.0286183272838093));
#3966=CARTESIAN_POINT('',(-0.0765644983005523,-0.0715776556504079,0.0286183272838093));
#3967=CARTESIAN_POINT('',(-0.0765644983005523,-0.0715776556504079,0.0286183272838093));
#3968=CARTESIAN_POINT('',(-0.0765644983005523,-0.066448253478665,0.0276491867570952));
#3969=CARTESIAN_POINT('',(-0.0765644983005523,-0.0719435052718447,0.0320991539175983));
#3970=CARTESIAN_POINT('',(-0.0615644983005523,-0.0719435052718447,0.0320991539175983));
#3971=CARTESIAN_POINT('',(-0.0615644983005523,-0.073041054136155,0.0425416338189651));
#3972=CARTESIAN_POINT('',(-0.0765644983005523,-0.073041054136155,0.0425416338189651));
#3973=CARTESIAN_POINT('',(-0.0765644983005523,-0.073041054136155,0.0425416338189651));
#3974=CARTESIAN_POINT('',(-0.0765644983005523,-0.0719435052718447,0.0320991539175983));
#3975=CARTESIAN_POINT('',(-0.0765644983005523,-0.0723093548932815,0.0355799805513872));
#3976=CARTESIAN_POINT('',(-0.0765644983005523,-0.0719435052718447,0.0320991539175983));
#3977=CARTESIAN_POINT('',(-0.0765644983005523,-0.0682252373542151,0.0445560589783558));
#3978=CARTESIAN_POINT('',(-0.0615644983005524,-0.0682252373542151,0.0445560589783558));
#3979=CARTESIAN_POINT('',(-0.0615644983005524,-0.0634094205722753,0.0465704841377465));
#3980=CARTESIAN_POINT('',(-0.0765644983005523,-0.0634094205722753,0.0465704841377465));
#3981=CARTESIAN_POINT('',(-0.0765644983005523,-0.0634094205722753,0.0465704841377465));
#3982=CARTESIAN_POINT('',(-0.0765644983005523,-0.0682252373542151,0.0445560589783558));
#3983=CARTESIAN_POINT('',(-0.0765644983005524,1.48673997435193E-15,0.04318));
#3984=CARTESIAN_POINT('',(-0.0615644983005524,1.49186218934006E-15,0.04318));
#3985=CARTESIAN_POINT('',(-0.0615644983005524,-0.0627286938864616,0.0530471659202933));
#3986=CARTESIAN_POINT('',(-0.0765644983005523,-0.0627286938864616,0.0530471659202933));
#3987=CARTESIAN_POINT('',(-0.0765644983005523,-0.0627286938864616,0.0530471659202933));
#3988=CARTESIAN_POINT('',(-0.0765644983005524,1.48673997435193E-15,0.04318));
#3989=CARTESIAN_POINT('',(-0.0765644983005523,-0.0670204509763749,0.0560188356666108));
#3990=CARTESIAN_POINT('',(-0.0615644983005524,-0.0670204509763749,0.0560188356666108));
#3991=CARTESIAN_POINT('',(-0.0615644983005523,-0.0713122080662882,0.0589905054129283));
#3992=CARTESIAN_POINT('',(-0.0765644983005523,-0.0713122080662882,0.0589905054129283));
#3993=CARTESIAN_POINT('',(-0.0765644983005523,-0.0713122080662882,0.0589905054129283));
#3994=CARTESIAN_POINT('',(-0.0765644983005523,-0.0670204509763749,0.0560188356666108));
#3995=CARTESIAN_POINT('',(-0.0765644983005523,-0.0702306485859759,0.0623192032199613));
#3996=CARTESIAN_POINT('',(-0.0615644983005524,-0.0702306485859759,0.0623192032199613));
#3997=CARTESIAN_POINT('',(-0.0765644983005523,-0.0702306485859759,0.0623192032199613));
#3998=CARTESIAN_POINT('',(-0.0765644983005523,-0.0691490891056636,0.0656479010269944));
#3999=CARTESIAN_POINT('',(-0.0765644983005523,-0.0702306485859759,0.0623192032199613));
#4000=CARTESIAN_POINT('',(-0.0615644983005524,4.83658326436584E-17,0.0150941126048565));
#4001=CARTESIAN_POINT('',(-0.0765644983005524,-0.0163700465277023,0.104533659847485));
#4002=CARTESIAN_POINT('',(-0.126564498300552,-0.00625,0.0804343474444136));
#4003=CARTESIAN_POINT('',(-0.0765644983005524,-0.0153208804420985,0.104813592579767));
#4004=CARTESIAN_POINT('',(-0.126564498300552,-0.0059375,0.0814760141110803));
#4005=CARTESIAN_POINT('',(-0.0765644983005524,-0.0142645326139366,0.105066607767681));
#4006=CARTESIAN_POINT('',(-0.126564498300552,-0.005625,0.082517680777747));
#4007=CARTESIAN_POINT('',(-0.0765644983005524,-0.0121402521199189,0.105518137525512));
#4008=CARTESIAN_POINT('',(-0.126564498300552,-0.005,0.0846010141110803));
#4009=CARTESIAN_POINT('',(-0.0765644983005524,-0.0110723198116316,0.105716652019426));
#4010=CARTESIAN_POINT('',(-0.126564498300552,-0.0046875,0.085642680777747));
#4011=CARTESIAN_POINT('',(-0.0765644983005524,-0.01,0.105887655035091));
#4012=CARTESIAN_POINT('',(-0.126564498300552,-0.00437500000000005,0.0866843474444136));
#4013=CARTESIAN_POINT('',(-0.126564498300552,-0.0053125,0.0835593474444136));
#4014=CARTESIAN_POINT('',(-0.126564498300552,-0.00625,0.0804343474444136));
#4015=CARTESIAN_POINT('',(-0.126564498300552,-0.00437500000000005,0.0866843474444136));
#4016=CARTESIAN_POINT('',(-0.101564498300552,-0.0113100232638512,0.0924840036459492));
#4017=CARTESIAN_POINT('',(-0.101564498300552,-0.0071875,0.0962860012397524));
#4018=CARTESIAN_POINT('',(-0.0765644983005524,-0.0231780493313881,0.112448904494683));
#4019=CARTESIAN_POINT('',(-0.126564498300552,-0.00860847839373603,0.0799652169237018));
#4020=CARTESIAN_POINT('',(-0.0765644983005524,-0.0209087150634928,0.109810489612284));
#4021=CARTESIAN_POINT('',(-0.126564498300552,-0.00782751531353977,0.0801463552901947));
#4022=CARTESIAN_POINT('',(-0.0765644983005524,-0.0186393807955977,0.107172074729884));
#4023=CARTESIAN_POINT('',(-0.126564498300552,-0.00704083445726284,0.080302835841689));
#4024=CARTESIAN_POINT('',(-0.0765644983005524,-0.0163700465277023,0.104533659847485));
#4025=CARTESIAN_POINT('',(-0.126564498300552,-0.00625,0.0804343474444136));
#4026=CARTESIAN_POINT('',(-0.126564498300552,1.52655665885959E-15,0.0428504745731837));
#4027=CARTESIAN_POINT('',(-0.126564498300552,-0.00860847839373603,0.0799652169237018));
#4028=CARTESIAN_POINT('',(-0.101564498300552,-0.0158932638625621,0.0962070607091926));
#4029=CARTESIAN_POINT('',(-0.0765644983005524,-0.0295728675348863,0.109601747993153));
#4030=CARTESIAN_POINT('',(-0.126564498300552,-0.0127325239694765,0.0850219325662129));
#4031=CARTESIAN_POINT('',(-0.0765644983005524,-0.0274412614670536,0.11055080016033));
#4032=CARTESIAN_POINT('',(-0.126564498300552,-0.0113578421108963,0.0833363606853758));
#4033=CARTESIAN_POINT('',(-0.0765644983005524,-0.0253096553992209,0.111499852327506));
#4034=CARTESIAN_POINT('',(-0.126564498300552,-0.00998316025231618,0.0816507888045388));
#4035=CARTESIAN_POINT('',(-0.0765644983005524,-0.0231780493313881,0.112448904494683));
#4036=CARTESIAN_POINT('',(-0.126564498300552,-0.00860847839373603,0.0799652169237018));
#4037=CARTESIAN_POINT('',(-0.126564498300552,-0.0106705011816063,0.0824935747449574));
#4038=CARTESIAN_POINT('',(-0.126564498300552,-0.0127325239694765,0.0850219325662129));
#4039=CARTESIAN_POINT('',(-0.101564498300552,-0.0211526957521814,0.0973118402796828));
#4040=CARTESIAN_POINT('',(-0.0765644983005524,-0.0359676857383846,0.106754591491622));
#4041=CARTESIAN_POINT('',(-0.126564498300552,-0.0167744969242134,0.0833476925496156));
#4042=CARTESIAN_POINT('',(-0.0765644983005524,-0.0338360796705518,0.107703643658799));
#4043=CARTESIAN_POINT('',(-0.126564498300552,-0.0154271726059678,0.083905772555148));
#4044=CARTESIAN_POINT('',(-0.0765644983005524,-0.0317044736027191,0.108652695825976));
#4045=CARTESIAN_POINT('',(-0.126564498300552,-0.0140798482877222,0.0844638525606804));
#4046=CARTESIAN_POINT('',(-0.0765644983005524,-0.0295728675348863,0.109601747993153));
#4047=CARTESIAN_POINT('',(-0.126564498300552,-0.0127325239694765,0.0850219325662129));
#4048=CARTESIAN_POINT('',(-0.126564498300552,-0.014753510446845,0.0841848125579142));
#4049=CARTESIAN_POINT('',(-0.126564498300552,-0.0167744969242134,0.0833476925496156));
#4050=CARTESIAN_POINT('',(-0.101564498300552,-0.0263710913312989,0.0950511420206189));
#4051=CARTESIAN_POINT('',(-0.0765644983005524,-0.0346409556805544,0.0963989269859687));
#4052=CARTESIAN_POINT('',(-0.126564498300552,-0.0208164698789503,0.0816734525330183));
#4053=CARTESIAN_POINT('',(-0.0765644983005524,-0.0350831990331644,0.0998508151545199));
#4054=CARTESIAN_POINT('',(-0.126564498300552,-0.0194691455607047,0.0822315325385507));
#4055=CARTESIAN_POINT('',(-0.0765644983005524,-0.0355254423857745,0.103302703323071));
#4056=CARTESIAN_POINT('',(-0.126564498300552,-0.018121821242459,0.0827896125440832));
#4057=CARTESIAN_POINT('',(-0.0765644983005524,-0.0359676857383846,0.106754591491622));
#4058=CARTESIAN_POINT('',(-0.126564498300552,-0.0167744969242134,0.0833476925496156));
#4059=CARTESIAN_POINT('',(-0.126564498300552,-0.0187954834015818,0.0825105725413169));
#4060=CARTESIAN_POINT('',(-0.126564498300552,-0.0208164698789503,0.0816734525330183));
#4061=CARTESIAN_POINT('',(-0.101564498300552,-0.0277287127797523,0.0890361897594935));
#4062=CARTESIAN_POINT('',(-0.0765644983005524,-0.0399095632935609,0.0925710594917466));
#4063=CARTESIAN_POINT('',(-0.126564498300552,-0.0201569725501271,0.0751816740191382));
#4064=CARTESIAN_POINT('',(-0.0765644983005524,-0.0390649612815604,0.093253525059456));
#4065=CARTESIAN_POINT('',(-0.126564498300552,-0.0202668887715977,0.0762636371047849));
#4066=CARTESIAN_POINT('',(-0.0765644983005524,-0.0382028500696318,0.0939143213046366));
#4067=CARTESIAN_POINT('',(-0.126564498300552,-0.0203768049930682,0.0773456001904316));
#4068=CARTESIAN_POINT('',(-0.0765644983005524,-0.0364458769715123,0.0951908369809817));
#4069=CARTESIAN_POINT('',(-0.126564498300552,-0.0205966374360092,0.0795095263617249));
#4070=CARTESIAN_POINT('',(-0.0765644983005524,-0.0355510153810629,0.0958065561972776));
#4071=CARTESIAN_POINT('',(-0.126564498300552,-0.0207065536574798,0.0805914894473717));
#4072=CARTESIAN_POINT('',(-0.0765644983005524,-0.0346409556805544,0.0963989269859687));
#4073=CARTESIAN_POINT('',(-0.126564498300552,-0.0208164698789503,0.0816734525330183));
#4074=CARTESIAN_POINT('',(-0.126564498300552,-0.0204867212145387,0.0784275632760783));
#4075=CARTESIAN_POINT('',(-0.126564498300552,-0.0201569725501271,0.0751816740191382));
#4076=CARTESIAN_POINT('',(-0.101564498300552,-0.030033267921844,0.0838763667554424));
#4077=CARTESIAN_POINT('',(-0.0765644983005524,-0.0446289833304861,0.0948019952853248));
#4078=CARTESIAN_POINT('',(-0.126564498300552,-0.0221563939880767,0.0738457033261025));
#4079=CARTESIAN_POINT('',(-0.0765644983005524,-0.0430558433181778,0.0940583500207988));
#4080=CARTESIAN_POINT('',(-0.126564498300552,-0.0215041968344588,0.0743119149875377));
#4081=CARTESIAN_POINT('',(-0.0765644983005524,-0.0414827033058692,0.0933147047562727));
#4082=CARTESIAN_POINT('',(-0.126564498300552,-0.0208372810072704,0.0747575338965553));
#4083=CARTESIAN_POINT('',(-0.0765644983005524,-0.0399095632935609,0.0925710594917466));
#4084=CARTESIAN_POINT('',(-0.126564498300552,-0.0201569725501271,0.0751816740191382));
#4085=CARTESIAN_POINT('',(-0.126564498300552,8.80892581101023E-15,0.0428504745731814));
#4086=CARTESIAN_POINT('',(-0.126564498300552,-0.0221563939880767,0.0738457033261025));
#4087=CARTESIAN_POINT('',(-0.101564498300552,-0.0333926886592814,0.0843238493057136));
#4088=CARTESIAN_POINT('',(-0.0765644983005524,-0.0493484033674114,0.097032931078903));
#4089=CARTESIAN_POINT('',(-0.126564498300552,-0.0279016365852174,0.0769392954937936));
#4090=CARTESIAN_POINT('',(-0.0765644983005524,-0.0477752633551031,0.096289285814377));
#4091=CARTESIAN_POINT('',(-0.126564498300552,-0.0259865557195039,0.0759080981045632));
#4092=CARTESIAN_POINT('',(-0.0765644983005524,-0.0462021233427945,0.0955456405498508));
#4093=CARTESIAN_POINT('',(-0.126564498300552,-0.0240714748537902,0.0748769007153328));
#4094=CARTESIAN_POINT('',(-0.0765644983005524,-0.0446289833304861,0.0948019952853248));
#4095=CARTESIAN_POINT('',(-0.126564498300552,-0.0221563939880767,0.0738457033261025));
#4096=CARTESIAN_POINT('',(-0.126564498300552,-0.025029015286647,0.075392499409948));
#4097=CARTESIAN_POINT('',(-0.126564498300552,-0.0279016365852174,0.0769392954937936));
#4098=CARTESIAN_POINT('',(-0.101564498300552,-0.0386250199763144,0.0869861132863483));
#4099=CARTESIAN_POINT('',(-0.0765644983005523,-0.0587162318564354,0.0866289035222195));
#4100=CARTESIAN_POINT('',(-0.126564498300552,-0.0340888209205996,0.0707521111584113));
#4101=CARTESIAN_POINT('',(-0.0765644983005523,-0.0571549271082648,0.0883629081150001));
#4102=CARTESIAN_POINT('',(-0.126564498300552,-0.0330576235313693,0.0717833085476417));
#4103=CARTESIAN_POINT('',(-0.0765644983005523,-0.0555936223600941,0.0900969127077806));
#4104=CARTESIAN_POINT('',(-0.126564498300552,-0.0320264261421389,0.0728145059368721));
#4105=CARTESIAN_POINT('',(-0.0765644983005523,-0.0524710128637528,0.0935649218933418));
#4106=CARTESIAN_POINT('',(-0.126564498300552,-0.0299640313636781,0.0748769007153328));
#4107=CARTESIAN_POINT('',(-0.0765644983005523,-0.0509097081155821,0.0952989264861224));
#4108=CARTESIAN_POINT('',(-0.126564498300552,-0.0289328339744477,0.0759080981045632));
#4109=CARTESIAN_POINT('',(-0.0765644983005523,-0.0493484033674114,0.097032931078903));
#4110=CARTESIAN_POINT('',(-0.126564498300552,-0.0279016365852174,0.0769392954937936));
#4111=CARTESIAN_POINT('',(-0.126564498300552,-0.0325420248367541,0.0722989072422569));
#4112=CARTESIAN_POINT('',(-0.126564498300552,-0.0340888209205996,0.0707521111584113));
#4113=CARTESIAN_POINT('',(-0.101564498300552,-0.0464025263885176,0.0786905073403154));
#4114=CARTESIAN_POINT('',(-0.0765644983005523,-0.0560042036385868,0.0821685332522091));
#4115=CARTESIAN_POINT('',(-0.126564498300552,-0.0309952287529085,0.0650068685612706));
#4116=CARTESIAN_POINT('',(-0.0765644983005523,-0.0569082130445364,0.0836553233422127));
#4117=CARTESIAN_POINT('',(-0.126564498300552,-0.0320264261421389,0.0669219494269842));
#4118=CARTESIAN_POINT('',(-0.0765644983005523,-0.0578122224504859,0.085142113432216));
#4119=CARTESIAN_POINT('',(-0.126564498300552,-0.0330576235313692,0.0688370302926977));
#4120=CARTESIAN_POINT('',(-0.0765644983005523,-0.0587162318564355,0.0866289035222195));
#4121=CARTESIAN_POINT('',(-0.126564498300552,-0.0340888209205996,0.0707521111584113));
#4122=CARTESIAN_POINT('',(-0.126564498300552,-0.0325420248367541,0.067879489859841));
#4123=CARTESIAN_POINT('',(-0.126564498300552,-0.0309952287529085,0.0650068685612706));
#4124=CARTESIAN_POINT('',(-0.101564498300552,-0.0434997161957477,0.0735877009067399));
#4125=CARTESIAN_POINT('',(-0.0765644983005523,-0.0532921754207381,0.0777081629821987));
#4126=CARTESIAN_POINT('',(-0.126564498300552,-0.0323311994459443,0.0630074471233211));
#4127=CARTESIAN_POINT('',(-0.0765644983005523,-0.0541961848266876,0.0791949530722021));
#4128=CARTESIAN_POINT('',(-0.126564498300552,-0.0319070593233613,0.0636877555804643));
#4129=CARTESIAN_POINT('',(-0.0765644983005523,-0.0551001942326373,0.0806817431622058));
#4130=CARTESIAN_POINT('',(-0.126564498300552,-0.0314614404143436,0.0643546714076529));
#4131=CARTESIAN_POINT('',(-0.0765644983005523,-0.0560042036385868,0.0821685332522091));
#4132=CARTESIAN_POINT('',(-0.126564498300552,-0.0309952287529085,0.0650068685612706));
#4133=CARTESIAN_POINT('',(-0.126564498300552,1.10571274358762E-14,0.0428504745731864));
#4134=CARTESIAN_POINT('',(-0.126564498300552,-0.0323311994459443,0.0630074471233211));
#4135=CARTESIAN_POINT('',(-0.101564498300552,-0.0428116874333411,0.0703578050527599));
#4136=CARTESIAN_POINT('',(-0.0765644983005524,-0.0565483539989626,0.0720682962461965));
#4137=CARTESIAN_POINT('',(-0.126564498300552,-0.0388229779598243,0.0636669444521442));
#4138=CARTESIAN_POINT('',(-0.0765644983005524,-0.0560543554214086,0.0730352901526711));
#4139=CARTESIAN_POINT('',(-0.126564498300552,-0.0377410148741777,0.0635570282306737));
#4140=CARTESIAN_POINT('',(-0.0765644983005524,-0.0555355476862904,0.0739896097811808));
#4141=CARTESIAN_POINT('',(-0.126564498300552,-0.036659051788531,0.0634471120092032));
#4142=CARTESIAN_POINT('',(-0.0765644983005524,-0.0544496785943333,0.0758703902188191));
#4143=CARTESIAN_POINT('',(-0.126564498300552,-0.0344951256172377,0.0632272795662621));
#4144=CARTESIAN_POINT('',(-0.0765644983005524,-0.0538826174202729,0.0767968507113663));
#4145=CARTESIAN_POINT('',(-0.126564498300552,-0.033413162531591,0.0631173633447916));
#4146=CARTESIAN_POINT('',(-0.0765644983005524,-0.0532921754207381,0.0777081629821987));
#4147=CARTESIAN_POINT('',(-0.126564498300552,-0.0323311994459443,0.0630074471233211));
#4148=CARTESIAN_POINT('',(-0.126564498300552,-0.0355770887028843,0.0633371957877327));
#4149=CARTESIAN_POINT('',(-0.126564498300552,-0.0388229779598243,0.0636669444521442));
#4150=CARTESIAN_POINT('',(-0.101564498300552,-0.0476856659793935,0.0678676203491703));
#4151=CARTESIAN_POINT('',(-0.0765644983005523,-0.066985970145039,0.0723052966410604));
#4152=CARTESIAN_POINT('',(-0.126564498300552,-0.0404972179764216,0.0596249714974074));
#4153=CARTESIAN_POINT('',(-0.0765644983005523,-0.0635067647630134,0.0722262965094391));
#4154=CARTESIAN_POINT('',(-0.126564498300552,-0.0399391379708892,0.060972295815653));
#4155=CARTESIAN_POINT('',(-0.0765644983005523,-0.0600275593809881,0.0721472963778178));
#4156=CARTESIAN_POINT('',(-0.126564498300552,-0.0393810579653567,0.0623196201338986));
#4157=CARTESIAN_POINT('',(-0.0765644983005523,-0.0565483539989626,0.0720682962461964));
#4158=CARTESIAN_POINT('',(-0.126564498300552,-0.0388229779598243,0.0636669444521442));
#4159=CARTESIAN_POINT('',(-0.126564498300552,-0.039660097968123,0.0616459579747758));
#4160=CARTESIAN_POINT('',(-0.126564498300552,-0.0404972179764216,0.0596249714974074));
#4161=CARTESIAN_POINT('',(-0.101564498300552,-0.0537415940607303,0.0659651340692339));
#4162=CARTESIAN_POINT('',(-0.0765644983005523,-0.0691490891056636,0.0656479010269944));
#4163=CARTESIAN_POINT('',(-0.126564498300552,-0.0421714579930189,0.0555829985426705));
#4164=CARTESIAN_POINT('',(-0.0765644983005523,-0.0684280494521221,0.0678670328983498));
#4165=CARTESIAN_POINT('',(-0.126564498300552,-0.0416133779874865,0.056930322860916));
#4166=CARTESIAN_POINT('',(-0.0765644983005523,-0.0677070097985805,0.0700861647697051));
#4167=CARTESIAN_POINT('',(-0.126564498300552,-0.0410552979819541,0.0582776471791618));
#4168=CARTESIAN_POINT('',(-0.0765644983005523,-0.066985970145039,0.0723052966410605));
#4169=CARTESIAN_POINT('',(-0.126564498300552,-0.0404972179764216,0.0596249714974074));
#4170=CARTESIAN_POINT('',(-0.126564498300552,-0.0413343379847202,0.0576039850200389));
#4171=CARTESIAN_POINT('',(-0.126564498300552,-0.0421714579930189,0.0555829985426705));
#4172=CARTESIAN_POINT('',(-0.101564498300552,-0.0556602735493413,0.0606154497848324));
#4173=CARTESIAN_POINT('',(-0.0765644983005523,-0.0713122080662883,0.0589905054129283));
#4174=CARTESIAN_POINT('',(-0.126564498300552,-0.0371147423505079,0.05145895296693));
#4175=CARTESIAN_POINT('',(-0.0765644983005523,-0.0705911684127467,0.0612096372842837));
#4176=CARTESIAN_POINT('',(-0.126564498300552,-0.0388003142313449,0.0528336348255102));
#4177=CARTESIAN_POINT('',(-0.0765644983005523,-0.0698701287592052,0.063428769155639));
#4178=CARTESIAN_POINT('',(-0.126564498300552,-0.0404858861121819,0.0542083166840903));
#4179=CARTESIAN_POINT('',(-0.0765644983005523,-0.0691490891056636,0.0656479010269944));
#4180=CARTESIAN_POINT('',(-0.126564498300552,-0.0421714579930189,0.0555829985426705));
#4181=CARTESIAN_POINT('',(-0.126564498300552,-0.0396431001717634,0.0535209757548002));
#4182=CARTESIAN_POINT('',(-0.126564498300552,-0.0371147423505079,0.05145895296693));
#4183=CARTESIAN_POINT('',(-0.101564498300552,-0.0542134752083981,0.0552247291899291));
#4184=CARTESIAN_POINT('',(-0.0765644983005523,-0.0627286938864616,0.0530471659202933));
#4185=CARTESIAN_POINT('',(-0.126564498300552,-0.0375838728712197,0.049100474573194));
#4186=CARTESIAN_POINT('',(-0.0765644983005523,-0.0655898652797371,0.055028279084505));
#4187=CARTESIAN_POINT('',(-0.126564498300552,-0.037452361268495,0.0498913090304568));
#4188=CARTESIAN_POINT('',(-0.0765644983005523,-0.0684510366730127,0.0570093922487166));
#4189=CARTESIAN_POINT('',(-0.126564498300552,-0.0372958807170008,0.0506779898867337));
#4190=CARTESIAN_POINT('',(-0.0765644983005523,-0.0713122080662882,0.0589905054129283));
#4191=CARTESIAN_POINT('',(-0.126564498300552,-0.0371147423505079,0.05145895296693));
#4192=CARTESIAN_POINT('',(-0.126564498300552,2.02615701994091E-15,0.0428504745731935));
#4193=CARTESIAN_POINT('',(-0.126564498300552,-0.0375838728712197,0.049100474573194));
#4194=CARTESIAN_POINT('',(-0.101564498300552,-0.0501562833788406,0.0510738202467437));
#4195=CARTESIAN_POINT('',(-0.0765644983005523,-0.0634094205722753,0.0465704841377465));
#4196=CARTESIAN_POINT('',(-0.126564498300552,-0.0438338728712197,0.047225474573194));
#4197=CARTESIAN_POINT('',(-0.0765644983005523,-0.0633514422710632,0.047654804351693));
#4198=CARTESIAN_POINT('',(-0.126564498300552,-0.042792206204553,0.047537974573194));
#4199=CARTESIAN_POINT('',(-0.0765644983005523,-0.0632656445833775,0.048737636830041));
#4200=CARTESIAN_POINT('',(-0.126564498300552,-0.0417505395378863,0.047850474573194));
#4201=CARTESIAN_POINT('',(-0.0765644983005523,-0.0630386361283932,0.0508974780049509));
#4202=CARTESIAN_POINT('',(-0.126564498300552,-0.0396672062045531,0.048475474573194));
#4203=CARTESIAN_POINT('',(-0.0765644983005523,-0.0628974253993058,0.0519744863379587));
#4204=CARTESIAN_POINT('',(-0.126564498300552,-0.0386255395378863,0.048787974573194));
#4205=CARTESIAN_POINT('',(-0.0765644983005523,-0.0627286938864616,0.0530471659202933));
#4206=CARTESIAN_POINT('',(-0.126564498300552,-0.0375838728712197,0.049100474573194));
#4207=CARTESIAN_POINT('',(-0.126564498300552,-0.0407088728712197,0.048162974573194));
#4208=CARTESIAN_POINT('',(-0.126564498300552,-0.0438338728712197,0.047225474573194));
#4209=CARTESIAN_POINT('',(-0.101564498300552,-0.0536216467217475,0.0468979793554702));
#4210=CARTESIAN_POINT('',(-0.0765644983005523,-0.073041054136155,0.0425416338189651));
#4211=CARTESIAN_POINT('',(-0.126564498300552,-0.0438338728712197,0.042850474573194));
#4212=CARTESIAN_POINT('',(-0.0765644983005523,-0.0698305096148618,0.0438845839252256));
#4213=CARTESIAN_POINT('',(-0.126564498300552,-0.0438338728712197,0.0443088079065273));
#4214=CARTESIAN_POINT('',(-0.0765644983005523,-0.0666199650935686,0.045227534031486));
#4215=CARTESIAN_POINT('',(-0.126564498300552,-0.0438338728712197,0.0457671412398607));
#4216=CARTESIAN_POINT('',(-0.0765644983005523,-0.0634094205722753,0.0465704841377465));
#4217=CARTESIAN_POINT('',(-0.126564498300552,-0.0438338728712197,0.047225474573194));
#4218=CARTESIAN_POINT('',(-0.126564498300552,-0.0438338728712197,0.045037974573194));
#4219=CARTESIAN_POINT('',(-0.126564498300552,-0.0438338728712197,0.042850474573194));
#4220=CARTESIAN_POINT('',(-0.101564498300552,-0.0584374635036874,0.0426960541960795));
#4221=CARTESIAN_POINT('',(-0.0765644983005523,-0.0723093548932815,0.0355799805513872));
#4222=CARTESIAN_POINT('',(-0.126564498300552,-0.0438338728712197,0.038475474573194));
#4223=CARTESIAN_POINT('',(-0.0765644983005523,-0.072553254640906,0.0379005316405799));
#4224=CARTESIAN_POINT('',(-0.126564498300552,-0.0438338728712197,0.0399338079065273));
#4225=CARTESIAN_POINT('',(-0.0765644983005523,-0.0727971543885305,0.0402210827297724));
#4226=CARTESIAN_POINT('',(-0.126564498300552,-0.0438338728712197,0.0413921412398607));
#4227=CARTESIAN_POINT('',(-0.0765644983005523,-0.073041054136155,0.0425416338189651));
#4228=CARTESIAN_POINT('',(-0.126564498300552,-0.0438338728712197,0.042850474573194));
#4229=CARTESIAN_POINT('',(-0.126564498300552,-0.0438338728712197,0.040662974573194));
#4230=CARTESIAN_POINT('',(-0.126564498300552,-0.0438338728712197,0.038475474573194));
#4231=CARTESIAN_POINT('',(-0.101564498300552,-0.0580716138822506,0.0370277275622906));
#4232=CARTESIAN_POINT('',(-0.0765644983005523,-0.0715776556504079,0.0286183272838093));
#4233=CARTESIAN_POINT('',(-0.126564498300552,-0.0375838728712197,0.036600474573194));
#4234=CARTESIAN_POINT('',(-0.0765644983005523,-0.0718215553980324,0.030938878373002));
#4235=CARTESIAN_POINT('',(-0.126564498300552,-0.0396672062045531,0.037225474573194));
#4236=CARTESIAN_POINT('',(-0.0765644983005523,-0.0720654551456569,0.0332594294621945));
#4237=CARTESIAN_POINT('',(-0.126564498300552,-0.0417505395378863,0.037850474573194));
#4238=CARTESIAN_POINT('',(-0.0765644983005523,-0.0723093548932815,0.0355799805513872));
#4239=CARTESIAN_POINT('',(-0.126564498300552,-0.0438338728712197,0.038475474573194));
#4240=CARTESIAN_POINT('',(-0.126564498300552,-0.0407088728712197,0.037537974573194));
#4241=CARTESIAN_POINT('',(-0.126564498300552,-0.0375838728712197,0.036600474573194));
#4242=CARTESIAN_POINT('',(-0.101564498300552,-0.0545807642608138,0.0326094009285017));
#4243=CARTESIAN_POINT('',(-0.0765644983005523,-0.0613188513069222,0.026680046230381));
#4244=CARTESIAN_POINT('',(-0.126564498300552,-0.0371147423505079,0.034241996179458));
#4245=CARTESIAN_POINT('',(-0.0765644983005523,-0.0647384527547507,0.0273261399148571));
#4246=CARTESIAN_POINT('',(-0.126564498300552,-0.0372958807170008,0.0350229592596543));
#4247=CARTESIAN_POINT('',(-0.0765644983005523,-0.0681580542025794,0.0279722335993332));
#4248=CARTESIAN_POINT('',(-0.126564498300552,-0.0374523612684951,0.0358096401159312));
#4249=CARTESIAN_POINT('',(-0.0765644983005523,-0.0715776556504079,0.0286183272838093));
#4250=CARTESIAN_POINT('',(-0.126564498300552,-0.0375838728712197,0.036600474573194));
#4251=CARTESIAN_POINT('',(-0.126564498300552,4.49293380277993E-15,0.0428504745731949));
#4252=CARTESIAN_POINT('',(-0.126564498300552,-0.0371147423505079,0.034241996179458));
#4253=CARTESIAN_POINT('',(-0.101564498300552,-0.0492167968287151,0.0304610212049195));
#4254=CARTESIAN_POINT('',(-0.0765644983005524,-0.0593064222721401,0.0204864265202988));
#4255=CARTESIAN_POINT('',(-0.126564498300552,-0.0421714579930189,0.0301179506037175));
#4256=CARTESIAN_POINT('',(-0.0765644983005524,-0.0596944892222658,0.0215005842259858));
#4257=CARTESIAN_POINT('',(-0.126564498300552,-0.0413286720526004,0.0308052915330076));
#4258=CARTESIAN_POINT('',(-0.0765644983005524,-0.060056536781661,0.0225246979814416));
#4259=CARTESIAN_POINT('',(-0.126564498300552,-0.0404858861121819,0.0314926324622977));
#4260=CARTESIAN_POINT('',(-0.0765644983005524,-0.0607276407878234,0.0245901437329401));
#4261=CARTESIAN_POINT('',(-0.126564498300552,-0.0388003142313449,0.0328673143208778));
#4262=CARTESIAN_POINT('',(-0.0765644983005523,-0.0610366971216275,0.0256314753813178));
#4263=CARTESIAN_POINT('',(-0.126564498300552,-0.0379575282909264,0.033554655250168));
#4264=CARTESIAN_POINT('',(-0.0765644983005523,-0.0613188513069222,0.026680046230381));
#4265=CARTESIAN_POINT('',(-0.126564498300552,-0.0371147423505079,0.034241996179458));
#4266=CARTESIAN_POINT('',(-0.126564498300552,-0.0396431001717634,0.0321799733915878));
#4267=CARTESIAN_POINT('',(-0.126564498300552,-0.0421714579930189,0.0301179506037175));
#4268=CARTESIAN_POINT('',(-0.101564498300552,-0.0507389401325795,0.0253021885620081));
#4269=CARTESIAN_POINT('',(-0.0765644983005523,-0.0664666763099845,0.0128883503089454));
#4270=CARTESIAN_POINT('',(-0.126564498300552,-0.0404972179764216,0.0260759776489807));
#4271=CARTESIAN_POINT('',(-0.0765644983005523,-0.0640799249640363,0.0154210423793966));
#4272=CARTESIAN_POINT('',(-0.126564498300552,-0.0410552979819541,0.0274233019672262));
#4273=CARTESIAN_POINT('',(-0.0765644983005523,-0.0616931736180883,0.0179537344498477));
#4274=CARTESIAN_POINT('',(-0.126564498300552,-0.0416133779874865,0.0287706262854719));
#4275=CARTESIAN_POINT('',(-0.0765644983005523,-0.0593064222721401,0.0204864265202988));
#4276=CARTESIAN_POINT('',(-0.126564498300552,-0.0421714579930189,0.0301179506037175));
#4277=CARTESIAN_POINT('',(-0.126564498300552,-0.0413343379847203,0.0280969641263491));
#4278=CARTESIAN_POINT('',(-0.126564498300552,-0.0404972179764216,0.0260759776489807));
#4279=CARTESIAN_POINT('',(-0.101564498300552,-0.0534819471432031,0.019482163978963));
#4280=CARTESIAN_POINT('',(-0.0765644983005523,-0.0629666763099845,0.00682617248245439));
#4281=CARTESIAN_POINT('',(-0.126564498300552,-0.0388229779598243,0.0220340046942438));
#4282=CARTESIAN_POINT('',(-0.0765644983005523,-0.0641333429766511,0.00884689842461807));
#4283=CARTESIAN_POINT('',(-0.126564498300552,-0.0393810579653568,0.0233813290124894));
#4284=CARTESIAN_POINT('',(-0.0765644983005523,-0.0653000096433178,0.0108676243667818));
#4285=CARTESIAN_POINT('',(-0.126564498300552,-0.0399391379708892,0.024728653330735));
#4286=CARTESIAN_POINT('',(-0.0765644983005523,-0.0664666763099845,0.0128883503089455));
#4287=CARTESIAN_POINT('',(-0.126564498300552,-0.0404972179764216,0.0260759776489807));
#4288=CARTESIAN_POINT('',(-0.126564498300552,-0.039660097968123,0.0240549911716122));
#4289=CARTESIAN_POINT('',(-0.126564498300552,-0.0388229779598243,0.0220340046942438));
#4290=CARTESIAN_POINT('',(-0.101564498300552,-0.0508948271349044,0.0144300885883491));
#4291=CARTESIAN_POINT('',(-0.0765644983005523,-0.0594666763099845,0.000763994655963315));
#4292=CARTESIAN_POINT('',(-0.126564498300552,-0.0323311994459443,0.022693502023067));
#4293=CARTESIAN_POINT('',(-0.0765644983005523,-0.0606333429766512,0.00278472059812706));
#4294=CARTESIAN_POINT('',(-0.126564498300552,-0.0344951256172376,0.0224736695801259));
#4295=CARTESIAN_POINT('',(-0.0765644983005523,-0.0618000096433178,0.00480544654029063));
#4296=CARTESIAN_POINT('',(-0.126564498300552,-0.0366590517885311,0.0222538371371848));
#4297=CARTESIAN_POINT('',(-0.0765644983005523,-0.0629666763099845,0.00682617248245439));
#4298=CARTESIAN_POINT('',(-0.126564498300552,-0.0388229779598243,0.0220340046942438));
#4299=CARTESIAN_POINT('',(-0.126564498300552,-0.0355770887028843,0.0223637533586554));
#4300=CARTESIAN_POINT('',(-0.126564498300552,-0.0323311994459443,0.0226935020230669));
#4301=CARTESIAN_POINT('',(-0.101564498300552,-0.0458989378779644,0.0117287483395151));
#4302=CARTESIAN_POINT('',(-0.0765644983005523,-0.0493064222721401,0.00316591844460999));
#4303=CARTESIAN_POINT('',(-0.126564498300552,-0.0309952287529085,0.0206940805851174));
#4304=CARTESIAN_POINT('',(-0.0765644983005523,-0.0526931736180882,0.00236527718172776));
#4305=CARTESIAN_POINT('',(-0.126564498300552,-0.0314614404143436,0.0213462777387351));
#4306=CARTESIAN_POINT('',(-0.0765644983005523,-0.0560799249640364,0.00156463591884554));
#4307=CARTESIAN_POINT('',(-0.126564498300552,-0.0319070593233613,0.0220131935659236));
#4308=CARTESIAN_POINT('',(-0.0765644983005523,-0.0594666763099845,0.000763994655963302));
#4309=CARTESIAN_POINT('',(-0.126564498300552,-0.0323311994459443,0.0226935020230669));
#4310=CARTESIAN_POINT('',(-0.126564498300552,-6.24500451351651E-16,0.0428504745731937));
#4311=CARTESIAN_POINT('',(-0.126564498300552,-0.0309952287529085,0.0206940805851174));
#4312=CARTESIAN_POINT('',(-0.101564498300552,-0.0401508255125243,0.0119299995148637));
#4313=CARTESIAN_POINT('',(-0.0765644983005524,-0.0449488047792199,-0.00167370607786579));
#4314=CARTESIAN_POINT('',(-0.126564498300552,-0.0340888209205996,0.0149488379879767));
#4315=CARTESIAN_POINT('',(-0.0765644983005524,-0.0457158166795291,-0.000905067961084861));
#4316=CARTESIAN_POINT('',(-0.126564498300552,-0.0335732222259845,0.0159063784208335));
#4317=CARTESIAN_POINT('',(-0.0765644983005524,-0.0464631081738869,-0.000116751500621273));
#4318=CARTESIAN_POINT('',(-0.126564498300552,-0.0330576235313693,0.0168639188536902));
#4319=CARTESIAN_POINT('',(-0.0765644983005524,-0.047916284661742,0.00149716449304616));
#4320=CARTESIAN_POINT('',(-0.126564498300552,-0.0320264261421389,0.0187789997194039));
#4321=CARTESIAN_POINT('',(-0.0765644983005524,-0.0486221694106342,0.00232276375458848));
#4322=CARTESIAN_POINT('',(-0.126564498300552,-0.0315108274475237,0.0197365401522606));
#4323=CARTESIAN_POINT('',(-0.0765644983005524,-0.0493064222721401,0.00316591844460997));
#4324=CARTESIAN_POINT('',(-0.126564498300552,-0.0309952287529085,0.0206940805851174));
#4325=CARTESIAN_POINT('',(-0.126564498300552,-0.0325420248367541,0.0178214592865471));
#4326=CARTESIAN_POINT('',(-0.126564498300552,-0.0340888209205996,0.0149488379879767));
#4327=CARTESIAN_POINT('',(-0.101564498300552,-0.0395188128499098,0.00663756595505546));
#4328=CARTESIAN_POINT('',(-0.0765644983005524,-0.0483996063190198,-0.0115272317784927));
#4329=CARTESIAN_POINT('',(-0.126564498300552,-0.0279016365852174,0.0087616536525944));
#4330=CARTESIAN_POINT('',(-0.0765644983005524,-0.0478244727290531,-0.00988497749505487));
#4331=CARTESIAN_POINT('',(-0.126564498300552,-0.0289328339744477,0.0097928510418248));
#4332=CARTESIAN_POINT('',(-0.0765644983005524,-0.0472493391390865,-0.00824272321161709));
#4333=CARTESIAN_POINT('',(-0.126564498300552,-0.0299640313636781,0.0108240484310551));
#4334=CARTESIAN_POINT('',(-0.0765644983005524,-0.0460990719591532,-0.00495821464474146));
#4335=CARTESIAN_POINT('',(-0.126564498300552,-0.0320264261421389,0.0128864432095159));
#4336=CARTESIAN_POINT('',(-0.0765644983005524,-0.0455239383691865,-0.0033159603613036));
#4337=CARTESIAN_POINT('',(-0.126564498300552,-0.0330576235313693,0.0139176405987463));
#4338=CARTESIAN_POINT('',(-0.0765644983005524,-0.0449488047792199,-0.00167370607786579));
#4339=CARTESIAN_POINT('',(-0.126564498300552,-0.0340888209205996,0.0149488379879767));
#4340=CARTESIAN_POINT('',(-0.126564498300552,-0.029448432669063,0.01030844973644));
#4341=CARTESIAN_POINT('',(-0.126564498300552,-0.0279016365852174,0.0087616536525944));
#4342=CARTESIAN_POINT('',(-0.101564498300552,-0.0381506214521186,-0.00138278906294914));
#4343=CARTESIAN_POINT('',(-0.0765644983005524,-0.0427364873583952,-0.01564172854454));
#4344=CARTESIAN_POINT('',(-0.126564498300552,-0.0221563939880767,0.0118552458202855));
#4345=CARTESIAN_POINT('',(-0.0765644983005524,-0.0446241936786034,-0.0142702296225242));
#4346=CARTESIAN_POINT('',(-0.126564498300552,-0.0240714748537902,0.0108240484310552));
#4347=CARTESIAN_POINT('',(-0.0765644983005524,-0.0465118999988116,-0.0128987307005084));
#4348=CARTESIAN_POINT('',(-0.126564498300552,-0.0259865557195038,0.00979285104182479));
#4349=CARTESIAN_POINT('',(-0.0765644983005524,-0.0483996063190198,-0.0115272317784927));
#4350=CARTESIAN_POINT('',(-0.126564498300552,-0.0279016365852174,0.00876165365259441));
#4351=CARTESIAN_POINT('',(-0.126564498300552,-0.025029015286647,0.01030844973644));
#4352=CARTESIAN_POINT('',(-0.126564498300552,-0.0221563939880767,0.0118552458202855));
#4353=CARTESIAN_POINT('',(-0.101564498300552,-0.0324464406732359,-0.00189324136212724));
#4354=CARTESIAN_POINT('',(-0.0765644983005524,-0.0370733683977705,-0.0197562253105873));
#4355=CARTESIAN_POINT('',(-0.126564498300552,-0.0201569725501271,0.0105192751272497));
#4356=CARTESIAN_POINT('',(-0.0765644983005524,-0.0389610747179787,-0.0183847263885716));
#4357=CARTESIAN_POINT('',(-0.126564498300552,-0.0208372810072704,0.0109434152498327));
#4358=CARTESIAN_POINT('',(-0.0765644983005524,-0.0408487810381869,-0.0170132274665557));
#4359=CARTESIAN_POINT('',(-0.126564498300552,-0.0215041968344588,0.0113890341588503));
#4360=CARTESIAN_POINT('',(-0.0765644983005524,-0.0427364873583952,-0.01564172854454));
#4361=CARTESIAN_POINT('',(-0.126564498300552,-0.0221563939880767,0.0118552458202855));
#4362=CARTESIAN_POINT('',(-0.126564498300552,1.94289029309402E-16,0.0428504745731942));
#4363=CARTESIAN_POINT('',(-0.126564498300552,-0.0201569725501271,0.0105192751272498));
#4364=CARTESIAN_POINT('',(-0.101564498300552,-0.0286151704739488,-0.00461847509166878));
#4365=CARTESIAN_POINT('',(-0.0765644983005524,-0.0329209166447457,-0.0165928182171513));
#4366=CARTESIAN_POINT('',(-0.126564498300552,-0.0208164698789503,0.00402749661336969));
#4367=CARTESIAN_POINT('',(-0.0765644983005524,-0.0343050672290873,-0.0176472872482967));
#4368=CARTESIAN_POINT('',(-0.126564498300552,-0.0205966374360092,0.00619142278466304));
#4369=CARTESIAN_POINT('',(-0.0765644983005524,-0.0356892178134288,-0.018701756279442));
#4370=CARTESIAN_POINT('',(-0.126564498300552,-0.0203768049930682,0.0083553489559564));
#4371=CARTESIAN_POINT('',(-0.0765644983005524,-0.0370733683977705,-0.0197562253105873));
#4372=CARTESIAN_POINT('',(-0.126564498300552,-0.0201569725501271,0.0105192751272498));
#4373=CARTESIAN_POINT('',(-0.126564498300552,-0.0204867212145387,0.00727338587030973));
#4374=CARTESIAN_POINT('',(-0.126564498300552,-0.0208164698789503,0.00402749661336969));
#4375=CARTESIAN_POINT('',(-0.101564498300552,-0.026868693261848,-0.0062826608018908));
#4376=CARTESIAN_POINT('',(-0.0765644983005524,-0.0287684648917209,-0.0134294111237153));
#4377=CARTESIAN_POINT('',(-0.126564498300552,-0.0167744969242134,0.00235325659677242));
#4378=CARTESIAN_POINT('',(-0.0765644983005524,-0.0301526154760625,-0.0144838801548606));
#4379=CARTESIAN_POINT('',(-0.126564498300552,-0.018121821242459,0.00291133660230483));
#4380=CARTESIAN_POINT('',(-0.0765644983005524,-0.0315367660604041,-0.0155383491860059));
#4381=CARTESIAN_POINT('',(-0.126564498300552,-0.0194691455607047,0.00346941660783727));
#4382=CARTESIAN_POINT('',(-0.0765644983005524,-0.0329209166447457,-0.0165928182171513));
#4383=CARTESIAN_POINT('',(-0.126564498300552,-0.0208164698789503,0.00402749661336969));
#4384=CARTESIAN_POINT('',(-0.126564498300552,-0.0187954834015818,0.00319037660507105));
#4385=CARTESIAN_POINT('',(-0.126564498300552,-0.0167744969242134,0.00235325659677241));
#4386=CARTESIAN_POINT('',(-0.101564498300552,-0.0227714809079671,-0.00553807726347143));
#4387=CARTESIAN_POINT('',(-0.0765644983005524,-0.0228191305929006,-0.01607822541204));
#4388=CARTESIAN_POINT('',(-0.126564498300552,-0.0127325239694765,0.000679016580175132));
#4389=CARTESIAN_POINT('',(-0.0765644983005524,-0.0238324641177453,-0.0156880113974148));
#4390=CARTESIAN_POINT('',(-0.126564498300552,-0.0134061861285993,0.00095805658294134));
#4391=CARTESIAN_POINT('',(-0.0765644983005524,-0.0248357860587613,-0.0152717993095875));
#4392=CARTESIAN_POINT('',(-0.126564498300552,-0.0140798482877221,0.00123709658570756));
#4393=CARTESIAN_POINT('',(-0.0765644983005524,-0.0268197676118651,-0.0143884738110228));
#4394=CARTESIAN_POINT('',(-0.126564498300552,-0.0154271726059678,0.00179517659123998));
#4395=CARTESIAN_POINT('',(-0.0765644983005524,-0.0278004268900003,-0.0139213605489705));
#4396=CARTESIAN_POINT('',(-0.126564498300552,-0.0161008347650906,0.0020742165940062));
#4397=CARTESIAN_POINT('',(-0.0765644983005524,-0.0287684648917209,-0.0134294111237153));
#4398=CARTESIAN_POINT('',(-0.126564498300552,-0.0167744969242134,0.00235325659677241));
#4399=CARTESIAN_POINT('',(-0.126564498300552,-0.0147535104468449,0.00151613658847376));
#4400=CARTESIAN_POINT('',(-0.126564498300552,-0.0127325239694765,0.000679016580175132));
#4401=CARTESIAN_POINT('',(-0.101564498300552,-0.0177758272811885,-0.00769960441593244));
#4402=CARTESIAN_POINT('',(-0.0765644983005524,-0.0219638046988768,-0.0264834364918314));
#4403=CARTESIAN_POINT('',(-0.126564498300552,-0.00860847839373604,0.00573573222268614));
#4404=CARTESIAN_POINT('',(-0.0765644983005524,-0.022248913330218,-0.0230150327985676));
#4405=CARTESIAN_POINT('',(-0.126564498300552,-0.0099831602523162,0.00405016034184914));
#4406=CARTESIAN_POINT('',(-0.0765644983005524,-0.0225340219615593,-0.0195466291053038));
#4407=CARTESIAN_POINT('',(-0.126564498300552,-0.0113578421108964,0.00236458846101213));
#4408=CARTESIAN_POINT('',(-0.0765644983005524,-0.0228191305929006,-0.01607822541204));
#4409=CARTESIAN_POINT('',(-0.126564498300552,-0.0127325239694765,0.000679016580175136));
#4410=CARTESIAN_POINT('',(-0.126564498300552,-0.0106705011816063,0.00320737440143064));
#4411=CARTESIAN_POINT('',(-0.126564498300552,-0.00860847839373605,0.00573573222268614));
#4412=CARTESIAN_POINT('',(-0.101564498300552,-0.0152861415463064,-0.0103738521345726));
#4413=CARTESIAN_POINT('',(-0.0765644983005524,-0.0151167714937402,-0.0279388183275556));
#4414=CARTESIAN_POINT('',(-0.126564498300552,-0.00625,0.00526660170197434));
#4415=CARTESIAN_POINT('',(-0.0765644983005524,-0.0173991158954524,-0.0274536910489808));
#4416=CARTESIAN_POINT('',(-0.126564498300552,-0.00704083445726281,0.00539811330469896));
#4417=CARTESIAN_POINT('',(-0.0765644983005524,-0.0196814602971646,-0.0269685637704061));
#4418=CARTESIAN_POINT('',(-0.126564498300552,-0.00782751531353984,0.00555459385619328));
#4419=CARTESIAN_POINT('',(-0.0765644983005524,-0.0219638046988768,-0.0264834364918314));
#4420=CARTESIAN_POINT('',(-0.126564498300552,-0.00860847839373605,0.00573573222268614));
#4421=CARTESIAN_POINT('',(-0.126564498300552,-7.37257477290143E-17,0.0428504745731939));
#4422=CARTESIAN_POINT('',(-0.126564498300552,-0.00625000000000007,0.00526660170197435));
#4423=CARTESIAN_POINT('',(-0.101564498300552,-0.0106833857468701,-0.0113361083127906));
#4424=CARTESIAN_POINT('',(-0.0765644983005524,-0.00826973828860349,-0.02939420016328));
#4425=CARTESIAN_POINT('',(-0.126564498300552,-0.00437500000000008,-0.000983398298025656));
#4426=CARTESIAN_POINT('',(-0.0765644983005524,-0.0105520826903157,-0.0289090728847052));
#4427=CARTESIAN_POINT('',(-0.126564498300552,-0.00500000000000007,0.00109993503530768));
#4428=CARTESIAN_POINT('',(-0.0765644983005524,-0.0128344270920279,-0.0284239456061304));
#4429=CARTESIAN_POINT('',(-0.126564498300552,-0.00562500000000007,0.00318326836864101));
#4430=CARTESIAN_POINT('',(-0.0765644983005524,-0.0151167714937402,-0.0279388183275556));
#4431=CARTESIAN_POINT('',(-0.126564498300552,-0.00625000000000007,0.00526660170197435));
#4432=CARTESIAN_POINT('',(-0.126564498300552,-0.00531250000000007,0.00214160170197435));
#4433=CARTESIAN_POINT('',(-0.126564498300552,-0.00437500000000007,-0.000983398298025655));
#4434=CARTESIAN_POINT('',(-0.101564498300552,-0.00632236914430178,-0.0151887992306528));
#4435=CARTESIAN_POINT('',(-0.0765644983005524,-0.00325617857822448,-0.0202364592283952));
#4436=CARTESIAN_POINT('',(-0.126564498300552,-7.24247051220317E-17,-0.000983398298025655));
#4437=CARTESIAN_POINT('',(-0.0765644983005524,-0.00492736514835081,-0.0232890395400235));
#4438=CARTESIAN_POINT('',(-0.126564498300552,-0.0014583333333334,-0.000983398298025656));
#4439=CARTESIAN_POINT('',(-0.0765644983005524,-0.00659855171847716,-0.0263416198516517));
#4440=CARTESIAN_POINT('',(-0.126564498300552,-0.00291666666666674,-0.000983398298025656));
#4441=CARTESIAN_POINT('',(-0.0765644983005524,-0.00826973828860349,-0.02939420016328));
#4442=CARTESIAN_POINT('',(-0.126564498300552,-0.00437500000000007,-0.000983398298025657));
#4443=CARTESIAN_POINT('',(-0.126564498300552,-0.00218750000000008,-0.000983398298025656));
#4444=CARTESIAN_POINT('',(-0.126564498300552,-7.24247051220317E-17,-0.000983398298025656));
#4445=CARTESIAN_POINT('',(-0.101564498300552,-0.00162808928911225,-0.0106099287632104));
#4446=CARTESIAN_POINT('',(-0.0765644983005524,0.00325617857822465,-0.0202364592283952));
#4447=CARTESIAN_POINT('',(-0.126564498300552,0.00437499999999994,-0.000983398298025657));
#4448=CARTESIAN_POINT('',(-0.0765644983005524,0.00217173800113594,-0.0202921408640374));
#4449=CARTESIAN_POINT('',(-0.126564498300552,0.00364583333333328,-0.000983398298025656));
#4450=CARTESIAN_POINT('',(-0.0765644983005524,0.00108586909195719,-0.02032));
#4451=CARTESIAN_POINT('',(-0.126564498300552,0.00291666666666661,-0.000983398298025656));
#4452=CARTESIAN_POINT('',(-0.0765644983005524,-0.00108586909195697,-0.02032));
#4453=CARTESIAN_POINT('',(-0.126564498300552,0.00145833333333327,-0.000983398298025656));
#4454=CARTESIAN_POINT('',(-0.0765644983005524,-0.00217173800113569,-0.0202921408640374));
#4455=CARTESIAN_POINT('',(-0.126564498300552,0.000729166666666597,-0.000983398298025656));
#4456=CARTESIAN_POINT('',(-0.0765644983005524,-0.00325617857822442,-0.0202364592283952));
#4457=CARTESIAN_POINT('',(-0.126564498300552,-7.24247051220317E-17,-0.000983398298025656));
#4458=CARTESIAN_POINT('',(-0.126564498300552,0.00218749999999994,-0.000983398298025656));
#4459=CARTESIAN_POINT('',(-0.126564498300552,0.00437499999999994,-0.000983398298025656));
#4460=CARTESIAN_POINT('',(-0.101564498300552,0.00381558928911228,-0.0106099287632104));
#4461=CARTESIAN_POINT('',(-0.0765644983005524,0.00826973828860361,-0.02939420016328));
#4462=CARTESIAN_POINT('',(-0.126564498300552,0.00625,0.00526660170197434));
#4463=CARTESIAN_POINT('',(-0.0765644983005524,0.00659855171847726,-0.0263416198516517));
#4464=CARTESIAN_POINT('',(-0.126564498300552,0.005625,0.00318326836864101));
#4465=CARTESIAN_POINT('',(-0.0765644983005524,0.00492736514835096,-0.0232890395400235));
#4466=CARTESIAN_POINT('',(-0.126564498300552,0.00499999999999994,0.00109993503530768));
#4467=CARTESIAN_POINT('',(-0.0765644983005524,0.00325617857822462,-0.0202364592283952));
#4468=CARTESIAN_POINT('',(-0.126564498300552,0.00437499999999994,-0.000983398298025657));
#4469=CARTESIAN_POINT('',(-0.126564498300552,0.00531249999999994,0.00214160170197435));
#4470=CARTESIAN_POINT('',(-0.126564498300552,0.00625,0.00526660170197434));
#4471=CARTESIAN_POINT('',(-0.101564498300552,0.00725986914430178,-0.0120637992306528));
#4472=CARTESIAN_POINT('',(-0.0765644983005524,0.0219638046988769,-0.0264834364918314));
#4473=CARTESIAN_POINT('',(-0.126564498300552,0.00860847839373589,0.00573573222268613));
#4474=CARTESIAN_POINT('',(-0.0765644983005524,0.0173991158954525,-0.0274536910489808));
#4475=CARTESIAN_POINT('',(-0.126564498300552,0.00782751531353974,0.00555459385619328));
#4476=CARTESIAN_POINT('',(-0.0765644983005524,0.012834427092028,-0.0284239456061304));
#4477=CARTESIAN_POINT('',(-0.126564498300552,0.00704083445726266,0.00539811330469896));
#4478=CARTESIAN_POINT('',(-0.0765644983005524,0.00826973828860361,-0.02939420016328));
#4479=CARTESIAN_POINT('',(-0.126564498300552,0.00625,0.00526660170197435));
#4480=CARTESIAN_POINT('',(-0.126564498300552,-2.08166817117217E-16,0.0428504745731949));
#4481=CARTESIAN_POINT('',(-0.126564498300552,0.00860847839373589,0.00573573222268614));
#4482=CARTESIAN_POINT('',(-0.101564498300552,0.0152861415463064,-0.0103738521345726));
#4483=CARTESIAN_POINT('',(-0.0765644983005524,0.0223914676458888,-0.0212808309519356));
#4484=CARTESIAN_POINT('',(-0.126564498300552,0.0127325239694764,0.000679016580175136));
#4485=CARTESIAN_POINT('',(-0.0765644983005524,0.0222489133302182,-0.0230150327985676));
#4486=CARTESIAN_POINT('',(-0.126564498300552,0.0113578421108962,0.00236458846101214));
#4487=CARTESIAN_POINT('',(-0.0765644983005524,0.0221063590145475,-0.0247492346451994));
#4488=CARTESIAN_POINT('',(-0.126564498300552,0.00998316025231606,0.00405016034184914));
#4489=CARTESIAN_POINT('',(-0.0765644983005524,0.0219638046988769,-0.0264834364918314));
#4490=CARTESIAN_POINT('',(-0.126564498300552,0.0086084783937359,0.00573573222268614));
#4491=CARTESIAN_POINT('',(-0.126564498300552,0.0106705011816061,0.00320737440143064));
#4492=CARTESIAN_POINT('',(-0.126564498300552,0.0127325239694764,0.000679016580175132));
#4493=CARTESIAN_POINT('',(-0.101564498300552,0.0175619958076826,-0.0103009071858803));
#4494=CARTESIAN_POINT('',(-0.0765644983005524,0.0228191305929007,-0.01607822541204));
#4495=CARTESIAN_POINT('',(-0.126564498300552,0.0167744969242133,0.0023532565967724));
#4496=CARTESIAN_POINT('',(-0.0765644983005524,0.0226765762772301,-0.0178124272586719));
#4497=CARTESIAN_POINT('',(-0.126564498300552,0.0154271726059676,0.00179517659123997));
#4498=CARTESIAN_POINT('',(-0.0765644983005524,0.0225340219615594,-0.0195466291053038));
#4499=CARTESIAN_POINT('',(-0.126564498300552,0.014079848287722,0.00123709658570756));
#4500=CARTESIAN_POINT('',(-0.0765644983005524,0.0223914676458888,-0.0212808309519356));
#4501=CARTESIAN_POINT('',(-0.126564498300552,0.0127325239694764,0.000679016580175132));
#4502=CARTESIAN_POINT('',(-0.126564498300552,0.0147535104468448,0.00151613658847376));
#4503=CARTESIAN_POINT('',(-0.126564498300552,0.0167744969242133,0.0023532565967724));
#4504=CARTESIAN_POINT('',(-0.101564498300552,0.019796813758557,-0.00686248440763379));
#4505=CARTESIAN_POINT('',(-0.0765644983005524,0.0287684648917211,-0.0134294111237152));
#4506=CARTESIAN_POINT('',(-0.126564498300552,0.0208164698789501,0.00402749661336968));
#4507=CARTESIAN_POINT('',(-0.0765644983005524,0.0278004268900005,-0.0139213605489705));
#4508=CARTESIAN_POINT('',(-0.126564498300552,0.0201428077198273,0.00374845661060348));
#4509=CARTESIAN_POINT('',(-0.0765644983005524,0.0268197676118653,-0.0143884738110227));
#4510=CARTESIAN_POINT('',(-0.126564498300552,0.0194691455607045,0.00346941660783726));
#4511=CARTESIAN_POINT('',(-0.0765644983005524,0.0248357860587615,-0.0152717993095875));
#4512=CARTESIAN_POINT('',(-0.126564498300552,0.0181218212424589,0.00291133660230483));
#4513=CARTESIAN_POINT('',(-0.0765644983005524,0.0238324641177455,-0.0156880113974147));
#4514=CARTESIAN_POINT('',(-0.126564498300552,0.0174481590833361,0.00263229659953863));
#4515=CARTESIAN_POINT('',(-0.0765644983005524,0.0228191305929007,-0.01607822541204));
#4516=CARTESIAN_POINT('',(-0.126564498300552,0.0167744969242133,0.00235325659677241));
#4517=CARTESIAN_POINT('',(-0.126564498300552,0.0187954834015817,0.00319037660507105));
#4518=CARTESIAN_POINT('',(-0.126564498300552,0.0208164698789501,0.00402749661336968));
#4519=CARTESIAN_POINT('',(-0.101564498300552,0.0247924673853356,-0.00470095725517278));
#4520=CARTESIAN_POINT('',(-0.0765644983005524,0.0329209166447459,-0.0165928182171512));
#4521=CARTESIAN_POINT('',(-0.126564498300552,0.020156972550127,0.0105192751272498));
#4522=CARTESIAN_POINT('',(-0.0765644983005524,0.0315367660604043,-0.0155383491860059));
#4523=CARTESIAN_POINT('',(-0.126564498300552,0.020376804993068,0.00835534895595641));
#4524=CARTESIAN_POINT('',(-0.0765644983005524,0.0301526154760626,-0.0144838801548606));
#4525=CARTESIAN_POINT('',(-0.126564498300552,0.0205966374360091,0.00619142278466304));
#4526=CARTESIAN_POINT('',(-0.0765644983005524,0.0287684648917211,-0.0134294111237152));
#4527=CARTESIAN_POINT('',(-0.126564498300552,0.0208164698789501,0.00402749661336968));
#4528=CARTESIAN_POINT('',(-0.126564498300552,0.0204867212145385,0.00727338587030973));
#4529=CARTESIAN_POINT('',(-0.126564498300552,0.020156972550127,0.0105192751272498));
#4530=CARTESIAN_POINT('',(-0.101564498300552,0.0265389445974365,-0.00303677154495075));
#4531=CARTESIAN_POINT('',(-0.0765644983005524,0.0370733683977707,-0.0197562253105873));
#4532=CARTESIAN_POINT('',(-0.126564498300552,0.0221563939880766,0.0118552458202855));
#4533=CARTESIAN_POINT('',(-0.0765644983005524,0.035689217813429,-0.018701756279442));
#4534=CARTESIAN_POINT('',(-0.126564498300552,0.0215041968344588,0.0113890341588504));
#4535=CARTESIAN_POINT('',(-0.0765644983005524,0.0343050672290874,-0.0176472872482967));
#4536=CARTESIAN_POINT('',(-0.126564498300552,0.0208372810072702,0.0109434152498327));
#4537=CARTESIAN_POINT('',(-0.0765644983005524,0.0329209166447459,-0.0165928182171512));
#4538=CARTESIAN_POINT('',(-0.126564498300552,0.0201569725501271,0.0105192751272498));
#4539=CARTESIAN_POINT('',(-0.126564498300552,4.54497550705923E-16,0.042850474573193));
#4540=CARTESIAN_POINT('',(-0.126564498300552,0.0221563939880766,0.0118552458202855));
#4541=CARTESIAN_POINT('',(-0.101564498300552,0.0296148811929236,-0.00395048974515088));
#4542=CARTESIAN_POINT('',(-0.0765644983005524,0.0483996063190199,-0.0115272317784926));
#4543=CARTESIAN_POINT('',(-0.126564498300552,0.0279016365852173,0.00876165365259438));
#4544=CARTESIAN_POINT('',(-0.0765644983005524,0.0446241936786035,-0.0142702296225242));
#4545=CARTESIAN_POINT('',(-0.126564498300552,0.0259865557195036,0.00979285104182476));
#4546=CARTESIAN_POINT('',(-0.0765644983005524,0.040848781038187,-0.0170132274665557));
#4547=CARTESIAN_POINT('',(-0.126564498300552,0.0240714748537901,0.0108240484310551));
#4548=CARTESIAN_POINT('',(-0.0765644983005524,0.0370733683977706,-0.0197562253105873));
#4549=CARTESIAN_POINT('',(-0.126564498300552,0.0221563939880766,0.0118552458202855));
#4550=CARTESIAN_POINT('',(-0.126564498300552,0.0250290152866469,0.0103084497364399));
#4551=CARTESIAN_POINT('',(-0.126564498300552,0.0279016365852173,0.00876165365259438));
#4552=CARTESIAN_POINT('',(-0.101564498300552,0.0381506214521186,-0.00138278906294913));
#4553=CARTESIAN_POINT('',(-0.0765644983005524,0.04494880477922,-0.00167370607786573));
#4554=CARTESIAN_POINT('',(-0.126564498300552,0.0309952287529084,0.0118552458202855));
#4555=CARTESIAN_POINT('',(-0.0765644983005524,0.0460990719591533,-0.00495821464474136));
#4556=CARTESIAN_POINT('',(-0.126564498300552,0.029964031363678,0.0108240484310552));
#4557=CARTESIAN_POINT('',(-0.0765644983005524,0.0472493391390866,-0.00824272321161702));
#4558=CARTESIAN_POINT('',(-0.126564498300552,0.0289328339744476,0.00979285104182476));
#4559=CARTESIAN_POINT('',(-0.0765644983005524,0.0483996063190199,-0.0115272317784926));
#4560=CARTESIAN_POINT('',(-0.126564498300552,0.0279016365852173,0.00876165365259438));
#4561=CARTESIAN_POINT('',(-0.126564498300552,0.0294484326690628,0.01030844973644));
#4562=CARTESIAN_POINT('',(-0.126564498300552,0.0309952287529084,0.0118552458202855));
#4563=CARTESIAN_POINT('',(-0.101564498300552,0.0379720167660642,0.0050907698712099));
#4564=CARTESIAN_POINT('',(-0.0765644983005524,0.0493064222721402,0.00316591844461007));
#4565=CARTESIAN_POINT('',(-0.126564498300552,0.0340888209205995,0.0149488379879767));
#4566=CARTESIAN_POINT('',(-0.0765644983005524,0.0486221694106343,0.00232276375458855));
#4567=CARTESIAN_POINT('',(-0.126564498300552,0.0335732222259843,0.0144332392933615));
#4568=CARTESIAN_POINT('',(-0.0765644983005524,0.0479162846617422,0.00149716449304629));
#4569=CARTESIAN_POINT('',(-0.126564498300552,0.0330576235313692,0.0139176405987463));
#4570=CARTESIAN_POINT('',(-0.0765644983005524,0.046463108173887,-0.000116751500621197));
#4571=CARTESIAN_POINT('',(-0.126564498300552,0.0320264261421387,0.0128864432095159));
#4572=CARTESIAN_POINT('',(-0.0765644983005524,0.0457158166795292,-0.000905067961084802));
#4573=CARTESIAN_POINT('',(-0.126564498300552,0.0315108274475236,0.0123708445149007));
#4574=CARTESIAN_POINT('',(-0.0765644983005524,0.04494880477922,-0.00167370607786572));
#4575=CARTESIAN_POINT('',(-0.126564498300552,0.0309952287529084,0.0118552458202855));
#4576=CARTESIAN_POINT('',(-0.126564498300552,0.0325420248367539,0.0134020419041311));
#4577=CARTESIAN_POINT('',(-0.126564498300552,0.0340888209205995,0.0149488379879767));
#4578=CARTESIAN_POINT('',(-0.101564498300552,0.0416976215963699,0.00905737821629335));
#4579=CARTESIAN_POINT('',(-0.0765644983005524,0.0594666763099846,0.000763994655963343));
#4580=CARTESIAN_POINT('',(-0.126564498300552,0.0309952287529084,0.0206940805851174));
#4581=CARTESIAN_POINT('',(-0.0765644983005524,0.0560799249640364,0.00156463591884557));
#4582=CARTESIAN_POINT('',(-0.126564498300552,0.0320264261421388,0.0187789997194038));
#4583=CARTESIAN_POINT('',(-0.0765644983005524,0.0526931736180883,0.00236527718172779));
#4584=CARTESIAN_POINT('',(-0.126564498300552,0.0330576235313692,0.0168639188536902));
#4585=CARTESIAN_POINT('',(-0.0765644983005524,0.0493064222721402,0.00316591844461003));
#4586=CARTESIAN_POINT('',(-0.126564498300552,0.0340888209205995,0.0149488379879767));
#4587=CARTESIAN_POINT('',(-0.126564498300552,0.032542024836754,0.017821459286547));
#4588=CARTESIAN_POINT('',(-0.126564498300552,0.0309952287529084,0.0206940805851174));
#4589=CARTESIAN_POINT('',(-0.101564498300552,0.0452309525314465,0.0107290376205404));
#4590=CARTESIAN_POINT('',(-0.0765644983005524,0.0629666763099846,0.00682617248245442));
#4591=CARTESIAN_POINT('',(-0.126564498300552,0.0323311994459442,0.022693502023067));
#4592=CARTESIAN_POINT('',(-0.0765644983005524,0.0618000096433179,0.0048054465402907));
#4593=CARTESIAN_POINT('',(-0.126564498300552,0.0319070593233612,0.0220131935659237));
#4594=CARTESIAN_POINT('',(-0.0765644983005524,0.0606333429766513,0.00278472059812706));
#4595=CARTESIAN_POINT('',(-0.126564498300552,0.0314614404143436,0.0213462777387352));
#4596=CARTESIAN_POINT('',(-0.0765644983005524,0.0594666763099846,0.000763994655963345));
#4597=CARTESIAN_POINT('',(-0.126564498300552,0.0309952287529084,0.0206940805851174));
#4598=CARTESIAN_POINT('',(-0.126564498300552,-1.60461921527854E-15,0.0428504745731952));
#4599=CARTESIAN_POINT('',(-0.126564498300552,0.0323311994459442,0.022693502023067));
#4600=CARTESIAN_POINT('',(-0.101564498300552,0.0476489378779644,0.0147598372527607));
#4601=CARTESIAN_POINT('',(-0.0765644983005524,0.0664666763099846,0.0128883503089455));
#4602=CARTESIAN_POINT('',(-0.126564498300552,0.0388229779598242,0.0220340046942438));
#4603=CARTESIAN_POINT('',(-0.0765644983005524,0.065300009643318,0.0108676243667819));
#4604=CARTESIAN_POINT('',(-0.126564498300552,0.0366590517885309,0.0222538371371848));
#4605=CARTESIAN_POINT('',(-0.0765644983005524,0.0641333429766512,0.00884689842461806));
#4606=CARTESIAN_POINT('',(-0.126564498300552,0.0344951256172376,0.0224736695801259));
#4607=CARTESIAN_POINT('',(-0.0765644983005524,0.0629666763099846,0.00682617248245442));
#4608=CARTESIAN_POINT('',(-0.126564498300552,0.0323311994459442,0.0226935020230669));
#4609=CARTESIAN_POINT('',(-0.126564498300552,0.0355770887028842,0.0223637533586554));
#4610=CARTESIAN_POINT('',(-0.126564498300552,0.0388229779598242,0.0220340046942438));
#4611=CARTESIAN_POINT('',(-0.101564498300552,0.0526448271349044,0.0174611775015947));
#4612=CARTESIAN_POINT('',(-0.0765644983005524,0.0593064222721402,0.0204864265202989));
#4613=CARTESIAN_POINT('',(-0.126564498300552,0.0404972179764215,0.0260759776489807));
#4614=CARTESIAN_POINT('',(-0.0765644983005524,0.0616931736180883,0.0179537344498478));
#4615=CARTESIAN_POINT('',(-0.126564498300552,0.0399391379708891,0.024728653330735));
#4616=CARTESIAN_POINT('',(-0.0765644983005524,0.0640799249640365,0.0154210423793966));
#4617=CARTESIAN_POINT('',(-0.126564498300552,0.0393810579653567,0.0233813290124894));
#4618=CARTESIAN_POINT('',(-0.0765644983005524,0.0664666763099846,0.0128883503089455));
#4619=CARTESIAN_POINT('',(-0.126564498300552,0.0388229779598242,0.0220340046942438));
#4620=CARTESIAN_POINT('',(-0.126564498300552,0.0396600979681229,0.0240549911716122));
#4621=CARTESIAN_POINT('',(-0.126564498300552,0.0404972179764215,0.0260759776489807));
#4622=CARTESIAN_POINT('',(-0.101564498300552,0.0499018201242809,0.0232812020846398));
#4623=CARTESIAN_POINT('',(-0.0765644983005524,0.0613188513069223,0.0266800462303811));
#4624=CARTESIAN_POINT('',(-0.126564498300552,0.0421714579930188,0.0301179506037175));
#4625=CARTESIAN_POINT('',(-0.0765644983005524,0.0610366971216275,0.0256314753813179));
#4626=CARTESIAN_POINT('',(-0.126564498300552,0.0418924179902526,0.0294442884445947));
#4627=CARTESIAN_POINT('',(-0.0765644983005524,0.0607276407878235,0.0245901437329402));
#4628=CARTESIAN_POINT('',(-0.126564498300552,0.0416133779874863,0.0287706262854719));
#4629=CARTESIAN_POINT('',(-0.0765644983005524,0.0600565367816611,0.0225246979814416));
#4630=CARTESIAN_POINT('',(-0.126564498300552,0.041055297981954,0.0274233019672263));
#4631=CARTESIAN_POINT('',(-0.0765644983005524,0.0596944892222659,0.021500584225986));
#4632=CARTESIAN_POINT('',(-0.126564498300552,0.0407762579791877,0.0267496398081034));
#4633=CARTESIAN_POINT('',(-0.0765644983005524,0.0593064222721402,0.0204864265202989));
#4634=CARTESIAN_POINT('',(-0.126564498300552,0.0404972179764215,0.0260759776489807));
#4635=CARTESIAN_POINT('',(-0.126564498300552,0.0413343379847201,0.0280969641263491));
#4636=CARTESIAN_POINT('',(-0.126564498300552,0.0421714579930188,0.0301179506037175));
#4637=CARTESIAN_POINT('',(-0.101564498300552,0.0517451546499705,0.0283989984170493));
#4638=CARTESIAN_POINT('',(-0.0765644983005524,0.0664482534786651,0.0276491867570952));
#4639=CARTESIAN_POINT('',(-0.126564498300552,0.0371147423505078,0.034241996179458));
#4640=CARTESIAN_POINT('',(-0.0765644983005524,0.0647384527547509,0.0273261399148572));
#4641=CARTESIAN_POINT('',(-0.126564498300552,0.0388003142313448,0.0328673143208778));
#4642=CARTESIAN_POINT('',(-0.0765644983005524,0.0630286520308365,0.0270030930726191));
#4643=CARTESIAN_POINT('',(-0.126564498300552,0.0404858861121818,0.0314926324622977));
#4644=CARTESIAN_POINT('',(-0.0765644983005524,0.0613188513069223,0.026680046230381));
#4645=CARTESIAN_POINT('',(-0.126564498300552,0.0421714579930188,0.0301179506037175));
#4646=CARTESIAN_POINT('',(-0.126564498300552,0.0396431001717633,0.0321799733915878));
#4647=CARTESIAN_POINT('',(-0.126564498300552,0.0371147423505078,0.034241996179458));
#4648=CARTESIAN_POINT('',(-0.101564498300552,0.0517814979145864,0.0309455914682766));
#4649=CARTESIAN_POINT('',(-0.0765644983005524,0.0715776556504079,0.0286183272838093));
#4650=CARTESIAN_POINT('',(-0.126564498300552,0.0375838728712196,0.036600474573194));
#4651=CARTESIAN_POINT('',(-0.0765644983005524,0.0698678549264936,0.0282952804415713));
#4652=CARTESIAN_POINT('',(-0.126564498300552,0.037452361268495,0.0358096401159312));
#4653=CARTESIAN_POINT('',(-0.0765644983005524,0.0681580542025794,0.0279722335993332));
#4654=CARTESIAN_POINT('',(-0.126564498300552,0.0372958807170006,0.0350229592596542));
#4655=CARTESIAN_POINT('',(-0.0765644983005524,0.0664482534786651,0.0276491867570952));
#4656=CARTESIAN_POINT('',(-0.126564498300552,0.0371147423505078,0.034241996179458));
#4657=CARTESIAN_POINT('',(-0.126564498300552,-4.63171168085808E-15,0.0428504745731949));
#4658=CARTESIAN_POINT('',(-0.126564498300552,0.0375838728712196,0.036600474573194));
#4659=CARTESIAN_POINT('',(-0.101564498300552,0.0545807642608138,0.0326094009285017));
#4660=CARTESIAN_POINT('',(-0.0765644983005524,0.0723093548932815,0.0355799805513872));
#4661=CARTESIAN_POINT('',(-0.126564498300552,0.0438338728712196,0.038475474573194));
#4662=CARTESIAN_POINT('',(-0.0765644983005524,0.072065455145657,0.0332594294621946));
#4663=CARTESIAN_POINT('',(-0.126564498300552,0.0417505395378863,0.037850474573194));
#4664=CARTESIAN_POINT('',(-0.0765644983005524,0.0718215553980325,0.030938878373002));
#4665=CARTESIAN_POINT('',(-0.126564498300552,0.0396672062045529,0.037225474573194));
#4666=CARTESIAN_POINT('',(-0.0765644983005524,0.0715776556504079,0.0286183272838093));
#4667=CARTESIAN_POINT('',(-0.126564498300552,0.0375838728712196,0.036600474573194));
#4668=CARTESIAN_POINT('',(-0.126564498300552,0.0407088728712196,0.037537974573194));
#4669=CARTESIAN_POINT('',(-0.126564498300552,0.0438338728712196,0.038475474573194));
#4670=CARTESIAN_POINT('',(-0.101564498300552,0.0580716138822506,0.0370277275622906));
#4671=CARTESIAN_POINT('',(-0.0765644983005524,0.0730410541361551,0.0425416338189652));
#4672=CARTESIAN_POINT('',(-0.126564498300552,0.0438338728712196,0.042850474573194));
#4673=CARTESIAN_POINT('',(-0.0765644983005524,0.0727971543885306,0.0402210827297726));
#4674=CARTESIAN_POINT('',(-0.126564498300552,0.0438338728712196,0.0413921412398607));
#4675=CARTESIAN_POINT('',(-0.0765644983005524,0.072553254640906,0.0379005316405799));
#4676=CARTESIAN_POINT('',(-0.126564498300552,0.0438338728712196,0.0399338079065273));
#4677=CARTESIAN_POINT('',(-0.0765644983005524,0.0723093548932815,0.0355799805513872));
#4678=CARTESIAN_POINT('',(-0.126564498300552,0.0438338728712196,0.038475474573194));
#4679=CARTESIAN_POINT('',(-0.126564498300552,0.0438338728712196,0.040662974573194));
#4680=CARTESIAN_POINT('',(-0.126564498300552,0.0438338728712196,0.042850474573194));
#4681=CARTESIAN_POINT('',(-0.101564498300552,0.0584374635036873,0.0426960541960796));
#4682=CARTESIAN_POINT('',(-0.0765644983005524,0.0634094205722753,0.0465704841377466));
#4683=CARTESIAN_POINT('',(-0.126564498300552,0.0438338728712196,0.047225474573194));
#4684=CARTESIAN_POINT('',(-0.0765644983005524,0.0666199650935686,0.0452275340314861));
#4685=CARTESIAN_POINT('',(-0.126564498300552,0.0438338728712196,0.0457671412398607));
#4686=CARTESIAN_POINT('',(-0.0765644983005524,0.0698305096148618,0.0438845839252257));
#4687=CARTESIAN_POINT('',(-0.126564498300552,0.0438338728712196,0.0443088079065273));
#4688=CARTESIAN_POINT('',(-0.0765644983005524,0.0730410541361551,0.0425416338189651));
#4689=CARTESIAN_POINT('',(-0.126564498300552,0.0438338728712196,0.042850474573194));
#4690=CARTESIAN_POINT('',(-0.126564498300552,0.0438338728712196,0.045037974573194));
#4691=CARTESIAN_POINT('',(-0.126564498300552,0.0438338728712196,0.047225474573194));
#4692=CARTESIAN_POINT('',(-0.101564498300552,0.0536216467217475,0.0468979793554703));
#4693=CARTESIAN_POINT('',(-0.0765644983005524,0.0627286938864616,0.0530471659202935));
#4694=CARTESIAN_POINT('',(-0.126564498300552,0.0375838728712196,0.049100474573194));
#4695=CARTESIAN_POINT('',(-0.0765644983005524,0.0628974253993059,0.0519744863379588));
#4696=CARTESIAN_POINT('',(-0.126564498300552,0.0386255395378862,0.048787974573194));
#4697=CARTESIAN_POINT('',(-0.0765644983005524,0.0630386361283933,0.050897478004951));
#4698=CARTESIAN_POINT('',(-0.126564498300552,0.0396672062045529,0.048475474573194));
#4699=CARTESIAN_POINT('',(-0.0765644983005524,0.0632656445833775,0.0487376368300411));
#4700=CARTESIAN_POINT('',(-0.126564498300552,0.0417505395378863,0.047850474573194));
#4701=CARTESIAN_POINT('',(-0.0765644983005524,0.0633514422710632,0.047654804351693));
#4702=CARTESIAN_POINT('',(-0.126564498300552,0.0427922062045529,0.047537974573194));
#4703=CARTESIAN_POINT('',(-0.0765644983005524,0.0634094205722753,0.0465704841377466));
#4704=CARTESIAN_POINT('',(-0.126564498300552,0.0438338728712196,0.047225474573194));
#4705=CARTESIAN_POINT('',(-0.126564498300552,0.0407088728712196,0.048162974573194));
#4706=CARTESIAN_POINT('',(-0.126564498300552,0.0375838728712196,0.049100474573194));
#4707=CARTESIAN_POINT('',(-0.101564498300552,0.0501562833788406,0.0510738202467437));
#4708=CARTESIAN_POINT('',(-0.0765644983005524,0.0713122080662883,0.0589905054129284));
#4709=CARTESIAN_POINT('',(-0.126564498300552,0.0371147423505078,0.05145895296693));
#4710=CARTESIAN_POINT('',(-0.0765644983005524,0.0684510366730127,0.0570093922487167));
#4711=CARTESIAN_POINT('',(-0.126564498300552,0.0372958807170007,0.0506779898867336));
#4712=CARTESIAN_POINT('',(-0.0765644983005524,0.0655898652797372,0.0550282790845051));
#4713=CARTESIAN_POINT('',(-0.126564498300552,0.037452361268495,0.0498913090304568));
#4714=CARTESIAN_POINT('',(-0.0765644983005524,0.0627286938864616,0.0530471659202935));
#4715=CARTESIAN_POINT('',(-0.126564498300552,0.0375838728712196,0.049100474573194));
#4716=CARTESIAN_POINT('',(-0.126564498300552,-6.06459327201492E-15,0.0428504745731927));
#4717=CARTESIAN_POINT('',(-0.126564498300552,0.0371147423505078,0.05145895296693));
#4718=CARTESIAN_POINT('',(-0.101564498300552,0.054213475208398,0.0552247291899292));
#4719=CARTESIAN_POINT('',(-0.0765644983005524,0.0691490891056636,0.0656479010269945));
#4720=CARTESIAN_POINT('',(-0.126564498300552,0.0421714579930188,0.0555829985426704));
#4721=CARTESIAN_POINT('',(-0.0765644983005524,0.0698701287592052,0.0634287691556391));
#4722=CARTESIAN_POINT('',(-0.126564498300552,0.0404858861121818,0.0542083166840903));
#4723=CARTESIAN_POINT('',(-0.0765644983005524,0.0705911684127467,0.0612096372842837));
#4724=CARTESIAN_POINT('',(-0.126564498300552,0.0388003142313448,0.0528336348255101));
#4725=CARTESIAN_POINT('',(-0.0765644983005524,0.0713122080662883,0.0589905054129284));
#4726=CARTESIAN_POINT('',(-0.126564498300552,0.0371147423505078,0.05145895296693));
#4727=CARTESIAN_POINT('',(-0.126564498300552,0.0396431001717633,0.0535209757548002));
#4728=CARTESIAN_POINT('',(-0.126564498300552,0.0421714579930188,0.0555829985426704));
#4729=CARTESIAN_POINT('',(-0.101564498300552,0.0556602735493412,0.0606154497848324));
#4730=CARTESIAN_POINT('',(-0.0765644983005524,0.066985970145039,0.0723052966410605));
#4731=CARTESIAN_POINT('',(-0.126564498300552,0.0404972179764215,0.0596249714974073));
#4732=CARTESIAN_POINT('',(-0.0765644983005524,0.0677070097985806,0.0700861647697052));
#4733=CARTESIAN_POINT('',(-0.126564498300552,0.041055297981954,0.0582776471791617));
#4734=CARTESIAN_POINT('',(-0.0765644983005524,0.0684280494521221,0.0678670328983498));
#4735=CARTESIAN_POINT('',(-0.126564498300552,0.0416133779874864,0.056930322860916));
#4736=CARTESIAN_POINT('',(-0.0765644983005524,0.0691490891056636,0.0656479010269945));
#4737=CARTESIAN_POINT('',(-0.126564498300552,0.0421714579930188,0.0555829985426704));
#4738=CARTESIAN_POINT('',(-0.126564498300552,0.0413343379847201,0.0576039850200389));
#4739=CARTESIAN_POINT('',(-0.126564498300552,0.0404972179764215,0.0596249714974073));
#4740=CARTESIAN_POINT('',(-0.101564498300552,0.0537415940607303,0.0659651340692339));
#4741=CARTESIAN_POINT('',(-0.0765644983005524,0.0617671620720008,0.0721867964436285));
#4742=CARTESIAN_POINT('',(-0.126564498300552,0.0388229779598242,0.0636669444521442));
#4743=CARTESIAN_POINT('',(-0.0765644983005524,0.0635067647630136,0.0722262965094392));
#4744=CARTESIAN_POINT('',(-0.126564498300552,0.0393810579653567,0.0623196201338986));
#4745=CARTESIAN_POINT('',(-0.0765644983005524,0.0652463674540262,0.0722657965752499));
#4746=CARTESIAN_POINT('',(-0.126564498300552,0.0399391379708891,0.0609722958156529));
#4747=CARTESIAN_POINT('',(-0.0765644983005524,0.066985970145039,0.0723052966410605));
#4748=CARTESIAN_POINT('',(-0.126564498300552,0.0404972179764215,0.0596249714974073));
#4749=CARTESIAN_POINT('',(-0.126564498300552,0.0396600979681229,0.0616459579747758));
#4750=CARTESIAN_POINT('',(-0.126564498300552,0.0388229779598242,0.0636669444521442));
#4751=CARTESIAN_POINT('',(-0.101564498300552,0.0502950700159125,0.0679268704478864));
#4752=CARTESIAN_POINT('',(-0.0765644983005524,0.0565483539989626,0.0720682962461965));
#4753=CARTESIAN_POINT('',(-0.126564498300552,0.0323311994459442,0.063007447123321));
#4754=CARTESIAN_POINT('',(-0.0765644983005524,0.0582879566899753,0.0721077963120072));
#4755=CARTESIAN_POINT('',(-0.126564498300552,0.0344951256172375,0.0632272795662621));
#4756=CARTESIAN_POINT('',(-0.0765644983005524,0.0600275593809881,0.0721472963778179));
#4757=CARTESIAN_POINT('',(-0.126564498300552,0.0366590517885309,0.0634471120092031));
#4758=CARTESIAN_POINT('',(-0.0765644983005524,0.0617671620720008,0.0721867964436285));
#4759=CARTESIAN_POINT('',(-0.126564498300552,0.0388229779598242,0.0636669444521442));
#4760=CARTESIAN_POINT('',(-0.126564498300552,0.0355770887028842,0.0633371957877326));
#4761=CARTESIAN_POINT('',(-0.126564498300552,0.0323311994459442,0.063007447123321));
#4762=CARTESIAN_POINT('',(-0.101564498300552,0.0444397767224534,0.0675378716847588));
#4763=CARTESIAN_POINT('',(-0.0765644983005524,0.0532921754207381,0.0777081629821988));
#4764=CARTESIAN_POINT('',(-0.126564498300552,0.0309952287529084,0.0650068685612706));
#4765=CARTESIAN_POINT('',(-0.0765644983005524,0.0538826174202729,0.0767968507113664));
#4766=CARTESIAN_POINT('',(-0.126564498300552,0.0312283344723729,0.0646807701400969));
#4767=CARTESIAN_POINT('',(-0.0765644983005524,0.0544496785943333,0.0758703902188192));
#4768=CARTESIAN_POINT('',(-0.126564498300552,0.0314562934726672,0.0643509926928984));
#4769=CARTESIAN_POINT('',(-0.0765644983005524,0.0555355476862904,0.0739896097811809));
#4770=CARTESIAN_POINT('',(-0.126564498300552,0.0319016909847867,0.0636844082095833));
#4771=CARTESIAN_POINT('',(-0.0765644983005524,0.0560543554214087,0.0730352901526711));
#4772=CARTESIAN_POINT('',(-0.126564498300552,0.0321191294858662,0.0633476011895492));
#4773=CARTESIAN_POINT('',(-0.0765644983005524,0.0565483539989626,0.0720682962461965));
#4774=CARTESIAN_POINT('',(-0.126564498300552,0.0323311994459442,0.063007447123321));
#4775=CARTESIAN_POINT('',(-0.126564498300552,-1.03597685985335E-14,0.0428504745731873));
#4776=CARTESIAN_POINT('',(-0.126564498300552,0.0309952287529084,0.0650068685612706));
#4777=CARTESIAN_POINT('',(-0.101564498300552,0.0421437020868232,0.0713575157717347));
#4778=CARTESIAN_POINT('',(-0.0765644983005524,0.0587162318564355,0.0866289035222195));
#4779=CARTESIAN_POINT('',(-0.126564498300552,0.0340888209205995,0.0707521111584113));
#4780=CARTESIAN_POINT('',(-0.0765644983005524,0.0569082130445364,0.0836553233422126));
#4781=CARTESIAN_POINT('',(-0.126564498300552,0.0330576235313692,0.0688370302926978));
#4782=CARTESIAN_POINT('',(-0.0765644983005524,0.0551001942326372,0.0806817431622056));
#4783=CARTESIAN_POINT('',(-0.126564498300552,0.0320264261421387,0.0669219494269841));
#4784=CARTESIAN_POINT('',(-0.0765644983005524,0.0532921754207381,0.0777081629821988));
#4785=CARTESIAN_POINT('',(-0.126564498300552,0.0309952287529084,0.0650068685612706));
#4786=CARTESIAN_POINT('',(-0.126564498300552,0.032542024836754,0.0678794898598409));
#4787=CARTESIAN_POINT('',(-0.126564498300552,0.0340888209205995,0.0707521111584113));
#4788=CARTESIAN_POINT('',(-0.101564498300552,0.0464025263885175,0.0786905073403154));
#4789=CARTESIAN_POINT('',(-0.0765644983005524,0.0493484033674115,0.0970329310789031));
#4790=CARTESIAN_POINT('',(-0.126564498300552,0.0279016365852173,0.0769392954937936));
#4791=CARTESIAN_POINT('',(-0.0765644983005524,0.0509097081155821,0.0952989264861225));
#4792=CARTESIAN_POINT('',(-0.126564498300552,0.0289328339744476,0.0759080981045632));
#4793=CARTESIAN_POINT('',(-0.0765644983005524,0.0524710128637528,0.0935649218933419));
#4794=CARTESIAN_POINT('',(-0.126564498300552,0.029964031363678,0.0748769007153328));
#4795=CARTESIAN_POINT('',(-0.0765644983005524,0.0555936223600941,0.0900969127077807));
#4796=CARTESIAN_POINT('',(-0.126564498300552,0.0320264261421388,0.072814505936872));
#4797=CARTESIAN_POINT('',(-0.0765644983005524,0.0571549271082648,0.0883629081150001));
#4798=CARTESIAN_POINT('',(-0.126564498300552,0.0330576235313692,0.0717833085476417));
#4799=CARTESIAN_POINT('',(-0.0765644983005524,0.0587162318564355,0.0866289035222195));
#4800=CARTESIAN_POINT('',(-0.126564498300552,0.0340888209205995,0.0707521111584113));
#4801=CARTESIAN_POINT('',(-0.126564498300552,0.0294484326690629,0.075392499409948));
#4802=CARTESIAN_POINT('',(-0.126564498300552,0.0279016365852173,0.0769392954937936));
#4803=CARTESIAN_POINT('',(-0.101564498300552,0.0386250199763144,0.0869861132863483));
#4804=CARTESIAN_POINT('',(-0.0765644983005524,0.0399095632935609,0.0925710594917467));
#4805=CARTESIAN_POINT('',(-0.126564498300552,0.0221563939880766,0.0738457033261025));
#4806=CARTESIAN_POINT('',(-0.0765644983005524,0.0430558433181778,0.0940583500207988));
#4807=CARTESIAN_POINT('',(-0.126564498300552,0.0240714748537902,0.0748769007153329));
#4808=CARTESIAN_POINT('',(-0.0765644983005524,0.0462021233427946,0.0955456405498509));
#4809=CARTESIAN_POINT('',(-0.126564498300552,0.0259865557195036,0.0759080981045632));
#4810=CARTESIAN_POINT('',(-0.0765644983005524,0.0493484033674115,0.0970329310789031));
#4811=CARTESIAN_POINT('',(-0.126564498300552,0.0279016365852173,0.0769392954937936));
#4812=CARTESIAN_POINT('',(-0.126564498300552,0.0250290152866469,0.075392499409948));
#4813=CARTESIAN_POINT('',(-0.126564498300552,0.0221563939880766,0.0738457033261024));
#4814=CARTESIAN_POINT('',(-0.101564498300552,0.0310329786408188,0.0832083814089245));
#4815=CARTESIAN_POINT('',(-0.0765644983005524,0.0346409556805544,0.0963989269859688));
#4816=CARTESIAN_POINT('',(-0.126564498300552,0.020156972550127,0.0751816740191382));
#4817=CARTESIAN_POINT('',(-0.0765644983005524,0.0355510153810629,0.0958065561972776));
#4818=CARTESIAN_POINT('',(-0.126564498300552,0.0204971266163551,0.0749696040590603));
#4819=CARTESIAN_POINT('',(-0.0765644983005524,0.0364458769715123,0.0951908369809818));
#4820=CARTESIAN_POINT('',(-0.126564498300552,0.0208339336363892,0.0747521655579808));
#4821=CARTESIAN_POINT('',(-0.0765644983005524,0.0382028500696318,0.0939143213046366));
#4822=CARTESIAN_POINT('',(-0.126564498300552,0.0215005181197043,0.0743067680458612));
#4823=CARTESIAN_POINT('',(-0.0765644983005524,0.0390649612815603,0.0932535250594561));
#4824=CARTESIAN_POINT('',(-0.126564498300552,0.0218302955669029,0.0740788090455669));
#4825=CARTESIAN_POINT('',(-0.0765644983005524,0.0399095632935609,0.0925710594917466));
#4826=CARTESIAN_POINT('',(-0.126564498300552,0.0221563939880766,0.0738457033261024));
#4827=CARTESIAN_POINT('',(-0.126564498300552,-9.06046071502686E-15,0.0428504745731811));
#4828=CARTESIAN_POINT('',(-0.126564498300552,0.020156972550127,0.0751816740191382));
#4829=CARTESIAN_POINT('',(-0.101564498300552,0.0273989641153407,0.0857903005025535));
#4830=CARTESIAN_POINT('',(-0.0765644983005524,0.0359676857383846,0.106754591491622));
#4831=CARTESIAN_POINT('',(-0.126564498300552,0.0208164698789501,0.0816734525330183));
#4832=CARTESIAN_POINT('',(-0.0765644983005524,0.0355254423857745,0.103302703323071));
#4833=CARTESIAN_POINT('',(-0.126564498300552,0.0205966374360091,0.0795095263617251));
#4834=CARTESIAN_POINT('',(-0.0765644983005524,0.0350831990331644,0.0998508151545198));
#4835=CARTESIAN_POINT('',(-0.126564498300552,0.020376804993068,0.0773456001904315));
#4836=CARTESIAN_POINT('',(-0.0765644983005524,0.0346409556805544,0.0963989269859688));
#4837=CARTESIAN_POINT('',(-0.126564498300552,0.020156972550127,0.0751816740191382));
#4838=CARTESIAN_POINT('',(-0.126564498300552,0.0204867212145386,0.0784275632760783));
#4839=CARTESIAN_POINT('',(-0.126564498300552,0.0208164698789501,0.0816734525330183));
#4840=CARTESIAN_POINT('',(-0.101564498300552,0.0283920778086674,0.0942140220123202));
#4841=CARTESIAN_POINT('',(-0.0765644983005524,0.0231780493313881,0.112448904494683));
#4842=CARTESIAN_POINT('',(-0.126564498300552,0.0167744969242133,0.0833476925496156));
#4843=CARTESIAN_POINT('',(-0.0765644983005524,0.0274412614670536,0.11055080016033));
#4844=CARTESIAN_POINT('',(-0.126564498300552,0.0181218212424589,0.0827896125440831));
#4845=CARTESIAN_POINT('',(-0.0765644983005524,0.0317044736027191,0.108652695825976));
#4846=CARTESIAN_POINT('',(-0.126564498300552,0.0194691455607046,0.0822315325385507));
#4847=CARTESIAN_POINT('',(-0.0765644983005524,0.0359676857383846,0.106754591491622));
#4848=CARTESIAN_POINT('',(-0.126564498300552,0.0208164698789501,0.0816734525330183));
#4849=CARTESIAN_POINT('',(-0.126564498300552,0.0187954834015817,0.0825105725413169));
#4850=CARTESIAN_POINT('',(-0.126564498300552,0.0167744969242133,0.0833476925496156));
#4851=CARTESIAN_POINT('',(-0.101564498300552,0.0199762731278007,0.0978982985221495));
#4852=CARTESIAN_POINT('',(-0.0765644983005524,0.0197740479295452,0.108491282171084));
#4853=CARTESIAN_POINT('',(-0.126564498300552,0.0127325239694764,0.0850219325662128));
#4854=CARTESIAN_POINT('',(-0.0765644983005524,0.0209087150634928,0.109810489612284));
#4855=CARTESIAN_POINT('',(-0.126564498300552,0.014079848287722,0.0844638525606804));
#4856=CARTESIAN_POINT('',(-0.0765644983005524,0.0220433821974406,0.111129697053484));
#4857=CARTESIAN_POINT('',(-0.126564498300552,0.0154271726059677,0.083905772555148));
#4858=CARTESIAN_POINT('',(-0.0765644983005524,0.0231780493313881,0.112448904494683));
#4859=CARTESIAN_POINT('',(-0.126564498300552,0.0167744969242133,0.0833476925496156));
#4860=CARTESIAN_POINT('',(-0.126564498300552,0.0147535104468448,0.0841848125579142));
#4861=CARTESIAN_POINT('',(-0.126564498300552,0.0127325239694764,0.0850219325662128));
#4862=CARTESIAN_POINT('',(-0.101564498300552,0.0162532859495108,0.0967566073686485));
#4863=CARTESIAN_POINT('',(-0.0765644983005524,0.0163700465277023,0.104533659847485));
#4864=CARTESIAN_POINT('',(-0.126564498300552,0.00860847839373593,0.0799652169237018));
#4865=CARTESIAN_POINT('',(-0.0765644983005524,0.0175047136616501,0.105852867288685));
#4866=CARTESIAN_POINT('',(-0.126564498300552,0.00998316025231606,0.0816507888045388));
#4867=CARTESIAN_POINT('',(-0.0765644983005524,0.0186393807955974,0.107172074729884));
#4868=CARTESIAN_POINT('',(-0.126564498300552,0.0113578421108963,0.0833363606853759));
#4869=CARTESIAN_POINT('',(-0.0765644983005524,0.0197740479295452,0.108491282171084));
#4870=CARTESIAN_POINT('',(-0.126564498300552,0.0127325239694764,0.0850219325662128));
#4871=CARTESIAN_POINT('',(-0.126564498300552,0.0106705011816062,0.0824935747449573));
#4872=CARTESIAN_POINT('',(-0.126564498300552,0.00860847839373593,0.0799652169237018));
#4873=CARTESIAN_POINT('',(-0.101564498300552,0.0124892624607191,0.0922494383855933));
#4874=CARTESIAN_POINT('',(-0.0765644983005524,0.01,0.105887655035091));
#4875=CARTESIAN_POINT('',(-0.126564498300552,0.00625,0.0804343474444136));
#4876=CARTESIAN_POINT('',(-0.0765644983005524,0.0110723198116316,0.105716652019426));
#4877=CARTESIAN_POINT('',(-0.126564498300552,0.00664541703991278,0.0803685916744342));
#4878=CARTESIAN_POINT('',(-0.0765644983005524,0.0121402521199189,0.105518137525512));
#4879=CARTESIAN_POINT('',(-0.126564498300552,0.00703979626404983,0.0802965951601783));
#4880=CARTESIAN_POINT('',(-0.0765644983005524,0.0142645326139365,0.105066607767681));
#4881=CARTESIAN_POINT('',(-0.126564498300552,0.00782608627357906,0.0801401923529359));
#4882=CARTESIAN_POINT('',(-0.0765644983005524,0.0153208804420985,0.104813592579767));
#4883=CARTESIAN_POINT('',(-0.126564498300552,0.00821799704000075,0.0800557860637228));
#4884=CARTESIAN_POINT('',(-0.0765644983005524,0.0163700465277023,0.104533659847485));
#4885=CARTESIAN_POINT('',(-0.126564498300552,0.00860847839373593,0.0799652169237018));
#4886=CARTESIAN_POINT('',(-0.126564498300552,-1.53609763797747E-15,0.0428504745731845));
#4887=CARTESIAN_POINT('',(-0.126564498300552,0.00625,0.0804343474444136));
#4888=CARTESIAN_POINT('',(-0.0765644983005524,0.01,0.105887655035091));
#4889=CARTESIAN_POINT('',(-0.0118065364269633,0.0518467610881923,0.0155540283264577));
#4890=CARTESIAN_POINT('',(-0.126564498300552,0.0053125,0.0835593474444136));
#4891=CARTESIAN_POINT('',(-0.126564498300552,0.004375,0.0866843474444136));
#4892=CARTESIAN_POINT('',(-0.0765644983005524,0.007,0.115887655035091));
#4893=CARTESIAN_POINT('',(-0.0699443944062287,-2.38846816908397E-17,0.119754233641255));
#4894=CARTESIAN_POINT('',(-0.126564498300552,0.00218749999999996,0.0866843474444136));
#4895=CARTESIAN_POINT('',(-0.126564498300552,-3.70797142990042E-17,0.0866843474444136));
#4896=CARTESIAN_POINT('',(-0.101564498300552,-0.0035,0.101286001239752));
#4897=CARTESIAN_POINT('',(-0.0765644983005524,-0.01,0.105887655035091));
#4898=CARTESIAN_POINT('',(-0.126564498300552,-0.00437500000000005,0.0866843474444136));
#4899=CARTESIAN_POINT('',(-0.0765644983005524,-0.009,0.109220988368424));
#4900=CARTESIAN_POINT('',(-0.126564498300552,-0.00291666666666671,0.0866843474444136));
#4901=CARTESIAN_POINT('',(-0.0765644983005524,-0.008,0.112554321701758));
#4902=CARTESIAN_POINT('',(-0.126564498300552,-0.00145833333333338,0.0866843474444136));
#4903=CARTESIAN_POINT('',(-0.0765644983005524,-0.007,0.115887655035091));
#4904=CARTESIAN_POINT('',(-0.126564498300552,-3.68628738645072E-17,0.0866843474444136));
#4905=CARTESIAN_POINT('',(-0.126564498300552,-0.00218750000000005,0.0866843474444136));
#4906=CARTESIAN_POINT('',(-0.126564498300552,-0.00920988991856579,0.0160191506147385));
#4907=MECHANICAL_DESIGN_GEOMETRIC_PRESENTATION_REPRESENTATION('',(#2778),
#4908);
#4908=(
GEOMETRIC_REPRESENTATION_CONTEXT(3)
GLOBAL_UNCERTAINTY_ASSIGNED_CONTEXT((#4909))
GLOBAL_UNIT_ASSIGNED_CONTEXT((#4912,#4911,#4910))
REPRESENTATION_CONTEXT('Part 1','TOP_LEVEL_ASSEMBLY_PART')
);
#4909=UNCERTAINTY_MEASURE_WITH_UNIT(LENGTH_MEASURE(2.E-5),#4912,
'DISTANCE_ACCURACY_VALUE','Maximum Tolerance applied to model');
#4910=(
NAMED_UNIT(*)
SI_UNIT($,.STERADIAN.)
SOLID_ANGLE_UNIT()
);
#4911=(
NAMED_UNIT(*)
PLANE_ANGLE_UNIT()
SI_UNIT($,.RADIAN.)
);
#4912=(
LENGTH_UNIT()
NAMED_UNIT(*)
SI_UNIT($,.METRE.)
);
#4913=PRODUCT_DEFINITION_SHAPE('','',#4914);
#4914=PRODUCT_DEFINITION('','',#4916,#4915);
#4915=PRODUCT_DEFINITION_CONTEXT('',#4922,'design');
#4916=PRODUCT_DEFINITION_FORMATION_WITH_SPECIFIED_SOURCE('','',#4918,
 .NOT_KNOWN.);
#4917=PRODUCT_RELATED_PRODUCT_CATEGORY('','',(#4918));
#4918=PRODUCT('Part 1','Part 1','Part 1',(#4920));
#4919=PRODUCT_CATEGORY('','');
#4920=PRODUCT_CONTEXT('',#4922,'mechanical');
#4921=APPLICATION_PROTOCOL_DEFINITION('international standard',
'ap242_managed_model_based_3d_engineering',2020,#4922);
#4922=APPLICATION_CONTEXT('managed model based 3d engineering');
ENDSEC;
END-ISO-10303-21;
