ISO-10303-21;
HEADER;
/* Generated by software containing ST-Developer
 * from STEP Tools, Inc. (www.steptools.com) 
 */
/* OPTION: using custom renumber hook */

FILE_DESCRIPTION(
/* description */ ('STEP AP242 Edition 2',
'CAx-IF Rec.Pracs.---Representation and Presentation of Product Manufa
cturing Information (PMI)---4.0---2014-10-13',
'CAx-IF Rec.Pracs.---3D Tessellated Geometry---0.4---2014-09-14','2;1',
'CAx-IF Rec.Pracs.---User Defined Attributes---1.5---2016-08-15'),
/* implementation_level */ '2;1');

FILE_NAME(
/* name */ 'Part Studio 1',
/* time_stamp */ '2026-09-01T22:44:59Z',
/* author */ (''),
/* organization */ (''),
/* preprocessor_version */ 'ST-DEVELOPER v20',
/* originating_system */ 'ONSHAPE BY PTC INC, 1.220',
/* authorisation */ '  ');

FILE_SCHEMA (('AP242_MANAGED_MODEL_BASED_3D_ENGINEERING_MIM_LF { 1 0 10303 442 3 1 4 }'));
ENDSEC;

DATA;
#10=SHAPE_REPRESENTATION_RELATIONSHIP('','',#1171,#11);
#11=ADVANCED_BREP_SHAPE_REPRESENTATION('',(#1169),#4055);
#12=CYLINDRICAL_SURFACE('',#1275,0.006985);
#13=CONICAL_SURFACE('',#1177,0.0381,0.651136976927656);
#14=CONICAL_SURFACE('',#1184,0.0381,0.651136976927656);
#15=CONICAL_SURFACE('',#1191,0.0381,0.651136976927656);
#16=CONICAL_SURFACE('',#1198,0.0381000000000025,0.651136976927656);
#17=CONICAL_SURFACE('',#1205,0.0381,0.651136976927656);
#18=CONICAL_SURFACE('',#1212,0.0381,0.651136976927656);
#19=CONICAL_SURFACE('',#1219,0.0381,0.651136976927656);
#20=CONICAL_SURFACE('',#1226,0.0381,0.651136976927656);
#21=CONICAL_SURFACE('',#1233,0.0381,0.651136976927656);
#22=CONICAL_SURFACE('',#1240,0.0381000000000005,0.651136976927656);
#23=CONICAL_SURFACE('',#1247,0.0381000000000027,0.651136976927656);
#24=CONICAL_SURFACE('',#1254,0.0381000000000006,0.651136976927656);
#25=CONICAL_SURFACE('',#1261,0.0381,0.651136976927656);
#26=CONICAL_SURFACE('',#1268,0.0381,0.651136976927656);
#27=CIRCLE('',#1174,0.0024);
#28=CIRCLE('',#1175,0.003);
#29=CIRCLE('',#1178,0.03048);
#30=CIRCLE('',#1179,0.0381);
#31=CIRCLE('',#1181,0.0024);
#32=CIRCLE('',#1182,0.003);
#33=CIRCLE('',#1185,0.03048);
#34=CIRCLE('',#1186,0.0381);
#35=CIRCLE('',#1188,0.0024);
#36=CIRCLE('',#1189,0.003);
#37=CIRCLE('',#1192,0.03048);
#38=CIRCLE('',#1193,0.0381);
#39=CIRCLE('',#1195,0.0024);
#40=CIRCLE('',#1196,0.003);
#41=CIRCLE('',#1199,0.03048);
#42=CIRCLE('',#1200,0.0381000000000025);
#43=CIRCLE('',#1202,0.0024);
#44=CIRCLE('',#1203,0.003);
#45=CIRCLE('',#1206,0.0304800000000006);
#46=CIRCLE('',#1207,0.0381);
#47=CIRCLE('',#1209,0.0024);
#48=CIRCLE('',#1210,0.003);
#49=CIRCLE('',#1213,0.0304799999999995);
#50=CIRCLE('',#1214,0.0381);
#51=CIRCLE('',#1216,0.0024);
#52=CIRCLE('',#1217,0.003);
#53=CIRCLE('',#1220,0.03048);
#54=CIRCLE('',#1221,0.0381);
#55=CIRCLE('',#1223,0.0024);
#56=CIRCLE('',#1224,0.003);
#57=CIRCLE('',#1227,0.03048);
#58=CIRCLE('',#1228,0.0381);
#59=CIRCLE('',#1230,0.0024);
#60=CIRCLE('',#1231,0.003);
#61=CIRCLE('',#1234,0.03048);
#62=CIRCLE('',#1235,0.0381);
#63=CIRCLE('',#1237,0.0024);
#64=CIRCLE('',#1238,0.003);
#65=CIRCLE('',#1241,0.0304800000000009);
#66=CIRCLE('',#1242,0.0381000000000005);
#67=CIRCLE('',#1244,0.0024);
#68=CIRCLE('',#1245,0.003);
#69=CIRCLE('',#1248,0.0304799999999995);
#70=CIRCLE('',#1249,0.0381000000000027);
#71=CIRCLE('',#1251,0.0024);
#72=CIRCLE('',#1252,0.003);
#73=CIRCLE('',#1255,0.0304800000000009);
#74=CIRCLE('',#1256,0.0381000000000006);
#75=CIRCLE('',#1258,0.0024);
#76=CIRCLE('',#1259,0.003);
#77=CIRCLE('',#1262,0.03048);
#78=CIRCLE('',#1263,0.0381);
#79=CIRCLE('',#1265,0.0024);
#80=CIRCLE('',#1266,0.003);
#81=CIRCLE('',#1269,0.03048);
#82=CIRCLE('',#1270,0.0381);
#83=CIRCLE('',#1272,0.006985);
#84=CIRCLE('',#1274,0.006985);
#85=B_SPLINE_SURFACE_WITH_KNOTS('',3,1,((#1606,#1607,#1608,#1609),(#1610,
#1611,#1612,#1613),(#1614,#1615,#1616,#1617),(#1618,#1619,#1620,#1621),
(#1622,#1623,#1624,#1625),(#1626,#1627,#1628,#1629),(#1630,#1631,#1632,
#1633),(#1634,#1635,#1636,#1637),(#1638,#1639,#1640,#1641),(#1642,#1643,
#1644,#1645),(#1646,#1647,#1648,#1649),(#1650,#1651,#1652,#1653),(#1654,
#1655,#1656,#1657),(#1658,#1659,#1660,#1661),(#1662,#1663,#1664,#1665),
(#1666,#1667,#1668,#1669),(#1670,#1671,#1672,#1673),(#1674,#1675,#1676,
#1677),(#1678,#1679,#1680,#1681),(#1682,#1683,#1684,#1685),(#1686,#1687,
#1688,#1689),(#1690,#1691,#1692,#1693),(#1694,#1695,#1696,#1697),(#1698,
#1699,#1700,#1701),(#1702,#1703,#1704,#1705),(#1706,#1707,#1708,#1709),
(#1710,#1711,#1712,#1713),(#1714,#1715,#1716,#1717),(#1718,#1719,#1720,
#1721),(#1722,#1723,#1724,#1725),(#1726,#1727,#1728,#1729),(#1730,#1731,
#1732,#1733),(#1734,#1735,#1736,#1737),(#1738,#1739,#1740,#1741),(#1742,
#1743,#1744,#1745),(#1746,#1747,#1748,#1749),(#1750,#1751,#1752,#1753),
(#1754,#1755,#1756,#1757)),.RULED_SURF.,.F.,.F.,.F.,(4,2,2,2,2,2,2,2,2,
2,2,2,2,2,2,2,2,2,4),(2,1,1,2),(0.313159656520639,0.344299713767199,0.363762249546299,
0.383224785325399,0.4026873211045,0.4221498568836,0.4416123926627,0.4610749284418,
0.4805374642209,0.5,0.5194625357791,0.5389250715582,0.5583876073373,0.577850143116401,
0.597312678895501,0.616775214674601,0.636237750453701,0.655700286232801,
0.686840343479362),(-0.01,0.,1.,1.01),.UNSPECIFIED.);
#86=B_SPLINE_SURFACE_WITH_KNOTS('',3,1,((#1781,#1782,#1783,#1784),(#1785,
#1786,#1787,#1788),(#1789,#1790,#1791,#1792),(#1793,#1794,#1795,#1796),
(#1797,#1798,#1799,#1800),(#1801,#1802,#1803,#1804),(#1805,#1806,#1807,
#1808),(#1809,#1810,#1811,#1812),(#1813,#1814,#1815,#1816),(#1817,#1818,
#1819,#1820),(#1821,#1822,#1823,#1824),(#1825,#1826,#1827,#1828),(#1829,
#1830,#1831,#1832),(#1833,#1834,#1835,#1836),(#1837,#1838,#1839,#1840),
(#1841,#1842,#1843,#1844),(#1845,#1846,#1847,#1848),(#1849,#1850,#1851,
#1852),(#1853,#1854,#1855,#1856),(#1857,#1858,#1859,#1860),(#1861,#1862,
#1863,#1864),(#1865,#1866,#1867,#1868),(#1869,#1870,#1871,#1872),(#1873,
#1874,#1875,#1876),(#1877,#1878,#1879,#1880),(#1881,#1882,#1883,#1884),
(#1885,#1886,#1887,#1888),(#1889,#1890,#1891,#1892),(#1893,#1894,#1895,
#1896),(#1897,#1898,#1899,#1900),(#1901,#1902,#1903,#1904),(#1905,#1906,
#1907,#1908),(#1909,#1910,#1911,#1912),(#1913,#1914,#1915,#1916),(#1917,
#1918,#1919,#1920),(#1921,#1922,#1923,#1924),(#1925,#1926,#1927,#1928),
(#1929,#1930,#1931,#1932)),.RULED_SURF.,.F.,.F.,.F.,(4,2,2,2,2,2,2,2,2,
2,2,2,2,2,2,2,2,2,4),(2,1,1,2),(0.313159656520639,0.344299713767199,0.363762249546299,
0.383224785325399,0.4026873211045,0.4221498568836,0.4416123926627,0.461074928441799,
0.4805374642209,0.5,0.5194625357791,0.5389250715582,0.5583876073373,0.5778501431164,
0.5973126788955,0.6167752146746,0.6362377504537,0.6557002862328,0.68684034347936),
(-0.01,0.,1.,1.01),.UNSPECIFIED.);
#87=B_SPLINE_SURFACE_WITH_KNOTS('',3,1,((#1956,#1957,#1958,#1959),(#1960,
#1961,#1962,#1963),(#1964,#1965,#1966,#1967),(#1968,#1969,#1970,#1971),
(#1972,#1973,#1974,#1975),(#1976,#1977,#1978,#1979),(#1980,#1981,#1982,
#1983),(#1984,#1985,#1986,#1987),(#1988,#1989,#1990,#1991),(#1992,#1993,
#1994,#1995),(#1996,#1997,#1998,#1999),(#2000,#2001,#2002,#2003),(#2004,
#2005,#2006,#2007),(#2008,#2009,#2010,#2011),(#2012,#2013,#2014,#2015),
(#2016,#2017,#2018,#2019),(#2020,#2021,#2022,#2023),(#2024,#2025,#2026,
#2027),(#2028,#2029,#2030,#2031),(#2032,#2033,#2034,#2035),(#2036,#2037,
#2038,#2039),(#2040,#2041,#2042,#2043),(#2044,#2045,#2046,#2047),(#2048,
#2049,#2050,#2051),(#2052,#2053,#2054,#2055),(#2056,#2057,#2058,#2059),
(#2060,#2061,#2062,#2063),(#2064,#2065,#2066,#2067),(#2068,#2069,#2070,
#2071),(#2072,#2073,#2074,#2075),(#2076,#2077,#2078,#2079),(#2080,#2081,
#2082,#2083),(#2084,#2085,#2086,#2087),(#2088,#2089,#2090,#2091),(#2092,
#2093,#2094,#2095),(#2096,#2097,#2098,#2099),(#2100,#2101,#2102,#2103),
(#2104,#2105,#2106,#2107)),.RULED_SURF.,.F.,.F.,.F.,(4,2,2,2,2,2,2,2,2,
2,2,2,2,2,2,2,2,2,4),(2,1,1,2),(0.313159656520637,0.3442997137672,0.3637622495463,
0.3832247853254,0.402687321104501,0.422149856883601,0.441612392662701,0.461074928441801,
0.480537464220902,0.5,0.519462535779102,0.538925071558202,0.558387607337303,
0.577850143116403,0.597312678895503,0.616775214674603,0.636237750453704,
0.655700286232804,0.686840343479364),(-0.01,0.,1.,1.01),.UNSPECIFIED.);
#88=B_SPLINE_SURFACE_WITH_KNOTS('',3,1,((#2131,#2132,#2133,#2134),(#2135,
#2136,#2137,#2138),(#2139,#2140,#2141,#2142),(#2143,#2144,#2145,#2146),
(#2147,#2148,#2149,#2150),(#2151,#2152,#2153,#2154),(#2155,#2156,#2157,
#2158),(#2159,#2160,#2161,#2162),(#2163,#2164,#2165,#2166),(#2167,#2168,
#2169,#2170),(#2171,#2172,#2173,#2174),(#2175,#2176,#2177,#2178),(#2179,
#2180,#2181,#2182),(#2183,#2184,#2185,#2186),(#2187,#2188,#2189,#2190),
(#2191,#2192,#2193,#2194),(#2195,#2196,#2197,#2198),(#2199,#2200,#2201,
#2202),(#2203,#2204,#2205,#2206),(#2207,#2208,#2209,#2210),(#2211,#2212,
#2213,#2214),(#2215,#2216,#2217,#2218),(#2219,#2220,#2221,#2222),(#2223,
#2224,#2225,#2226),(#2227,#2228,#2229,#2230),(#2231,#2232,#2233,#2234),
(#2235,#2236,#2237,#2238),(#2239,#2240,#2241,#2242),(#2243,#2244,#2245,
#2246),(#2247,#2248,#2249,#2250),(#2251,#2252,#2253,#2254),(#2255,#2256,
#2257,#2258),(#2259,#2260,#2261,#2262),(#2263,#2264,#2265,#2266),(#2267,
#2268,#2269,#2270),(#2271,#2272,#2273,#2274),(#2275,#2276,#2277,#2278),
(#2279,#2280,#2281,#2282)),.RULED_SURF.,.F.,.F.,.F.,(4,2,2,2,2,2,2,2,2,
2,2,2,2,2,2,2,2,2,4),(2,1,1,2),(0.313159656520636,0.344299713767197,0.363762249546297,
0.383224785325397,0.402687321104498,0.422149856883598,0.441612392662698,
0.461074928441798,0.480537464220898,0.5,0.519462535779099,0.538925071558199,
0.558387607337299,0.5778501431164,0.5973126788955,0.6167752146746,0.6362377504537,
0.655700286232801,0.686840343479362),(-0.01,0.,1.,1.01),.UNSPECIFIED.);
#89=B_SPLINE_SURFACE_WITH_KNOTS('',3,1,((#2306,#2307,#2308,#2309),(#2310,
#2311,#2312,#2313),(#2314,#2315,#2316,#2317),(#2318,#2319,#2320,#2321),
(#2322,#2323,#2324,#2325),(#2326,#2327,#2328,#2329),(#2330,#2331,#2332,
#2333),(#2334,#2335,#2336,#2337),(#2338,#2339,#2340,#2341),(#2342,#2343,
#2344,#2345),(#2346,#2347,#2348,#2349),(#2350,#2351,#2352,#2353),(#2354,
#2355,#2356,#2357),(#2358,#2359,#2360,#2361),(#2362,#2363,#2364,#2365),
(#2366,#2367,#2368,#2369),(#2370,#2371,#2372,#2373),(#2374,#2375,#2376,
#2377),(#2378,#2379,#2380,#2381),(#2382,#2383,#2384,#2385),(#2386,#2387,
#2388,#2389),(#2390,#2391,#2392,#2393),(#2394,#2395,#2396,#2397),(#2398,
#2399,#2400,#2401),(#2402,#2403,#2404,#2405),(#2406,#2407,#2408,#2409),
(#2410,#2411,#2412,#2413),(#2414,#2415,#2416,#2417),(#2418,#2419,#2420,
#2421),(#2422,#2423,#2424,#2425),(#2426,#2427,#2428,#2429),(#2430,#2431,
#2432,#2433),(#2434,#2435,#2436,#2437),(#2438,#2439,#2440,#2441),(#2442,
#2443,#2444,#2445),(#2446,#2447,#2448,#2449),(#2450,#2451,#2452,#2453),
(#2454,#2455,#2456,#2457)),.RULED_SURF.,.F.,.F.,.F.,(4,2,2,2,2,2,2,2,2,
2,2,2,2,2,2,2,2,2,4),(2,1,1,2),(0.313159656520636,0.344299713767198,0.363762249546297,
0.383224785325397,0.402687321104498,0.422149856883597,0.441612392662698,
0.461074928441797,0.480537464220897,0.5,0.519462535779097,0.538925071558197,
0.558387607337297,0.577850143116397,0.597312678895497,0.616775214674597,
0.636237750453697,0.655700286232797,0.686840343479358),(-0.01,0.,1.,1.01),
 .UNSPECIFIED.);
#90=B_SPLINE_SURFACE_WITH_KNOTS('',3,1,((#2481,#2482,#2483,#2484),(#2485,
#2486,#2487,#2488),(#2489,#2490,#2491,#2492),(#2493,#2494,#2495,#2496),
(#2497,#2498,#2499,#2500),(#2501,#2502,#2503,#2504),(#2505,#2506,#2507,
#2508),(#2509,#2510,#2511,#2512),(#2513,#2514,#2515,#2516),(#2517,#2518,
#2519,#2520),(#2521,#2522,#2523,#2524),(#2525,#2526,#2527,#2528),(#2529,
#2530,#2531,#2532),(#2533,#2534,#2535,#2536),(#2537,#2538,#2539,#2540),
(#2541,#2542,#2543,#2544),(#2545,#2546,#2547,#2548),(#2549,#2550,#2551,
#2552),(#2553,#2554,#2555,#2556),(#2557,#2558,#2559,#2560),(#2561,#2562,
#2563,#2564),(#2565,#2566,#2567,#2568),(#2569,#2570,#2571,#2572),(#2573,
#2574,#2575,#2576),(#2577,#2578,#2579,#2580),(#2581,#2582,#2583,#2584),
(#2585,#2586,#2587,#2588),(#2589,#2590,#2591,#2592),(#2593,#2594,#2595,
#2596),(#2597,#2598,#2599,#2600),(#2601,#2602,#2603,#2604),(#2605,#2606,
#2607,#2608),(#2609,#2610,#2611,#2612),(#2613,#2614,#2615,#2616),(#2617,
#2618,#2619,#2620),(#2621,#2622,#2623,#2624),(#2625,#2626,#2627,#2628),
(#2629,#2630,#2631,#2632)),.RULED_SURF.,.F.,.F.,.F.,(4,2,2,2,2,2,2,2,2,
2,2,2,2,2,2,2,2,2,4),(2,1,1,2),(0.31315965652064,0.344299713767201,0.3637622495463,
0.3832247853254,0.402687321104501,0.422149856883601,0.441612392662701,0.4610749284418,
0.4805374642209,0.5,0.5194625357791,0.5389250715582,0.5583876073373,0.5778501431164,
0.5973126788955,0.6167752146746,0.6362377504537,0.6557002862328,0.686840343479358),
(-0.01,0.,1.,1.01),.UNSPECIFIED.);
#91=B_SPLINE_SURFACE_WITH_KNOTS('',3,1,((#2656,#2657,#2658,#2659),(#2660,
#2661,#2662,#2663),(#2664,#2665,#2666,#2667),(#2668,#2669,#2670,#2671),
(#2672,#2673,#2674,#2675),(#2676,#2677,#2678,#2679),(#2680,#2681,#2682,
#2683),(#2684,#2685,#2686,#2687),(#2688,#2689,#2690,#2691),(#2692,#2693,
#2694,#2695),(#2696,#2697,#2698,#2699),(#2700,#2701,#2702,#2703),(#2704,
#2705,#2706,#2707),(#2708,#2709,#2710,#2711),(#2712,#2713,#2714,#2715),
(#2716,#2717,#2718,#2719),(#2720,#2721,#2722,#2723),(#2724,#2725,#2726,
#2727),(#2728,#2729,#2730,#2731),(#2732,#2733,#2734,#2735),(#2736,#2737,
#2738,#2739),(#2740,#2741,#2742,#2743),(#2744,#2745,#2746,#2747),(#2748,
#2749,#2750,#2751),(#2752,#2753,#2754,#2755),(#2756,#2757,#2758,#2759),
(#2760,#2761,#2762,#2763),(#2764,#2765,#2766,#2767),(#2768,#2769,#2770,
#2771),(#2772,#2773,#2774,#2775),(#2776,#2777,#2778,#2779),(#2780,#2781,
#2782,#2783),(#2784,#2785,#2786,#2787),(#2788,#2789,#2790,#2791),(#2792,
#2793,#2794,#2795),(#2796,#2797,#2798,#2799),(#2800,#2801,#2802,#2803),
(#2804,#2805,#2806,#2807)),.RULED_SURF.,.F.,.F.,.F.,(4,2,2,2,2,2,2,2,2,
2,2,2,2,2,2,2,2,2,4),(2,1,1,2),(0.313159656520641,0.344299713767202,0.363762249546301,
0.383224785325401,0.402687321104502,0.422149856883602,0.441612392662702,
0.461074928441802,0.480537464220902,0.5,0.519462535779102,0.538925071558202,
0.558387607337302,0.577850143116402,0.597312678895502,0.616775214674602,
0.636237750453702,0.655700286232802,0.686840343479363),(-0.01,0.,1.,1.01),
 .UNSPECIFIED.);
#92=B_SPLINE_SURFACE_WITH_KNOTS('',3,1,((#2831,#2832,#2833,#2834),(#2835,
#2836,#2837,#2838),(#2839,#2840,#2841,#2842),(#2843,#2844,#2845,#2846),
(#2847,#2848,#2849,#2850),(#2851,#2852,#2853,#2854),(#2855,#2856,#2857,
#2858),(#2859,#2860,#2861,#2862),(#2863,#2864,#2865,#2866),(#2867,#2868,
#2869,#2870),(#2871,#2872,#2873,#2874),(#2875,#2876,#2877,#2878),(#2879,
#2880,#2881,#2882),(#2883,#2884,#2885,#2886),(#2887,#2888,#2889,#2890),
(#2891,#2892,#2893,#2894),(#2895,#2896,#2897,#2898),(#2899,#2900,#2901,
#2902),(#2903,#2904,#2905,#2906),(#2907,#2908,#2909,#2910),(#2911,#2912,
#2913,#2914),(#2915,#2916,#2917,#2918),(#2919,#2920,#2921,#2922),(#2923,
#2924,#2925,#2926),(#2927,#2928,#2929,#2930),(#2931,#2932,#2933,#2934),
(#2935,#2936,#2937,#2938),(#2939,#2940,#2941,#2942),(#2943,#2944,#2945,
#2946),(#2947,#2948,#2949,#2950),(#2951,#2952,#2953,#2954),(#2955,#2956,
#2957,#2958),(#2959,#2960,#2961,#2962),(#2963,#2964,#2965,#2966),(#2967,
#2968,#2969,#2970),(#2971,#2972,#2973,#2974),(#2975,#2976,#2977,#2978),
(#2979,#2980,#2981,#2982)),.RULED_SURF.,.F.,.F.,.F.,(4,2,2,2,2,2,2,2,2,
2,2,2,2,2,2,2,2,2,4),(2,1,1,2),(0.31315965652064,0.3442997137672,0.363762249546299,
0.383224785325399,0.4026873211045,0.4221498568836,0.4416123926627,0.4610749284418,
0.4805374642209,0.5,0.5194625357791,0.5389250715582,0.5583876073373,0.5778501431164,
0.597312678895501,0.616775214674601,0.636237750453701,0.655700286232801,
0.686840343479361),(-0.01,0.,1.,1.01),.UNSPECIFIED.);
#93=B_SPLINE_SURFACE_WITH_KNOTS('',3,1,((#3006,#3007,#3008,#3009),(#3010,
#3011,#3012,#3013),(#3014,#3015,#3016,#3017),(#3018,#3019,#3020,#3021),
(#3022,#3023,#3024,#3025),(#3026,#3027,#3028,#3029),(#3030,#3031,#3032,
#3033),(#3034,#3035,#3036,#3037),(#3038,#3039,#3040,#3041),(#3042,#3043,
#3044,#3045),(#3046,#3047,#3048,#3049),(#3050,#3051,#3052,#3053),(#3054,
#3055,#3056,#3057),(#3058,#3059,#3060,#3061),(#3062,#3063,#3064,#3065),
(#3066,#3067,#3068,#3069),(#3070,#3071,#3072,#3073),(#3074,#3075,#3076,
#3077),(#3078,#3079,#3080,#3081),(#3082,#3083,#3084,#3085),(#3086,#3087,
#3088,#3089),(#3090,#3091,#3092,#3093),(#3094,#3095,#3096,#3097),(#3098,
#3099,#3100,#3101),(#3102,#3103,#3104,#3105),(#3106,#3107,#3108,#3109),
(#3110,#3111,#3112,#3113),(#3114,#3115,#3116,#3117),(#3118,#3119,#3120,
#3121),(#3122,#3123,#3124,#3125),(#3126,#3127,#3128,#3129),(#3130,#3131,
#3132,#3133),(#3134,#3135,#3136,#3137),(#3138,#3139,#3140,#3141),(#3142,
#3143,#3144,#3145),(#3146,#3147,#3148,#3149),(#3150,#3151,#3152,#3153),
(#3154,#3155,#3156,#3157)),.RULED_SURF.,.F.,.F.,.F.,(4,2,2,2,2,2,2,2,2,
2,2,2,2,2,2,2,2,2,4),(2,1,1,2),(0.313159656520638,0.344299713767199,0.363762249546299,
0.383224785325399,0.4026873211045,0.4221498568836,0.4416123926627,0.4610749284418,
0.4805374642209,0.5,0.5194625357791,0.538925071558201,0.558387607337301,
0.577850143116401,0.597312678895501,0.616775214674601,0.636237750453701,
0.655700286232801,0.686840343479363),(-0.01,0.,1.,1.01),.UNSPECIFIED.);
#94=B_SPLINE_SURFACE_WITH_KNOTS('',3,1,((#3181,#3182,#3183,#3184),(#3185,
#3186,#3187,#3188),(#3189,#3190,#3191,#3192),(#3193,#3194,#3195,#3196),
(#3197,#3198,#3199,#3200),(#3201,#3202,#3203,#3204),(#3205,#3206,#3207,
#3208),(#3209,#3210,#3211,#3212),(#3213,#3214,#3215,#3216),(#3217,#3218,
#3219,#3220),(#3221,#3222,#3223,#3224),(#3225,#3226,#3227,#3228),(#3229,
#3230,#3231,#3232),(#3233,#3234,#3235,#3236),(#3237,#3238,#3239,#3240),
(#3241,#3242,#3243,#3244),(#3245,#3246,#3247,#3248),(#3249,#3250,#3251,
#3252),(#3253,#3254,#3255,#3256),(#3257,#3258,#3259,#3260),(#3261,#3262,
#3263,#3264),(#3265,#3266,#3267,#3268),(#3269,#3270,#3271,#3272),(#3273,
#3274,#3275,#3276),(#3277,#3278,#3279,#3280),(#3281,#3282,#3283,#3284),
(#3285,#3286,#3287,#3288),(#3289,#3290,#3291,#3292),(#3293,#3294,#3295,
#3296),(#3297,#3298,#3299,#3300),(#3301,#3302,#3303,#3304),(#3305,#3306,
#3307,#3308),(#3309,#3310,#3311,#3312),(#3313,#3314,#3315,#3316),(#3317,
#3318,#3319,#3320),(#3321,#3322,#3323,#3324),(#3325,#3326,#3327,#3328),
(#3329,#3330,#3331,#3332)),.RULED_SURF.,.F.,.F.,.F.,(4,2,2,2,2,2,2,2,2,
2,2,2,2,2,2,2,2,2,4),(2,1,1,2),(0.313159656520642,0.344299713767201,0.3637622495463,
0.3832247853254,0.402687321104501,0.422149856883601,0.441612392662701,0.461074928441801,
0.480537464220901,0.5,0.519462535779101,0.538925071558201,0.5583876073373,
0.577850143116401,0.5973126788955,0.6167752146746,0.636237750453701,0.6557002862328,
0.686840343479361),(-0.01,0.,1.,1.01),.UNSPECIFIED.);
#95=B_SPLINE_SURFACE_WITH_KNOTS('',3,1,((#3356,#3357,#3358,#3359),(#3360,
#3361,#3362,#3363),(#3364,#3365,#3366,#3367),(#3368,#3369,#3370,#3371),
(#3372,#3373,#3374,#3375),(#3376,#3377,#3378,#3379),(#3380,#3381,#3382,
#3383),(#3384,#3385,#3386,#3387),(#3388,#3389,#3390,#3391),(#3392,#3393,
#3394,#3395),(#3396,#3397,#3398,#3399),(#3400,#3401,#3402,#3403),(#3404,
#3405,#3406,#3407),(#3408,#3409,#3410,#3411),(#3412,#3413,#3414,#3415),
(#3416,#3417,#3418,#3419),(#3420,#3421,#3422,#3423),(#3424,#3425,#3426,
#3427),(#3428,#3429,#3430,#3431),(#3432,#3433,#3434,#3435),(#3436,#3437,
#3438,#3439),(#3440,#3441,#3442,#3443),(#3444,#3445,#3446,#3447),(#3448,
#3449,#3450,#3451),(#3452,#3453,#3454,#3455),(#3456,#3457,#3458,#3459),
(#3460,#3461,#3462,#3463),(#3464,#3465,#3466,#3467),(#3468,#3469,#3470,
#3471),(#3472,#3473,#3474,#3475),(#3476,#3477,#3478,#3479),(#3480,#3481,
#3482,#3483),(#3484,#3485,#3486,#3487),(#3488,#3489,#3490,#3491),(#3492,
#3493,#3494,#3495),(#3496,#3497,#3498,#3499),(#3500,#3501,#3502,#3503),
(#3504,#3505,#3506,#3507)),.RULED_SURF.,.F.,.F.,.F.,(4,2,2,2,2,2,2,2,2,
2,2,2,2,2,2,2,2,2,4),(2,1,1,2),(0.313159656520639,0.3442997137672,0.3637622495463,
0.3832247853254,0.4026873211045,0.4221498568836,0.4416123926627,0.4610749284418,
0.4805374642209,0.5,0.5194625357791,0.5389250715582,0.5583876073373,0.5778501431164,
0.5973126788955,0.6167752146746,0.6362377504537,0.6557002862328,0.68684034347936),
(-0.01,0.,1.,1.01),.UNSPECIFIED.);
#96=B_SPLINE_SURFACE_WITH_KNOTS('',3,1,((#3531,#3532,#3533,#3534),(#3535,
#3536,#3537,#3538),(#3539,#3540,#3541,#3542),(#3543,#3544,#3545,#3546),
(#3547,#3548,#3549,#3550),(#3551,#3552,#3553,#3554),(#3555,#3556,#3557,
#3558),(#3559,#3560,#3561,#3562),(#3563,#3564,#3565,#3566),(#3567,#3568,
#3569,#3570),(#3571,#3572,#3573,#3574),(#3575,#3576,#3577,#3578),(#3579,
#3580,#3581,#3582),(#3583,#3584,#3585,#3586),(#3587,#3588,#3589,#3590),
(#3591,#3592,#3593,#3594),(#3595,#3596,#3597,#3598),(#3599,#3600,#3601,
#3602),(#3603,#3604,#3605,#3606),(#3607,#3608,#3609,#3610),(#3611,#3612,
#3613,#3614),(#3615,#3616,#3617,#3618),(#3619,#3620,#3621,#3622),(#3623,
#3624,#3625,#3626),(#3627,#3628,#3629,#3630),(#3631,#3632,#3633,#3634),
(#3635,#3636,#3637,#3638),(#3639,#3640,#3641,#3642),(#3643,#3644,#3645,
#3646),(#3647,#3648,#3649,#3650),(#3651,#3652,#3653,#3654),(#3655,#3656,
#3657,#3658),(#3659,#3660,#3661,#3662),(#3663,#3664,#3665,#3666),(#3667,
#3668,#3669,#3670),(#3671,#3672,#3673,#3674),(#3675,#3676,#3677,#3678),
(#3679,#3680,#3681,#3682)),.RULED_SURF.,.F.,.F.,.F.,(4,2,2,2,2,2,2,2,2,
2,2,2,2,2,2,2,2,2,4),(2,1,1,2),(0.313159656520638,0.344299713767199,0.363762249546299,
0.383224785325399,0.4026873211045,0.4221498568836,0.4416123926627,0.461074928441799,
0.480537464220899,0.5,0.519462535779099,0.538925071558199,0.558387607337299,
0.577850143116399,0.597312678895499,0.6167752146746,0.6362377504537,0.6557002862328,
0.68684034347936),(-0.01,0.,1.,1.01),.UNSPECIFIED.);
#97=B_SPLINE_SURFACE_WITH_KNOTS('',3,1,((#3706,#3707,#3708,#3709),(#3710,
#3711,#3712,#3713),(#3714,#3715,#3716,#3717),(#3718,#3719,#3720,#3721),
(#3722,#3723,#3724,#3725),(#3726,#3727,#3728,#3729),(#3730,#3731,#3732,
#3733),(#3734,#3735,#3736,#3737),(#3738,#3739,#3740,#3741),(#3742,#3743,
#3744,#3745),(#3746,#3747,#3748,#3749),(#3750,#3751,#3752,#3753),(#3754,
#3755,#3756,#3757),(#3758,#3759,#3760,#3761),(#3762,#3763,#3764,#3765),
(#3766,#3767,#3768,#3769),(#3770,#3771,#3772,#3773),(#3774,#3775,#3776,
#3777),(#3778,#3779,#3780,#3781),(#3782,#3783,#3784,#3785),(#3786,#3787,
#3788,#3789),(#3790,#3791,#3792,#3793),(#3794,#3795,#3796,#3797),(#3798,
#3799,#3800,#3801),(#3802,#3803,#3804,#3805),(#3806,#3807,#3808,#3809),
(#3810,#3811,#3812,#3813),(#3814,#3815,#3816,#3817),(#3818,#3819,#3820,
#3821),(#3822,#3823,#3824,#3825),(#3826,#3827,#3828,#3829),(#3830,#3831,
#3832,#3833),(#3834,#3835,#3836,#3837),(#3838,#3839,#3840,#3841),(#3842,
#3843,#3844,#3845),(#3846,#3847,#3848,#3849),(#3850,#3851,#3852,#3853),
(#3854,#3855,#3856,#3857)),.RULED_SURF.,.F.,.F.,.F.,(4,2,2,2,2,2,2,2,2,
2,2,2,2,2,2,2,2,2,4),(2,1,1,2),(0.313159656520639,0.344299713767199,0.363762249546299,
0.383224785325399,0.4026873211045,0.4221498568836,0.4416123926627,0.461074928441799,
0.480537464220899,0.5,0.519462535779099,0.5389250715582,0.5583876073373,
0.5778501431164,0.5973126788955,0.6167752146746,0.6362377504537,0.6557002862328,
0.686840343479358),(-0.01,0.,1.,1.01),.UNSPECIFIED.);
#98=B_SPLINE_SURFACE_WITH_KNOTS('',3,1,((#3881,#3882,#3883,#3884),(#3885,
#3886,#3887,#3888),(#3889,#3890,#3891,#3892),(#3893,#3894,#3895,#3896),
(#3897,#3898,#3899,#3900),(#3901,#3902,#3903,#3904),(#3905,#3906,#3907,
#3908),(#3909,#3910,#3911,#3912),(#3913,#3914,#3915,#3916),(#3917,#3918,
#3919,#3920),(#3921,#3922,#3923,#3924),(#3925,#3926,#3927,#3928),(#3929,
#3930,#3931,#3932),(#3933,#3934,#3935,#3936),(#3937,#3938,#3939,#3940),
(#3941,#3942,#3943,#3944),(#3945,#3946,#3947,#3948),(#3949,#3950,#3951,
#3952),(#3953,#3954,#3955,#3956),(#3957,#3958,#3959,#3960),(#3961,#3962,
#3963,#3964),(#3965,#3966,#3967,#3968),(#3969,#3970,#3971,#3972),(#3973,
#3974,#3975,#3976),(#3977,#3978,#3979,#3980),(#3981,#3982,#3983,#3984),
(#3985,#3986,#3987,#3988),(#3989,#3990,#3991,#3992),(#3993,#3994,#3995,
#3996),(#3997,#3998,#3999,#4000),(#4001,#4002,#4003,#4004),(#4005,#4006,
#4007,#4008),(#4009,#4010,#4011,#4012),(#4013,#4014,#4015,#4016),(#4017,
#4018,#4019,#4020),(#4021,#4022,#4023,#4024),(#4025,#4026,#4027,#4028),
(#4029,#4030,#4031,#4032)),.RULED_SURF.,.F.,.F.,.F.,(4,2,2,2,2,2,2,2,2,
2,2,2,2,2,2,2,2,2,4),(2,1,1,2),(0.313159656520639,0.3442997137672,0.363762249546299,
0.383224785325399,0.4026873211045,0.4221498568836,0.4416123926627,0.4610749284418,
0.4805374642209,0.5,0.5194625357791,0.5389250715582,0.5583876073373,0.5778501431164,
0.5973126788955,0.6167752146746,0.6362377504537,0.6557002862328,0.686840343479361),
(-0.01,0.,1.,1.01),.UNSPECIFIED.);
#99=ORIENTED_EDGE('',*,*,#439,.F.);
#100=ORIENTED_EDGE('',*,*,#440,.F.);
#101=ORIENTED_EDGE('',*,*,#441,.T.);
#102=ORIENTED_EDGE('',*,*,#442,.T.);
#103=ORIENTED_EDGE('',*,*,#440,.T.);
#104=ORIENTED_EDGE('',*,*,#443,.F.);
#105=ORIENTED_EDGE('',*,*,#444,.F.);
#106=ORIENTED_EDGE('',*,*,#445,.T.);
#107=ORIENTED_EDGE('',*,*,#444,.T.);
#108=ORIENTED_EDGE('',*,*,#446,.F.);
#109=ORIENTED_EDGE('',*,*,#447,.F.);
#110=ORIENTED_EDGE('',*,*,#448,.T.);
#111=ORIENTED_EDGE('',*,*,#447,.T.);
#112=ORIENTED_EDGE('',*,*,#449,.F.);
#113=ORIENTED_EDGE('',*,*,#450,.F.);
#114=ORIENTED_EDGE('',*,*,#451,.T.);
#115=ORIENTED_EDGE('',*,*,#450,.T.);
#116=ORIENTED_EDGE('',*,*,#452,.F.);
#117=ORIENTED_EDGE('',*,*,#453,.F.);
#118=ORIENTED_EDGE('',*,*,#454,.T.);
#119=ORIENTED_EDGE('',*,*,#453,.T.);
#120=ORIENTED_EDGE('',*,*,#455,.F.);
#121=ORIENTED_EDGE('',*,*,#456,.F.);
#122=ORIENTED_EDGE('',*,*,#457,.T.);
#123=ORIENTED_EDGE('',*,*,#456,.T.);
#124=ORIENTED_EDGE('',*,*,#458,.F.);
#125=ORIENTED_EDGE('',*,*,#459,.F.);
#126=ORIENTED_EDGE('',*,*,#460,.T.);
#127=ORIENTED_EDGE('',*,*,#459,.T.);
#128=ORIENTED_EDGE('',*,*,#461,.F.);
#129=ORIENTED_EDGE('',*,*,#462,.F.);
#130=ORIENTED_EDGE('',*,*,#463,.T.);
#131=ORIENTED_EDGE('',*,*,#462,.T.);
#132=ORIENTED_EDGE('',*,*,#464,.F.);
#133=ORIENTED_EDGE('',*,*,#465,.F.);
#134=ORIENTED_EDGE('',*,*,#466,.T.);
#135=ORIENTED_EDGE('',*,*,#465,.T.);
#136=ORIENTED_EDGE('',*,*,#467,.F.);
#137=ORIENTED_EDGE('',*,*,#468,.F.);
#138=ORIENTED_EDGE('',*,*,#469,.T.);
#139=ORIENTED_EDGE('',*,*,#468,.T.);
#140=ORIENTED_EDGE('',*,*,#470,.F.);
#141=ORIENTED_EDGE('',*,*,#471,.F.);
#142=ORIENTED_EDGE('',*,*,#472,.T.);
#143=ORIENTED_EDGE('',*,*,#471,.T.);
#144=ORIENTED_EDGE('',*,*,#473,.F.);
#145=ORIENTED_EDGE('',*,*,#474,.F.);
#146=ORIENTED_EDGE('',*,*,#475,.T.);
#147=ORIENTED_EDGE('',*,*,#474,.T.);
#148=ORIENTED_EDGE('',*,*,#476,.F.);
#149=ORIENTED_EDGE('',*,*,#477,.F.);
#150=ORIENTED_EDGE('',*,*,#478,.T.);
#151=ORIENTED_EDGE('',*,*,#477,.T.);
#152=ORIENTED_EDGE('',*,*,#479,.F.);
#153=ORIENTED_EDGE('',*,*,#480,.F.);
#154=ORIENTED_EDGE('',*,*,#481,.T.);
#155=ORIENTED_EDGE('',*,*,#480,.T.);
#156=ORIENTED_EDGE('',*,*,#482,.F.);
#157=ORIENTED_EDGE('',*,*,#483,.F.);
#158=ORIENTED_EDGE('',*,*,#484,.T.);
#159=ORIENTED_EDGE('',*,*,#483,.T.);
#160=ORIENTED_EDGE('',*,*,#485,.F.);
#161=ORIENTED_EDGE('',*,*,#486,.F.);
#162=ORIENTED_EDGE('',*,*,#487,.T.);
#163=ORIENTED_EDGE('',*,*,#486,.T.);
#164=ORIENTED_EDGE('',*,*,#488,.F.);
#165=ORIENTED_EDGE('',*,*,#489,.F.);
#166=ORIENTED_EDGE('',*,*,#490,.T.);
#167=ORIENTED_EDGE('',*,*,#489,.T.);
#168=ORIENTED_EDGE('',*,*,#491,.F.);
#169=ORIENTED_EDGE('',*,*,#492,.F.);
#170=ORIENTED_EDGE('',*,*,#493,.T.);
#171=ORIENTED_EDGE('',*,*,#492,.T.);
#172=ORIENTED_EDGE('',*,*,#494,.F.);
#173=ORIENTED_EDGE('',*,*,#495,.F.);
#174=ORIENTED_EDGE('',*,*,#496,.T.);
#175=ORIENTED_EDGE('',*,*,#495,.T.);
#176=ORIENTED_EDGE('',*,*,#497,.F.);
#177=ORIENTED_EDGE('',*,*,#498,.F.);
#178=ORIENTED_EDGE('',*,*,#499,.T.);
#179=ORIENTED_EDGE('',*,*,#498,.T.);
#180=ORIENTED_EDGE('',*,*,#500,.F.);
#181=ORIENTED_EDGE('',*,*,#501,.F.);
#182=ORIENTED_EDGE('',*,*,#502,.T.);
#183=ORIENTED_EDGE('',*,*,#501,.T.);
#184=ORIENTED_EDGE('',*,*,#503,.F.);
#185=ORIENTED_EDGE('',*,*,#504,.F.);
#186=ORIENTED_EDGE('',*,*,#505,.T.);
#187=ORIENTED_EDGE('',*,*,#504,.T.);
#188=ORIENTED_EDGE('',*,*,#506,.F.);
#189=ORIENTED_EDGE('',*,*,#507,.F.);
#190=ORIENTED_EDGE('',*,*,#508,.T.);
#191=ORIENTED_EDGE('',*,*,#507,.T.);
#192=ORIENTED_EDGE('',*,*,#509,.F.);
#193=ORIENTED_EDGE('',*,*,#510,.F.);
#194=ORIENTED_EDGE('',*,*,#511,.T.);
#195=ORIENTED_EDGE('',*,*,#510,.T.);
#196=ORIENTED_EDGE('',*,*,#512,.F.);
#197=ORIENTED_EDGE('',*,*,#513,.F.);
#198=ORIENTED_EDGE('',*,*,#514,.T.);
#199=ORIENTED_EDGE('',*,*,#513,.T.);
#200=ORIENTED_EDGE('',*,*,#515,.F.);
#201=ORIENTED_EDGE('',*,*,#516,.F.);
#202=ORIENTED_EDGE('',*,*,#517,.T.);
#203=ORIENTED_EDGE('',*,*,#516,.T.);
#204=ORIENTED_EDGE('',*,*,#518,.F.);
#205=ORIENTED_EDGE('',*,*,#519,.F.);
#206=ORIENTED_EDGE('',*,*,#520,.T.);
#207=ORIENTED_EDGE('',*,*,#519,.T.);
#208=ORIENTED_EDGE('',*,*,#521,.F.);
#209=ORIENTED_EDGE('',*,*,#522,.F.);
#210=ORIENTED_EDGE('',*,*,#523,.T.);
#211=ORIENTED_EDGE('',*,*,#522,.T.);
#212=ORIENTED_EDGE('',*,*,#524,.F.);
#213=ORIENTED_EDGE('',*,*,#525,.F.);
#214=ORIENTED_EDGE('',*,*,#526,.T.);
#215=ORIENTED_EDGE('',*,*,#525,.T.);
#216=ORIENTED_EDGE('',*,*,#527,.F.);
#217=ORIENTED_EDGE('',*,*,#528,.F.);
#218=ORIENTED_EDGE('',*,*,#529,.T.);
#219=ORIENTED_EDGE('',*,*,#528,.T.);
#220=ORIENTED_EDGE('',*,*,#530,.F.);
#221=ORIENTED_EDGE('',*,*,#531,.F.);
#222=ORIENTED_EDGE('',*,*,#532,.T.);
#223=ORIENTED_EDGE('',*,*,#531,.T.);
#224=ORIENTED_EDGE('',*,*,#533,.F.);
#225=ORIENTED_EDGE('',*,*,#534,.F.);
#226=ORIENTED_EDGE('',*,*,#535,.T.);
#227=ORIENTED_EDGE('',*,*,#534,.T.);
#228=ORIENTED_EDGE('',*,*,#536,.F.);
#229=ORIENTED_EDGE('',*,*,#537,.F.);
#230=ORIENTED_EDGE('',*,*,#538,.T.);
#231=ORIENTED_EDGE('',*,*,#537,.T.);
#232=ORIENTED_EDGE('',*,*,#539,.F.);
#233=ORIENTED_EDGE('',*,*,#540,.F.);
#234=ORIENTED_EDGE('',*,*,#541,.T.);
#235=ORIENTED_EDGE('',*,*,#540,.T.);
#236=ORIENTED_EDGE('',*,*,#542,.F.);
#237=ORIENTED_EDGE('',*,*,#543,.F.);
#238=ORIENTED_EDGE('',*,*,#544,.T.);
#239=ORIENTED_EDGE('',*,*,#543,.T.);
#240=ORIENTED_EDGE('',*,*,#545,.F.);
#241=ORIENTED_EDGE('',*,*,#546,.F.);
#242=ORIENTED_EDGE('',*,*,#547,.T.);
#243=ORIENTED_EDGE('',*,*,#546,.T.);
#244=ORIENTED_EDGE('',*,*,#548,.F.);
#245=ORIENTED_EDGE('',*,*,#549,.F.);
#246=ORIENTED_EDGE('',*,*,#550,.T.);
#247=ORIENTED_EDGE('',*,*,#549,.T.);
#248=ORIENTED_EDGE('',*,*,#551,.F.);
#249=ORIENTED_EDGE('',*,*,#552,.F.);
#250=ORIENTED_EDGE('',*,*,#553,.T.);
#251=ORIENTED_EDGE('',*,*,#552,.T.);
#252=ORIENTED_EDGE('',*,*,#554,.F.);
#253=ORIENTED_EDGE('',*,*,#555,.F.);
#254=ORIENTED_EDGE('',*,*,#556,.T.);
#255=ORIENTED_EDGE('',*,*,#555,.T.);
#256=ORIENTED_EDGE('',*,*,#557,.F.);
#257=ORIENTED_EDGE('',*,*,#558,.F.);
#258=ORIENTED_EDGE('',*,*,#559,.T.);
#259=ORIENTED_EDGE('',*,*,#558,.T.);
#260=ORIENTED_EDGE('',*,*,#560,.F.);
#261=ORIENTED_EDGE('',*,*,#561,.F.);
#262=ORIENTED_EDGE('',*,*,#562,.T.);
#263=ORIENTED_EDGE('',*,*,#561,.T.);
#264=ORIENTED_EDGE('',*,*,#563,.F.);
#265=ORIENTED_EDGE('',*,*,#564,.F.);
#266=ORIENTED_EDGE('',*,*,#565,.T.);
#267=ORIENTED_EDGE('',*,*,#564,.T.);
#268=ORIENTED_EDGE('',*,*,#566,.F.);
#269=ORIENTED_EDGE('',*,*,#567,.F.);
#270=ORIENTED_EDGE('',*,*,#568,.T.);
#271=ORIENTED_EDGE('',*,*,#567,.T.);
#272=ORIENTED_EDGE('',*,*,#569,.F.);
#273=ORIENTED_EDGE('',*,*,#570,.F.);
#274=ORIENTED_EDGE('',*,*,#571,.T.);
#275=ORIENTED_EDGE('',*,*,#570,.T.);
#276=ORIENTED_EDGE('',*,*,#572,.F.);
#277=ORIENTED_EDGE('',*,*,#573,.F.);
#278=ORIENTED_EDGE('',*,*,#574,.T.);
#279=ORIENTED_EDGE('',*,*,#573,.T.);
#280=ORIENTED_EDGE('',*,*,#575,.F.);
#281=ORIENTED_EDGE('',*,*,#576,.F.);
#282=ORIENTED_EDGE('',*,*,#577,.T.);
#283=ORIENTED_EDGE('',*,*,#576,.T.);
#284=ORIENTED_EDGE('',*,*,#578,.F.);
#285=ORIENTED_EDGE('',*,*,#579,.F.);
#286=ORIENTED_EDGE('',*,*,#580,.T.);
#287=ORIENTED_EDGE('',*,*,#579,.T.);
#288=ORIENTED_EDGE('',*,*,#581,.F.);
#289=ORIENTED_EDGE('',*,*,#582,.F.);
#290=ORIENTED_EDGE('',*,*,#583,.T.);
#291=ORIENTED_EDGE('',*,*,#582,.T.);
#292=ORIENTED_EDGE('',*,*,#584,.F.);
#293=ORIENTED_EDGE('',*,*,#585,.F.);
#294=ORIENTED_EDGE('',*,*,#586,.T.);
#295=ORIENTED_EDGE('',*,*,#585,.T.);
#296=ORIENTED_EDGE('',*,*,#587,.F.);
#297=ORIENTED_EDGE('',*,*,#588,.F.);
#298=ORIENTED_EDGE('',*,*,#589,.T.);
#299=ORIENTED_EDGE('',*,*,#588,.T.);
#300=ORIENTED_EDGE('',*,*,#590,.F.);
#301=ORIENTED_EDGE('',*,*,#591,.F.);
#302=ORIENTED_EDGE('',*,*,#592,.T.);
#303=ORIENTED_EDGE('',*,*,#591,.T.);
#304=ORIENTED_EDGE('',*,*,#593,.F.);
#305=ORIENTED_EDGE('',*,*,#594,.F.);
#306=ORIENTED_EDGE('',*,*,#595,.T.);
#307=ORIENTED_EDGE('',*,*,#594,.T.);
#308=ORIENTED_EDGE('',*,*,#596,.F.);
#309=ORIENTED_EDGE('',*,*,#597,.F.);
#310=ORIENTED_EDGE('',*,*,#598,.T.);
#311=ORIENTED_EDGE('',*,*,#597,.T.);
#312=ORIENTED_EDGE('',*,*,#599,.F.);
#313=ORIENTED_EDGE('',*,*,#600,.F.);
#314=ORIENTED_EDGE('',*,*,#601,.T.);
#315=ORIENTED_EDGE('',*,*,#600,.T.);
#316=ORIENTED_EDGE('',*,*,#602,.F.);
#317=ORIENTED_EDGE('',*,*,#603,.F.);
#318=ORIENTED_EDGE('',*,*,#604,.T.);
#319=ORIENTED_EDGE('',*,*,#603,.T.);
#320=ORIENTED_EDGE('',*,*,#605,.F.);
#321=ORIENTED_EDGE('',*,*,#442,.F.);
#322=ORIENTED_EDGE('',*,*,#606,.T.);
#323=ORIENTED_EDGE('',*,*,#607,.F.);
#324=ORIENTED_EDGE('',*,*,#479,.T.);
#325=ORIENTED_EDGE('',*,*,#476,.T.);
#326=ORIENTED_EDGE('',*,*,#473,.T.);
#327=ORIENTED_EDGE('',*,*,#470,.T.);
#328=ORIENTED_EDGE('',*,*,#467,.T.);
#329=ORIENTED_EDGE('',*,*,#464,.T.);
#330=ORIENTED_EDGE('',*,*,#461,.T.);
#331=ORIENTED_EDGE('',*,*,#458,.T.);
#332=ORIENTED_EDGE('',*,*,#455,.T.);
#333=ORIENTED_EDGE('',*,*,#452,.T.);
#334=ORIENTED_EDGE('',*,*,#449,.T.);
#335=ORIENTED_EDGE('',*,*,#446,.T.);
#336=ORIENTED_EDGE('',*,*,#443,.T.);
#337=ORIENTED_EDGE('',*,*,#439,.T.);
#338=ORIENTED_EDGE('',*,*,#605,.T.);
#339=ORIENTED_EDGE('',*,*,#602,.T.);
#340=ORIENTED_EDGE('',*,*,#599,.T.);
#341=ORIENTED_EDGE('',*,*,#596,.T.);
#342=ORIENTED_EDGE('',*,*,#593,.T.);
#343=ORIENTED_EDGE('',*,*,#590,.T.);
#344=ORIENTED_EDGE('',*,*,#587,.T.);
#345=ORIENTED_EDGE('',*,*,#584,.T.);
#346=ORIENTED_EDGE('',*,*,#581,.T.);
#347=ORIENTED_EDGE('',*,*,#578,.T.);
#348=ORIENTED_EDGE('',*,*,#575,.T.);
#349=ORIENTED_EDGE('',*,*,#572,.T.);
#350=ORIENTED_EDGE('',*,*,#569,.T.);
#351=ORIENTED_EDGE('',*,*,#566,.T.);
#352=ORIENTED_EDGE('',*,*,#563,.T.);
#353=ORIENTED_EDGE('',*,*,#560,.T.);
#354=ORIENTED_EDGE('',*,*,#557,.T.);
#355=ORIENTED_EDGE('',*,*,#554,.T.);
#356=ORIENTED_EDGE('',*,*,#551,.T.);
#357=ORIENTED_EDGE('',*,*,#548,.T.);
#358=ORIENTED_EDGE('',*,*,#545,.T.);
#359=ORIENTED_EDGE('',*,*,#542,.T.);
#360=ORIENTED_EDGE('',*,*,#539,.T.);
#361=ORIENTED_EDGE('',*,*,#536,.T.);
#362=ORIENTED_EDGE('',*,*,#533,.T.);
#363=ORIENTED_EDGE('',*,*,#530,.T.);
#364=ORIENTED_EDGE('',*,*,#527,.T.);
#365=ORIENTED_EDGE('',*,*,#524,.T.);
#366=ORIENTED_EDGE('',*,*,#521,.T.);
#367=ORIENTED_EDGE('',*,*,#518,.T.);
#368=ORIENTED_EDGE('',*,*,#515,.T.);
#369=ORIENTED_EDGE('',*,*,#512,.T.);
#370=ORIENTED_EDGE('',*,*,#509,.T.);
#371=ORIENTED_EDGE('',*,*,#506,.T.);
#372=ORIENTED_EDGE('',*,*,#503,.T.);
#373=ORIENTED_EDGE('',*,*,#500,.T.);
#374=ORIENTED_EDGE('',*,*,#497,.T.);
#375=ORIENTED_EDGE('',*,*,#494,.T.);
#376=ORIENTED_EDGE('',*,*,#491,.T.);
#377=ORIENTED_EDGE('',*,*,#488,.T.);
#378=ORIENTED_EDGE('',*,*,#485,.T.);
#379=ORIENTED_EDGE('',*,*,#482,.T.);
#380=ORIENTED_EDGE('',*,*,#608,.T.);
#381=ORIENTED_EDGE('',*,*,#481,.F.);
#382=ORIENTED_EDGE('',*,*,#484,.F.);
#383=ORIENTED_EDGE('',*,*,#487,.F.);
#384=ORIENTED_EDGE('',*,*,#490,.F.);
#385=ORIENTED_EDGE('',*,*,#493,.F.);
#386=ORIENTED_EDGE('',*,*,#496,.F.);
#387=ORIENTED_EDGE('',*,*,#499,.F.);
#388=ORIENTED_EDGE('',*,*,#502,.F.);
#389=ORIENTED_EDGE('',*,*,#505,.F.);
#390=ORIENTED_EDGE('',*,*,#508,.F.);
#391=ORIENTED_EDGE('',*,*,#511,.F.);
#392=ORIENTED_EDGE('',*,*,#514,.F.);
#393=ORIENTED_EDGE('',*,*,#517,.F.);
#394=ORIENTED_EDGE('',*,*,#520,.F.);
#395=ORIENTED_EDGE('',*,*,#523,.F.);
#396=ORIENTED_EDGE('',*,*,#526,.F.);
#397=ORIENTED_EDGE('',*,*,#529,.F.);
#398=ORIENTED_EDGE('',*,*,#532,.F.);
#399=ORIENTED_EDGE('',*,*,#535,.F.);
#400=ORIENTED_EDGE('',*,*,#538,.F.);
#401=ORIENTED_EDGE('',*,*,#541,.F.);
#402=ORIENTED_EDGE('',*,*,#544,.F.);
#403=ORIENTED_EDGE('',*,*,#547,.F.);
#404=ORIENTED_EDGE('',*,*,#550,.F.);
#405=ORIENTED_EDGE('',*,*,#553,.F.);
#406=ORIENTED_EDGE('',*,*,#556,.F.);
#407=ORIENTED_EDGE('',*,*,#559,.F.);
#408=ORIENTED_EDGE('',*,*,#562,.F.);
#409=ORIENTED_EDGE('',*,*,#565,.F.);
#410=ORIENTED_EDGE('',*,*,#568,.F.);
#411=ORIENTED_EDGE('',*,*,#571,.F.);
#412=ORIENTED_EDGE('',*,*,#574,.F.);
#413=ORIENTED_EDGE('',*,*,#577,.F.);
#414=ORIENTED_EDGE('',*,*,#580,.F.);
#415=ORIENTED_EDGE('',*,*,#583,.F.);
#416=ORIENTED_EDGE('',*,*,#586,.F.);
#417=ORIENTED_EDGE('',*,*,#589,.F.);
#418=ORIENTED_EDGE('',*,*,#592,.F.);
#419=ORIENTED_EDGE('',*,*,#595,.F.);
#420=ORIENTED_EDGE('',*,*,#598,.F.);
#421=ORIENTED_EDGE('',*,*,#601,.F.);
#422=ORIENTED_EDGE('',*,*,#604,.F.);
#423=ORIENTED_EDGE('',*,*,#606,.F.);
#424=ORIENTED_EDGE('',*,*,#441,.F.);
#425=ORIENTED_EDGE('',*,*,#445,.F.);
#426=ORIENTED_EDGE('',*,*,#448,.F.);
#427=ORIENTED_EDGE('',*,*,#451,.F.);
#428=ORIENTED_EDGE('',*,*,#454,.F.);
#429=ORIENTED_EDGE('',*,*,#457,.F.);
#430=ORIENTED_EDGE('',*,*,#460,.F.);
#431=ORIENTED_EDGE('',*,*,#463,.F.);
#432=ORIENTED_EDGE('',*,*,#466,.F.);
#433=ORIENTED_EDGE('',*,*,#469,.F.);
#434=ORIENTED_EDGE('',*,*,#472,.F.);
#435=ORIENTED_EDGE('',*,*,#475,.F.);
#436=ORIENTED_EDGE('',*,*,#478,.F.);
#437=ORIENTED_EDGE('',*,*,#607,.T.);
#438=ORIENTED_EDGE('',*,*,#608,.F.);
#439=EDGE_CURVE('',#609,#610,#723,.T.);
#440=EDGE_CURVE('',#611,#609,#724,.T.);
#441=EDGE_CURVE('',#611,#612,#725,.T.);
#442=EDGE_CURVE('',#612,#610,#726,.T.);
#443=EDGE_CURVE('',#613,#609,#27,.T.);
#444=EDGE_CURVE('',#614,#613,#727,.T.);
#445=EDGE_CURVE('',#614,#611,#28,.T.);
#446=EDGE_CURVE('',#615,#613,#728,.F.);
#447=EDGE_CURVE('',#616,#615,#729,.T.);
#448=EDGE_CURVE('',#616,#614,#730,.F.);
#449=EDGE_CURVE('',#617,#615,#29,.T.);
#450=EDGE_CURVE('',#618,#617,#731,.T.);
#451=EDGE_CURVE('',#618,#616,#30,.T.);
#452=EDGE_CURVE('',#619,#617,#732,.T.);
#453=EDGE_CURVE('',#620,#619,#733,.T.);
#454=EDGE_CURVE('',#620,#618,#734,.T.);
#455=EDGE_CURVE('',#621,#619,#31,.T.);
#456=EDGE_CURVE('',#622,#621,#735,.T.);
#457=EDGE_CURVE('',#622,#620,#32,.T.);
#458=EDGE_CURVE('',#623,#621,#736,.F.);
#459=EDGE_CURVE('',#624,#623,#737,.T.);
#460=EDGE_CURVE('',#624,#622,#738,.F.);
#461=EDGE_CURVE('',#625,#623,#33,.T.);
#462=EDGE_CURVE('',#626,#625,#739,.T.);
#463=EDGE_CURVE('',#626,#624,#34,.T.);
#464=EDGE_CURVE('',#627,#625,#740,.T.);
#465=EDGE_CURVE('',#628,#627,#741,.T.);
#466=EDGE_CURVE('',#628,#626,#742,.T.);
#467=EDGE_CURVE('',#629,#627,#35,.T.);
#468=EDGE_CURVE('',#630,#629,#743,.T.);
#469=EDGE_CURVE('',#630,#628,#36,.T.);
#470=EDGE_CURVE('',#631,#629,#744,.F.);
#471=EDGE_CURVE('',#632,#631,#745,.T.);
#472=EDGE_CURVE('',#632,#630,#746,.F.);
#473=EDGE_CURVE('',#633,#631,#37,.T.);
#474=EDGE_CURVE('',#634,#633,#747,.T.);
#475=EDGE_CURVE('',#634,#632,#38,.T.);
#476=EDGE_CURVE('',#635,#633,#748,.T.);
#477=EDGE_CURVE('',#636,#635,#749,.T.);
#478=EDGE_CURVE('',#636,#634,#750,.T.);
#479=EDGE_CURVE('',#637,#635,#39,.T.);
#480=EDGE_CURVE('',#638,#637,#751,.T.);
#481=EDGE_CURVE('',#638,#636,#40,.T.);
#482=EDGE_CURVE('',#639,#637,#752,.F.);
#483=EDGE_CURVE('',#640,#639,#753,.T.);
#484=EDGE_CURVE('',#640,#638,#754,.F.);
#485=EDGE_CURVE('',#641,#639,#41,.T.);
#486=EDGE_CURVE('',#642,#641,#755,.T.);
#487=EDGE_CURVE('',#642,#640,#42,.T.);
#488=EDGE_CURVE('',#643,#641,#756,.T.);
#489=EDGE_CURVE('',#644,#643,#757,.T.);
#490=EDGE_CURVE('',#644,#642,#758,.T.);
#491=EDGE_CURVE('',#645,#643,#43,.T.);
#492=EDGE_CURVE('',#646,#645,#759,.T.);
#493=EDGE_CURVE('',#646,#644,#44,.T.);
#494=EDGE_CURVE('',#647,#645,#760,.F.);
#495=EDGE_CURVE('',#648,#647,#761,.T.);
#496=EDGE_CURVE('',#648,#646,#762,.F.);
#497=EDGE_CURVE('',#649,#647,#45,.T.);
#498=EDGE_CURVE('',#650,#649,#763,.T.);
#499=EDGE_CURVE('',#650,#648,#46,.T.);
#500=EDGE_CURVE('',#651,#649,#764,.T.);
#501=EDGE_CURVE('',#652,#651,#765,.T.);
#502=EDGE_CURVE('',#652,#650,#766,.T.);
#503=EDGE_CURVE('',#653,#651,#47,.T.);
#504=EDGE_CURVE('',#654,#653,#767,.T.);
#505=EDGE_CURVE('',#654,#652,#48,.T.);
#506=EDGE_CURVE('',#655,#653,#768,.F.);
#507=EDGE_CURVE('',#656,#655,#769,.T.);
#508=EDGE_CURVE('',#656,#654,#770,.F.);
#509=EDGE_CURVE('',#657,#655,#49,.T.);
#510=EDGE_CURVE('',#658,#657,#771,.T.);
#511=EDGE_CURVE('',#658,#656,#50,.T.);
#512=EDGE_CURVE('',#659,#657,#772,.T.);
#513=EDGE_CURVE('',#660,#659,#773,.T.);
#514=EDGE_CURVE('',#660,#658,#774,.T.);
#515=EDGE_CURVE('',#661,#659,#51,.T.);
#516=EDGE_CURVE('',#662,#661,#775,.T.);
#517=EDGE_CURVE('',#662,#660,#52,.T.);
#518=EDGE_CURVE('',#663,#661,#776,.F.);
#519=EDGE_CURVE('',#664,#663,#777,.T.);
#520=EDGE_CURVE('',#664,#662,#778,.F.);
#521=EDGE_CURVE('',#665,#663,#53,.T.);
#522=EDGE_CURVE('',#666,#665,#779,.T.);
#523=EDGE_CURVE('',#666,#664,#54,.T.);
#524=EDGE_CURVE('',#667,#665,#780,.T.);
#525=EDGE_CURVE('',#668,#667,#781,.T.);
#526=EDGE_CURVE('',#668,#666,#782,.T.);
#527=EDGE_CURVE('',#669,#667,#55,.T.);
#528=EDGE_CURVE('',#670,#669,#783,.T.);
#529=EDGE_CURVE('',#670,#668,#56,.T.);
#530=EDGE_CURVE('',#671,#669,#784,.F.);
#531=EDGE_CURVE('',#672,#671,#785,.T.);
#532=EDGE_CURVE('',#672,#670,#786,.F.);
#533=EDGE_CURVE('',#673,#671,#57,.T.);
#534=EDGE_CURVE('',#674,#673,#787,.T.);
#535=EDGE_CURVE('',#674,#672,#58,.T.);
#536=EDGE_CURVE('',#675,#673,#788,.T.);
#537=EDGE_CURVE('',#676,#675,#789,.T.);
#538=EDGE_CURVE('',#676,#674,#790,.T.);
#539=EDGE_CURVE('',#677,#675,#59,.T.);
#540=EDGE_CURVE('',#678,#677,#791,.T.);
#541=EDGE_CURVE('',#678,#676,#60,.T.);
#542=EDGE_CURVE('',#679,#677,#792,.F.);
#543=EDGE_CURVE('',#680,#679,#793,.T.);
#544=EDGE_CURVE('',#680,#678,#794,.F.);
#545=EDGE_CURVE('',#681,#679,#61,.T.);
#546=EDGE_CURVE('',#682,#681,#795,.T.);
#547=EDGE_CURVE('',#682,#680,#62,.T.);
#548=EDGE_CURVE('',#683,#681,#796,.T.);
#549=EDGE_CURVE('',#684,#683,#797,.T.);
#550=EDGE_CURVE('',#684,#682,#798,.T.);
#551=EDGE_CURVE('',#685,#683,#63,.T.);
#552=EDGE_CURVE('',#686,#685,#799,.T.);
#553=EDGE_CURVE('',#686,#684,#64,.T.);
#554=EDGE_CURVE('',#687,#685,#800,.F.);
#555=EDGE_CURVE('',#688,#687,#801,.T.);
#556=EDGE_CURVE('',#688,#686,#802,.F.);
#557=EDGE_CURVE('',#689,#687,#65,.T.);
#558=EDGE_CURVE('',#690,#689,#803,.T.);
#559=EDGE_CURVE('',#690,#688,#66,.T.);
#560=EDGE_CURVE('',#691,#689,#804,.T.);
#561=EDGE_CURVE('',#692,#691,#805,.T.);
#562=EDGE_CURVE('',#692,#690,#806,.T.);
#563=EDGE_CURVE('',#693,#691,#67,.T.);
#564=EDGE_CURVE('',#694,#693,#807,.T.);
#565=EDGE_CURVE('',#694,#692,#68,.T.);
#566=EDGE_CURVE('',#695,#693,#808,.F.);
#567=EDGE_CURVE('',#696,#695,#809,.T.);
#568=EDGE_CURVE('',#696,#694,#810,.F.);
#569=EDGE_CURVE('',#697,#695,#69,.T.);
#570=EDGE_CURVE('',#698,#697,#811,.T.);
#571=EDGE_CURVE('',#698,#696,#70,.T.);
#572=EDGE_CURVE('',#699,#697,#812,.T.);
#573=EDGE_CURVE('',#700,#699,#813,.T.);
#574=EDGE_CURVE('',#700,#698,#814,.T.);
#575=EDGE_CURVE('',#701,#699,#71,.T.);
#576=EDGE_CURVE('',#702,#701,#815,.T.);
#577=EDGE_CURVE('',#702,#700,#72,.T.);
#578=EDGE_CURVE('',#703,#701,#816,.F.);
#579=EDGE_CURVE('',#704,#703,#817,.T.);
#580=EDGE_CURVE('',#704,#702,#818,.F.);
#581=EDGE_CURVE('',#705,#703,#73,.T.);
#582=EDGE_CURVE('',#706,#705,#819,.T.);
#583=EDGE_CURVE('',#706,#704,#74,.T.);
#584=EDGE_CURVE('',#707,#705,#820,.T.);
#585=EDGE_CURVE('',#708,#707,#821,.T.);
#586=EDGE_CURVE('',#708,#706,#822,.T.);
#587=EDGE_CURVE('',#709,#707,#75,.T.);
#588=EDGE_CURVE('',#710,#709,#823,.T.);
#589=EDGE_CURVE('',#710,#708,#76,.T.);
#590=EDGE_CURVE('',#711,#709,#824,.F.);
#591=EDGE_CURVE('',#712,#711,#825,.T.);
#592=EDGE_CURVE('',#712,#710,#826,.F.);
#593=EDGE_CURVE('',#713,#711,#77,.T.);
#594=EDGE_CURVE('',#714,#713,#827,.T.);
#595=EDGE_CURVE('',#714,#712,#78,.T.);
#596=EDGE_CURVE('',#715,#713,#828,.T.);
#597=EDGE_CURVE('',#716,#715,#829,.T.);
#598=EDGE_CURVE('',#716,#714,#830,.T.);
#599=EDGE_CURVE('',#717,#715,#79,.T.);
#600=EDGE_CURVE('',#718,#717,#831,.T.);
#601=EDGE_CURVE('',#718,#716,#80,.T.);
#602=EDGE_CURVE('',#719,#717,#832,.F.);
#603=EDGE_CURVE('',#720,#719,#833,.T.);
#604=EDGE_CURVE('',#720,#718,#834,.F.);
#605=EDGE_CURVE('',#610,#719,#81,.T.);
#606=EDGE_CURVE('',#612,#720,#82,.T.);
#607=EDGE_CURVE('',#721,#721,#83,.T.);
#608=EDGE_CURVE('',#722,#722,#84,.T.);
#609=VERTEX_POINT('',#1599);
#610=VERTEX_POINT('',#1600);
#611=VERTEX_POINT('',#1602);
#612=VERTEX_POINT('',#1604);
#613=VERTEX_POINT('',#1759);
#614=VERTEX_POINT('',#1761);
#615=VERTEX_POINT('',#1765);
#616=VERTEX_POINT('',#1767);
#617=VERTEX_POINT('',#1771);
#618=VERTEX_POINT('',#1773);
#619=VERTEX_POINT('',#1777);
#620=VERTEX_POINT('',#1779);
#621=VERTEX_POINT('',#1934);
#622=VERTEX_POINT('',#1936);
#623=VERTEX_POINT('',#1940);
#624=VERTEX_POINT('',#1942);
#625=VERTEX_POINT('',#1946);
#626=VERTEX_POINT('',#1948);
#627=VERTEX_POINT('',#1952);
#628=VERTEX_POINT('',#1954);
#629=VERTEX_POINT('',#2109);
#630=VERTEX_POINT('',#2111);
#631=VERTEX_POINT('',#2115);
#632=VERTEX_POINT('',#2117);
#633=VERTEX_POINT('',#2121);
#634=VERTEX_POINT('',#2123);
#635=VERTEX_POINT('',#2127);
#636=VERTEX_POINT('',#2129);
#637=VERTEX_POINT('',#2284);
#638=VERTEX_POINT('',#2286);
#639=VERTEX_POINT('',#2290);
#640=VERTEX_POINT('',#2292);
#641=VERTEX_POINT('',#2296);
#642=VERTEX_POINT('',#2298);
#643=VERTEX_POINT('',#2302);
#644=VERTEX_POINT('',#2304);
#645=VERTEX_POINT('',#2459);
#646=VERTEX_POINT('',#2461);
#647=VERTEX_POINT('',#2465);
#648=VERTEX_POINT('',#2467);
#649=VERTEX_POINT('',#2471);
#650=VERTEX_POINT('',#2473);
#651=VERTEX_POINT('',#2477);
#652=VERTEX_POINT('',#2479);
#653=VERTEX_POINT('',#2634);
#654=VERTEX_POINT('',#2636);
#655=VERTEX_POINT('',#2640);
#656=VERTEX_POINT('',#2642);
#657=VERTEX_POINT('',#2646);
#658=VERTEX_POINT('',#2648);
#659=VERTEX_POINT('',#2652);
#660=VERTEX_POINT('',#2654);
#661=VERTEX_POINT('',#2809);
#662=VERTEX_POINT('',#2811);
#663=VERTEX_POINT('',#2815);
#664=VERTEX_POINT('',#2817);
#665=VERTEX_POINT('',#2821);
#666=VERTEX_POINT('',#2823);
#667=VERTEX_POINT('',#2827);
#668=VERTEX_POINT('',#2829);
#669=VERTEX_POINT('',#2984);
#670=VERTEX_POINT('',#2986);
#671=VERTEX_POINT('',#2990);
#672=VERTEX_POINT('',#2992);
#673=VERTEX_POINT('',#2996);
#674=VERTEX_POINT('',#2998);
#675=VERTEX_POINT('',#3002);
#676=VERTEX_POINT('',#3004);
#677=VERTEX_POINT('',#3159);
#678=VERTEX_POINT('',#3161);
#679=VERTEX_POINT('',#3165);
#680=VERTEX_POINT('',#3167);
#681=VERTEX_POINT('',#3171);
#682=VERTEX_POINT('',#3173);
#683=VERTEX_POINT('',#3177);
#684=VERTEX_POINT('',#3179);
#685=VERTEX_POINT('',#3334);
#686=VERTEX_POINT('',#3336);
#687=VERTEX_POINT('',#3340);
#688=VERTEX_POINT('',#3342);
#689=VERTEX_POINT('',#3346);
#690=VERTEX_POINT('',#3348);
#691=VERTEX_POINT('',#3352);
#692=VERTEX_POINT('',#3354);
#693=VERTEX_POINT('',#3509);
#694=VERTEX_POINT('',#3511);
#695=VERTEX_POINT('',#3515);
#696=VERTEX_POINT('',#3517);
#697=VERTEX_POINT('',#3521);
#698=VERTEX_POINT('',#3523);
#699=VERTEX_POINT('',#3527);
#700=VERTEX_POINT('',#3529);
#701=VERTEX_POINT('',#3684);
#702=VERTEX_POINT('',#3686);
#703=VERTEX_POINT('',#3690);
#704=VERTEX_POINT('',#3692);
#705=VERTEX_POINT('',#3696);
#706=VERTEX_POINT('',#3698);
#707=VERTEX_POINT('',#3702);
#708=VERTEX_POINT('',#3704);
#709=VERTEX_POINT('',#3859);
#710=VERTEX_POINT('',#3861);
#711=VERTEX_POINT('',#3865);
#712=VERTEX_POINT('',#3867);
#713=VERTEX_POINT('',#3871);
#714=VERTEX_POINT('',#3873);
#715=VERTEX_POINT('',#3877);
#716=VERTEX_POINT('',#3879);
#717=VERTEX_POINT('',#4034);
#718=VERTEX_POINT('',#4036);
#719=VERTEX_POINT('',#4040);
#720=VERTEX_POINT('',#4042);
#721=VERTEX_POINT('',#4049);
#722=VERTEX_POINT('',#4052);
#723=LINE('',#1598,#835);
#724=LINE('',#1601,#836);
#725=LINE('',#1603,#837);
#726=LINE('',#1605,#838);
#727=LINE('',#1760,#839);
#728=LINE('',#1764,#840);
#729=LINE('',#1766,#841);
#730=LINE('',#1768,#842);
#731=LINE('',#1772,#843);
#732=LINE('',#1776,#844);
#733=LINE('',#1778,#845);
#734=LINE('',#1780,#846);
#735=LINE('',#1935,#847);
#736=LINE('',#1939,#848);
#737=LINE('',#1941,#849);
#738=LINE('',#1943,#850);
#739=LINE('',#1947,#851);
#740=LINE('',#1951,#852);
#741=LINE('',#1953,#853);
#742=LINE('',#1955,#854);
#743=LINE('',#2110,#855);
#744=LINE('',#2114,#856);
#745=LINE('',#2116,#857);
#746=LINE('',#2118,#858);
#747=LINE('',#2122,#859);
#748=LINE('',#2126,#860);
#749=LINE('',#2128,#861);
#750=LINE('',#2130,#862);
#751=LINE('',#2285,#863);
#752=LINE('',#2289,#864);
#753=LINE('',#2291,#865);
#754=LINE('',#2293,#866);
#755=LINE('',#2297,#867);
#756=LINE('',#2301,#868);
#757=LINE('',#2303,#869);
#758=LINE('',#2305,#870);
#759=LINE('',#2460,#871);
#760=LINE('',#2464,#872);
#761=LINE('',#2466,#873);
#762=LINE('',#2468,#874);
#763=LINE('',#2472,#875);
#764=LINE('',#2476,#876);
#765=LINE('',#2478,#877);
#766=LINE('',#2480,#878);
#767=LINE('',#2635,#879);
#768=LINE('',#2639,#880);
#769=LINE('',#2641,#881);
#770=LINE('',#2643,#882);
#771=LINE('',#2647,#883);
#772=LINE('',#2651,#884);
#773=LINE('',#2653,#885);
#774=LINE('',#2655,#886);
#775=LINE('',#2810,#887);
#776=LINE('',#2814,#888);
#777=LINE('',#2816,#889);
#778=LINE('',#2818,#890);
#779=LINE('',#2822,#891);
#780=LINE('',#2826,#892);
#781=LINE('',#2828,#893);
#782=LINE('',#2830,#894);
#783=LINE('',#2985,#895);
#784=LINE('',#2989,#896);
#785=LINE('',#2991,#897);
#786=LINE('',#2993,#898);
#787=LINE('',#2997,#899);
#788=LINE('',#3001,#900);
#789=LINE('',#3003,#901);
#790=LINE('',#3005,#902);
#791=LINE('',#3160,#903);
#792=LINE('',#3164,#904);
#793=LINE('',#3166,#905);
#794=LINE('',#3168,#906);
#795=LINE('',#3172,#907);
#796=LINE('',#3176,#908);
#797=LINE('',#3178,#909);
#798=LINE('',#3180,#910);
#799=LINE('',#3335,#911);
#800=LINE('',#3339,#912);
#801=LINE('',#3341,#913);
#802=LINE('',#3343,#914);
#803=LINE('',#3347,#915);
#804=LINE('',#3351,#916);
#805=LINE('',#3353,#917);
#806=LINE('',#3355,#918);
#807=LINE('',#3510,#919);
#808=LINE('',#3514,#920);
#809=LINE('',#3516,#921);
#810=LINE('',#3518,#922);
#811=LINE('',#3522,#923);
#812=LINE('',#3526,#924);
#813=LINE('',#3528,#925);
#814=LINE('',#3530,#926);
#815=LINE('',#3685,#927);
#816=LINE('',#3689,#928);
#817=LINE('',#3691,#929);
#818=LINE('',#3693,#930);
#819=LINE('',#3697,#931);
#820=LINE('',#3701,#932);
#821=LINE('',#3703,#933);
#822=LINE('',#3705,#934);
#823=LINE('',#3860,#935);
#824=LINE('',#3864,#936);
#825=LINE('',#3866,#937);
#826=LINE('',#3868,#938);
#827=LINE('',#3872,#939);
#828=LINE('',#3876,#940);
#829=LINE('',#3878,#941);
#830=LINE('',#3880,#942);
#831=LINE('',#4035,#943);
#832=LINE('',#4039,#944);
#833=LINE('',#4041,#945);
#834=LINE('',#4043,#946);
#835=VECTOR('',#1280,1.);
#836=VECTOR('',#1281,1.);
#837=VECTOR('',#1282,1.);
#838=VECTOR('',#1283,1.);
#839=VECTOR('',#1286,1.);
#840=VECTOR('',#1291,1.);
#841=VECTOR('',#1292,1.);
#842=VECTOR('',#1293,1.);
#843=VECTOR('',#1298,1.);
#844=VECTOR('',#1303,1.);
#845=VECTOR('',#1304,1.);
#846=VECTOR('',#1305,1.);
#847=VECTOR('',#1308,1.);
#848=VECTOR('',#1313,1.);
#849=VECTOR('',#1314,1.);
#850=VECTOR('',#1315,1.);
#851=VECTOR('',#1320,1.);
#852=VECTOR('',#1325,1.);
#853=VECTOR('',#1326,1.);
#854=VECTOR('',#1327,1.);
#855=VECTOR('',#1330,1.);
#856=VECTOR('',#1335,1.);
#857=VECTOR('',#1336,1.);
#858=VECTOR('',#1337,1.);
#859=VECTOR('',#1342,1.);
#860=VECTOR('',#1347,1.);
#861=VECTOR('',#1348,1.);
#862=VECTOR('',#1349,1.);
#863=VECTOR('',#1352,1.);
#864=VECTOR('',#1357,1.);
#865=VECTOR('',#1358,1.);
#866=VECTOR('',#1359,1.);
#867=VECTOR('',#1364,1.);
#868=VECTOR('',#1369,1.);
#869=VECTOR('',#1370,1.);
#870=VECTOR('',#1371,1.);
#871=VECTOR('',#1374,1.);
#872=VECTOR('',#1379,1.);
#873=VECTOR('',#1380,1.);
#874=VECTOR('',#1381,1.);
#875=VECTOR('',#1386,1.);
#876=VECTOR('',#1391,1.);
#877=VECTOR('',#1392,1.);
#878=VECTOR('',#1393,1.);
#879=VECTOR('',#1396,1.);
#880=VECTOR('',#1401,1.);
#881=VECTOR('',#1402,1.);
#882=VECTOR('',#1403,1.);
#883=VECTOR('',#1408,1.);
#884=VECTOR('',#1413,1.);
#885=VECTOR('',#1414,1.);
#886=VECTOR('',#1415,1.);
#887=VECTOR('',#1418,1.);
#888=VECTOR('',#1423,1.);
#889=VECTOR('',#1424,1.);
#890=VECTOR('',#1425,1.);
#891=VECTOR('',#1430,1.);
#892=VECTOR('',#1435,1.);
#893=VECTOR('',#1436,1.);
#894=VECTOR('',#1437,1.);
#895=VECTOR('',#1440,1.);
#896=VECTOR('',#1445,1.);
#897=VECTOR('',#1446,1.);
#898=VECTOR('',#1447,1.);
#899=VECTOR('',#1452,1.);
#900=VECTOR('',#1457,1.);
#901=VECTOR('',#1458,1.);
#902=VECTOR('',#1459,1.);
#903=VECTOR('',#1462,1.);
#904=VECTOR('',#1467,1.);
#905=VECTOR('',#1468,1.);
#906=VECTOR('',#1469,1.);
#907=VECTOR('',#1474,1.);
#908=VECTOR('',#1479,1.);
#909=VECTOR('',#1480,1.);
#910=VECTOR('',#1481,1.);
#911=VECTOR('',#1484,1.);
#912=VECTOR('',#1489,1.);
#913=VECTOR('',#1490,1.);
#914=VECTOR('',#1491,1.);
#915=VECTOR('',#1496,1.);
#916=VECTOR('',#1501,1.);
#917=VECTOR('',#1502,1.);
#918=VECTOR('',#1503,1.);
#919=VECTOR('',#1506,1.);
#920=VECTOR('',#1511,1.);
#921=VECTOR('',#1512,1.);
#922=VECTOR('',#1513,1.);
#923=VECTOR('',#1518,1.);
#924=VECTOR('',#1523,1.);
#925=VECTOR('',#1524,1.);
#926=VECTOR('',#1525,1.);
#927=VECTOR('',#1528,1.);
#928=VECTOR('',#1533,1.);
#929=VECTOR('',#1534,1.);
#930=VECTOR('',#1535,1.);
#931=VECTOR('',#1540,1.);
#932=VECTOR('',#1545,1.);
#933=VECTOR('',#1546,1.);
#934=VECTOR('',#1547,1.);
#935=VECTOR('',#1550,1.);
#936=VECTOR('',#1555,1.);
#937=VECTOR('',#1556,1.);
#938=VECTOR('',#1557,1.);
#939=VECTOR('',#1562,1.);
#940=VECTOR('',#1567,1.);
#941=VECTOR('',#1568,1.);
#942=VECTOR('',#1569,1.);
#943=VECTOR('',#1572,1.);
#944=VECTOR('',#1577,1.);
#945=VECTOR('',#1578,1.);
#946=VECTOR('',#1579,1.);
#947=EDGE_LOOP('',(#99,#100,#101,#102));
#948=EDGE_LOOP('',(#103,#104,#105,#106));
#949=EDGE_LOOP('',(#107,#108,#109,#110));
#950=EDGE_LOOP('',(#111,#112,#113,#114));
#951=EDGE_LOOP('',(#115,#116,#117,#118));
#952=EDGE_LOOP('',(#119,#120,#121,#122));
#953=EDGE_LOOP('',(#123,#124,#125,#126));
#954=EDGE_LOOP('',(#127,#128,#129,#130));
#955=EDGE_LOOP('',(#131,#132,#133,#134));
#956=EDGE_LOOP('',(#135,#136,#137,#138));
#957=EDGE_LOOP('',(#139,#140,#141,#142));
#958=EDGE_LOOP('',(#143,#144,#145,#146));
#959=EDGE_LOOP('',(#147,#148,#149,#150));
#960=EDGE_LOOP('',(#151,#152,#153,#154));
#961=EDGE_LOOP('',(#155,#156,#157,#158));
#962=EDGE_LOOP('',(#159,#160,#161,#162));
#963=EDGE_LOOP('',(#163,#164,#165,#166));
#964=EDGE_LOOP('',(#167,#168,#169,#170));
#965=EDGE_LOOP('',(#171,#172,#173,#174));
#966=EDGE_LOOP('',(#175,#176,#177,#178));
#967=EDGE_LOOP('',(#179,#180,#181,#182));
#968=EDGE_LOOP('',(#183,#184,#185,#186));
#969=EDGE_LOOP('',(#187,#188,#189,#190));
#970=EDGE_LOOP('',(#191,#192,#193,#194));
#971=EDGE_LOOP('',(#195,#196,#197,#198));
#972=EDGE_LOOP('',(#199,#200,#201,#202));
#973=EDGE_LOOP('',(#203,#204,#205,#206));
#974=EDGE_LOOP('',(#207,#208,#209,#210));
#975=EDGE_LOOP('',(#211,#212,#213,#214));
#976=EDGE_LOOP('',(#215,#216,#217,#218));
#977=EDGE_LOOP('',(#219,#220,#221,#222));
#978=EDGE_LOOP('',(#223,#224,#225,#226));
#979=EDGE_LOOP('',(#227,#228,#229,#230));
#980=EDGE_LOOP('',(#231,#232,#233,#234));
#981=EDGE_LOOP('',(#235,#236,#237,#238));
#982=EDGE_LOOP('',(#239,#240,#241,#242));
#983=EDGE_LOOP('',(#243,#244,#245,#246));
#984=EDGE_LOOP('',(#247,#248,#249,#250));
#985=EDGE_LOOP('',(#251,#252,#253,#254));
#986=EDGE_LOOP('',(#255,#256,#257,#258));
#987=EDGE_LOOP('',(#259,#260,#261,#262));
#988=EDGE_LOOP('',(#263,#264,#265,#266));
#989=EDGE_LOOP('',(#267,#268,#269,#270));
#990=EDGE_LOOP('',(#271,#272,#273,#274));
#991=EDGE_LOOP('',(#275,#276,#277,#278));
#992=EDGE_LOOP('',(#279,#280,#281,#282));
#993=EDGE_LOOP('',(#283,#284,#285,#286));
#994=EDGE_LOOP('',(#287,#288,#289,#290));
#995=EDGE_LOOP('',(#291,#292,#293,#294));
#996=EDGE_LOOP('',(#295,#296,#297,#298));
#997=EDGE_LOOP('',(#299,#300,#301,#302));
#998=EDGE_LOOP('',(#303,#304,#305,#306));
#999=EDGE_LOOP('',(#307,#308,#309,#310));
#1000=EDGE_LOOP('',(#311,#312,#313,#314));
#1001=EDGE_LOOP('',(#315,#316,#317,#318));
#1002=EDGE_LOOP('',(#319,#320,#321,#322));
#1003=EDGE_LOOP('',(#323));
#1004=EDGE_LOOP('',(#324,#325,#326,#327,#328,#329,#330,#331,#332,#333,#334,
#335,#336,#337,#338,#339,#340,#341,#342,#343,#344,#345,#346,#347,#348,#349,
#350,#351,#352,#353,#354,#355,#356,#357,#358,#359,#360,#361,#362,#363,#364,
#365,#366,#367,#368,#369,#370,#371,#372,#373,#374,#375,#376,#377,#378,#379));
#1005=EDGE_LOOP('',(#380));
#1006=EDGE_LOOP('',(#381,#382,#383,#384,#385,#386,#387,#388,#389,#390,#391,
#392,#393,#394,#395,#396,#397,#398,#399,#400,#401,#402,#403,#404,#405,#406,
#407,#408,#409,#410,#411,#412,#413,#414,#415,#416,#417,#418,#419,#420,#421,
#422,#423,#424,#425,#426,#427,#428,#429,#430,#431,#432,#433,#434,#435,#436));
#1007=EDGE_LOOP('',(#437));
#1008=EDGE_LOOP('',(#438));
#1009=FACE_BOUND('',#947,.T.);
#1010=FACE_BOUND('',#948,.T.);
#1011=FACE_BOUND('',#949,.T.);
#1012=FACE_BOUND('',#950,.T.);
#1013=FACE_BOUND('',#951,.T.);
#1014=FACE_BOUND('',#952,.T.);
#1015=FACE_BOUND('',#953,.T.);
#1016=FACE_BOUND('',#954,.T.);
#1017=FACE_BOUND('',#955,.T.);
#1018=FACE_BOUND('',#956,.T.);
#1019=FACE_BOUND('',#957,.T.);
#1020=FACE_BOUND('',#958,.T.);
#1021=FACE_BOUND('',#959,.T.);
#1022=FACE_BOUND('',#960,.T.);
#1023=FACE_BOUND('',#961,.T.);
#1024=FACE_BOUND('',#962,.T.);
#1025=FACE_BOUND('',#963,.T.);
#1026=FACE_BOUND('',#964,.T.);
#1027=FACE_BOUND('',#965,.T.);
#1028=FACE_BOUND('',#966,.T.);
#1029=FACE_BOUND('',#967,.T.);
#1030=FACE_BOUND('',#968,.T.);
#1031=FACE_BOUND('',#969,.T.);
#1032=FACE_BOUND('',#970,.T.);
#1033=FACE_BOUND('',#971,.T.);
#1034=FACE_BOUND('',#972,.T.);
#1035=FACE_BOUND('',#973,.T.);
#1036=FACE_BOUND('',#974,.T.);
#1037=FACE_BOUND('',#975,.T.);
#1038=FACE_BOUND('',#976,.T.);
#1039=FACE_BOUND('',#977,.T.);
#1040=FACE_BOUND('',#978,.T.);
#1041=FACE_BOUND('',#979,.T.);
#1042=FACE_BOUND('',#980,.T.);
#1043=FACE_BOUND('',#981,.T.);
#1044=FACE_BOUND('',#982,.T.);
#1045=FACE_BOUND('',#983,.T.);
#1046=FACE_BOUND('',#984,.T.);
#1047=FACE_BOUND('',#985,.T.);
#1048=FACE_BOUND('',#986,.T.);
#1049=FACE_BOUND('',#987,.T.);
#1050=FACE_BOUND('',#988,.T.);
#1051=FACE_BOUND('',#989,.T.);
#1052=FACE_BOUND('',#990,.T.);
#1053=FACE_BOUND('',#991,.T.);
#1054=FACE_BOUND('',#992,.T.);
#1055=FACE_BOUND('',#993,.T.);
#1056=FACE_BOUND('',#994,.T.);
#1057=FACE_BOUND('',#995,.T.);
#1058=FACE_BOUND('',#996,.T.);
#1059=FACE_BOUND('',#997,.T.);
#1060=FACE_BOUND('',#998,.T.);
#1061=FACE_BOUND('',#999,.T.);
#1062=FACE_BOUND('',#1000,.T.);
#1063=FACE_BOUND('',#1001,.T.);
#1064=FACE_BOUND('',#1002,.T.);
#1065=FACE_BOUND('',#1003,.T.);
#1066=FACE_BOUND('',#1004,.T.);
#1067=FACE_BOUND('',#1005,.T.);
#1068=FACE_BOUND('',#1006,.T.);
#1069=FACE_BOUND('',#1007,.T.);
#1070=FACE_BOUND('',#1008,.T.);
#1071=PLANE('',#1173);
#1072=PLANE('',#1176);
#1073=PLANE('',#1180);
#1074=PLANE('',#1183);
#1075=PLANE('',#1187);
#1076=PLANE('',#1190);
#1077=PLANE('',#1194);
#1078=PLANE('',#1197);
#1079=PLANE('',#1201);
#1080=PLANE('',#1204);
#1081=PLANE('',#1208);
#1082=PLANE('',#1211);
#1083=PLANE('',#1215);
#1084=PLANE('',#1218);
#1085=PLANE('',#1222);
#1086=PLANE('',#1225);
#1087=PLANE('',#1229);
#1088=PLANE('',#1232);
#1089=PLANE('',#1236);
#1090=PLANE('',#1239);
#1091=PLANE('',#1243);
#1092=PLANE('',#1246);
#1093=PLANE('',#1250);
#1094=PLANE('',#1253);
#1095=PLANE('',#1257);
#1096=PLANE('',#1260);
#1097=PLANE('',#1264);
#1098=PLANE('',#1267);
#1099=PLANE('',#1271);
#1100=PLANE('',#1273);
#1101=ADVANCED_FACE('',(#1009),#1071,.T.);
#1102=ADVANCED_FACE('',(#1010),#85,.T.);
#1103=ADVANCED_FACE('',(#1011),#1072,.F.);
#1104=ADVANCED_FACE('',(#1012),#13,.T.);
#1105=ADVANCED_FACE('',(#1013),#1073,.T.);
#1106=ADVANCED_FACE('',(#1014),#86,.T.);
#1107=ADVANCED_FACE('',(#1015),#1074,.F.);
#1108=ADVANCED_FACE('',(#1016),#14,.T.);
#1109=ADVANCED_FACE('',(#1017),#1075,.T.);
#1110=ADVANCED_FACE('',(#1018),#87,.T.);
#1111=ADVANCED_FACE('',(#1019),#1076,.F.);
#1112=ADVANCED_FACE('',(#1020),#15,.T.);
#1113=ADVANCED_FACE('',(#1021),#1077,.T.);
#1114=ADVANCED_FACE('',(#1022),#88,.T.);
#1115=ADVANCED_FACE('',(#1023),#1078,.F.);
#1116=ADVANCED_FACE('',(#1024),#16,.T.);
#1117=ADVANCED_FACE('',(#1025),#1079,.T.);
#1118=ADVANCED_FACE('',(#1026),#89,.T.);
#1119=ADVANCED_FACE('',(#1027),#1080,.F.);
#1120=ADVANCED_FACE('',(#1028),#17,.T.);
#1121=ADVANCED_FACE('',(#1029),#1081,.T.);
#1122=ADVANCED_FACE('',(#1030),#90,.T.);
#1123=ADVANCED_FACE('',(#1031),#1082,.F.);
#1124=ADVANCED_FACE('',(#1032),#18,.T.);
#1125=ADVANCED_FACE('',(#1033),#1083,.T.);
#1126=ADVANCED_FACE('',(#1034),#91,.T.);
#1127=ADVANCED_FACE('',(#1035),#1084,.F.);
#1128=ADVANCED_FACE('',(#1036),#19,.T.);
#1129=ADVANCED_FACE('',(#1037),#1085,.T.);
#1130=ADVANCED_FACE('',(#1038),#92,.T.);
#1131=ADVANCED_FACE('',(#1039),#1086,.F.);
#1132=ADVANCED_FACE('',(#1040),#20,.T.);
#1133=ADVANCED_FACE('',(#1041),#1087,.T.);
#1134=ADVANCED_FACE('',(#1042),#93,.T.);
#1135=ADVANCED_FACE('',(#1043),#1088,.F.);
#1136=ADVANCED_FACE('',(#1044),#21,.T.);
#1137=ADVANCED_FACE('',(#1045),#1089,.T.);
#1138=ADVANCED_FACE('',(#1046),#94,.T.);
#1139=ADVANCED_FACE('',(#1047),#1090,.F.);
#1140=ADVANCED_FACE('',(#1048),#22,.T.);
#1141=ADVANCED_FACE('',(#1049),#1091,.T.);
#1142=ADVANCED_FACE('',(#1050),#95,.T.);
#1143=ADVANCED_FACE('',(#1051),#1092,.F.);
#1144=ADVANCED_FACE('',(#1052),#23,.T.);
#1145=ADVANCED_FACE('',(#1053),#1093,.T.);
#1146=ADVANCED_FACE('',(#1054),#96,.T.);
#1147=ADVANCED_FACE('',(#1055),#1094,.F.);
#1148=ADVANCED_FACE('',(#1056),#24,.T.);
#1149=ADVANCED_FACE('',(#1057),#1095,.T.);
#1150=ADVANCED_FACE('',(#1058),#97,.T.);
#1151=ADVANCED_FACE('',(#1059),#1096,.F.);
#1152=ADVANCED_FACE('',(#1060),#25,.T.);
#1153=ADVANCED_FACE('',(#1061),#1097,.T.);
#1154=ADVANCED_FACE('',(#1062),#98,.T.);
#1155=ADVANCED_FACE('',(#1063),#1098,.F.);
#1156=ADVANCED_FACE('',(#1064),#26,.T.);
#1157=ADVANCED_FACE('',(#1065,#1066),#1099,.T.);
#1158=ADVANCED_FACE('',(#1067,#1068),#1100,.F.);
#1159=ADVANCED_FACE('',(#1069,#1070),#12,.F.);
#1160=CLOSED_SHELL('',(#1101,#1102,#1103,#1104,#1105,#1106,#1107,#1108,
#1109,#1110,#1111,#1112,#1113,#1114,#1115,#1116,#1117,#1118,#1119,#1120,
#1121,#1122,#1123,#1124,#1125,#1126,#1127,#1128,#1129,#1130,#1131,#1132,
#1133,#1134,#1135,#1136,#1137,#1138,#1139,#1140,#1141,#1142,#1143,#1144,
#1145,#1146,#1147,#1148,#1149,#1150,#1151,#1152,#1153,#1154,#1155,#1156,
#1157,#1158,#1159));
#1161=STYLED_ITEM('',(#1162),#1169);
#1162=PRESENTATION_STYLE_ASSIGNMENT((#1163));
#1163=SURFACE_STYLE_USAGE(.BOTH.,#1164);
#1164=SURFACE_SIDE_STYLE('',(#1165));
#1165=SURFACE_STYLE_FILL_AREA(#1166);
#1166=FILL_AREA_STYLE('',(#1167));
#1167=FILL_AREA_STYLE_COLOUR('',#1168);
#1168=COLOUR_RGB('',0.615686274509804,0.811764705882353,0.929411764705882);
#1169=MANIFOLD_SOLID_BREP('Part 1',#1160);
#1170=SHAPE_DEFINITION_REPRESENTATION(#4060,#1171);
#1171=SHAPE_REPRESENTATION('Part 1',(#1172),#4055);
#1172=AXIS2_PLACEMENT_3D('',#1596,#1276,#1277);
#1173=AXIS2_PLACEMENT_3D('',#1597,#1278,#1279);
#1174=AXIS2_PLACEMENT_3D('',#1758,#1284,#1285);
#1175=AXIS2_PLACEMENT_3D('',#1762,#1287,#1288);
#1176=AXIS2_PLACEMENT_3D('',#1763,#1289,#1290);
#1177=AXIS2_PLACEMENT_3D('',#1769,#1294,#1295);
#1178=AXIS2_PLACEMENT_3D('',#1770,#1296,#1297);
#1179=AXIS2_PLACEMENT_3D('',#1774,#1299,#1300);
#1180=AXIS2_PLACEMENT_3D('',#1775,#1301,#1302);
#1181=AXIS2_PLACEMENT_3D('',#1933,#1306,#1307);
#1182=AXIS2_PLACEMENT_3D('',#1937,#1309,#1310);
#1183=AXIS2_PLACEMENT_3D('',#1938,#1311,#1312);
#1184=AXIS2_PLACEMENT_3D('',#1944,#1316,#1317);
#1185=AXIS2_PLACEMENT_3D('',#1945,#1318,#1319);
#1186=AXIS2_PLACEMENT_3D('',#1949,#1321,#1322);
#1187=AXIS2_PLACEMENT_3D('',#1950,#1323,#1324);
#1188=AXIS2_PLACEMENT_3D('',#2108,#1328,#1329);
#1189=AXIS2_PLACEMENT_3D('',#2112,#1331,#1332);
#1190=AXIS2_PLACEMENT_3D('',#2113,#1333,#1334);
#1191=AXIS2_PLACEMENT_3D('',#2119,#1338,#1339);
#1192=AXIS2_PLACEMENT_3D('',#2120,#1340,#1341);
#1193=AXIS2_PLACEMENT_3D('',#2124,#1343,#1344);
#1194=AXIS2_PLACEMENT_3D('',#2125,#1345,#1346);
#1195=AXIS2_PLACEMENT_3D('',#2283,#1350,#1351);
#1196=AXIS2_PLACEMENT_3D('',#2287,#1353,#1354);
#1197=AXIS2_PLACEMENT_3D('',#2288,#1355,#1356);
#1198=AXIS2_PLACEMENT_3D('',#2294,#1360,#1361);
#1199=AXIS2_PLACEMENT_3D('',#2295,#1362,#1363);
#1200=AXIS2_PLACEMENT_3D('',#2299,#1365,#1366);
#1201=AXIS2_PLACEMENT_3D('',#2300,#1367,#1368);
#1202=AXIS2_PLACEMENT_3D('',#2458,#1372,#1373);
#1203=AXIS2_PLACEMENT_3D('',#2462,#1375,#1376);
#1204=AXIS2_PLACEMENT_3D('',#2463,#1377,#1378);
#1205=AXIS2_PLACEMENT_3D('',#2469,#1382,#1383);
#1206=AXIS2_PLACEMENT_3D('',#2470,#1384,#1385);
#1207=AXIS2_PLACEMENT_3D('',#2474,#1387,#1388);
#1208=AXIS2_PLACEMENT_3D('',#2475,#1389,#1390);
#1209=AXIS2_PLACEMENT_3D('',#2633,#1394,#1395);
#1210=AXIS2_PLACEMENT_3D('',#2637,#1397,#1398);
#1211=AXIS2_PLACEMENT_3D('',#2638,#1399,#1400);
#1212=AXIS2_PLACEMENT_3D('',#2644,#1404,#1405);
#1213=AXIS2_PLACEMENT_3D('',#2645,#1406,#1407);
#1214=AXIS2_PLACEMENT_3D('',#2649,#1409,#1410);
#1215=AXIS2_PLACEMENT_3D('',#2650,#1411,#1412);
#1216=AXIS2_PLACEMENT_3D('',#2808,#1416,#1417);
#1217=AXIS2_PLACEMENT_3D('',#2812,#1419,#1420);
#1218=AXIS2_PLACEMENT_3D('',#2813,#1421,#1422);
#1219=AXIS2_PLACEMENT_3D('',#2819,#1426,#1427);
#1220=AXIS2_PLACEMENT_3D('',#2820,#1428,#1429);
#1221=AXIS2_PLACEMENT_3D('',#2824,#1431,#1432);
#1222=AXIS2_PLACEMENT_3D('',#2825,#1433,#1434);
#1223=AXIS2_PLACEMENT_3D('',#2983,#1438,#1439);
#1224=AXIS2_PLACEMENT_3D('',#2987,#1441,#1442);
#1225=AXIS2_PLACEMENT_3D('',#2988,#1443,#1444);
#1226=AXIS2_PLACEMENT_3D('',#2994,#1448,#1449);
#1227=AXIS2_PLACEMENT_3D('',#2995,#1450,#1451);
#1228=AXIS2_PLACEMENT_3D('',#2999,#1453,#1454);
#1229=AXIS2_PLACEMENT_3D('',#3000,#1455,#1456);
#1230=AXIS2_PLACEMENT_3D('',#3158,#1460,#1461);
#1231=AXIS2_PLACEMENT_3D('',#3162,#1463,#1464);
#1232=AXIS2_PLACEMENT_3D('',#3163,#1465,#1466);
#1233=AXIS2_PLACEMENT_3D('',#3169,#1470,#1471);
#1234=AXIS2_PLACEMENT_3D('',#3170,#1472,#1473);
#1235=AXIS2_PLACEMENT_3D('',#3174,#1475,#1476);
#1236=AXIS2_PLACEMENT_3D('',#3175,#1477,#1478);
#1237=AXIS2_PLACEMENT_3D('',#3333,#1482,#1483);
#1238=AXIS2_PLACEMENT_3D('',#3337,#1485,#1486);
#1239=AXIS2_PLACEMENT_3D('',#3338,#1487,#1488);
#1240=AXIS2_PLACEMENT_3D('',#3344,#1492,#1493);
#1241=AXIS2_PLACEMENT_3D('',#3345,#1494,#1495);
#1242=AXIS2_PLACEMENT_3D('',#3349,#1497,#1498);
#1243=AXIS2_PLACEMENT_3D('',#3350,#1499,#1500);
#1244=AXIS2_PLACEMENT_3D('',#3508,#1504,#1505);
#1245=AXIS2_PLACEMENT_3D('',#3512,#1507,#1508);
#1246=AXIS2_PLACEMENT_3D('',#3513,#1509,#1510);
#1247=AXIS2_PLACEMENT_3D('',#3519,#1514,#1515);
#1248=AXIS2_PLACEMENT_3D('',#3520,#1516,#1517);
#1249=AXIS2_PLACEMENT_3D('',#3524,#1519,#1520);
#1250=AXIS2_PLACEMENT_3D('',#3525,#1521,#1522);
#1251=AXIS2_PLACEMENT_3D('',#3683,#1526,#1527);
#1252=AXIS2_PLACEMENT_3D('',#3687,#1529,#1530);
#1253=AXIS2_PLACEMENT_3D('',#3688,#1531,#1532);
#1254=AXIS2_PLACEMENT_3D('',#3694,#1536,#1537);
#1255=AXIS2_PLACEMENT_3D('',#3695,#1538,#1539);
#1256=AXIS2_PLACEMENT_3D('',#3699,#1541,#1542);
#1257=AXIS2_PLACEMENT_3D('',#3700,#1543,#1544);
#1258=AXIS2_PLACEMENT_3D('',#3858,#1548,#1549);
#1259=AXIS2_PLACEMENT_3D('',#3862,#1551,#1552);
#1260=AXIS2_PLACEMENT_3D('',#3863,#1553,#1554);
#1261=AXIS2_PLACEMENT_3D('',#3869,#1558,#1559);
#1262=AXIS2_PLACEMENT_3D('',#3870,#1560,#1561);
#1263=AXIS2_PLACEMENT_3D('',#3874,#1563,#1564);
#1264=AXIS2_PLACEMENT_3D('',#3875,#1565,#1566);
#1265=AXIS2_PLACEMENT_3D('',#4033,#1570,#1571);
#1266=AXIS2_PLACEMENT_3D('',#4037,#1573,#1574);
#1267=AXIS2_PLACEMENT_3D('',#4038,#1575,#1576);
#1268=AXIS2_PLACEMENT_3D('',#4044,#1580,#1581);
#1269=AXIS2_PLACEMENT_3D('',#4045,#1582,#1583);
#1270=AXIS2_PLACEMENT_3D('',#4046,#1584,#1585);
#1271=AXIS2_PLACEMENT_3D('',#4047,#1586,#1587);
#1272=AXIS2_PLACEMENT_3D('',#4048,#1588,#1589);
#1273=AXIS2_PLACEMENT_3D('',#4050,#1590,#1591);
#1274=AXIS2_PLACEMENT_3D('',#4051,#1592,#1593);
#1275=AXIS2_PLACEMENT_3D('',#4053,#1594,#1595);
#1276=DIRECTION('',(0.,0.,1.));
#1277=DIRECTION('',(1.,0.,0.));
#1278=DIRECTION('',(0.502252461772084,-0.656545153391423,0.56275298862122));
#1279=DIRECTION('',(0.,-0.650791373455969,-0.759256602365297));
#1280=DIRECTION('',(0.,-0.650791373455968,-0.759256602365297));
#1281=DIRECTION('',(0.765486444705669,0.0348720382298346,-0.64250637656102));
#1282=DIRECTION('',(0.,-0.650791373455969,-0.759256602365297));
#1283=DIRECTION('',(0.795395201161763,0.0954474241394119,-0.598528414692226));
#1284=DIRECTION('',(1.,0.,0.));
#1285=DIRECTION('',(0.,0.,-1.));
#1286=DIRECTION('',(0.76548644470567,-0.034872038229835,-0.64250637656102));
#1287=DIRECTION('',(1.,0.,0.));
#1288=DIRECTION('',(0.,0.,-1.));
#1289=DIRECTION('',(-0.502252461772084,-0.656545153391423,-0.56275298862122));
#1290=DIRECTION('',(0.,0.650791373455969,-0.759256602365297));
#1291=DIRECTION('',(0.,0.650791373455968,-0.759256602365297));
#1292=DIRECTION('',(0.795395201161763,-0.0954474241394121,-0.598528414692226));
#1293=DIRECTION('',(0.,0.650791373455969,-0.759256602365297));
#1294=DIRECTION('',(-1.,0.,0.));
#1295=DIRECTION('',(0.,0.,1.));
#1296=DIRECTION('',(1.,0.,0.));
#1297=DIRECTION('',(0.,0.,-1.));
#1298=DIRECTION('',(0.795395201161763,-0.173696588863679,-0.580668553467433));
#1299=DIRECTION('',(1.,0.,0.));
#1300=DIRECTION('',(0.,0.,-1.));
#1301=DIRECTION('',(0.502252461772084,-0.347357372675336,0.791887189119744));
#1302=DIRECTION('',(0.844469944905659,0.,-0.535602942627309));
#1303=DIRECTION('',(0.,-0.915771860567232,-0.401698766979973));
#1304=DIRECTION('',(0.76548644470567,-0.247354448263784,-0.594008653048079));
#1305=DIRECTION('',(0.,-0.915771860567232,-0.401698766979973));
#1306=DIRECTION('',(1.,0.,0.));
#1307=DIRECTION('',(0.,0.,-1.));
#1308=DIRECTION('',(0.76548644470567,-0.310191689874552,-0.563747832372456));
#1309=DIRECTION('',(1.,0.,0.));
#1310=DIRECTION('',(0.,0.,-1.));
#1311=DIRECTION('',(-0.502252461772084,-0.835696114480446,-0.222158657013783));
#1312=DIRECTION('',(0.857114964264029,-0.515125167347387,0.));
#1313=DIRECTION('',(0.,0.256913673399337,-0.966434355981025));
#1314=DIRECTION('',(0.795395201161763,-0.345686904205856,-0.497842382917937));
#1315=DIRECTION('',(0.,0.256913673399337,-0.966434355981025));
#1316=DIRECTION('',(-1.,0.,0.));
#1317=DIRECTION('',(0.,0.,1.));
#1318=DIRECTION('',(1.,0.,0.));
#1319=DIRECTION('',(0.,0.,-1.));
#1320=DIRECTION('',(0.795395201161763,-0.408437862193454,-0.447800163795949));
#1321=DIRECTION('',(1.,0.,0.));
#1322=DIRECTION('',(0.,0.,-1.));
#1323=DIRECTION('',(0.502252461772084,0.0306287957577122,0.86417841995407));
#1324=DIRECTION('',(0.864584058262319,0.,-0.502488214984849));
#1325=DIRECTION('',(0.,-0.999372499488334,0.0354204357178114));
#1326=DIRECTION('',(0.765486444705669,-0.480589352675535,-0.427860230760917));
#1327=DIRECTION('',(0.,-0.999372499488334,0.0354204357178109));
#1328=DIRECTION('',(1.,0.,0.));
#1329=DIRECTION('',(0.,0.,-1.));
#1330=DIRECTION('',(0.76548644470567,-0.524074073088194,-0.373332116069089));
#1331=DIRECTION('',(1.,0.,0.));
#1332=DIRECTION('',(0.,0.,-1.));
#1333=DIRECTION('',(-0.502252461772084,-0.849327210956372,0.162436921212362));
#1334=DIRECTION('',(0.860759011728581,-0.509012695055867,0.));
#1335=DIRECTION('',(0.,-0.187848930513465,-0.982197932855159));
#1336=DIRECTION('',(0.795395201161763,-0.527458853322672,-0.298552561570606));
#1337=DIRECTION('',(0.,-0.187848930513464,-0.982197932855159));
#1338=DIRECTION('',(-1.,0.,0.));
#1339=DIRECTION('',(0.,0.,1.));
#1340=DIRECTION('',(1.,0.,0.));
#1341=DIRECTION('',(0.,0.,-1.));
#1342=DIRECTION('',(0.795395201161763,-0.562283007754163,-0.226239459776076));
#1343=DIRECTION('',(1.,0.,0.));
#1344=DIRECTION('',(0.,0.,-1.));
#1345=DIRECTION('',(0.502252461772084,0.402548555553417,0.765308516263696));
#1346=DIRECTION('',(0.836038516169928,0.,-0.548670756902886));
#1347=DIRECTION('',(0.,-0.885035158386398,0.465524186718546));
#1348=DIRECTION('',(0.765486444705669,-0.618637641748281,-0.176968842410182));
#1349=DIRECTION('',(0.,-0.885035158386398,0.465524186718546));
#1350=DIRECTION('',(1.,0.,0.));
#1351=DIRECTION('',(0.,0.,-1.));
#1352=DIRECTION('',(0.76548644470567,-0.634157158780007,-0.108973395560307));
#1353=DIRECTION('',(1.,0.,0.));
#1354=DIRECTION('',(0.,0.,-1.));
#1355=DIRECTION('',(-0.502252461772084,-0.694738636987718,0.514859875034295));
#1356=DIRECTION('',(0.,-0.59540574992213,-0.803425163260192));
#1357=DIRECTION('',(0.,-0.59540574992213,-0.803425163260192));
#1358=DIRECTION('',(0.795395201161763,-0.604761107680615,-0.0401307438973362));
#1359=DIRECTION('',(0.,-0.59540574992213,-0.803425163260192));
#1360=DIRECTION('',(-1.,0.,0.));
#1361=DIRECTION('',(0.,0.,1.));
#1362=DIRECTION('',(1.,0.,0.));
#1363=DIRECTION('',(0.,0.,-1.));
#1364=DIRECTION('',(0.795395201161763,-0.604761107680615,0.0401307438973368));
#1365=DIRECTION('',(1.,0.,0.));
#1366=DIRECTION('',(0.,0.,-1.));
#1367=DIRECTION('',(0.502252461772083,0.694738636987718,0.514859875034294));
#1368=DIRECTION('',(0.,-0.595405749922129,0.803425163260193));
#1369=DIRECTION('',(0.,-0.595405749922129,0.803425163260193));
#1370=DIRECTION('',(0.76548644470567,-0.634157158780006,0.108973395560308));
#1371=DIRECTION('',(0.,-0.595405749922129,0.803425163260193));
#1372=DIRECTION('',(1.,0.,0.));
#1373=DIRECTION('',(0.,0.,-1.));
#1374=DIRECTION('',(0.76548644470567,-0.618637641748281,0.176968842410183));
#1375=DIRECTION('',(1.,0.,0.));
#1376=DIRECTION('',(0.,0.,-1.));
#1377=DIRECTION('',(-0.502252461772085,-0.402548555553416,0.765308516263695));
#1378=DIRECTION('',(0.836038516169927,0.,0.548670756902887));
#1379=DIRECTION('',(0.,-0.885035158386399,-0.465524186718545));
#1380=DIRECTION('',(0.795395201161763,-0.562283007754161,0.226239459776079));
#1381=DIRECTION('',(0.,-0.885035158386398,-0.465524186718545));
#1382=DIRECTION('',(-1.,0.,0.));
#1383=DIRECTION('',(0.,0.,1.));
#1384=DIRECTION('',(1.,0.,0.));
#1385=DIRECTION('',(0.,0.,-1.));
#1386=DIRECTION('',(0.795395201161763,-0.527458853322671,0.298552561570607));
#1387=DIRECTION('',(1.,0.,0.));
#1388=DIRECTION('',(0.,0.,-1.));
#1389=DIRECTION('',(0.502252461772084,0.849327210956372,0.162436921212361));
#1390=DIRECTION('',(-0.860759011728581,0.509012695055867,0.));
#1391=DIRECTION('',(0.,-0.187848930513465,0.982197932855159));
#1392=DIRECTION('',(0.76548644470567,-0.524074073088193,0.37333211606909));
#1393=DIRECTION('',(0.,-0.187848930513464,0.982197932855159));
#1394=DIRECTION('',(1.,0.,0.));
#1395=DIRECTION('',(0.,0.,-1.));
#1396=DIRECTION('',(0.76548644470567,-0.480589352675534,0.427860230760917));
#1397=DIRECTION('',(1.,0.,0.));
#1398=DIRECTION('',(0.,0.,-1.));
#1399=DIRECTION('',(-0.502252461772085,-0.0306287957577122,0.86417841995407));
#1400=DIRECTION('',(0.864584058262318,0.,0.50248821498485));
#1401=DIRECTION('',(0.,-0.999372499488334,-0.0354204357178107));
#1402=DIRECTION('',(0.795395201161763,-0.408437862193452,0.447800163795951));
#1403=DIRECTION('',(0.,-0.999372499488334,-0.0354204357178109));
#1404=DIRECTION('',(-1.,0.,0.));
#1405=DIRECTION('',(0.,0.,1.));
#1406=DIRECTION('',(1.,0.,0.));
#1407=DIRECTION('',(0.,0.,-1.));
#1408=DIRECTION('',(0.795395201161763,-0.345686904205855,0.497842382917937));
#1409=DIRECTION('',(1.,0.,0.));
#1410=DIRECTION('',(0.,0.,-1.));
#1411=DIRECTION('',(0.502252461772083,0.835696114480446,-0.222158657013782));
#1412=DIRECTION('',(-0.857114964264029,0.515125167347386,0.));
#1413=DIRECTION('',(0.,0.256913673399337,0.966434355981025));
#1414=DIRECTION('',(0.76548644470567,-0.310191689874552,0.563747832372456));
#1415=DIRECTION('',(0.,0.256913673399337,0.966434355981025));
#1416=DIRECTION('',(1.,0.,0.));
#1417=DIRECTION('',(0.,0.,-1.));
#1418=DIRECTION('',(0.76548644470567,-0.247354448263785,0.594008653048078));
#1419=DIRECTION('',(1.,0.,0.));
#1420=DIRECTION('',(0.,0.,-1.));
#1421=DIRECTION('',(-0.502252461772084,0.347357372675335,0.791887189119745));
#1422=DIRECTION('',(0.84446994490566,0.,0.535602942627309));
#1423=DIRECTION('',(0.,-0.915771860567232,0.401698766979971));
#1424=DIRECTION('',(0.795395201161763,-0.17369658886368,0.580668553467432));
#1425=DIRECTION('',(0.,-0.915771860567232,0.401698766979972));
#1426=DIRECTION('',(-1.,0.,0.));
#1427=DIRECTION('',(0.,0.,1.));
#1428=DIRECTION('',(1.,0.,0.));
#1429=DIRECTION('',(0.,0.,-1.));
#1430=DIRECTION('',(0.795395201161763,-0.0954474241394117,0.598528414692226));
#1431=DIRECTION('',(1.,0.,0.));
#1432=DIRECTION('',(0.,0.,-1.));
#1433=DIRECTION('',(0.502252461772084,0.656545153391423,-0.56275298862122));
#1434=DIRECTION('',(0.,0.650791373455969,0.759256602365297));
#1435=DIRECTION('',(0.,0.650791373455969,0.759256602365297));
#1436=DIRECTION('',(0.765486444705669,-0.0348720382298349,0.64250637656102));
#1437=DIRECTION('',(0.,0.650791373455969,0.759256602365297));
#1438=DIRECTION('',(1.,0.,0.));
#1439=DIRECTION('',(0.,0.,-1.));
#1440=DIRECTION('',(0.76548644470567,0.0348720382298346,0.64250637656102));
#1441=DIRECTION('',(1.,0.,0.));
#1442=DIRECTION('',(0.,0.,-1.));
#1443=DIRECTION('',(-0.502252461772084,0.656545153391423,0.56275298862122));
#1444=DIRECTION('',(0.,-0.650791373455969,0.759256602365297));
#1445=DIRECTION('',(0.,-0.650791373455968,0.759256602365297));
#1446=DIRECTION('',(0.795395201161763,0.0954474241394119,0.598528414692226));
#1447=DIRECTION('',(0.,-0.650791373455969,0.759256602365297));
#1448=DIRECTION('',(-1.,0.,0.));
#1449=DIRECTION('',(0.,0.,1.));
#1450=DIRECTION('',(1.,0.,0.));
#1451=DIRECTION('',(0.,0.,-1.));
#1452=DIRECTION('',(0.795395201161763,0.17369658886368,0.580668553467432));
#1453=DIRECTION('',(1.,0.,0.));
#1454=DIRECTION('',(0.,0.,-1.));
#1455=DIRECTION('',(0.502252461772084,0.347357372675335,-0.791887189119745));
#1456=DIRECTION('',(-0.84446994490566,0.,-0.535602942627309));
#1457=DIRECTION('',(0.,0.915771860567232,0.401698766979971));
#1458=DIRECTION('',(0.76548644470567,0.247354448263784,0.594008653048078));
#1459=DIRECTION('',(0.,0.915771860567232,0.401698766979971));
#1460=DIRECTION('',(1.,0.,0.));
#1461=DIRECTION('',(0.,0.,-1.));
#1462=DIRECTION('',(0.76548644470567,0.310191689874553,0.563747832372456));
#1463=DIRECTION('',(1.,0.,0.));
#1464=DIRECTION('',(0.,0.,-1.));
#1465=DIRECTION('',(-0.502252461772084,0.835696114480446,0.222158657013782));
#1466=DIRECTION('',(-0.857114964264029,-0.515125167347386,0.));
#1467=DIRECTION('',(0.,-0.256913673399336,0.966434355981025));
#1468=DIRECTION('',(0.795395201161763,0.345686904205855,0.497842382917937));
#1469=DIRECTION('',(0.,-0.256913673399337,0.966434355981025));
#1470=DIRECTION('',(-1.,0.,0.));
#1471=DIRECTION('',(0.,0.,1.));
#1472=DIRECTION('',(1.,0.,0.));
#1473=DIRECTION('',(0.,0.,-1.));
#1474=DIRECTION('',(0.795395201161763,0.408437862193453,0.44780016379595));
#1475=DIRECTION('',(1.,0.,0.));
#1476=DIRECTION('',(0.,0.,-1.));
#1477=DIRECTION('',(0.502252461772084,-0.0306287957577122,-0.86417841995407));
#1478=DIRECTION('',(-0.864584058262318,0.,-0.502488214984849));
#1479=DIRECTION('',(0.,0.999372499488334,-0.0354204357178114));
#1480=DIRECTION('',(0.76548644470567,0.480589352675535,0.427860230760916));
#1481=DIRECTION('',(0.,0.999372499488334,-0.0354204357178109));
#1482=DIRECTION('',(1.,0.,0.));
#1483=DIRECTION('',(0.,0.,-1.));
#1484=DIRECTION('',(0.76548644470567,0.524074073088194,0.373332116069089));
#1485=DIRECTION('',(1.,0.,0.));
#1486=DIRECTION('',(0.,0.,-1.));
#1487=DIRECTION('',(-0.502252461772084,0.849327210956373,-0.162436921212362));
#1488=DIRECTION('',(-0.860759011728581,-0.509012695055866,0.));
#1489=DIRECTION('',(0.,0.187848930513465,0.982197932855159));
#1490=DIRECTION('',(0.795395201161763,0.527458853322671,0.298552561570607));
#1491=DIRECTION('',(0.,0.187848930513464,0.982197932855159));
#1492=DIRECTION('',(-1.,0.,0.));
#1493=DIRECTION('',(0.,0.,1.));
#1494=DIRECTION('',(1.,0.,0.));
#1495=DIRECTION('',(0.,0.,-1.));
#1496=DIRECTION('',(0.795395201161763,0.562283007754162,0.226239459776076));
#1497=DIRECTION('',(1.,0.,0.));
#1498=DIRECTION('',(0.,0.,-1.));
#1499=DIRECTION('',(0.502252461772084,-0.402548555553416,-0.765308516263696));
#1500=DIRECTION('',(-0.836038516169928,0.,-0.548670756902886));
#1501=DIRECTION('',(0.,0.885035158386399,-0.465524186718545));
#1502=DIRECTION('',(0.76548644470567,0.61863764174828,0.176968842410183));
#1503=DIRECTION('',(0.,0.885035158386398,-0.465524186718545));
#1504=DIRECTION('',(1.,0.,0.));
#1505=DIRECTION('',(0.,0.,-1.));
#1506=DIRECTION('',(0.76548644470567,0.634157158780006,0.108973395560308));
#1507=DIRECTION('',(1.,0.,0.));
#1508=DIRECTION('',(0.,0.,-1.));
#1509=DIRECTION('',(-0.502252461772084,0.694738636987718,-0.514859875034294));
#1510=DIRECTION('',(0.,0.595405749922129,0.803425163260193));
#1511=DIRECTION('',(0.,0.59540574992213,0.803425163260192));
#1512=DIRECTION('',(0.795395201161763,0.604761107680615,0.0401307438973367));
#1513=DIRECTION('',(0.,0.595405749922129,0.803425163260193));
#1514=DIRECTION('',(-1.,0.,0.));
#1515=DIRECTION('',(0.,0.,1.));
#1516=DIRECTION('',(1.,0.,0.));
#1517=DIRECTION('',(0.,0.,-1.));
#1518=DIRECTION('',(0.795395201161763,0.604761107680615,-0.0401307438973365));
#1519=DIRECTION('',(1.,0.,0.));
#1520=DIRECTION('',(0.,0.,-1.));
#1521=DIRECTION('',(0.502252461772084,-0.694738636987718,-0.514859875034294));
#1522=DIRECTION('',(0.,0.595405749922129,-0.803425163260193));
#1523=DIRECTION('',(0.,0.595405749922129,-0.803425163260193));
#1524=DIRECTION('',(0.76548644470567,0.634157158780006,-0.108973395560308));
#1525=DIRECTION('',(0.,0.595405749922129,-0.803425163260193));
#1526=DIRECTION('',(1.,0.,0.));
#1527=DIRECTION('',(0.,0.,-1.));
#1528=DIRECTION('',(0.76548644470567,0.618637641748281,-0.176968842410183));
#1529=DIRECTION('',(1.,0.,0.));
#1530=DIRECTION('',(0.,0.,-1.));
#1531=DIRECTION('',(-0.502252461772084,0.402548555553416,-0.765308516263696));
#1532=DIRECTION('',(-0.836038516169928,0.,0.548670756902885));
#1533=DIRECTION('',(0.,0.885035158386399,0.465524186718545));
#1534=DIRECTION('',(0.795395201161763,0.562283007754162,-0.226239459776076));
#1535=DIRECTION('',(0.,0.885035158386398,0.465524186718545));
#1536=DIRECTION('',(-1.,0.,0.));
#1537=DIRECTION('',(0.,0.,1.));
#1538=DIRECTION('',(1.,0.,0.));
#1539=DIRECTION('',(0.,0.,-1.));
#1540=DIRECTION('',(0.795395201161763,0.527458853322671,-0.298552561570607));
#1541=DIRECTION('',(1.,0.,0.));
#1542=DIRECTION('',(0.,0.,-1.));
#1543=DIRECTION('',(0.502252461772084,-0.849327210956373,-0.162436921212362));
#1544=DIRECTION('',(0.860759011728581,0.509012695055867,0.));
#1545=DIRECTION('',(0.,0.187848930513465,-0.982197932855159));
#1546=DIRECTION('',(0.76548644470567,0.524074073088194,-0.373332116069089));
#1547=DIRECTION('',(0.,0.187848930513464,-0.982197932855159));
#1548=DIRECTION('',(1.,0.,0.));
#1549=DIRECTION('',(0.,0.,-1.));
#1550=DIRECTION('',(0.76548644470567,0.480589352675534,-0.427860230760917));
#1551=DIRECTION('',(1.,0.,0.));
#1552=DIRECTION('',(0.,0.,-1.));
#1553=DIRECTION('',(-0.502252461772083,0.0306287957577122,-0.864178419954071));
#1554=DIRECTION('',(-0.864584058262319,0.,0.502488214984849));
#1555=DIRECTION('',(0.,0.999372499488334,0.0354204357178107));
#1556=DIRECTION('',(0.795395201161763,0.408437862193454,-0.447800163795949));
#1557=DIRECTION('',(0.,0.999372499488334,0.0354204357178109));
#1558=DIRECTION('',(-1.,0.,0.));
#1559=DIRECTION('',(0.,0.,1.));
#1560=DIRECTION('',(1.,0.,0.));
#1561=DIRECTION('',(0.,0.,-1.));
#1562=DIRECTION('',(0.795395201161763,0.345686904205856,-0.497842382917937));
#1563=DIRECTION('',(1.,0.,0.));
#1564=DIRECTION('',(0.,0.,-1.));
#1565=DIRECTION('',(0.502252461772084,-0.835696114480446,0.222158657013782));
#1566=DIRECTION('',(0.857114964264029,0.515125167347386,0.));
#1567=DIRECTION('',(0.,-0.256913673399336,-0.966434355981025));
#1568=DIRECTION('',(0.765486444705669,0.310191689874552,-0.563747832372457));
#1569=DIRECTION('',(0.,-0.256913673399337,-0.966434355981025));
#1570=DIRECTION('',(1.,0.,0.));
#1571=DIRECTION('',(0.,0.,-1.));
#1572=DIRECTION('',(0.76548644470567,0.247354448263785,-0.594008653048079));
#1573=DIRECTION('',(1.,0.,0.));
#1574=DIRECTION('',(0.,0.,-1.));
#1575=DIRECTION('',(-0.502252461772084,-0.347357372675334,-0.791887189119745));
#1576=DIRECTION('',(-0.844469944905659,0.,0.535602942627309));
#1577=DIRECTION('',(0.,0.915771860567232,-0.401698766979971));
#1578=DIRECTION('',(0.795395201161763,0.17369658886368,-0.580668553467432));
#1579=DIRECTION('',(0.,0.915771860567233,-0.401698766979971));
#1580=DIRECTION('',(-1.,0.,0.));
#1581=DIRECTION('',(0.,0.,1.));
#1582=DIRECTION('',(1.,0.,0.));
#1583=DIRECTION('',(0.,0.,-1.));
#1584=DIRECTION('',(1.,0.,0.));
#1585=DIRECTION('',(0.,0.,-1.));
#1586=DIRECTION('',(1.,0.,0.));
#1587=DIRECTION('',(0.,1.,0.));
#1588=DIRECTION('',(1.,0.,0.));
#1589=DIRECTION('',(0.,0.,-1.));
#1590=DIRECTION('',(1.,0.,0.));
#1591=DIRECTION('',(0.,1.,0.));
#1592=DIRECTION('',(1.,0.,0.));
#1593=DIRECTION('',(0.,0.,-1.));
#1594=DIRECTION('',(1.,0.,0.));
#1595=DIRECTION('',(0.,0.,-1.));
#1596=CARTESIAN_POINT('',(0.,0.,0.));
#1597=CARTESIAN_POINT('',(0.0126128767678059,-0.0164875709777687,0.0141322036952302));
#1598=CARTESIAN_POINT('',(0.01,-0.00331110792283835,0.0318367151735323));
#1599=CARTESIAN_POINT('',(0.01,-0.00182221584567671,0.033573755930221));
#1600=CARTESIAN_POINT('',(0.01,-0.0048,0.0300996744168438));
#1601=CARTESIAN_POINT('',(0.005,-0.0020499928263863,0.0377704754214986));
#1602=CARTESIAN_POINT('',(8.67361737988404E-19,-0.00227776980709589,0.0419671949127762));
#1603=CARTESIAN_POINT('',(0.,-0.00413888490354794,0.0397958939669154));
#1604=CARTESIAN_POINT('',(0.,-0.006,0.0376245930210547));
#1605=CARTESIAN_POINT('',(0.,-0.006,0.0376245930210547));
#1606=CARTESIAN_POINT('',(-0.0001,0.00261965435852861,0.0416575787888135));
#1607=CARTESIAN_POINT('',(0.,0.00261442550751358,0.0415744299289555));
#1608=CARTESIAN_POINT('',(0.01,0.00209154040601087,0.0332595439431644));
#1609=CARTESIAN_POINT('',(0.0101,0.00208631155499584,0.0331763950833065));
#1610=CARTESIAN_POINT('',(-0.0001,0.0025072113545891,0.0417887622934095));
#1611=CARTESIAN_POINT('',(0.,0.00250220694070768,0.0417053515902291));
#1612=CARTESIAN_POINT('',(0.01,0.00200176555256615,0.0333642812721833));
#1613=CARTESIAN_POINT('',(0.0101,0.00199676113868473,0.0332808705690028));
#1614=CARTESIAN_POINT('',(-0.0001,0.00239476835064959,0.0419199457980056));
#1615=CARTESIAN_POINT('',(0.,0.00238998837390178,0.0418362732515026));
#1616=CARTESIAN_POINT('',(0.01,0.00191199069912143,0.0334690186012021));
#1617=CARTESIAN_POINT('',(0.0101,0.00190721072237363,0.0333853460546991));
#1618=CARTESIAN_POINT('',(-0.0001,0.00221204846924788,0.0421331189929743));
#1619=CARTESIAN_POINT('',(0.,0.0022076332028422,0.0420490209510722));
#1620=CARTESIAN_POINT('',(0.01,0.00176610656227377,0.0336392167608577));
#1621=CARTESIAN_POINT('',(0.0101,0.00176169129586808,0.0335551187189556));
#1622=CARTESIAN_POINT('',(-0.0001,0.00213734941249106,0.0422113179243547));
#1623=CARTESIAN_POINT('',(0.,0.00213308324599906,0.0421270637967611));
#1624=CARTESIAN_POINT('',(0.01,0.00170646659679925,0.0337016510374089));
#1625=CARTESIAN_POINT('',(0.0101,0.00170220043030725,0.0336173969098154));
#1626=CARTESIAN_POINT('',(-0.0001,0.00197997303443236,0.0423592275959858));
#1627=CARTESIAN_POINT('',(0.,0.00197602099244747,0.0422746782395068));
#1628=CARTESIAN_POINT('',(0.01,0.00158081679395797,0.0338197425916054));
#1629=CARTESIAN_POINT('',(0.0101,0.00157686475197308,0.0337351932351264));
#1630=CARTESIAN_POINT('',(-0.0001,0.00189729606676926,0.0424289380038703));
#1631=CARTESIAN_POINT('',(0.,0.00189350904867192,0.0423442495048605));
#1632=CARTESIAN_POINT('',(0.01,0.00151480723893754,0.0338753996038885));
#1633=CARTESIAN_POINT('',(0.0101,0.00151102022084019,0.0337907111048787));
#1634=CARTESIAN_POINT('',(-0.0001,0.00172492316766251,0.0425590617103439));
#1635=CARTESIAN_POINT('',(0.,0.00172148020724802,0.0424741134833772));
#1636=CARTESIAN_POINT('',(0.01,0.00137718416579841,0.0339792907867017));
#1637=CARTESIAN_POINT('',(0.0101,0.00137374120538392,0.0338943425597349));
#1638=CARTESIAN_POINT('',(-0.0001,0.00163522762355615,0.0426194747165334));
#1639=CARTESIAN_POINT('',(0.,0.00163196369616382,0.042534405904724));
#1640=CARTESIAN_POINT('',(0.01,0.00130557095693106,0.0340275247237792));
#1641=CARTESIAN_POINT('',(0.0101,0.00130230702953873,0.0339424559119697));
#1642=CARTESIAN_POINT('',(-0.0001,0.00144985831621725,0.0427303025795896));
#1643=CARTESIAN_POINT('',(0.,0.00144696438744236,0.0426450125544806));
#1644=CARTESIAN_POINT('',(0.01,0.00115757150995389,0.0341160100435845));
#1645=CARTESIAN_POINT('',(0.0101,0.00115467758117901,0.0340307200184755));
#1646=CARTESIAN_POINT('',(-0.0001,0.00135418496952608,0.0427807171874161));
#1647=CARTESIAN_POINT('',(0.,0.00135148200551505,0.0426953265343474));
#1648=CARTESIAN_POINT('',(0.01,0.00108118560441204,0.0341562612274779));
#1649=CARTESIAN_POINT('',(0.0101,0.00107848264040101,0.0340708705744092));
#1650=CARTESIAN_POINT('',(-0.0001,0.00115797016937853,0.0428709632263095));
#1651=CARTESIAN_POINT('',(0.,0.00115565885167518,0.0427853924414266));
#1652=CARTESIAN_POINT('',(0.01,0.000924527081340142,0.0342283139531413));
#1653=CARTESIAN_POINT('',(0.0101,0.000922215763636792,0.0341427431682584));
#1654=CARTESIAN_POINT('',(-0.0001,0.00105742915683431,0.0429107944545854));
#1655=CARTESIAN_POINT('',(0.,0.00105531851979472,0.0428251441662529));
#1656=CARTESIAN_POINT('',(0.01,0.00084425481583578,0.0342601153330023));
#1657=CARTESIAN_POINT('',(0.0101,0.000842144178796191,0.0341744650446698));
#1658=CARTESIAN_POINT('',(-0.0001,0.000852645623963229,0.042979411507843));
#1659=CARTESIAN_POINT('',(0.,0.000850943736490248,0.0428936242593243));
#1660=CARTESIAN_POINT('',(0.01,0.0006807549891922,0.0343148994074594));
#1661=CARTESIAN_POINT('',(0.0101,0.000679053101719219,0.0342291121589408));
#1662=CARTESIAN_POINT('',(-0.0001,0.00074840356380325,0.0430081971786358));
#1663=CARTESIAN_POINT('',(0.,0.000746909744314621,0.0429223524736884));
#1664=CARTESIAN_POINT('',(0.01,0.000597527795451696,0.0343378819789507));
#1665=CARTESIAN_POINT('',(0.0101,0.000596033975963067,0.0342520372740033));
#1666=CARTESIAN_POINT('',(-0.0001,0.000537427484782646,0.0430543890546962));
#1667=CARTESIAN_POINT('',(0.,0.000536354775232182,0.0429684521503955));
#1668=CARTESIAN_POINT('',(0.01,0.000429083820185744,0.0343747617203164));
#1669=CARTESIAN_POINT('',(0.0101,0.00042801111063528,0.0342888248160156));
#1670=CARTESIAN_POINT('',(-0.0001,0.000430693940004111,0.0430717951561666));
#1671=CARTESIAN_POINT('',(0.,0.000429834271461189,0.0429858235091483));
#1672=CARTESIAN_POINT('',(0.01,0.000343867417168953,0.0343886588073187));
#1673=CARTESIAN_POINT('',(0.0101,0.000343007748626031,0.0343026871603004));
#1674=CARTESIAN_POINT('',(-0.0001,0.000215973356038162,0.0430950258719159));
#1675=CARTESIAN_POINT('',(0.,0.000215542271495172,0.0430090078562035));
#1676=CARTESIAN_POINT('',(0.01,0.000172433817196139,0.0344072062849628));
#1677=CARTESIAN_POINT('',(0.0101,0.000172002732653149,0.0343211882692503));
#1678=CARTESIAN_POINT('',(-0.0001,0.000107986799347076,0.0431008504339931));
#1679=CARTESIAN_POINT('',(0.,0.000107771256833409,0.0430148207924083));
#1680=CARTESIAN_POINT('',(0.01,8.62170054667282E-5,0.0344118566339267));
#1681=CARTESIAN_POINT('',(0.0101,8.60014629530614E-5,0.0343258269923418));
#1682=CARTESIAN_POINT('',(-0.0001,-0.000107986799347064,0.0431008504339931));
#1683=CARTESIAN_POINT('',(0.,-0.000107771256833398,0.0430148207924083));
#1684=CARTESIAN_POINT('',(0.01,-8.62170054667173E-5,0.0344118566339267));
#1685=CARTESIAN_POINT('',(0.0101,-8.60014629530505E-5,0.0343258269923418));
#1686=CARTESIAN_POINT('',(-0.0001,-0.000215973356038152,0.0430950258719159));
#1687=CARTESIAN_POINT('',(0.,-0.000215542271495161,0.0430090078562035));
#1688=CARTESIAN_POINT('',(0.01,-0.00017243381719613,0.0344072062849628));
#1689=CARTESIAN_POINT('',(0.0101,-0.00017200273265314,0.0343211882692503));
#1690=CARTESIAN_POINT('',(-0.0001,-0.000430693940004101,0.0430717951561667));
#1691=CARTESIAN_POINT('',(0.,-0.000429834271461179,0.0429858235091484));
#1692=CARTESIAN_POINT('',(0.01,-0.000343867417168944,0.0343886588073187));
#1693=CARTESIAN_POINT('',(0.0101,-0.000343007748626022,0.0343026871603004));
#1694=CARTESIAN_POINT('',(-0.0001,-0.000537427484782633,0.0430543890546962));
#1695=CARTESIAN_POINT('',(0.,-0.000536354775232169,0.0429684521503955));
#1696=CARTESIAN_POINT('',(0.01,-0.000429083820185737,0.0343747617203164));
#1697=CARTESIAN_POINT('',(0.0101,-0.000428011110635272,0.0342888248160156));
#1698=CARTESIAN_POINT('',(-0.0001,-0.000748403563803237,0.0430081971786358));
#1699=CARTESIAN_POINT('',(0.,-0.000746909744314608,0.0429223524736884));
#1700=CARTESIAN_POINT('',(0.01,-0.000597527795451688,0.0343378819789507));
#1701=CARTESIAN_POINT('',(0.0101,-0.000596033975963059,0.0342520372740033));
#1702=CARTESIAN_POINT('',(-0.0001,-0.000852645623963221,0.042979411507843));
#1703=CARTESIAN_POINT('',(0.,-0.000850943736490241,0.0428936242593243));
#1704=CARTESIAN_POINT('',(0.01,-0.000680754989192195,0.0343148994074594));
#1705=CARTESIAN_POINT('',(0.0101,-0.000679053101719215,0.0342291121589408));
#1706=CARTESIAN_POINT('',(-0.0001,-0.00105742915683431,0.0429107944545855));
#1707=CARTESIAN_POINT('',(0.,-0.00105531851979472,0.042825144166253));
#1708=CARTESIAN_POINT('',(0.01,-0.000844254815835775,0.0342601153330023));
#1709=CARTESIAN_POINT('',(0.0101,-0.000842144178796186,0.0341744650446698));
#1710=CARTESIAN_POINT('',(-0.0001,-0.00115797016937852,0.0428709632263095));
#1711=CARTESIAN_POINT('',(0.,-0.00115565885167517,0.0427853924414266));
#1712=CARTESIAN_POINT('',(0.01,-0.000924527081340137,0.0342283139531413));
#1713=CARTESIAN_POINT('',(0.0101,-0.000922215763636787,0.0341427431682584));
#1714=CARTESIAN_POINT('',(-0.0001,-0.00135418496952607,0.0427807171874161));
#1715=CARTESIAN_POINT('',(0.,-0.00135148200551504,0.0426953265343474));
#1716=CARTESIAN_POINT('',(0.01,-0.00108118560441204,0.0341562612274779));
#1717=CARTESIAN_POINT('',(0.0101,-0.00107848264040101,0.0340708705744092));
#1718=CARTESIAN_POINT('',(-0.0001,-0.00144985831621724,0.0427303025795896));
#1719=CARTESIAN_POINT('',(0.,-0.00144696438744235,0.0426450125544806));
#1720=CARTESIAN_POINT('',(0.01,-0.00115757150995389,0.0341160100435845));
#1721=CARTESIAN_POINT('',(0.0101,-0.001154677581179,0.0340307200184755));
#1722=CARTESIAN_POINT('',(-0.0001,-0.00163522762355614,0.0426194747165334));
#1723=CARTESIAN_POINT('',(0.,-0.00163196369616381,0.042534405904724));
#1724=CARTESIAN_POINT('',(0.01,-0.00130557095693106,0.0340275247237792));
#1725=CARTESIAN_POINT('',(0.0101,-0.00130230702953873,0.0339424559119697));
#1726=CARTESIAN_POINT('',(-0.0001,-0.0017249231676625,0.0425590617103439));
#1727=CARTESIAN_POINT('',(0.,-0.00172148020724801,0.0424741134833772));
#1728=CARTESIAN_POINT('',(0.01,-0.00137718416579841,0.0339792907867017));
#1729=CARTESIAN_POINT('',(0.0101,-0.00137374120538391,0.0338943425597349));
#1730=CARTESIAN_POINT('',(-0.0001,-0.00189729606676925,0.0424289380038703));
#1731=CARTESIAN_POINT('',(0.,-0.00189350904867191,0.0423442495048605));
#1732=CARTESIAN_POINT('',(0.01,-0.00151480723893753,0.0338753996038885));
#1733=CARTESIAN_POINT('',(0.0101,-0.00151102022084019,0.0337907111048787));
#1734=CARTESIAN_POINT('',(-0.0001,-0.00197997303443235,0.0423592275959858));
#1735=CARTESIAN_POINT('',(0.,-0.00197602099244746,0.0422746782395068));
#1736=CARTESIAN_POINT('',(0.01,-0.00158081679395797,0.0338197425916054));
#1737=CARTESIAN_POINT('',(0.0101,-0.00157686475197308,0.0337351932351264));
#1738=CARTESIAN_POINT('',(-0.0001,-0.00213734941249105,0.0422113179243547));
#1739=CARTESIAN_POINT('',(0.,-0.00213308324599905,0.0421270637967611));
#1740=CARTESIAN_POINT('',(0.01,-0.00170646659679925,0.0337016510374089));
#1741=CARTESIAN_POINT('',(0.0101,-0.00170220043030725,0.0336173969098154));
#1742=CARTESIAN_POINT('',(-0.0001,-0.00221204846924788,0.0421331189929743));
#1743=CARTESIAN_POINT('',(0.,-0.0022076332028422,0.0420490209510722));
#1744=CARTESIAN_POINT('',(0.01,-0.00176610656227377,0.0336392167608578));
#1745=CARTESIAN_POINT('',(0.0101,-0.00176169129586808,0.0335551187189556));
#1746=CARTESIAN_POINT('',(-0.0001,-0.00239476835064959,0.0419199457980056));
#1747=CARTESIAN_POINT('',(0.,-0.00238998837390179,0.0418362732515026));
#1748=CARTESIAN_POINT('',(0.01,-0.00191199069912143,0.0334690186012021));
#1749=CARTESIAN_POINT('',(0.0101,-0.00190721072237363,0.0333853460546991));
#1750=CARTESIAN_POINT('',(-0.0001,-0.0025072113545891,0.0417887622934095));
#1751=CARTESIAN_POINT('',(0.,-0.00250220694070769,0.0417053515902291));
#1752=CARTESIAN_POINT('',(0.01,-0.00200176555256616,0.0333642812721833));
#1753=CARTESIAN_POINT('',(0.0101,-0.00199676113868474,0.0332808705690028));
#1754=CARTESIAN_POINT('',(-0.0001,-0.00261965435852862,0.0416575787888134));
#1755=CARTESIAN_POINT('',(0.,-0.00261442550751359,0.0415744299289555));
#1756=CARTESIAN_POINT('',(0.01,-0.00209154040601088,0.0332595439431644));
#1757=CARTESIAN_POINT('',(0.0101,-0.00208631155499585,0.0331763950833065));
#1758=CARTESIAN_POINT('',(0.01,9.75781955236954E-19,0.0320118566339267));
#1759=CARTESIAN_POINT('',(0.01,0.00182221584567671,0.033573755930221));
#1760=CARTESIAN_POINT('',(0.,0.00227776980709589,0.0419671949127762));
#1761=CARTESIAN_POINT('',(0.,0.00227776980709589,0.0419671949127762));
#1762=CARTESIAN_POINT('',(0.,1.51788304147971E-18,0.0400148207924083));
#1763=CARTESIAN_POINT('',(0.0126128767678059,0.0164875709777686,0.0141322036952302));
#1764=CARTESIAN_POINT('',(0.01,0.00331110792283835,0.0318367151735323));
#1765=CARTESIAN_POINT('',(0.01,0.0048,0.0300996744168438));
#1766=CARTESIAN_POINT('',(0.,0.006,0.0376245930210547));
#1767=CARTESIAN_POINT('',(0.,0.006,0.0376245930210547));
#1768=CARTESIAN_POINT('',(0.,0.00413888490354794,0.0397958939669154));
#1769=CARTESIAN_POINT('',(0.,9.97465998686664E-18,-3.81639164714897E-17));
#1770=CARTESIAN_POINT('',(0.01,1.30104260698261E-17,3.64291929955129E-17));
#1771=CARTESIAN_POINT('',(0.01,0.00873510871626966,0.0292015115313394));
#1772=CARTESIAN_POINT('',(0.,0.0109188858953371,0.0365018894141743));
#1773=CARTESIAN_POINT('',(0.,0.0109188858953371,0.0365018894141743));
#1774=CARTESIAN_POINT('',(0.,9.97465998686664E-18,-3.81639164714897E-17));
#1775=CARTESIAN_POINT('',(0.0126128767678059,-0.00872305477704352,0.0198863645090584));
#1776=CARTESIAN_POINT('',(0.01,0.0108302278639705,0.0301205251138121));
#1777=CARTESIAN_POINT('',(0.01,0.0129253470116713,0.0310395386962848));
#1778=CARTESIAN_POINT('',(0.005,0.0145410153881303,0.0349194810333204));
#1779=CARTESIAN_POINT('',(0.,0.0161566837645892,0.038799423370356));
#1780=CARTESIAN_POINT('',(0.,0.0135377848299631,0.0376506563922651));
#1781=CARTESIAN_POINT('',(-0.0001,0.0204347730691738,0.0363955561726391));
#1782=CARTESIAN_POINT('',(0.,0.0203939850989759,0.0363229103519352));
#1783=CARTESIAN_POINT('',(0.01,0.0163151880791807,0.0290583282815482));
#1784=CARTESIAN_POINT('',(0.0101,0.0162744001089827,0.0289856824608443));
#1785=CARTESIAN_POINT('',(-0.0001,0.0203903838126956,0.0365625356172494));
#1786=CARTESIAN_POINT('',(0.,0.020349684443808,0.0364895565042409));
#1787=CARTESIAN_POINT('',(0.01,0.0162797475550464,0.0291916452033927));
#1788=CARTESIAN_POINT('',(0.0101,0.0162390481861588,0.0291186660903843));
#1789=CARTESIAN_POINT('',(-0.0001,0.0203459945562174,0.0367295150618597));
#1790=CARTESIAN_POINT('',(0.,0.0203053837886401,0.0366562026565466));
#1791=CARTESIAN_POINT('',(0.01,0.0162443070309121,0.0293249621252373));
#1792=CARTESIAN_POINT('',(0.0101,0.0162036962633348,0.0292516497199242));
#1793=CARTESIAN_POINT('',(-0.0001,0.0202738620144402,0.0370008566593514));
#1794=CARTESIAN_POINT('',(0.,0.0202333952239922,0.0369270026540434));
#1795=CARTESIAN_POINT('',(0.01,0.0161867161791938,0.0295416021232347));
#1796=CARTESIAN_POINT('',(0.0101,0.0161462493887458,0.0294677481179266));
#1797=CARTESIAN_POINT('',(-0.0001,0.0202404897345829,0.0371037221680826));
#1798=CARTESIAN_POINT('',(0.,0.020200089555472,0.0370296628423978));
#1799=CARTESIAN_POINT('',(0.01,0.0161600716443776,0.0296237302739182));
#1800=CARTESIAN_POINT('',(0.0101,0.0161196714652667,0.0295496709482334));
#1801=CARTESIAN_POINT('',(-0.0001,0.0201628741187878,0.0373052672288448));
#1802=CARTESIAN_POINT('',(0.,0.0201226288610656,0.0372308056176096));
#1803=CARTESIAN_POINT('',(0.01,0.0160981030888525,0.0297846444940877));
#1804=CARTESIAN_POINT('',(0.0101,0.0160578578311304,0.0297101828828524));
#1805=CARTESIAN_POINT('',(-0.0001,0.0201186309572591,0.0374039463279861));
#1806=CARTESIAN_POINT('',(0.,0.0200784740092406,0.0373292877524811));
#1807=CARTESIAN_POINT('',(0.01,0.0160627792073925,0.0298634302019848));
#1808=CARTESIAN_POINT('',(0.0101,0.016022622259374,0.0297887716264799));
#1809=CARTESIAN_POINT('',(-0.0001,0.0200197869018064,0.0375959735344818));
#1810=CARTESIAN_POINT('',(0.,0.0199798272473118,0.0375209316711396));
#1811=CARTESIAN_POINT('',(0.01,0.0159838617978495,0.0300167453369117));
#1812=CARTESIAN_POINT('',(0.0101,0.0159439021433548,0.0299417034735694));
#1813=CARTESIAN_POINT('',(-0.0001,0.0199651862299939,0.037689321210334));
#1814=CARTESIAN_POINT('',(0.,0.0199253355588761,0.0376140930242854));
#1815=CARTESIAN_POINT('',(0.01,0.0159402684471009,0.0300912744194284));
#1816=CARTESIAN_POINT('',(0.0101,0.0159004177759831,0.0300160462333798));
#1817=CARTESIAN_POINT('',(-0.0001,0.0198462606626381,0.0378696023928296));
#1818=CARTESIAN_POINT('',(0.,0.0198066473679023,0.0377940143641014));
#1819=CARTESIAN_POINT('',(0.01,0.0158453178943218,0.0302352114912811));
#1820=CARTESIAN_POINT('',(0.0101,0.015805704599586,0.0301596234625529));
#1821=CARTESIAN_POINT('',(-0.0001,0.0197819360343312,0.0379565354943651));
#1822=CARTESIAN_POINT('',(0.,0.0197424511320671,0.0378807739464722));
#1823=CARTESIAN_POINT('',(0.01,0.0157939609056537,0.0303046191571777));
#1824=CARTESIAN_POINT('',(0.0101,0.0157544760033896,0.0302288576092848));
#1825=CARTESIAN_POINT('',(-0.0001,0.0196443088967722,0.0381229787770178));
#1826=CARTESIAN_POINT('',(0.,0.0196050986993734,0.0380468850070038));
#1827=CARTESIAN_POINT('',(0.01,0.0156840789594987,0.030437508005603));
#1828=CARTESIAN_POINT('',(0.0101,0.0156448687621,0.030361414235589));
#1829=CARTESIAN_POINT('',(-0.0001,0.0195710066967805,0.0382024885841221));
#1830=CARTESIAN_POINT('',(0.,0.0195319428111582,0.0381262361118983));
#1831=CARTESIAN_POINT('',(0.01,0.0156255542489265,0.0305009888895186));
#1832=CARTESIAN_POINT('',(0.0101,0.0155864903633042,0.0304247364172949));
#1833=CARTESIAN_POINT('',(-0.0001,0.0194162749326392,0.0383531626578661));
#1834=CARTESIAN_POINT('',(0.,0.0193775198928535,0.0382766094389881));
#1835=CARTESIAN_POINT('',(0.01,0.0155020159142827,0.0306212875511905));
#1836=CARTESIAN_POINT('',(0.0101,0.015463260874497,0.0305447343323125));
#1837=CARTESIAN_POINT('',(-0.0001,0.0193348457161856,0.0384243265859276));
#1838=CARTESIAN_POINT('',(0.,0.0192962532097661,0.038347631323281));
#1839=CARTESIAN_POINT('',(0.01,0.0154370025678128,0.0306781050586249));
#1840=CARTESIAN_POINT('',(0.0101,0.0153984100613933,0.0306014097959783));
#1841=CARTESIAN_POINT('',(-0.0001,0.0191648047410179,0.038557483118238));
#1842=CARTESIAN_POINT('',(0.,0.0191265516377424,0.0384805220740898));
#1843=CARTESIAN_POINT('',(0.01,0.015301241310194,0.0307844176592718));
#1844=CARTESIAN_POINT('',(0.0101,0.0152629882069185,0.0307074566151236));
#1845=CARTESIAN_POINT('',(-0.0001,0.019076193364401,0.0386194754232721));
#1846=CARTESIAN_POINT('',(0.,0.0190381171301407,0.0385423906419881));
#1847=CARTESIAN_POINT('',(0.01,0.0152304937041126,0.0308339125135905));
#1848=CARTESIAN_POINT('',(0.0101,0.0151924174698523,0.0307568277323065));
#1849=CARTESIAN_POINT('',(-0.0001,0.0188928162327615,0.0387335693447779));
#1850=CARTESIAN_POINT('',(0.,0.0188551060207201,0.0386562568311156));
#1851=CARTESIAN_POINT('',(0.01,0.0150840848165761,0.0309250054648925));
#1852=CARTESIAN_POINT('',(0.0101,0.0150463746045346,0.0308476929512303));
#1853=CARTESIAN_POINT('',(-0.0001,0.0187980508898037,0.0387856707048703));
#1854=CARTESIAN_POINT('',(0.,0.0187605298301434,0.0387082541964773));
#1855=CARTESIAN_POINT('',(0.01,0.0150084238641147,0.0309666033571818));
#1856=CARTESIAN_POINT('',(0.0101,0.0149709028044544,0.0308891868487888));
#1857=CARTESIAN_POINT('',(-0.0001,0.0186034654010914,0.0388793781374223));
#1858=CARTESIAN_POINT('',(0.,0.0185663327356201,0.0388017745882458));
#1859=CARTESIAN_POINT('',(0.01,0.0148530661884961,0.0310414196705967));
#1860=CARTESIAN_POINT('',(0.0101,0.0148159335230249,0.0309638161214202));
#1861=CARTESIAN_POINT('',(-0.0001,0.018503645692588,0.0389209839993131));
#1862=CARTESIAN_POINT('',(0.,0.0184667122680519,0.0388432974045041));
#1863=CARTESIAN_POINT('',(0.01,0.0147733698144415,0.0310746379236033));
#1864=CARTESIAN_POINT('',(0.0101,0.0147364363899054,0.0309969513287942));
#1865=CARTESIAN_POINT('',(-0.0001,0.0183001097013252,0.0389932176174806));
#1866=CARTESIAN_POINT('',(0.,0.0182635825362527,0.0389153868437931));
#1867=CARTESIAN_POINT('',(0.01,0.0146108660290021,0.0311323094750344));
#1868=CARTESIAN_POINT('',(0.0101,0.0145743388639296,0.0310544787013469));
#1869=CARTESIAN_POINT('',(-0.0001,0.0181963938759294,0.0390238452114421));
#1870=CARTESIAN_POINT('',(0.,0.0181600737284724,0.0389459533048324));
#1871=CARTESIAN_POINT('',(0.01,0.0145280589827779,0.0311567626438659));
#1872=CARTESIAN_POINT('',(0.0101,0.014491738835321,0.0310788707372562));
#1873=CARTESIAN_POINT('',(-0.0001,0.0179862690929577,0.0390737668591913));
#1874=CARTESIAN_POINT('',(0.,0.0179503683562452,0.0389957753085742));
#1875=CARTESIAN_POINT('',(0.01,0.0143602946849962,0.0311966202468594));
#1876=CARTESIAN_POINT('',(0.0101,0.0143243939482837,0.0311186286962422));
#1877=CARTESIAN_POINT('',(-0.0001,0.0178798606075509,0.0390930608008008));
#1878=CARTESIAN_POINT('',(0.,0.0178441722630249,0.0390150307393222));
#1879=CARTESIAN_POINT('',(0.01,0.0142753378104199,0.0312120245914578));
#1880=CARTESIAN_POINT('',(0.0101,0.0142396494658939,0.0311339945299791));
#1881=CARTESIAN_POINT('',(-0.0001,0.0176655851961405,0.0391200912169605));
#1882=CARTESIAN_POINT('',(0.,0.0176303245470464,0.0390420072025554));
#1883=CARTESIAN_POINT('',(0.01,0.0141042596376371,0.0312336057620443));
#1884=CARTESIAN_POINT('',(0.0101,0.014068998988543,0.0311555217476392));
#1885=CARTESIAN_POINT('',(-0.0001,0.0175577187516327,0.0391278276307709));
#1886=CARTESIAN_POINT('',(0.,0.0175226734048231,0.0390497281744221));
#1887=CARTESIAN_POINT('',(0.01,0.0140181387238585,0.0312397825395376));
#1888=CARTESIAN_POINT('',(0.0101,0.0139830933770488,0.0311616830831888));
#1889=CARTESIAN_POINT('',(-0.0001,0.0173417790364825,0.0391316531704346));
#1890=CARTESIAN_POINT('',(0.,0.0173071647070683,0.0390535460782781));
#1891=CARTESIAN_POINT('',(0.01,0.0138457317656547,0.0312428368626224));
#1892=CARTESIAN_POINT('',(0.0101,0.0138111174362405,0.0311647297704659));
#1893=CARTESIAN_POINT('',(-0.0001,0.0172337062510758,0.0391277422876917));
#1894=CARTESIAN_POINT('',(0.,0.0171993076358041,0.0390496430016883));
#1895=CARTESIAN_POINT('',(0.01,0.0137594461086433,0.0312397144013506));
#1896=CARTESIAN_POINT('',(0.0101,0.0137250474933717,0.0311616151153472));
#1897=CARTESIAN_POINT('',(-0.0001,0.0170186078684776,0.0391083185615678));
#1898=CARTESIAN_POINT('',(0.,0.016984638591295,0.0390302580454768));
#1899=CARTESIAN_POINT('',(0.01,0.013587710873036,0.0312242064363814));
#1900=CARTESIAN_POINT('',(0.0101,0.0135537415958534,0.0311461459202905));
#1901=CARTESIAN_POINT('',(-0.0001,0.0169115827546314,0.0390928057618336));
#1902=CARTESIAN_POINT('',(0.,0.0168778271004305,0.0390147762094148));
#1903=CARTESIAN_POINT('',(0.01,0.0135022616803444,0.0312118209675319));
#1904=CARTESIAN_POINT('',(0.0101,0.0134685060261435,0.031133791415113));
#1905=CARTESIAN_POINT('',(-0.0001,0.0166998215785535,0.0390503581513118));
#1906=CARTESIAN_POINT('',(0.,0.0166664886013508,0.0389724133246625));
#1907=CARTESIAN_POINT('',(0.01,0.0133331908810806,0.03117793065973));
#1908=CARTESIAN_POINT('',(0.0101,0.0132998579038779,0.0310999858330807));
#1909=CARTESIAN_POINT('',(-0.0001,0.0165950859921681,0.0390234234359077));
#1910=CARTESIAN_POINT('',(0.,0.0165619620680321,0.0389455323711654));
#1911=CARTESIAN_POINT('',(0.01,0.0132495696544256,0.0311564258969322));
#1912=CARTESIAN_POINT('',(0.0101,0.0132164457302896,0.0310785348321899));
#1913=CARTESIAN_POINT('',(-0.0001,0.016389119173615,0.0389584444778673));
#1914=CARTESIAN_POINT('',(0.,0.0163564063608932,0.038880683111644));
#1915=CARTESIAN_POINT('',(0.01,0.0130851250887146,0.0311045464893151));
#1916=CARTESIAN_POINT('',(0.0101,0.0130524122759928,0.0310267851230919));
#1917=CARTESIAN_POINT('',(-0.0001,0.0162878884042732,0.0389204003812445));
#1918=CARTESIAN_POINT('',(0.,0.0162553776489752,0.0388427149513418));
#1919=CARTESIAN_POINT('',(0.01,0.0130043021191801,0.0310741719610734));
#1920=CARTESIAN_POINT('',(0.0101,0.0129717913638822,0.0309964865311708));
#1921=CARTESIAN_POINT('',(-0.0001,0.0160307710966708,0.0388076171544602));
#1922=CARTESIAN_POINT('',(0.,0.0159987735495716,0.0387301568407786));
#1923=CARTESIAN_POINT('',(0.01,0.0127990188396573,0.0309841254726229));
#1924=CARTESIAN_POINT('',(0.0101,0.0127670212925581,0.0309066651589413));
#1925=CARTESIAN_POINT('',(-0.0001,0.0158725450612231,0.0387382120918236));
#1926=CARTESIAN_POINT('',(0.,0.015840863334554,0.0386608903112012));
#1927=CARTESIAN_POINT('',(0.01,0.0126726906676432,0.030928712248961));
#1928=CARTESIAN_POINT('',(0.0101,0.0126410089409741,0.0308513904683386));
#1929=CARTESIAN_POINT('',(-0.0001,0.0157143190257755,0.0386688070291871));
#1930=CARTESIAN_POINT('',(0.,0.0156829531195364,0.0385916237816239));
#1931=CARTESIAN_POINT('',(0.01,0.0125463624956291,0.0308732990252991));
#1932=CARTESIAN_POINT('',(0.0101,0.01251499658939,0.0307961157777358));
#1933=CARTESIAN_POINT('',(0.01,0.0138894240524233,0.0288416862309235));
#1934=CARTESIAN_POINT('',(0.01,0.0162088665067777,0.0294582790470818));
#1935=CARTESIAN_POINT('',(0.,0.0202610831334721,0.0368228488088523));
#1936=CARTESIAN_POINT('',(0.,0.0202610831334721,0.0368228488088523));
#1937=CARTESIAN_POINT('',(0.,0.0173617800655291,0.0360521077886543));
#1938=CARTESIAN_POINT('',(0.0126128767678059,0.0209865215395585,0.0055789866194576));
#1939=CARTESIAN_POINT('',(0.01,0.0167966381774553,0.0272472533414463));
#1940=CARTESIAN_POINT('',(0.01,0.0173844098481328,0.0250362276358109));
#1941=CARTESIAN_POINT('',(0.,0.0217305123101661,0.0312952845447636));
#1942=CARTESIAN_POINT('',(0.,0.0217305123101661,0.0312952845447636));
#1943=CARTESIAN_POINT('',(0.,0.0209957977218191,0.0340590666768079));
#1944=CARTESIAN_POINT('',(0.,1.3010426069826E-16,1.70002900645727E-16));
#1945=CARTESIAN_POINT('',(0.01,-1.57859836313889E-16,-2.23779328401008E-16));
#1946=CARTESIAN_POINT('',(0.01,0.0205401220222041,0.0225196311540168));
#1947=CARTESIAN_POINT('',(0.,0.0256751525277551,0.0281495389425211));
#1948=CARTESIAN_POINT('',(0.,0.0256751525277551,0.0281495389425211));
#1949=CARTESIAN_POINT('',(0.,1.3010426069826E-16,1.70002900645727E-16));
#1950=CARTESIAN_POINT('',(0.0126128767678059,0.000769169403521264,0.021701786941612));
#1951=CARTESIAN_POINT('',(0.01,0.0228265041982918,0.022438595651303));
#1952=CARTESIAN_POINT('',(0.01,0.0251128863743796,0.0223575601485891));
#1953=CARTESIAN_POINT('',(0.005,0.0282519971711771,0.0251522551671628));
#1954=CARTESIAN_POINT('',(4.33680868994202E-19,0.0313911079679745,0.0279469501857364));
#1955=CARTESIAN_POINT('',(0.,0.0285331302478649,0.0280482445641288));
#1956=CARTESIAN_POINT('',(-0.0001,0.0342025343574242,0.0239249472942696));
#1957=CARTESIAN_POINT('',(0.,0.0341342658257726,0.0238771929084527));
#1958=CARTESIAN_POINT('',(0.01,0.0273074126606181,0.0191017543267621));
#1959=CARTESIAN_POINT('',(0.0101,0.0272391441289665,0.0190539999409452));
#1960=CARTESIAN_POINT('',(-0.0001,0.0342349906850512,0.0240946503520205));
#1961=CARTESIAN_POINT('',(0.,0.0341666573703106,0.0240465572375454));
#1962=CARTESIAN_POINT('',(0.01,0.0273333258962485,0.0192372457900363));
#1963=CARTESIAN_POINT('',(0.0101,0.0272649925815078,0.0191891526755613));
#1964=CARTESIAN_POINT('',(-0.0001,0.0342674470126783,0.0242643534097715));
#1965=CARTESIAN_POINT('',(0.,0.0341990489148486,0.0242159215666382));
#1966=CARTESIAN_POINT('',(0.01,0.0273592391318789,0.0193727372533106));
#1967=CARTESIAN_POINT('',(0.0101,0.0272908410340492,0.0193243054101773));
#1968=CARTESIAN_POINT('',(-0.0001,0.0343201885450723,0.0245401208786168));
#1969=CARTESIAN_POINT('',(0.,0.0342516851747229,0.0244911386014139));
#1970=CARTESIAN_POINT('',(0.01,0.0274013481397783,0.0195929108811312));
#1971=CARTESIAN_POINT('',(0.0101,0.0273328447694288,0.0195439286039283));
#1972=CARTESIAN_POINT('',(-0.0001,0.0343347528314245,0.0246472791891318));
#1973=CARTESIAN_POINT('',(0.,0.0342662203906432,0.0245980830230857));
#1974=CARTESIAN_POINT('',(0.01,0.0274129763125145,0.0196784664184685));
#1975=CARTESIAN_POINT('',(0.0101,0.0273444438717333,0.0196292702524223));
#1976=CARTESIAN_POINT('',(-0.0001,0.0343522707024941,0.0248625411679532));
#1977=CARTESIAN_POINT('',(0.,0.0342837032959023,0.0248129153372786));
#1978=CARTESIAN_POINT('',(0.01,0.0274269626367219,0.0198503322698229));
#1979=CARTESIAN_POINT('',(0.0101,0.02735839523013,0.0198007064391483));
#1980=CARTESIAN_POINT('',(-0.0001,0.0343552242478474,0.0249706443525466));
#1981=CARTESIAN_POINT('',(0.,0.0342866509459554,0.0249208027470525));
#1982=CARTESIAN_POINT('',(0.01,0.0274293207567643,0.019936642197642));
#1983=CARTESIAN_POINT('',(0.0101,0.0273607474548724,0.0198868005921479));
#1984=CARTESIAN_POINT('',(-0.0001,0.034349486313474,0.0251865417157589));
#1985=CARTESIAN_POINT('',(0.,0.0342809244645449,0.0251362691774041));
#1986=CARTESIAN_POINT('',(0.01,0.0274247395716359,0.0201090153419233));
#1987=CARTESIAN_POINT('',(0.0101,0.0273561777227068,0.0200587428035684));
#1988=CARTESIAN_POINT('',(-0.0001,0.034340794846641,0.0252943354092371));
#1989=CARTESIAN_POINT('',(0.,0.0342722503459491,0.0252438477138095));
#1990=CARTESIAN_POINT('',(0.01,0.0274178002767593,0.0201950781710476));
#1991=CARTESIAN_POINT('',(0.0101,0.0273492557760674,0.02014459047562));
#1992=CARTESIAN_POINT('',(-0.0001,0.0343118676864095,0.0255083630119753));
#1993=CARTESIAN_POINT('',(0.,0.0342433809245604,0.0254574481157438));
#1994=CARTESIAN_POINT('',(0.01,0.0273947047396483,0.020365958492595));
#1995=CARTESIAN_POINT('',(0.0101,0.0273262179777992,0.0203150435963636));
#1996=CARTESIAN_POINT('',(-0.0001,0.0342916320580129,0.0256145964402961));
#1997=CARTESIAN_POINT('',(0.,0.0342231856866396,0.0255634695012935));
#1998=CARTESIAN_POINT('',(0.01,0.0273785485493117,0.0204507756010348));
#1999=CARTESIAN_POINT('',(0.0101,0.0273101021779384,0.0203996486620322));
#2000=CARTESIAN_POINT('',(-0.0001,0.0342398513255221,0.0258242708332858));
#2001=CARTESIAN_POINT('',(0.,0.0341715083089043,0.0257727253825208));
#2002=CARTESIAN_POINT('',(0.01,0.0273372066471234,0.0206181803060166));
#2003=CARTESIAN_POINT('',(0.0101,0.0272688636305056,0.0205666348552516));
#2004=CARTESIAN_POINT('',(-0.0001,0.0342083063377838,0.0259277113267977));
#2005=CARTESIAN_POINT('',(0.,0.0341400262852133,0.0258759594079817));
#2006=CARTESIAN_POINT('',(0.01,0.0273120210281706,0.0207007675263854));
#2007=CARTESIAN_POINT('',(0.0101,0.0272437409756002,0.0206490156075694));
#2008=CARTESIAN_POINT('',(-0.0001,0.0341342728659209,0.0261305995728269));
#2009=CARTESIAN_POINT('',(0.,0.0340661405847514,0.026078442687452));
#2010=CARTESIAN_POINT('',(0.01,0.0272529124678011,0.0208627541499616));
#2011=CARTESIAN_POINT('',(0.0101,0.0271847801866316,0.0208105972645867));
#2012=CARTESIAN_POINT('',(-0.0001,0.0340917845481562,0.0262300468694363));
#2013=CARTESIAN_POINT('',(0.,0.0340237370740082,0.0261776914864634));
#2014=CARTESIAN_POINT('',(0.01,0.0272189896592065,0.0209421531891707));
#2015=CARTESIAN_POINT('',(0.0101,0.0271509421850585,0.0208897978061978));
#2016=CARTESIAN_POINT('',(-0.0001,0.0339963573773891,0.0264237947737147));
#2017=CARTESIAN_POINT('',(0.,0.0339285003766358,0.0263710526683779));
#2018=CARTESIAN_POINT('',(0.01,0.0271428003013086,0.0210968421347024));
#2019=CARTESIAN_POINT('',(0.0101,0.0270749433005553,0.0210441000293656));
#2020=CARTESIAN_POINT('',(-0.0001,0.03394341873882,0.0265180949460149));
#2021=CARTESIAN_POINT('',(0.,0.033875667404012,0.0264651646167814));
#2022=CARTESIAN_POINT('',(0.01,0.0271005339232096,0.021172131693425));
#2023=CARTESIAN_POINT('',(0.0101,0.0270327825884016,0.0211192013641915));
#2024=CARTESIAN_POINT('',(-0.0001,0.0338277051494011,0.0267004543728529));
#2025=CARTESIAN_POINT('',(0.,0.0337601847798414,0.0266471600527474));
#2026=CARTESIAN_POINT('',(0.01,0.0270081478238731,0.0213177280421979));
#2027=CARTESIAN_POINT('',(0.0101,0.0269406274543134,0.0212644337220924));
#2028=CARTESIAN_POINT('',(-0.0001,0.0337649304585699,0.0267885132176128));
#2029=CARTESIAN_POINT('',(0.,0.0336975353877943,0.0267350431313501));
#2030=CARTESIAN_POINT('',(0.01,0.0269580283102355,0.0213880345050801));
#2031=CARTESIAN_POINT('',(0.0101,0.0268906332394599,0.0213345644188173));
#2032=CARTESIAN_POINT('',(-0.0001,0.0336302731223134,0.0269573681764538));
#2033=CARTESIAN_POINT('',(0.,0.0335631468286561,0.0269035610543451));
#2034=CARTESIAN_POINT('',(0.01,0.0268505174629248,0.0215228488434761));
#2035=CARTESIAN_POINT('',(0.0101,0.0267833911692675,0.0214690417213674));
#2036=CARTESIAN_POINT('',(-0.0001,0.0335583907794751,0.0270381639111027));
#2037=CARTESIAN_POINT('',(0.,0.033491407963548,0.0269841955200626));
#2038=CARTESIAN_POINT('',(0.01,0.0267931263708384,0.0215873564160501));
#2039=CARTESIAN_POINT('',(0.0101,0.0267261435549113,0.0215333880250099));
#2040=CARTESIAN_POINT('',(-0.0001,0.0334063521801902,0.0271915551092217));
#2041=CARTESIAN_POINT('',(0.,0.0333396728345211,0.0271372805481255));
#2042=CARTESIAN_POINT('',(0.01,0.0266717382676169,0.0217098244385003));
#2043=CARTESIAN_POINT('',(0.0101,0.0266050589219479,0.0216555498774041));
#2044=CARTESIAN_POINT('',(-0.0001,0.0333261962653879,0.0272641502280081));
#2045=CARTESIAN_POINT('',(0.,0.0332596769115648,0.0272097307664751));
#2046=CARTESIAN_POINT('',(0.01,0.0266077415292519,0.0217677846131801));
#2047=CARTESIAN_POINT('',(0.0101,0.0265412221754287,0.0217133651516471));
#2048=CARTESIAN_POINT('',(-0.0001,0.0331585405687441,0.0274002978049816));
#2049=CARTESIAN_POINT('',(0.,0.03309235585703,0.027345606591798));
#2050=CARTESIAN_POINT('',(0.01,0.026473884685624,0.0218764852734384));
#2051=CARTESIAN_POINT('',(0.0101,0.0264076999739099,0.0218217940602548));
#2052=CARTESIAN_POINT('',(-0.0001,0.0330710411636398,0.027463849957233));
#2053=CARTESIAN_POINT('',(0.,0.0330050311014369,0.0274090318934461));
#2054=CARTESIAN_POINT('',(0.01,0.0264040248811495,0.0219272255147568));
#2055=CARTESIAN_POINT('',(0.0101,0.0263380148189467,0.02187240745097));
#2056=CARTESIAN_POINT('',(-0.0001,0.0328897137468352,0.027581174137383));
#2057=CARTESIAN_POINT('',(0.,0.032824065615604,0.0275261218935959));
#2058=CARTESIAN_POINT('',(0.01,0.0262592524924832,0.0220208975148766));
#2059=CARTESIAN_POINT('',(0.0101,0.026193604361252,0.0219658452710895));
#2060=CARTESIAN_POINT('',(-0.0001,0.0327958861425938,0.0276349459016437));
#2061=CARTESIAN_POINT('',(0.,0.0327304252920098,0.0275797863289858));
#2062=CARTESIAN_POINT('',(0.01,0.0261843402336078,0.0220638290631886));
#2063=CARTESIAN_POINT('',(0.0101,0.0261188793830238,0.0220086694905306));
#2064=CARTESIAN_POINT('',(-0.0001,0.0326029910213531,0.0277320853248171));
#2065=CARTESIAN_POINT('',(0.,0.0325379151909712,0.0276767318610949));
#2066=CARTESIAN_POINT('',(0.01,0.026030332152777,0.0221413854888759));
#2067=CARTESIAN_POINT('',(0.0101,0.025965256322395,0.0220860320251537));
#2068=CARTESIAN_POINT('',(-0.0001,0.0325039239378065,0.0277754527654487));
#2069=CARTESIAN_POINT('',(0.,0.0324390458461143,0.0277200127399688));
#2070=CARTESIAN_POINT('',(0.01,0.0259512366768914,0.022176010191975));
#2071=CARTESIAN_POINT('',(0.0101,0.0258863585851992,0.0221205701664951));
#2072=CARTESIAN_POINT('',(-0.0001,0.0323016993526311,0.0278512802834323));
#2073=CARTESIAN_POINT('',(0.,0.0322372249028254,0.027795688905621));
#2074=CARTESIAN_POINT('',(0.01,0.0257897799222604,0.0222365511244969));
#2075=CARTESIAN_POINT('',(0.0101,0.0257253054724547,0.0221809597466856));
#2076=CARTESIAN_POINT('',(-0.0001,0.0321985423054191,0.0278837401903929));
#2077=CARTESIAN_POINT('',(0.,0.0321342737579033,0.0278280840223483));
#2078=CARTESIAN_POINT('',(0.01,0.0257074190063226,0.0222624672178786));
#2079=CARTESIAN_POINT('',(0.0101,0.0256431504588068,0.0222068110498339));
#2080=CARTESIAN_POINT('',(-0.0001,0.0319893347503727,0.0279373759456725));
#2081=CARTESIAN_POINT('',(0.,0.0319254837828071,0.027881612720232));
#2082=CARTESIAN_POINT('',(0.01,0.0255403870262457,0.0223052901761857));
#2083=CARTESIAN_POINT('',(0.0101,0.0254765360586801,0.0222495269507452));
#2084=CARTESIAN_POINT('',(-0.0001,0.0318832847126464,0.0279585516734672));
#2085=CARTESIAN_POINT('',(0.,0.0318196454218028,0.0279027461811049));
#2086=CARTESIAN_POINT('',(0.01,0.0254557163374422,0.022322196944884));
#2087=CARTESIAN_POINT('',(0.0101,0.0253920770465986,0.0222663914525217));
#2088=CARTESIAN_POINT('',(-0.0001,0.0316695217080306,0.027989373308572));
#2089=CARTESIAN_POINT('',(0.,0.0316063090898509,0.02793350629598));
#2090=CARTESIAN_POINT('',(0.01,0.0252850472718807,0.022346805036784));
#2091=CARTESIAN_POINT('',(0.0101,0.025221834653701,0.022290938024192));
#2092=CARTESIAN_POINT('',(-0.0001,0.0315618092214857,0.0279990191466232));
#2093=CARTESIAN_POINT('',(0.,0.0314988115982891,0.0279431328808615));
#2094=CARTESIAN_POINT('',(0.01,0.0251990492786313,0.0223545063046892));
#2095=CARTESIAN_POINT('',(0.0101,0.0251360516554347,0.0222986200389275));
#2096=CARTESIAN_POINT('',(-0.0001,0.0312812197237901,0.0280089639892833));
#2097=CARTESIAN_POINT('',(0.,0.0312187821594712,0.0279530578735362));
#2098=CARTESIAN_POINT('',(0.01,0.0249750257275769,0.022362446298829));
#2099=CARTESIAN_POINT('',(0.0101,0.024912588163258,0.0223065401830819));
#2100=CARTESIAN_POINT('',(-0.0001,0.0311085492636698,0.0280150838924587));
#2101=CARTESIAN_POINT('',(0.,0.0310464563509678,0.027959165561336));
#2102=CARTESIAN_POINT('',(0.01,0.0248371650807743,0.0223673324490688));
#2103=CARTESIAN_POINT('',(0.0101,0.0247750721680723,0.0223114141179462));
#2104=CARTESIAN_POINT('',(-0.0001,0.0309358788035494,0.0280212037956342));
#2105=CARTESIAN_POINT('',(0.,0.0308741305424645,0.0279652732491359));
#2106=CARTESIAN_POINT('',(0.01,0.0246993044339716,0.0223722185993087));
#2107=CARTESIAN_POINT('',(0.0101,0.0246375561728866,0.0223162880528104));
#2108=CARTESIAN_POINT('',(0.01,0.0250278773286569,0.0199590661498171));
#2109=CARTESIAN_POINT('',(0.01,0.0273851523675093,0.0195082287165847));
#2110=CARTESIAN_POINT('',(0.,0.0342314404593866,0.024385285895731));
#2111=CARTESIAN_POINT('',(0.,0.0342314404593866,0.024385285895731));
#2112=CARTESIAN_POINT('',(0.,0.0312848466608211,0.0249488326872714));
#2113=CARTESIAN_POINT('',(0.0126128767678059,0.0213288341276428,-0.00407921717807933));
#2114=CARTESIAN_POINT('',(0.01,0.0269553882437786,0.0172611388194542));
#2115=CARTESIAN_POINT('',(0.01,0.0265256241200479,0.0150140489223238));
#2116=CARTESIAN_POINT('',(0.,0.0331570301500599,0.0187675611529047));
#2117=CARTESIAN_POINT('',(0.,0.0331570301500599,0.0187675611529047));
#2118=CARTESIAN_POINT('',(0.,0.0336942353047232,0.0215764235243179));
#2119=CARTESIAN_POINT('',(0.,-9.36750677027476E-17,-2.16840434497101E-17));
#2120=CARTESIAN_POINT('',(0.01,-1.71737624121704E-16,-1.4658413372004E-16));
#2121=CARTESIAN_POINT('',(0.01,0.0282769122535758,0.0113774616414898));
#2122=CARTESIAN_POINT('',(0.,0.0353461403169699,0.0142218270518622));
#2123=CARTESIAN_POINT('',(0.,0.0353461403169699,0.0142218270518622));
#2124=CARTESIAN_POINT('',(0.,-9.36750677027476E-17,-2.16840434497101E-17));
#2125=CARTESIAN_POINT('',(0.0126128767678059,0.010109050150475,0.0192189043154291));
#2126=CARTESIAN_POINT('',(0.01,0.0303017114274392,0.010312427128737));
#2127=CARTESIAN_POINT('',(0.01,0.0323265106013024,0.00924739261598431));
#2128=CARTESIAN_POINT('',(0.005,0.0363673244264652,0.0104033166929823));
#2129=CARTESIAN_POINT('',(-8.67361737988404E-19,0.0404081382516281,0.0115592407699804));
#2130=CARTESIAN_POINT('',(0.,0.0378771392842989,0.0128905339109213));
#2131=CARTESIAN_POINT('',(-0.0001,0.0411960642496303,0.00671570918404715));
#2132=CARTESIAN_POINT('',(0.,0.0411138365764773,0.00670230457489736));
#2133=CARTESIAN_POINT('',(0.01,0.0328910692611818,0.00536184365991788));
#2134=CARTESIAN_POINT('',(0.0101,0.0328088415880289,0.00534843905076808));
#2135=CARTESIAN_POINT('',(-0.0001,0.0412989377876254,0.00685452408307975));
#2136=CARTESIAN_POINT('',(0.,0.0412165047780692,0.00684084239828318));
#2137=CARTESIAN_POINT('',(0.01,0.0329732038224553,0.00547267391862653));
#2138=CARTESIAN_POINT('',(0.0101,0.0328907708128992,0.00545899223382997));
#2139=CARTESIAN_POINT('',(-0.0001,0.0414018113256205,0.00699333898211234));
#2140=CARTESIAN_POINT('',(0.,0.0413191729796611,0.006979380221669));
#2141=CARTESIAN_POINT('',(0.01,0.0330553383837289,0.00558350417733519));
#2142=CARTESIAN_POINT('',(0.0101,0.0329727000377696,0.00556954541689185));
#2143=CARTESIAN_POINT('',(-0.0001,0.0415689808248625,0.00721891319304029));
#2144=CARTESIAN_POINT('',(0.,0.041486008807248,0.00720450418467095));
#2145=CARTESIAN_POINT('',(0.01,0.0331888070457984,0.00576360334773675));
#2146=CARTESIAN_POINT('',(0.0101,0.0331058350281839,0.00574919433936741));
#2147=CARTESIAN_POINT('',(-0.0001,0.0416285970418928,0.00730914028773132));
#2148=CARTESIAN_POINT('',(0.,0.0415455060298332,0.0072945511853606));
#2149=CARTESIAN_POINT('',(0.01,0.0332364048238665,0.00583564094828847));
#2150=CARTESIAN_POINT('',(0.0101,0.0331533138118068,0.00582105184591775));
#2151=CARTESIAN_POINT('',(-0.0001,0.0417377787706193,0.00749548390969135));
#2152=CARTESIAN_POINT('',(0.,0.0416544698309574,0.00748052286396342));
#2153=CARTESIAN_POINT('',(0.01,0.0333235758647659,0.00598441829117074));
#2154=CARTESIAN_POINT('',(0.0101,0.033240266925104,0.00596945724544281));
#2155=CARTESIAN_POINT('',(-0.0001,0.0417873440369744,0.0075916000182296));
#2156=CARTESIAN_POINT('',(0.,0.0417039361646451,0.00757644712398164));
#2157=CARTESIAN_POINT('',(0.01,0.0333631489317161,0.00606115769918531));
#2158=CARTESIAN_POINT('',(0.0101,0.0332797410593868,0.00604600480493735));
#2159=CARTESIAN_POINT('',(-0.0001,0.0418758486919542,0.00778860641756684));
#2160=CARTESIAN_POINT('',(0.,0.0417922641636269,0.00777306029697289));
#2161=CARTESIAN_POINT('',(0.01,0.0334338113309015,0.00621844823757831));
#2162=CARTESIAN_POINT('',(0.0101,0.0333502268025742,0.00620290211698436));
#2163=CARTESIAN_POINT('',(-0.0001,0.0419147878817008,0.00788949626567486));
#2164=CARTESIAN_POINT('',(0.,0.0418311256304399,0.00787374876813858));
#2165=CARTESIAN_POINT('',(0.01,0.0334649005043519,0.00629899901451086));
#2166=CARTESIAN_POINT('',(0.0101,0.0333812382530911,0.00628325151697458));
#2167=CARTESIAN_POINT('',(-0.0001,0.0419815885074459,0.008094879497057));
#2168=CARTESIAN_POINT('',(0.,0.0418977929216027,0.0080787220529511));
#2169=CARTESIAN_POINT('',(0.01,0.0335182343372821,0.00646297764236088));
#2170=CARTESIAN_POINT('',(0.0101,0.0334344387514389,0.00644682019825498));
#2171=CARTESIAN_POINT('',(-0.0001,0.0420094497933372,0.00819937241881667));
#2172=CARTESIAN_POINT('',(0.,0.0419255985961449,0.00818300640600466));
#2173=CARTESIAN_POINT('',(0.01,0.0335404788769159,0.00654640512480373));
#2174=CARTESIAN_POINT('',(0.0101,0.0334566276797236,0.00653003911199172));
#2175=CARTESIAN_POINT('',(-0.0001,0.0420537712750333,0.00841074933712412));
#2176=CARTESIAN_POINT('',(0.,0.0419698316118097,0.00839396141429553));
#2177=CARTESIAN_POINT('',(0.01,0.0335758652894477,0.00671516913143642));
#2178=CARTESIAN_POINT('',(0.0101,0.0334919256262241,0.00669838120860783));
#2179=CARTESIAN_POINT('',(-0.0001,0.0420702313712438,0.0085176328586891));
#2180=CARTESIAN_POINT('',(0.,0.0419862588535368,0.0085006315954981));
#2181=CARTESIAN_POINT('',(0.01,0.0335890070828294,0.00680050527639848));
#2182=CARTESIAN_POINT('',(0.0101,0.0335050345651223,0.00678350401320748));
#2183=CARTESIAN_POINT('',(-0.0001,0.0420915594287228,0.0087325507716165));
#2184=CARTESIAN_POINT('',(0.,0.0420075443400427,0.00871512053055539));
#2185=CARTESIAN_POINT('',(0.01,0.0336060354720342,0.00697209642444431));
#2186=CARTESIAN_POINT('',(0.0101,0.0335220203833541,0.0069546661833832));
#2187=CARTESIAN_POINT('',(-0.0001,0.0420964273420653,0.00884058468003918));
#2188=CARTESIAN_POINT('',(0.,0.0420124025369913,0.00882293880243431));
#2189=CARTESIAN_POINT('',(0.01,0.0336099220295931,0.00705835104194745));
#2190=CARTESIAN_POINT('',(0.0101,0.0335258972245191,0.00704070516434258));
#2191=CARTESIAN_POINT('',(-0.0001,0.0420945144972066,0.00905654980768122));
#2192=CARTESIAN_POINT('',(0.,0.0420104935101863,0.00903847286195731));
#2193=CARTESIAN_POINT('',(0.01,0.0336083948081489,0.00723077828956584));
#2194=CARTESIAN_POINT('',(0.0101,0.0335243738211286,0.00721270134384193));
#2195=CARTESIAN_POINT('',(-0.0001,0.0420877337433038,0.00916448054160766));
#2196=CARTESIAN_POINT('',(0.,0.0420037262907224,0.0091461881652771));
#2197=CARTESIAN_POINT('',(0.01,0.0336029810325778,0.00731695053222168));
#2198=CARTESIAN_POINT('',(0.0101,0.0335189735799964,0.00729865815589113));
#2199=CARTESIAN_POINT('',(-0.0001,0.0420626021916239,0.00937898695280102));
#2200=CARTESIAN_POINT('',(0.,0.0419786449018203,0.0093602664199611));
#2201=CARTESIAN_POINT('',(0.01,0.0335829159214562,0.00748821313596888));
#2202=CARTESIAN_POINT('',(0.0101,0.0334989586316526,0.00746949260312896));
#2203=CARTESIAN_POINT('',(-0.0001,0.0420442514503196,0.00948556214805288));
#2204=CARTESIAN_POINT('',(0.,0.0419603307887422,0.00946662889027234));
#2205=CARTESIAN_POINT('',(0.01,0.0335682646309937,0.00757330311221787));
#2206=CARTESIAN_POINT('',(0.0101,0.0334843439694162,0.00755436985443733));
#2207=CARTESIAN_POINT('',(-0.0001,0.0419961928034283,0.00969612083771416));
#2208=CARTESIAN_POINT('',(0.,0.0419123680672937,0.00967676730310794));
#2209=CARTESIAN_POINT('',(0.01,0.033529894453835,0.00774141384248635));
#2210=CARTESIAN_POINT('',(0.0101,0.0334460697177004,0.00772206030788013));
#2211=CARTESIAN_POINT('',(-0.0001,0.0419664850058333,0.00980010385897938));
#2212=CARTESIAN_POINT('',(0.,0.0418827195666999,0.00978054277343252));
#2213=CARTESIAN_POINT('',(0.01,0.0335061756533599,0.00782443421874601));
#2214=CARTESIAN_POINT('',(0.0101,0.0334224102142265,0.00780487313319915));
#2215=CARTESIAN_POINT('',(-0.0001,0.0418960569077457,0.0100042716290428));
#2216=CARTESIAN_POINT('',(0.,0.0418124320436584,0.00998430302299679));
#2217=CARTESIAN_POINT('',(0.01,0.0334499456349267,0.00798744241839743));
#2218=CARTESIAN_POINT('',(0.0101,0.0333663207708394,0.00796747381235144));
#2219=CARTESIAN_POINT('',(-0.0001,0.0418553367655114,0.0101044559190577));
#2220=CARTESIAN_POINT('',(0.,0.0417717931791531,0.010084287344369));
#2221=CARTESIAN_POINT('',(0.01,0.0334174345433225,0.00806742987549521));
#2222=CARTESIAN_POINT('',(0.0101,0.0333338909569641,0.00804726130080647));
#2223=CARTESIAN_POINT('',(-0.0001,0.0417633564220778,0.0102998637278954));
#2224=CARTESIAN_POINT('',(0.,0.0416799964292194,0.0102793051176601));
#2225=CARTESIAN_POINT('',(0.01,0.0333439971433755,0.00822344409412809));
#2226=CARTESIAN_POINT('',(0.0101,0.0332606371505171,0.00820288548389277));
#2227=CARTESIAN_POINT('',(-0.0001,0.0417120964275667,0.0103950868076194));
#2228=CARTESIAN_POINT('',(0.,0.0416288387500666,0.0103743381313566));
#2229=CARTESIAN_POINT('',(0.01,0.0333030710000532,0.00829947050508532));
#2230=CARTESIAN_POINT('',(0.0101,0.0332198133225531,0.00827872182882261));
#2231=CARTESIAN_POINT('',(-0.0001,0.041599631124101,0.0105794672589944));
#2232=CARTESIAN_POINT('',(0.,0.0415165979282446,0.0105583505578786));
#2233=CARTESIAN_POINT('',(0.01,0.0332132783425956,0.00844668044630292));
#2234=CARTESIAN_POINT('',(0.0101,0.0331302451467391,0.00842556374518716));
#2235=CARTESIAN_POINT('',(-0.0001,0.041538426067866,0.0106686242163262));
#2236=CARTESIAN_POINT('',(0.,0.0414555150377904,0.0106473295572118));
#2237=CARTESIAN_POINT('',(0.01,0.0331644120302323,0.00851786364576942));
#2238=CARTESIAN_POINT('',(0.0101,0.0330815010001567,0.008496568986655));
#2239=CARTESIAN_POINT('',(-0.0001,0.0414067807850001,0.0108398378689128));
#2240=CARTESIAN_POINT('',(0.,0.0413241325199602,0.0108182014659808));
#2241=CARTESIAN_POINT('',(0.01,0.0330593060159681,0.00865456117278468));
#2242=CARTESIAN_POINT('',(0.0101,0.0329766577509282,0.00863292476985272));
#2243=CARTESIAN_POINT('',(-0.0001,0.0413363408541879,0.0109218941794353));
#2244=CARTESIAN_POINT('',(0.,0.0412538331878122,0.0109000939914524));
#2245=CARTESIAN_POINT('',(0.01,0.0330030665502498,0.00872007519316189));
#2246=CARTESIAN_POINT('',(0.0101,0.0329205588838742,0.00869827500517899));
#2247=CARTESIAN_POINT('',(-0.0001,0.0411870431256511,0.0110779543716261));
#2248=CARTESIAN_POINT('',(0.,0.0411048334587336,0.0110558426862536));
#2249=CARTESIAN_POINT('',(0.01,0.0328838667669869,0.00884467414900291));
#2250=CARTESIAN_POINT('',(0.0101,0.0328016571000694,0.0088225624636304));
#2251=CARTESIAN_POINT('',(-0.0001,0.0411081856634118,0.0111519579026133));
#2252=CARTESIAN_POINT('',(0.,0.0410261333966186,0.0111296985056021));
#2253=CARTESIAN_POINT('',(0.01,0.0328209067172949,0.00890375880448172));
#2254=CARTESIAN_POINT('',(0.0101,0.0327388544505016,0.00888149940747052));
#2255=CARTESIAN_POINT('',(-0.0001,0.0409429678514362,0.0112910538045619));
#2256=CARTESIAN_POINT('',(0.,0.0408612453607148,0.0112685167710198));
#2257=CARTESIAN_POINT('',(0.01,0.0326889962885717,0.00901481341681586));
#2258=CARTESIAN_POINT('',(0.0101,0.0326072737978503,0.00899227638327382));
#2259=CARTESIAN_POINT('',(-0.0001,0.0408566078729589,0.0113561458629622));
#2260=CARTESIAN_POINT('',(0.,0.040775057757444,0.0113334789051519));
#2261=CARTESIAN_POINT('',(0.01,0.0326200462059552,0.00906678312412155));
#2262=CARTESIAN_POINT('',(0.0101,0.0325384960904403,0.00904411616631125));
#2263=CARTESIAN_POINT('',(-0.0001,0.0406773870669758,0.0114766634883772));
#2264=CARTESIAN_POINT('',(0.,0.0405961946776206,0.0114537559764244));
#2265=CARTESIAN_POINT('',(0.01,0.0324769557420964,0.0091630047811395));
#2266=CARTESIAN_POINT('',(0.0101,0.0323957633527412,0.00914009726918665));
#2267=CARTESIAN_POINT('',(-0.0001,0.0405845266421951,0.011532088784578));
#2268=CARTESIAN_POINT('',(0.,0.0405035196029892,0.0115090706432914));
#2269=CARTESIAN_POINT('',(0.01,0.0324028156823913,0.00920725651463311));
#2270=CARTESIAN_POINT('',(0.0101,0.0323218086431853,0.00918423837334653));
#2271=CARTESIAN_POINT('',(-0.0001,0.0403360391456293,0.0116627919986282));
#2272=CARTESIAN_POINT('',(0.,0.0402555280894504,0.0116395129726828));
#2273=CARTESIAN_POINT('',(0.01,0.0322044224715603,0.00931161037814624));
#2274=CARTESIAN_POINT('',(0.0101,0.0321239114153814,0.00928833135220088));
#2275=CARTESIAN_POINT('',(-0.0001,0.0401831237631273,0.011743224745736));
#2276=CARTESIAN_POINT('',(0.,0.0401029179272727,0.0117197851753852));
#2277=CARTESIAN_POINT('',(0.01,0.0320823343418182,0.00937582814030817));
#2278=CARTESIAN_POINT('',(0.0101,0.0320021285059636,0.0093523885699574));
#2279=CARTESIAN_POINT('',(-0.0001,0.0400302083806252,0.0118236574928438));
#2280=CARTESIAN_POINT('',(0.,0.039950307765095,0.0118000573780876));
#2281=CARTESIAN_POINT('',(0.01,0.031960246212076,0.0094400459024701));
#2282=CARTESIAN_POINT('',(0.0101,0.0318803455965458,0.00941644578771393));
#2283=CARTESIAN_POINT('',(0.01,0.031209252553178,0.00712330823585696));
#2284=CARTESIAN_POINT('',(0.01,0.0331374729450024,0.00569433443604385));
#2285=CARTESIAN_POINT('',(0.,0.0414218411812531,0.00711791804505481));
#2286=CARTESIAN_POINT('',(0.,0.0414218411812531,0.00711791804505481));
#2287=CARTESIAN_POINT('',(0.,0.0390115656914725,0.00890413529482121));
#2288=CARTESIAN_POINT('',(0.0126128767678059,0.0174467095357632,-0.0129294819851821));
#2289=CARTESIAN_POINT('',(0.01,0.0317752930822795,0.00385624406029407));
#2290=CARTESIAN_POINT('',(0.01,0.0304131132195565,0.00201815368454427));
#2291=CARTESIAN_POINT('',(0.,0.0380163915244456,0.00252269210568034));
#2292=CARTESIAN_POINT('',(0.,0.0380163915244456,0.00252269210568034));
#2293=CARTESIAN_POINT('',(0.,0.0397191163528493,0.00482030507536758));
#2294=CARTESIAN_POINT('',(0.,-2.48065457064684E-15,-2.1467203015213E-17));
#2295=CARTESIAN_POINT('',(0.01,3.81639164714897E-17,2.16840434497101E-17));
#2296=CARTESIAN_POINT('',(0.01,0.0304131132195565,-0.00201815368454431));
#2297=CARTESIAN_POINT('',(0.,0.0380163915244456,-0.00252269210568039));
#2298=CARTESIAN_POINT('',(0.,0.0380163915244456,-0.00252269210568039));
#2299=CARTESIAN_POINT('',(0.,-2.48065457064684E-15,-2.1467203015213E-17));
#2300=CARTESIAN_POINT('',(0.0126128767678059,0.0174467095357632,0.0129294819851821));
#2301=CARTESIAN_POINT('',(0.01,0.0317752930822795,-0.0038562440602941));
#2302=CARTESIAN_POINT('',(0.01,0.0331374729450024,-0.00569433443604389));
#2303=CARTESIAN_POINT('',(0.005,0.0372796570631277,-0.00640612624054938));
#2304=CARTESIAN_POINT('',(-4.33680868994202E-19,0.041421841181253,-0.00711791804505487));
#2305=CARTESIAN_POINT('',(0.,0.0397191163528493,-0.00482030507536763));
#2306=CARTESIAN_POINT('',(-0.0001,0.0400302083806252,-0.0118236574928439));
#2307=CARTESIAN_POINT('',(0.,0.039950307765095,-0.0118000573780877));
#2308=CARTESIAN_POINT('',(0.01,0.031960246212076,-0.00944004590247015));
#2309=CARTESIAN_POINT('',(0.0101,0.0318803455965458,-0.00941644578771397));
#2310=CARTESIAN_POINT('',(-0.0001,0.0401831237631273,-0.011743224745736));
#2311=CARTESIAN_POINT('',(0.,0.0401029179272727,-0.0117197851753853));
#2312=CARTESIAN_POINT('',(0.01,0.0320823343418182,-0.00937582814030822));
#2313=CARTESIAN_POINT('',(0.0101,0.0320021285059636,-0.00935238856995745));
#2314=CARTESIAN_POINT('',(-0.0001,0.0403360391456293,-0.0116627919986282));
#2315=CARTESIAN_POINT('',(0.,0.0402555280894504,-0.0116395129726829));
#2316=CARTESIAN_POINT('',(0.01,0.0322044224715603,-0.00931161037814628));
#2317=CARTESIAN_POINT('',(0.0101,0.0321239114153814,-0.00928833135220092));
#2318=CARTESIAN_POINT('',(-0.0001,0.0405845266421951,-0.011532088784578));
#2319=CARTESIAN_POINT('',(0.,0.0405035196029892,-0.0115090706432914));
#2320=CARTESIAN_POINT('',(0.01,0.0324028156823913,-0.00920725651463315));
#2321=CARTESIAN_POINT('',(0.0101,0.0323218086431853,-0.00918423837334657));
#2322=CARTESIAN_POINT('',(-0.0001,0.0406773870669758,-0.0114766634883773));
#2323=CARTESIAN_POINT('',(0.,0.0405961946776206,-0.0114537559764244));
#2324=CARTESIAN_POINT('',(0.01,0.0324769557420964,-0.00916300478113954));
#2325=CARTESIAN_POINT('',(0.0101,0.0323957633527412,-0.00914009726918669));
#2326=CARTESIAN_POINT('',(-0.0001,0.0408566078729589,-0.0113561458629623));
#2327=CARTESIAN_POINT('',(0.,0.040775057757444,-0.011333478905152));
#2328=CARTESIAN_POINT('',(0.01,0.0326200462059552,-0.00906678312412159));
#2329=CARTESIAN_POINT('',(0.0101,0.0325384960904403,-0.00904411616631129));
#2330=CARTESIAN_POINT('',(-0.0001,0.0409429678514362,-0.0112910538045619));
#2331=CARTESIAN_POINT('',(0.,0.0408612453607148,-0.0112685167710199));
#2332=CARTESIAN_POINT('',(0.01,0.0326889962885717,-0.00901481341681591));
#2333=CARTESIAN_POINT('',(0.0101,0.0326072737978503,-0.00899227638327387));
#2334=CARTESIAN_POINT('',(-0.0001,0.0411081856634118,-0.0111519579026134));
#2335=CARTESIAN_POINT('',(0.,0.0410261333966186,-0.0111296985056022));
#2336=CARTESIAN_POINT('',(0.01,0.0328209067172949,-0.00890375880448177));
#2337=CARTESIAN_POINT('',(0.0101,0.0327388544505016,-0.00888149940747057));
#2338=CARTESIAN_POINT('',(-0.0001,0.0411870431256511,-0.0110779543716262));
#2339=CARTESIAN_POINT('',(0.,0.0411048334587336,-0.0110558426862537));
#2340=CARTESIAN_POINT('',(0.01,0.0328838667669868,-0.00884467414900295));
#2341=CARTESIAN_POINT('',(0.0101,0.0328016571000694,-0.00882256246363044));
#2342=CARTESIAN_POINT('',(-0.0001,0.0413363408541879,-0.0109218941794353));
#2343=CARTESIAN_POINT('',(0.,0.0412538331878122,-0.0109000939914524));
#2344=CARTESIAN_POINT('',(0.01,0.0330030665502498,-0.00872007519316193));
#2345=CARTESIAN_POINT('',(0.0101,0.0329205588838742,-0.00869827500517903));
#2346=CARTESIAN_POINT('',(-0.0001,0.0414067807850001,-0.0108398378689129));
#2347=CARTESIAN_POINT('',(0.,0.0413241325199602,-0.0108182014659809));
#2348=CARTESIAN_POINT('',(0.01,0.0330593060159681,-0.00865456117278472));
#2349=CARTESIAN_POINT('',(0.0101,0.0329766577509282,-0.00863292476985276));
#2350=CARTESIAN_POINT('',(-0.0001,0.041538426067866,-0.0106686242163262));
#2351=CARTESIAN_POINT('',(0.,0.0414555150377904,-0.0106473295572118));
#2352=CARTESIAN_POINT('',(0.01,0.0331644120302323,-0.00851786364576946));
#2353=CARTESIAN_POINT('',(0.0101,0.0330815010001567,-0.00849656898665503));
#2354=CARTESIAN_POINT('',(-0.0001,0.041599631124101,-0.0105794672589945));
#2355=CARTESIAN_POINT('',(0.,0.0415165979282445,-0.0105583505578787));
#2356=CARTESIAN_POINT('',(0.01,0.0332132783425956,-0.00844668044630296));
#2357=CARTESIAN_POINT('',(0.0101,0.0331302451467391,-0.0084255637451872));
#2358=CARTESIAN_POINT('',(-0.0001,0.0417120964275667,-0.0103950868076194));
#2359=CARTESIAN_POINT('',(0.,0.0416288387500665,-0.0103743381313567));
#2360=CARTESIAN_POINT('',(0.01,0.0333030710000532,-0.00829947050508536));
#2361=CARTESIAN_POINT('',(0.0101,0.0332198133225531,-0.00827872182882265));
#2362=CARTESIAN_POINT('',(-0.0001,0.0417633564220778,-0.0102998637278955));
#2363=CARTESIAN_POINT('',(0.,0.0416799964292194,-0.0102793051176602));
#2364=CARTESIAN_POINT('',(0.01,0.0333439971433755,-0.00822344409412814));
#2365=CARTESIAN_POINT('',(0.0101,0.0332606371505171,-0.00820288548389282));
#2366=CARTESIAN_POINT('',(-0.0001,0.0418553367655114,-0.0101044559190578));
#2367=CARTESIAN_POINT('',(0.,0.0417717931791531,-0.0100842873443691));
#2368=CARTESIAN_POINT('',(0.01,0.0334174345433224,-0.00806742987549525));
#2369=CARTESIAN_POINT('',(0.0101,0.0333338909569641,-0.00804726130080651));
#2370=CARTESIAN_POINT('',(-0.0001,0.0418960569077457,-0.0100042716290428));
#2371=CARTESIAN_POINT('',(0.,0.0418124320436584,-0.00998430302299684));
#2372=CARTESIAN_POINT('',(0.01,0.0334499456349267,-0.00798744241839747));
#2373=CARTESIAN_POINT('',(0.0101,0.0333663207708394,-0.00796747381235148));
#2374=CARTESIAN_POINT('',(-0.0001,0.0419664850058333,-0.00980010385897944));
#2375=CARTESIAN_POINT('',(0.,0.0418827195666999,-0.00978054277343257));
#2376=CARTESIAN_POINT('',(0.01,0.0335061756533599,-0.00782443421874605));
#2377=CARTESIAN_POINT('',(0.0101,0.0334224102142265,-0.00780487313319919));
#2378=CARTESIAN_POINT('',(-0.0001,0.0419961928034283,-0.00969612083771421));
#2379=CARTESIAN_POINT('',(0.,0.0419123680672937,-0.00967676730310799));
#2380=CARTESIAN_POINT('',(0.01,0.033529894453835,-0.0077414138424864));
#2381=CARTESIAN_POINT('',(0.0101,0.0334460697177004,-0.00772206030788018));
#2382=CARTESIAN_POINT('',(-0.0001,0.0420442514503196,-0.00948556214805293));
#2383=CARTESIAN_POINT('',(0.,0.0419603307887422,-0.00946662889027239));
#2384=CARTESIAN_POINT('',(0.01,0.0335682646309937,-0.00757330311221792));
#2385=CARTESIAN_POINT('',(0.0101,0.0334843439694162,-0.00755436985443738));
#2386=CARTESIAN_POINT('',(-0.0001,0.0420626021916239,-0.00937898695280106));
#2387=CARTESIAN_POINT('',(0.,0.0419786449018203,-0.00936026641996114));
#2388=CARTESIAN_POINT('',(0.01,0.0335829159214562,-0.00748821313596892));
#2389=CARTESIAN_POINT('',(0.0101,0.0334989586316526,-0.007469492603129));
#2390=CARTESIAN_POINT('',(-0.0001,0.0420877337433038,-0.0091644805416077));
#2391=CARTESIAN_POINT('',(0.,0.0420037262907224,-0.00914618816527714));
#2392=CARTESIAN_POINT('',(0.01,0.0336029810325778,-0.00731695053222172));
#2393=CARTESIAN_POINT('',(0.0101,0.0335189735799964,-0.00729865815589117));
#2394=CARTESIAN_POINT('',(-0.0001,0.0420945144972066,-0.00905654980768126));
#2395=CARTESIAN_POINT('',(0.,0.0420104935101863,-0.00903847286195735));
#2396=CARTESIAN_POINT('',(0.01,0.0336083948081489,-0.00723077828956588));
#2397=CARTESIAN_POINT('',(0.0101,0.0335243738211286,-0.00721270134384197));
#2398=CARTESIAN_POINT('',(-0.0001,0.0420964273420653,-0.00884058468003922));
#2399=CARTESIAN_POINT('',(0.,0.0420124025369913,-0.00882293880243435));
#2400=CARTESIAN_POINT('',(0.01,0.0336099220295931,-0.00705835104194748));
#2401=CARTESIAN_POINT('',(0.0101,0.0335258972245191,-0.00704070516434261));
#2402=CARTESIAN_POINT('',(-0.0001,0.0420915594287228,-0.00873255077161654));
#2403=CARTESIAN_POINT('',(0.,0.0420075443400427,-0.00871512053055543));
#2404=CARTESIAN_POINT('',(0.01,0.0336060354720341,-0.00697209642444435));
#2405=CARTESIAN_POINT('',(0.0101,0.0335220203833541,-0.00695466618338324));
#2406=CARTESIAN_POINT('',(-0.0001,0.0420702313712438,-0.00851763285868915));
#2407=CARTESIAN_POINT('',(0.,0.0419862588535368,-0.00850063159549815));
#2408=CARTESIAN_POINT('',(0.01,0.0335890070828293,-0.00680050527639852));
#2409=CARTESIAN_POINT('',(0.0101,0.0335050345651223,-0.00678350401320752));
#2410=CARTESIAN_POINT('',(-0.0001,0.0420537712750333,-0.00841074933712416));
#2411=CARTESIAN_POINT('',(0.,0.0419698316118097,-0.00839396141429557));
#2412=CARTESIAN_POINT('',(0.01,0.0335758652894477,-0.00671516913143645));
#2413=CARTESIAN_POINT('',(0.0101,0.0334919256262241,-0.00669838120860786));
#2414=CARTESIAN_POINT('',(-0.0001,0.0420094497933372,-0.00819937241881671));
#2415=CARTESIAN_POINT('',(0.,0.0419255985961449,-0.0081830064060047));
#2416=CARTESIAN_POINT('',(0.01,0.0335404788769159,-0.00654640512480376));
#2417=CARTESIAN_POINT('',(0.0101,0.0334566276797236,-0.00653003911199175));
#2418=CARTESIAN_POINT('',(-0.0001,0.0419815885074459,-0.00809487949705705));
#2419=CARTESIAN_POINT('',(0.,0.0418977929216027,-0.00807872205295115));
#2420=CARTESIAN_POINT('',(0.01,0.0335182343372821,-0.00646297764236092));
#2421=CARTESIAN_POINT('',(0.0101,0.0334344387514389,-0.00644682019825502));
#2422=CARTESIAN_POINT('',(-0.0001,0.0419147878817008,-0.00788949626567491));
#2423=CARTESIAN_POINT('',(0.,0.0418311256304399,-0.00787374876813863));
#2424=CARTESIAN_POINT('',(0.01,0.0334649005043519,-0.0062989990145109));
#2425=CARTESIAN_POINT('',(0.0101,0.0333812382530911,-0.00628325151697462));
#2426=CARTESIAN_POINT('',(-0.0001,0.0418758486919541,-0.00778860641756689));
#2427=CARTESIAN_POINT('',(0.,0.0417922641636268,-0.00777306029697294));
#2428=CARTESIAN_POINT('',(0.01,0.0334338113309015,-0.00621844823757835));
#2429=CARTESIAN_POINT('',(0.0101,0.0333502268025742,-0.0062029021169844));
#2430=CARTESIAN_POINT('',(-0.0001,0.0417873440369744,-0.00759160001822964));
#2431=CARTESIAN_POINT('',(0.,0.0417039361646451,-0.00757644712398168));
#2432=CARTESIAN_POINT('',(0.01,0.0333631489317161,-0.00606115769918534));
#2433=CARTESIAN_POINT('',(0.0101,0.0332797410593868,-0.00604600480493738));
#2434=CARTESIAN_POINT('',(-0.0001,0.0417377787706193,-0.0074954839096914));
#2435=CARTESIAN_POINT('',(0.,0.0416544698309574,-0.00748052286396347));
#2436=CARTESIAN_POINT('',(0.01,0.0333235758647659,-0.00598441829117078));
#2437=CARTESIAN_POINT('',(0.0101,0.033240266925104,-0.00596945724544285));
#2438=CARTESIAN_POINT('',(-0.0001,0.0416285970418928,-0.00730914028773137));
#2439=CARTESIAN_POINT('',(0.,0.0415455060298331,-0.00729455118536065));
#2440=CARTESIAN_POINT('',(0.01,0.0332364048238665,-0.00583564094828852));
#2441=CARTESIAN_POINT('',(0.0101,0.0331533138118068,-0.0058210518459178));
#2442=CARTESIAN_POINT('',(-0.0001,0.0415689808248624,-0.00721891319304034));
#2443=CARTESIAN_POINT('',(0.,0.041486008807248,-0.007204504184671));
#2444=CARTESIAN_POINT('',(0.01,0.0331888070457984,-0.0057636033477368));
#2445=CARTESIAN_POINT('',(0.0101,0.0331058350281839,-0.00574919433936746));
#2446=CARTESIAN_POINT('',(-0.0001,0.0414018113256204,-0.00699333898211239));
#2447=CARTESIAN_POINT('',(0.,0.0413191729796611,-0.00697938022166905));
#2448=CARTESIAN_POINT('',(0.01,0.0330553383837289,-0.00558350417733524));
#2449=CARTESIAN_POINT('',(0.0101,0.0329727000377695,-0.0055695454168919));
#2450=CARTESIAN_POINT('',(-0.0001,0.0412989377876253,-0.0068545240830798));
#2451=CARTESIAN_POINT('',(0.,0.0412165047780692,-0.00684084239828323));
#2452=CARTESIAN_POINT('',(0.01,0.0329732038224553,-0.00547267391862658));
#2453=CARTESIAN_POINT('',(0.0101,0.0328907708128992,-0.00545899223383002));
#2454=CARTESIAN_POINT('',(-0.0001,0.0411960642496302,-0.00671570918404721));
#2455=CARTESIAN_POINT('',(0.,0.0411138365764773,-0.00670230457489741));
#2456=CARTESIAN_POINT('',(0.01,0.0328910692611818,-0.00536184365991793));
#2457=CARTESIAN_POINT('',(0.0101,0.0328088415880288,-0.00534843905076813));
#2458=CARTESIAN_POINT('',(0.01,0.031209252553178,-0.007123308235857));
#2459=CARTESIAN_POINT('',(0.01,0.0323265106013024,-0.00924739261598436));
#2460=CARTESIAN_POINT('',(0.,0.0404081382516281,-0.0115592407699804));
#2461=CARTESIAN_POINT('',(0.,0.0404081382516281,-0.0115592407699804));
#2462=CARTESIAN_POINT('',(0.,0.0390115656914724,-0.00890413529482126));
#2463=CARTESIAN_POINT('',(0.0126128767678059,0.010109050150475,-0.0192189043154291));
#2464=CARTESIAN_POINT('',(0.01,0.0303017114274392,-0.0103124271287371));
#2465=CARTESIAN_POINT('',(0.01,0.0282769122535758,-0.0113774616414898));
#2466=CARTESIAN_POINT('',(0.,0.0353461403169698,-0.0142218270518623));
#2467=CARTESIAN_POINT('',(0.,0.0353461403169698,-0.0142218270518623));
#2468=CARTESIAN_POINT('',(0.,0.0378771392842989,-0.0128905339109214));
#2469=CARTESIAN_POINT('',(0.,-6.93889390390723E-18,-2.94902990916057E-17));
#2470=CARTESIAN_POINT('',(0.01,-5.06539254985228E-16,2.81892564846231E-16));
#2471=CARTESIAN_POINT('',(0.01,0.0265256241200479,-0.0150140489223238));
#2472=CARTESIAN_POINT('',(0.,0.0331570301500599,-0.0187675611529047));
#2473=CARTESIAN_POINT('',(0.,0.0331570301500599,-0.0187675611529047));
#2474=CARTESIAN_POINT('',(0.,-6.93889390390723E-18,-2.94902990916057E-17));
#2475=CARTESIAN_POINT('',(0.0126128767678059,0.0213288341276428,0.00407921717807932));
#2476=CARTESIAN_POINT('',(0.01,0.0269553882437786,-0.0172611388194543));
#2477=CARTESIAN_POINT('',(0.01,0.0273851523675093,-0.0195082287165848));
#2478=CARTESIAN_POINT('',(0.005,0.030808296413448,-0.0219467573061579));
#2479=CARTESIAN_POINT('',(-8.67361737988404E-19,0.0342314404593866,-0.024385285895731));
#2480=CARTESIAN_POINT('',(0.,0.0336942353047232,-0.0215764235243179));
#2481=CARTESIAN_POINT('',(-0.0001,0.0309358788035494,-0.0280212037956342));
#2482=CARTESIAN_POINT('',(0.,0.0308741305424645,-0.0279652732491359));
#2483=CARTESIAN_POINT('',(0.01,0.0246993044339716,-0.0223722185993087));
#2484=CARTESIAN_POINT('',(0.0101,0.0246375561728866,-0.0223162880528104));
#2485=CARTESIAN_POINT('',(-0.0001,0.0311085492636698,-0.0280150838924587));
#2486=CARTESIAN_POINT('',(0.,0.0310464563509678,-0.0279591655613361));
#2487=CARTESIAN_POINT('',(0.01,0.0248371650807743,-0.0223673324490688));
#2488=CARTESIAN_POINT('',(0.0101,0.0247750721680723,-0.0223114141179462));
#2489=CARTESIAN_POINT('',(-0.0001,0.0312812197237901,-0.0280089639892833));
#2490=CARTESIAN_POINT('',(0.,0.0312187821594712,-0.0279530578735362));
#2491=CARTESIAN_POINT('',(0.01,0.0249750257275769,-0.022362446298829));
#2492=CARTESIAN_POINT('',(0.0101,0.024912588163258,-0.0223065401830819));
#2493=CARTESIAN_POINT('',(-0.0001,0.0315618092214857,-0.0279990191466232));
#2494=CARTESIAN_POINT('',(0.,0.0314988115982891,-0.0279431328808615));
#2495=CARTESIAN_POINT('',(0.01,0.0251990492786313,-0.0223545063046892));
#2496=CARTESIAN_POINT('',(0.0101,0.0251360516554347,-0.0222986200389275));
#2497=CARTESIAN_POINT('',(-0.0001,0.0316695217080306,-0.027989373308572));
#2498=CARTESIAN_POINT('',(0.,0.0316063090898509,-0.02793350629598));
#2499=CARTESIAN_POINT('',(0.01,0.0252850472718807,-0.022346805036784));
#2500=CARTESIAN_POINT('',(0.0101,0.025221834653701,-0.022290938024192));
#2501=CARTESIAN_POINT('',(-0.0001,0.0318832847126463,-0.0279585516734672));
#2502=CARTESIAN_POINT('',(0.,0.0318196454218027,-0.0279027461811049));
#2503=CARTESIAN_POINT('',(0.01,0.0254557163374422,-0.022322196944884));
#2504=CARTESIAN_POINT('',(0.0101,0.0253920770465986,-0.0222663914525217));
#2505=CARTESIAN_POINT('',(-0.0001,0.0319893347503727,-0.0279373759456726));
#2506=CARTESIAN_POINT('',(0.,0.0319254837828071,-0.0278816127202321));
#2507=CARTESIAN_POINT('',(0.01,0.0255403870262457,-0.0223052901761857));
#2508=CARTESIAN_POINT('',(0.0101,0.02547653605868,-0.0222495269507452));
#2509=CARTESIAN_POINT('',(-0.0001,0.0321985423054191,-0.0278837401903929));
#2510=CARTESIAN_POINT('',(0.,0.0321342737579033,-0.0278280840223483));
#2511=CARTESIAN_POINT('',(0.01,0.0257074190063226,-0.0222624672178786));
#2512=CARTESIAN_POINT('',(0.0101,0.0256431504588068,-0.0222068110498339));
#2513=CARTESIAN_POINT('',(-0.0001,0.0323016993526311,-0.0278512802834323));
#2514=CARTESIAN_POINT('',(0.,0.0322372249028254,-0.027795688905621));
#2515=CARTESIAN_POINT('',(0.01,0.0257897799222604,-0.0222365511244969));
#2516=CARTESIAN_POINT('',(0.0101,0.0257253054724547,-0.0221809597466856));
#2517=CARTESIAN_POINT('',(-0.0001,0.0325039239378065,-0.0277754527654488));
#2518=CARTESIAN_POINT('',(0.,0.0324390458461143,-0.0277200127399689));
#2519=CARTESIAN_POINT('',(0.01,0.0259512366768914,-0.022176010191975));
#2520=CARTESIAN_POINT('',(0.0101,0.0258863585851991,-0.0221205701664951));
#2521=CARTESIAN_POINT('',(-0.0001,0.0326029910213531,-0.0277320853248171));
#2522=CARTESIAN_POINT('',(0.,0.0325379151909712,-0.0276767318610949));
#2523=CARTESIAN_POINT('',(0.01,0.026030332152777,-0.0221413854888759));
#2524=CARTESIAN_POINT('',(0.0101,0.025965256322395,-0.0220860320251537));
#2525=CARTESIAN_POINT('',(-0.0001,0.0327958861425938,-0.0276349459016438));
#2526=CARTESIAN_POINT('',(0.,0.0327304252920098,-0.0275797863289858));
#2527=CARTESIAN_POINT('',(0.01,0.0261843402336078,-0.0220638290631886));
#2528=CARTESIAN_POINT('',(0.0101,0.0261188793830238,-0.0220086694905306));
#2529=CARTESIAN_POINT('',(-0.0001,0.0328897137468352,-0.027581174137383));
#2530=CARTESIAN_POINT('',(0.,0.032824065615604,-0.0275261218935959));
#2531=CARTESIAN_POINT('',(0.01,0.0262592524924832,-0.0220208975148766));
#2532=CARTESIAN_POINT('',(0.0101,0.026193604361252,-0.0219658452710895));
#2533=CARTESIAN_POINT('',(-0.0001,0.0330710411636398,-0.027463849957233));
#2534=CARTESIAN_POINT('',(0.,0.0330050311014369,-0.0274090318934462));
#2535=CARTESIAN_POINT('',(0.01,0.0264040248811495,-0.0219272255147569));
#2536=CARTESIAN_POINT('',(0.0101,0.0263380148189466,-0.02187240745097));
#2537=CARTESIAN_POINT('',(-0.0001,0.0331585405687441,-0.0274002978049816));
#2538=CARTESIAN_POINT('',(0.,0.03309235585703,-0.027345606591798));
#2539=CARTESIAN_POINT('',(0.01,0.026473884685624,-0.0218764852734384));
#2540=CARTESIAN_POINT('',(0.0101,0.0264076999739099,-0.0218217940602548));
#2541=CARTESIAN_POINT('',(-0.0001,0.0333261962653879,-0.0272641502280081));
#2542=CARTESIAN_POINT('',(0.,0.0332596769115648,-0.0272097307664751));
#2543=CARTESIAN_POINT('',(0.01,0.0266077415292518,-0.0217677846131801));
#2544=CARTESIAN_POINT('',(0.0101,0.0265412221754287,-0.0217133651516471));
#2545=CARTESIAN_POINT('',(-0.0001,0.0334063521801902,-0.0271915551092218));
#2546=CARTESIAN_POINT('',(0.,0.0333396728345211,-0.0271372805481255));
#2547=CARTESIAN_POINT('',(0.01,0.0266717382676169,-0.0217098244385003));
#2548=CARTESIAN_POINT('',(0.0101,0.0266050589219479,-0.0216555498774041));
#2549=CARTESIAN_POINT('',(-0.0001,0.033558390779475,-0.0270381639111027));
#2550=CARTESIAN_POINT('',(0.,0.033491407963548,-0.0269841955200626));
#2551=CARTESIAN_POINT('',(0.01,0.0267931263708384,-0.0215873564160501));
#2552=CARTESIAN_POINT('',(0.0101,0.0267261435549113,-0.0215333880250099));
#2553=CARTESIAN_POINT('',(-0.0001,0.0336302731223134,-0.0269573681764538));
#2554=CARTESIAN_POINT('',(0.,0.0335631468286561,-0.0269035610543451));
#2555=CARTESIAN_POINT('',(0.01,0.0268505174629248,-0.0215228488434761));
#2556=CARTESIAN_POINT('',(0.0101,0.0267833911692675,-0.0214690417213674));
#2557=CARTESIAN_POINT('',(-0.0001,0.0337649304585699,-0.0267885132176128));
#2558=CARTESIAN_POINT('',(0.,0.0336975353877943,-0.0267350431313501));
#2559=CARTESIAN_POINT('',(0.01,0.0269580283102355,-0.0213880345050801));
#2560=CARTESIAN_POINT('',(0.0101,0.0268906332394599,-0.0213345644188173));
#2561=CARTESIAN_POINT('',(-0.0001,0.033827705149401,-0.0267004543728529));
#2562=CARTESIAN_POINT('',(0.,0.0337601847798413,-0.0266471600527474));
#2563=CARTESIAN_POINT('',(0.01,0.0270081478238731,-0.0213177280421979));
#2564=CARTESIAN_POINT('',(0.0101,0.0269406274543134,-0.0212644337220924));
#2565=CARTESIAN_POINT('',(-0.0001,0.03394341873882,-0.0265180949460149));
#2566=CARTESIAN_POINT('',(0.,0.033875667404012,-0.0264651646167814));
#2567=CARTESIAN_POINT('',(0.01,0.0271005339232096,-0.021172131693425));
#2568=CARTESIAN_POINT('',(0.0101,0.0270327825884015,-0.0211192013641915));
#2569=CARTESIAN_POINT('',(-0.0001,0.0339963573773891,-0.0264237947737147));
#2570=CARTESIAN_POINT('',(0.,0.0339285003766358,-0.0263710526683779));
#2571=CARTESIAN_POINT('',(0.01,0.0271428003013086,-0.0210968421347024));
#2572=CARTESIAN_POINT('',(0.0101,0.0270749433005553,-0.0210441000293656));
#2573=CARTESIAN_POINT('',(-0.0001,0.0340917845481562,-0.0262300468694363));
#2574=CARTESIAN_POINT('',(0.,0.0340237370740081,-0.0261776914864634));
#2575=CARTESIAN_POINT('',(0.01,0.0272189896592065,-0.0209421531891707));
#2576=CARTESIAN_POINT('',(0.0101,0.0271509421850585,-0.0208897978061978));
#2577=CARTESIAN_POINT('',(-0.0001,0.0341342728659209,-0.0261305995728269));
#2578=CARTESIAN_POINT('',(0.,0.0340661405847514,-0.026078442687452));
#2579=CARTESIAN_POINT('',(0.01,0.0272529124678011,-0.0208627541499616));
#2580=CARTESIAN_POINT('',(0.0101,0.0271847801866316,-0.0208105972645867));
#2581=CARTESIAN_POINT('',(-0.0001,0.0342083063377837,-0.0259277113267977));
#2582=CARTESIAN_POINT('',(0.,0.0341400262852133,-0.0258759594079817));
#2583=CARTESIAN_POINT('',(0.01,0.0273120210281706,-0.0207007675263854));
#2584=CARTESIAN_POINT('',(0.0101,0.0272437409756002,-0.0206490156075694));
#2585=CARTESIAN_POINT('',(-0.0001,0.0342398513255221,-0.0258242708332858));
#2586=CARTESIAN_POINT('',(0.,0.0341715083089043,-0.0257727253825208));
#2587=CARTESIAN_POINT('',(0.01,0.0273372066471234,-0.0206181803060166));
#2588=CARTESIAN_POINT('',(0.0101,0.0272688636305056,-0.0205666348552516));
#2589=CARTESIAN_POINT('',(-0.0001,0.0342916320580129,-0.0256145964402961));
#2590=CARTESIAN_POINT('',(0.,0.0342231856866396,-0.0255634695012935));
#2591=CARTESIAN_POINT('',(0.01,0.0273785485493117,-0.0204507756010348));
#2592=CARTESIAN_POINT('',(0.0101,0.0273101021779384,-0.0203996486620322));
#2593=CARTESIAN_POINT('',(-0.0001,0.0343118676864095,-0.0255083630119753));
#2594=CARTESIAN_POINT('',(0.,0.0342433809245604,-0.0254574481157438));
#2595=CARTESIAN_POINT('',(0.01,0.0273947047396483,-0.020365958492595));
#2596=CARTESIAN_POINT('',(0.0101,0.0273262179777992,-0.0203150435963636));
#2597=CARTESIAN_POINT('',(-0.0001,0.034340794846641,-0.0252943354092372));
#2598=CARTESIAN_POINT('',(0.,0.0342722503459491,-0.0252438477138095));
#2599=CARTESIAN_POINT('',(0.01,0.0274178002767593,-0.0201950781710476));
#2600=CARTESIAN_POINT('',(0.0101,0.0273492557760674,-0.02014459047562));
#2601=CARTESIAN_POINT('',(-0.0001,0.0343494863134739,-0.0251865417157589));
#2602=CARTESIAN_POINT('',(0.,0.0342809244645449,-0.0251362691774041));
#2603=CARTESIAN_POINT('',(0.01,0.0274247395716359,-0.0201090153419233));
#2604=CARTESIAN_POINT('',(0.0101,0.0273561777227068,-0.0200587428035684));
#2605=CARTESIAN_POINT('',(-0.0001,0.0343552242478474,-0.0249706443525466));
#2606=CARTESIAN_POINT('',(0.,0.0342866509459554,-0.0249208027470525));
#2607=CARTESIAN_POINT('',(0.01,0.0274293207567643,-0.019936642197642));
#2608=CARTESIAN_POINT('',(0.0101,0.0273607474548724,-0.0198868005921479));
#2609=CARTESIAN_POINT('',(-0.0001,0.0343522707024941,-0.0248625411679532));
#2610=CARTESIAN_POINT('',(0.,0.0342837032959023,-0.0248129153372786));
#2611=CARTESIAN_POINT('',(0.01,0.0274269626367219,-0.0198503322698229));
#2612=CARTESIAN_POINT('',(0.0101,0.02735839523013,-0.0198007064391483));
#2613=CARTESIAN_POINT('',(-0.0001,0.0343347528314244,-0.0246472791891319));
#2614=CARTESIAN_POINT('',(0.,0.0342662203906431,-0.0245980830230857));
#2615=CARTESIAN_POINT('',(0.01,0.0274129763125145,-0.0196784664184686));
#2616=CARTESIAN_POINT('',(0.0101,0.0273444438717333,-0.0196292702524224));
#2617=CARTESIAN_POINT('',(-0.0001,0.0343201885450723,-0.0245401208786168));
#2618=CARTESIAN_POINT('',(0.,0.0342516851747229,-0.0244911386014139));
#2619=CARTESIAN_POINT('',(0.01,0.0274013481397783,-0.0195929108811312));
#2620=CARTESIAN_POINT('',(0.0101,0.0273328447694288,-0.0195439286039283));
#2621=CARTESIAN_POINT('',(-0.0001,0.0342674470126783,-0.0242643534097715));
#2622=CARTESIAN_POINT('',(0.,0.0341990489148486,-0.0242159215666382));
#2623=CARTESIAN_POINT('',(0.01,0.0273592391318789,-0.0193727372533106));
#2624=CARTESIAN_POINT('',(0.0101,0.0272908410340492,-0.0193243054101773));
#2625=CARTESIAN_POINT('',(-0.0001,0.0342349906850512,-0.0240946503520206));
#2626=CARTESIAN_POINT('',(0.,0.0341666573703106,-0.0240465572375455));
#2627=CARTESIAN_POINT('',(0.01,0.0273333258962485,-0.0192372457900364));
#2628=CARTESIAN_POINT('',(0.0101,0.0272649925815078,-0.0191891526755613));
#2629=CARTESIAN_POINT('',(-0.0001,0.0342025343574242,-0.0239249472942697));
#2630=CARTESIAN_POINT('',(0.,0.0341342658257726,-0.0238771929084527));
#2631=CARTESIAN_POINT('',(0.01,0.0273074126606181,-0.0191017543267622));
#2632=CARTESIAN_POINT('',(0.0101,0.0272391441289665,-0.0190539999409453));
#2633=CARTESIAN_POINT('',(0.01,0.0250278773286569,-0.0199590661498171));
#2634=CARTESIAN_POINT('',(0.01,0.0251128863743796,-0.0223575601485891));
#2635=CARTESIAN_POINT('',(0.,0.0313911079679745,-0.0279469501857364));
#2636=CARTESIAN_POINT('',(0.,0.0313911079679745,-0.0279469501857364));
#2637=CARTESIAN_POINT('',(0.,0.0312848466608211,-0.0249488326872714));
#2638=CARTESIAN_POINT('',(0.0126128767678059,0.000769169403521264,-0.021701786941612));
#2639=CARTESIAN_POINT('',(0.01,0.0228265041982918,-0.022438595651303));
#2640=CARTESIAN_POINT('',(0.01,0.020540122022204,-0.0225196311540169));
#2641=CARTESIAN_POINT('',(0.,0.0256751525277551,-0.0281495389425211));
#2642=CARTESIAN_POINT('',(0.,0.0256751525277551,-0.0281495389425211));
#2643=CARTESIAN_POINT('',(0.,0.0285331302478649,-0.0280482445641288));
#2644=CARTESIAN_POINT('',(0.,6.24500451351651E-17,-4.33680868994202E-17));
#2645=CARTESIAN_POINT('',(0.01,3.3133218391157E-16,-4.02455846426619E-16));
#2646=CARTESIAN_POINT('',(0.01,0.0173844098481329,-0.0250362276358108));
#2647=CARTESIAN_POINT('',(0.,0.0217305123101662,-0.0312952845447636));
#2648=CARTESIAN_POINT('',(0.,0.0217305123101662,-0.0312952845447636));
#2649=CARTESIAN_POINT('',(0.,6.24500451351651E-17,-4.33680868994202E-17));
#2650=CARTESIAN_POINT('',(0.0126128767678059,0.0209865215395585,-0.0055789866194576));
#2651=CARTESIAN_POINT('',(0.01,0.0167966381774553,-0.0272472533414463));
#2652=CARTESIAN_POINT('',(0.01,0.0162088665067777,-0.0294582790470818));
#2653=CARTESIAN_POINT('',(0.005,0.0182349748201249,-0.0331405639279671));
#2654=CARTESIAN_POINT('',(-4.33680868994202E-19,0.0202610831334722,-0.0368228488088523));
#2655=CARTESIAN_POINT('',(0.,0.0209957977218191,-0.0340590666768079));
#2656=CARTESIAN_POINT('',(-0.0001,0.0157143190257755,-0.0386688070291871));
#2657=CARTESIAN_POINT('',(0.,0.0156829531195364,-0.0385916237816238));
#2658=CARTESIAN_POINT('',(0.01,0.0125463624956291,-0.0308732990252991));
#2659=CARTESIAN_POINT('',(0.0101,0.01251499658939,-0.0307961157777358));
#2660=CARTESIAN_POINT('',(-0.0001,0.0158725450612231,-0.0387382120918236));
#2661=CARTESIAN_POINT('',(0.,0.015840863334554,-0.0386608903112012));
#2662=CARTESIAN_POINT('',(0.01,0.0126726906676432,-0.030928712248961));
#2663=CARTESIAN_POINT('',(0.0101,0.0126410089409741,-0.0308513904683386));
#2664=CARTESIAN_POINT('',(-0.0001,0.0160307710966708,-0.0388076171544602));
#2665=CARTESIAN_POINT('',(0.,0.0159987735495716,-0.0387301568407786));
#2666=CARTESIAN_POINT('',(0.01,0.0127990188396573,-0.0309841254726229));
#2667=CARTESIAN_POINT('',(0.0101,0.0127670212925581,-0.0309066651589413));
#2668=CARTESIAN_POINT('',(-0.0001,0.0162878884042732,-0.0389204003812445));
#2669=CARTESIAN_POINT('',(0.,0.0162553776489752,-0.0388427149513418));
#2670=CARTESIAN_POINT('',(0.01,0.0130043021191801,-0.0310741719610734));
#2671=CARTESIAN_POINT('',(0.0101,0.0129717913638822,-0.0309964865311708));
#2672=CARTESIAN_POINT('',(-0.0001,0.016389119173615,-0.0389584444778673));
#2673=CARTESIAN_POINT('',(0.,0.0163564063608932,-0.038880683111644));
#2674=CARTESIAN_POINT('',(0.01,0.0130851250887146,-0.0311045464893151));
#2675=CARTESIAN_POINT('',(0.0101,0.0130524122759928,-0.0310267851230919));
#2676=CARTESIAN_POINT('',(-0.0001,0.0165950859921681,-0.0390234234359077));
#2677=CARTESIAN_POINT('',(0.,0.0165619620680321,-0.0389455323711654));
#2678=CARTESIAN_POINT('',(0.01,0.0132495696544256,-0.0311564258969322));
#2679=CARTESIAN_POINT('',(0.0101,0.0132164457302896,-0.0310785348321899));
#2680=CARTESIAN_POINT('',(-0.0001,0.0166998215785535,-0.0390503581513118));
#2681=CARTESIAN_POINT('',(0.,0.0166664886013508,-0.0389724133246625));
#2682=CARTESIAN_POINT('',(0.01,0.0133331908810806,-0.03117793065973));
#2683=CARTESIAN_POINT('',(0.0101,0.0132998579038779,-0.0310999858330807));
#2684=CARTESIAN_POINT('',(-0.0001,0.0169115827546314,-0.0390928057618336));
#2685=CARTESIAN_POINT('',(0.,0.0168778271004305,-0.0390147762094148));
#2686=CARTESIAN_POINT('',(0.01,0.0135022616803444,-0.0312118209675319));
#2687=CARTESIAN_POINT('',(0.0101,0.0134685060261435,-0.031133791415113));
#2688=CARTESIAN_POINT('',(-0.0001,0.0170186078684776,-0.0391083185615678));
#2689=CARTESIAN_POINT('',(0.,0.016984638591295,-0.0390302580454768));
#2690=CARTESIAN_POINT('',(0.01,0.013587710873036,-0.0312242064363814));
#2691=CARTESIAN_POINT('',(0.0101,0.0135537415958534,-0.0311461459202904));
#2692=CARTESIAN_POINT('',(-0.0001,0.0172337062510758,-0.0391277422876917));
#2693=CARTESIAN_POINT('',(0.,0.0171993076358042,-0.0390496430016883));
#2694=CARTESIAN_POINT('',(0.01,0.0137594461086433,-0.0312397144013506));
#2695=CARTESIAN_POINT('',(0.0101,0.0137250474933717,-0.0311616151153472));
#2696=CARTESIAN_POINT('',(-0.0001,0.0173417790364825,-0.0391316531704346));
#2697=CARTESIAN_POINT('',(0.,0.0173071647070683,-0.0390535460782781));
#2698=CARTESIAN_POINT('',(0.01,0.0138457317656547,-0.0312428368626224));
#2699=CARTESIAN_POINT('',(0.0101,0.0138111174362405,-0.0311647297704659));
#2700=CARTESIAN_POINT('',(-0.0001,0.0175577187516327,-0.0391278276307709));
#2701=CARTESIAN_POINT('',(0.,0.0175226734048231,-0.0390497281744221));
#2702=CARTESIAN_POINT('',(0.01,0.0140181387238585,-0.0312397825395376));
#2703=CARTESIAN_POINT('',(0.0101,0.0139830933770488,-0.0311616830831888));
#2704=CARTESIAN_POINT('',(-0.0001,0.0176655851961405,-0.0391200912169605));
#2705=CARTESIAN_POINT('',(0.,0.0176303245470464,-0.0390420072025554));
#2706=CARTESIAN_POINT('',(0.01,0.0141042596376371,-0.0312336057620443));
#2707=CARTESIAN_POINT('',(0.0101,0.014068998988543,-0.0311555217476392));
#2708=CARTESIAN_POINT('',(-0.0001,0.017879860607551,-0.0390930608008008));
#2709=CARTESIAN_POINT('',(0.,0.0178441722630249,-0.0390150307393222));
#2710=CARTESIAN_POINT('',(0.01,0.0142753378104199,-0.0312120245914578));
#2711=CARTESIAN_POINT('',(0.0101,0.0142396494658939,-0.0311339945299791));
#2712=CARTESIAN_POINT('',(-0.0001,0.0179862690929577,-0.0390737668591913));
#2713=CARTESIAN_POINT('',(0.,0.0179503683562452,-0.0389957753085742));
#2714=CARTESIAN_POINT('',(0.01,0.0143602946849962,-0.0311966202468594));
#2715=CARTESIAN_POINT('',(0.0101,0.0143243939482837,-0.0311186286962422));
#2716=CARTESIAN_POINT('',(-0.0001,0.0181963938759294,-0.039023845211442));
#2717=CARTESIAN_POINT('',(0.,0.0181600737284724,-0.0389459533048324));
#2718=CARTESIAN_POINT('',(0.01,0.014528058982778,-0.0311567626438659));
#2719=CARTESIAN_POINT('',(0.0101,0.014491738835321,-0.0310788707372562));
#2720=CARTESIAN_POINT('',(-0.0001,0.0183001097013252,-0.0389932176174806));
#2721=CARTESIAN_POINT('',(0.,0.0182635825362527,-0.0389153868437931));
#2722=CARTESIAN_POINT('',(0.01,0.0146108660290021,-0.0311323094750344));
#2723=CARTESIAN_POINT('',(0.0101,0.0145743388639296,-0.0310544787013469));
#2724=CARTESIAN_POINT('',(-0.0001,0.018503645692588,-0.0389209839993131));
#2725=CARTESIAN_POINT('',(0.,0.0184667122680519,-0.0388432974045041));
#2726=CARTESIAN_POINT('',(0.01,0.0147733698144415,-0.0310746379236033));
#2727=CARTESIAN_POINT('',(0.0101,0.0147364363899054,-0.0309969513287942));
#2728=CARTESIAN_POINT('',(-0.0001,0.0186034654010914,-0.0388793781374223));
#2729=CARTESIAN_POINT('',(0.,0.0185663327356202,-0.0388017745882458));
#2730=CARTESIAN_POINT('',(0.01,0.0148530661884961,-0.0310414196705967));
#2731=CARTESIAN_POINT('',(0.0101,0.0148159335230249,-0.0309638161214202));
#2732=CARTESIAN_POINT('',(-0.0001,0.0187980508898037,-0.0387856707048703));
#2733=CARTESIAN_POINT('',(0.,0.0187605298301434,-0.0387082541964773));
#2734=CARTESIAN_POINT('',(0.01,0.0150084238641147,-0.0309666033571818));
#2735=CARTESIAN_POINT('',(0.0101,0.0149709028044544,-0.0308891868487888));
#2736=CARTESIAN_POINT('',(-0.0001,0.0188928162327615,-0.0387335693447779));
#2737=CARTESIAN_POINT('',(0.,0.0188551060207201,-0.0386562568311156));
#2738=CARTESIAN_POINT('',(0.01,0.0150840848165761,-0.0309250054648925));
#2739=CARTESIAN_POINT('',(0.0101,0.0150463746045346,-0.0308476929512303));
#2740=CARTESIAN_POINT('',(-0.0001,0.019076193364401,-0.0386194754232721));
#2741=CARTESIAN_POINT('',(0.,0.0190381171301407,-0.0385423906419881));
#2742=CARTESIAN_POINT('',(0.01,0.0152304937041126,-0.0308339125135905));
#2743=CARTESIAN_POINT('',(0.0101,0.0151924174698523,-0.0307568277323065));
#2744=CARTESIAN_POINT('',(-0.0001,0.0191648047410179,-0.038557483118238));
#2745=CARTESIAN_POINT('',(0.,0.0191265516377424,-0.0384805220740898));
#2746=CARTESIAN_POINT('',(0.01,0.015301241310194,-0.0307844176592718));
#2747=CARTESIAN_POINT('',(0.0101,0.0152629882069185,-0.0307074566151236));
#2748=CARTESIAN_POINT('',(-0.0001,0.0193348457161856,-0.0384243265859276));
#2749=CARTESIAN_POINT('',(0.,0.0192962532097661,-0.038347631323281));
#2750=CARTESIAN_POINT('',(0.01,0.0154370025678128,-0.0306781050586249));
#2751=CARTESIAN_POINT('',(0.0101,0.0153984100613933,-0.0306014097959783));
#2752=CARTESIAN_POINT('',(-0.0001,0.0194162749326392,-0.0383531626578661));
#2753=CARTESIAN_POINT('',(0.,0.0193775198928535,-0.0382766094389881));
#2754=CARTESIAN_POINT('',(0.01,0.0155020159142828,-0.0306212875511905));
#2755=CARTESIAN_POINT('',(0.0101,0.0154632608744971,-0.0305447343323125));
#2756=CARTESIAN_POINT('',(-0.0001,0.0195710066967805,-0.0382024885841221));
#2757=CARTESIAN_POINT('',(0.,0.0195319428111582,-0.0381262361118983));
#2758=CARTESIAN_POINT('',(0.01,0.0156255542489265,-0.0305009888895186));
#2759=CARTESIAN_POINT('',(0.0101,0.0155864903633042,-0.0304247364172948));
#2760=CARTESIAN_POINT('',(-0.0001,0.0196443088967722,-0.0381229787770178));
#2761=CARTESIAN_POINT('',(0.,0.0196050986993735,-0.0380468850070038));
#2762=CARTESIAN_POINT('',(0.01,0.0156840789594988,-0.030437508005603));
#2763=CARTESIAN_POINT('',(0.0101,0.0156448687621001,-0.030361414235589));
#2764=CARTESIAN_POINT('',(-0.0001,0.0197819360343312,-0.037956535494365));
#2765=CARTESIAN_POINT('',(0.,0.0197424511320671,-0.0378807739464721));
#2766=CARTESIAN_POINT('',(0.01,0.0157939609056537,-0.0303046191571777));
#2767=CARTESIAN_POINT('',(0.0101,0.0157544760033896,-0.0302288576092848));
#2768=CARTESIAN_POINT('',(-0.0001,0.0198462606626381,-0.0378696023928296));
#2769=CARTESIAN_POINT('',(0.,0.0198066473679023,-0.0377940143641014));
#2770=CARTESIAN_POINT('',(0.01,0.0158453178943218,-0.0302352114912811));
#2771=CARTESIAN_POINT('',(0.0101,0.015805704599586,-0.0301596234625529));
#2772=CARTESIAN_POINT('',(-0.0001,0.0199651862299939,-0.037689321210334));
#2773=CARTESIAN_POINT('',(0.,0.0199253355588761,-0.0376140930242854));
#2774=CARTESIAN_POINT('',(0.01,0.0159402684471009,-0.0300912744194284));
#2775=CARTESIAN_POINT('',(0.0101,0.0159004177759831,-0.0300160462333798));
#2776=CARTESIAN_POINT('',(-0.0001,0.0200197869018064,-0.0375959735344818));
#2777=CARTESIAN_POINT('',(0.,0.0199798272473118,-0.0375209316711396));
#2778=CARTESIAN_POINT('',(0.01,0.0159838617978495,-0.0300167453369116));
#2779=CARTESIAN_POINT('',(0.0101,0.0159439021433548,-0.0299417034735693));
#2780=CARTESIAN_POINT('',(-0.0001,0.0201186309572591,-0.0374039463279861));
#2781=CARTESIAN_POINT('',(0.,0.0200784740092406,-0.0373292877524811));
#2782=CARTESIAN_POINT('',(0.01,0.0160627792073925,-0.0298634302019848));
#2783=CARTESIAN_POINT('',(0.0101,0.016022622259374,-0.0297887716264799));
#2784=CARTESIAN_POINT('',(-0.0001,0.0201628741187878,-0.0373052672288448));
#2785=CARTESIAN_POINT('',(0.,0.0201226288610656,-0.0372308056176096));
#2786=CARTESIAN_POINT('',(0.01,0.0160981030888525,-0.0297846444940877));
#2787=CARTESIAN_POINT('',(0.0101,0.0160578578311304,-0.0297101828828524));
#2788=CARTESIAN_POINT('',(-0.0001,0.020240489734583,-0.0371037221680826));
#2789=CARTESIAN_POINT('',(0.,0.0202000895554721,-0.0370296628423978));
#2790=CARTESIAN_POINT('',(0.01,0.0161600716443776,-0.0296237302739182));
#2791=CARTESIAN_POINT('',(0.0101,0.0161196714652667,-0.0295496709482334));
#2792=CARTESIAN_POINT('',(-0.0001,0.0202738620144402,-0.0370008566593514));
#2793=CARTESIAN_POINT('',(0.,0.0202333952239922,-0.0369270026540434));
#2794=CARTESIAN_POINT('',(0.01,0.0161867161791938,-0.0295416021232347));
#2795=CARTESIAN_POINT('',(0.0101,0.0161462493887458,-0.0294677481179266));
#2796=CARTESIAN_POINT('',(-0.0001,0.0203459945562174,-0.0367295150618597));
#2797=CARTESIAN_POINT('',(0.,0.0203053837886401,-0.0366562026565466));
#2798=CARTESIAN_POINT('',(0.01,0.0162443070309121,-0.0293249621252373));
#2799=CARTESIAN_POINT('',(0.0101,0.0162036962633348,-0.0292516497199242));
#2800=CARTESIAN_POINT('',(-0.0001,0.0203903838126956,-0.0365625356172494));
#2801=CARTESIAN_POINT('',(0.,0.020349684443808,-0.0364895565042409));
#2802=CARTESIAN_POINT('',(0.01,0.0162797475550464,-0.0291916452033927));
#2803=CARTESIAN_POINT('',(0.0101,0.0162390481861588,-0.0291186660903842));
#2804=CARTESIAN_POINT('',(-0.0001,0.0204347730691738,-0.0363955561726391));
#2805=CARTESIAN_POINT('',(0.,0.0203939850989759,-0.0363229103519352));
#2806=CARTESIAN_POINT('',(0.01,0.0163151880791807,-0.0290583282815481));
#2807=CARTESIAN_POINT('',(0.0101,0.0162744001089827,-0.0289856824608443));
#2808=CARTESIAN_POINT('',(0.01,0.0138894240524233,-0.0288416862309234));
#2809=CARTESIAN_POINT('',(0.01,0.0129253470116713,-0.0310395386962848));
#2810=CARTESIAN_POINT('',(0.,0.0161566837645892,-0.038799423370356));
#2811=CARTESIAN_POINT('',(0.,0.0161566837645892,-0.038799423370356));
#2812=CARTESIAN_POINT('',(0.,0.0173617800655291,-0.0360521077886543));
#2813=CARTESIAN_POINT('',(0.0126128767678059,-0.00872305477704351,-0.0198863645090584));
#2814=CARTESIAN_POINT('',(0.01,0.0108302278639705,-0.0301205251138121));
#2815=CARTESIAN_POINT('',(0.01,0.00873510871626966,-0.0292015115313394));
#2816=CARTESIAN_POINT('',(0.,0.0109188858953371,-0.0365018894141743));
#2817=CARTESIAN_POINT('',(0.,0.0109188858953371,-0.0365018894141743));
#2818=CARTESIAN_POINT('',(0.,0.0135377848299631,-0.0376506563922651));
#2819=CARTESIAN_POINT('',(0.,-1.25767452008318E-17,2.04697370165263E-16));
#2820=CARTESIAN_POINT('',(0.01,2.29850860566927E-17,-1.28369537222284E-16));
#2821=CARTESIAN_POINT('',(0.01,0.0048,-0.0300996744168438));
#2822=CARTESIAN_POINT('',(0.,0.006,-0.0376245930210547));
#2823=CARTESIAN_POINT('',(0.,0.006,-0.0376245930210547));
#2824=CARTESIAN_POINT('',(0.,-1.25767452008318E-17,2.04697370165263E-16));
#2825=CARTESIAN_POINT('',(0.0126128767678059,0.0164875709777686,-0.0141322036952302));
#2826=CARTESIAN_POINT('',(0.01,0.00331110792283835,-0.0318367151735323));
#2827=CARTESIAN_POINT('',(0.01,0.00182221584567671,-0.033573755930221));
#2828=CARTESIAN_POINT('',(0.005,0.0020499928263863,-0.0377704754214986));
#2829=CARTESIAN_POINT('',(8.67361737988404E-19,0.00227776980709589,-0.0419671949127762));
#2830=CARTESIAN_POINT('',(0.,0.00413888490354795,-0.0397958939669154));
#2831=CARTESIAN_POINT('',(-0.0001,-0.0026196543585286,-0.0416575787888135));
#2832=CARTESIAN_POINT('',(0.,-0.00261442550751358,-0.0415744299289556));
#2833=CARTESIAN_POINT('',(0.01,-0.00209154040601087,-0.0332595439431644));
#2834=CARTESIAN_POINT('',(0.0101,-0.00208631155499584,-0.0331763950833065));
#2835=CARTESIAN_POINT('',(-0.0001,-0.0025072113545891,-0.0417887622934096));
#2836=CARTESIAN_POINT('',(0.,-0.00250220694070768,-0.0417053515902291));
#2837=CARTESIAN_POINT('',(0.01,-0.00200176555256615,-0.0333642812721833));
#2838=CARTESIAN_POINT('',(0.0101,-0.00199676113868474,-0.0332808705690028));
#2839=CARTESIAN_POINT('',(-0.0001,-0.00239476835064959,-0.0419199457980056));
#2840=CARTESIAN_POINT('',(0.,-0.00238998837390179,-0.0418362732515026));
#2841=CARTESIAN_POINT('',(0.01,-0.00191199069912143,-0.0334690186012021));
#2842=CARTESIAN_POINT('',(0.0101,-0.00190721072237363,-0.0333853460546991));
#2843=CARTESIAN_POINT('',(-0.0001,-0.00221204846924789,-0.0421331189929743));
#2844=CARTESIAN_POINT('',(0.,-0.00220763320284221,-0.0420490209510722));
#2845=CARTESIAN_POINT('',(0.01,-0.00176610656227377,-0.0336392167608577));
#2846=CARTESIAN_POINT('',(0.0101,-0.00176169129586809,-0.0335551187189556));
#2847=CARTESIAN_POINT('',(-0.0001,-0.00213734941249106,-0.0422113179243547));
#2848=CARTESIAN_POINT('',(0.,-0.00213308324599906,-0.0421270637967611));
#2849=CARTESIAN_POINT('',(0.01,-0.00170646659679925,-0.0337016510374089));
#2850=CARTESIAN_POINT('',(0.0101,-0.00170220043030726,-0.0336173969098154));
#2851=CARTESIAN_POINT('',(-0.0001,-0.00197997303443236,-0.0423592275959858));
#2852=CARTESIAN_POINT('',(0.,-0.00197602099244747,-0.0422746782395068));
#2853=CARTESIAN_POINT('',(0.01,-0.00158081679395797,-0.0338197425916054));
#2854=CARTESIAN_POINT('',(0.0101,-0.00157686475197308,-0.0337351932351264));
#2855=CARTESIAN_POINT('',(-0.0001,-0.00189729606676926,-0.0424289380038703));
#2856=CARTESIAN_POINT('',(0.,-0.00189350904867192,-0.0423442495048605));
#2857=CARTESIAN_POINT('',(0.01,-0.00151480723893754,-0.0338753996038885));
#2858=CARTESIAN_POINT('',(0.0101,-0.0015110202208402,-0.0337907111048787));
#2859=CARTESIAN_POINT('',(-0.0001,-0.00172492316766251,-0.0425590617103439));
#2860=CARTESIAN_POINT('',(0.,-0.00172148020724802,-0.0424741134833772));
#2861=CARTESIAN_POINT('',(0.01,-0.00137718416579842,-0.0339792907867017));
#2862=CARTESIAN_POINT('',(0.0101,-0.00137374120538392,-0.0338943425597349));
#2863=CARTESIAN_POINT('',(-0.0001,-0.00163522762355615,-0.0426194747165334));
#2864=CARTESIAN_POINT('',(0.,-0.00163196369616382,-0.042534405904724));
#2865=CARTESIAN_POINT('',(0.01,-0.00130557095693107,-0.0340275247237792));
#2866=CARTESIAN_POINT('',(0.0101,-0.00130230702953874,-0.0339424559119697));
#2867=CARTESIAN_POINT('',(-0.0001,-0.00144985831621725,-0.0427303025795896));
#2868=CARTESIAN_POINT('',(0.,-0.00144696438744236,-0.0426450125544806));
#2869=CARTESIAN_POINT('',(0.01,-0.0011575715099539,-0.0341160100435845));
#2870=CARTESIAN_POINT('',(0.0101,-0.00115467758117901,-0.0340307200184755));
#2871=CARTESIAN_POINT('',(-0.0001,-0.00135418496952609,-0.0427807171874161));
#2872=CARTESIAN_POINT('',(0.,-0.00135148200551506,-0.0426953265343474));
#2873=CARTESIAN_POINT('',(0.01,-0.00108118560441205,-0.0341562612274779));
#2874=CARTESIAN_POINT('',(0.0101,-0.00107848264040102,-0.0340708705744092));
#2875=CARTESIAN_POINT('',(-0.0001,-0.00115797016937853,-0.0428709632263095));
#2876=CARTESIAN_POINT('',(0.,-0.00115565885167518,-0.0427853924414266));
#2877=CARTESIAN_POINT('',(0.01,-0.00092452708134015,-0.0342283139531413));
#2878=CARTESIAN_POINT('',(0.0101,-0.0009222157636368,-0.0341427431682584));
#2879=CARTESIAN_POINT('',(-0.0001,-0.00105742915683431,-0.0429107944545855));
#2880=CARTESIAN_POINT('',(0.,-0.00105531851979472,-0.042825144166253));
#2881=CARTESIAN_POINT('',(0.01,-0.000844254815835782,-0.0342601153330023));
#2882=CARTESIAN_POINT('',(0.0101,-0.000842144178796193,-0.0341744650446698));
#2883=CARTESIAN_POINT('',(-0.0001,-0.000852645623963226,-0.042979411507843));
#2884=CARTESIAN_POINT('',(0.,-0.000850943736490246,-0.0428936242593243));
#2885=CARTESIAN_POINT('',(0.01,-0.000680754989192202,-0.0343148994074594));
#2886=CARTESIAN_POINT('',(0.0101,-0.000679053101719222,-0.0342291121589408));
#2887=CARTESIAN_POINT('',(-0.0001,-0.000748403563803246,-0.0430081971786358));
#2888=CARTESIAN_POINT('',(0.,-0.000746909744314617,-0.0429223524736884));
#2889=CARTESIAN_POINT('',(0.01,-0.000597527795451698,-0.0343378819789507));
#2890=CARTESIAN_POINT('',(0.0101,-0.000596033975963069,-0.0342520372740033));
#2891=CARTESIAN_POINT('',(-0.0001,-0.000537427484782641,-0.0430543890546962));
#2892=CARTESIAN_POINT('',(0.,-0.000536354775232177,-0.0429684521503955));
#2893=CARTESIAN_POINT('',(0.01,-0.000429083820185746,-0.0343747617203164));
#2894=CARTESIAN_POINT('',(0.0101,-0.000428011110635281,-0.0342888248160156));
#2895=CARTESIAN_POINT('',(-0.0001,-0.000430693940004113,-0.0430717951561666));
#2896=CARTESIAN_POINT('',(0.,-0.00042983427146119,-0.0429858235091483));
#2897=CARTESIAN_POINT('',(0.01,-0.000343867417168956,-0.0343886588073187));
#2898=CARTESIAN_POINT('',(0.0101,-0.000343007748626033,-0.0343026871603004));
#2899=CARTESIAN_POINT('',(-0.0001,-0.000215973356038163,-0.0430950258719159));
#2900=CARTESIAN_POINT('',(0.,-0.000215542271495172,-0.0430090078562035));
#2901=CARTESIAN_POINT('',(0.01,-0.000172433817196141,-0.0344072062849628));
#2902=CARTESIAN_POINT('',(0.0101,-0.000172002732653151,-0.0343211882692503));
#2903=CARTESIAN_POINT('',(-0.0001,-0.000107986799347079,-0.0431008504339931));
#2904=CARTESIAN_POINT('',(0.,-0.000107771256833412,-0.0430148207924083));
#2905=CARTESIAN_POINT('',(0.01,-8.62170054667341E-5,-0.0344118566339267));
#2906=CARTESIAN_POINT('',(0.0101,-8.60014629530673E-5,-0.0343258269923418));
#2907=CARTESIAN_POINT('',(-0.0001,0.000107986799347061,-0.0431008504339931));
#2908=CARTESIAN_POINT('',(0.,0.000107771256833395,-0.0430148207924083));
#2909=CARTESIAN_POINT('',(0.01,8.62170054667111E-5,-0.0344118566339267));
#2910=CARTESIAN_POINT('',(0.0101,8.60014629530443E-5,-0.0343258269923418));
#2911=CARTESIAN_POINT('',(-0.0001,0.000215973356038155,-0.0430950258719159));
#2912=CARTESIAN_POINT('',(0.,0.000215542271495165,-0.0430090078562035));
#2913=CARTESIAN_POINT('',(0.01,0.000172433817196128,-0.0344072062849628));
#2914=CARTESIAN_POINT('',(0.0101,0.000172002732653138,-0.0343211882692503));
#2915=CARTESIAN_POINT('',(-0.0001,0.000430693940004105,-0.0430717951561666));
#2916=CARTESIAN_POINT('',(0.,0.000429834271461183,-0.0429858235091483));
#2917=CARTESIAN_POINT('',(0.01,0.000343867417168942,-0.0343886588073187));
#2918=CARTESIAN_POINT('',(0.0101,0.00034300774862602,-0.0343026871603004));
#2919=CARTESIAN_POINT('',(-0.0001,0.000537427484782634,-0.0430543890546962));
#2920=CARTESIAN_POINT('',(0.,0.00053635477523217,-0.0429684521503955));
#2921=CARTESIAN_POINT('',(0.01,0.000429083820185733,-0.0343747617203164));
#2922=CARTESIAN_POINT('',(0.0101,0.000428011110635269,-0.0342888248160156));
#2923=CARTESIAN_POINT('',(-0.0001,0.000748403563803238,-0.0430081971786358));
#2924=CARTESIAN_POINT('',(0.,0.000746909744314609,-0.0429223524736884));
#2925=CARTESIAN_POINT('',(0.01,0.000597527795451685,-0.0343378819789507));
#2926=CARTESIAN_POINT('',(0.0101,0.000596033975963056,-0.0342520372740033));
#2927=CARTESIAN_POINT('',(-0.0001,0.000852645623963225,-0.042979411507843));
#2928=CARTESIAN_POINT('',(0.,0.000850943736490244,-0.0428936242593243));
#2929=CARTESIAN_POINT('',(0.01,0.000680754989192193,-0.0343148994074594));
#2930=CARTESIAN_POINT('',(0.0101,0.000679053101719212,-0.0342291121589408));
#2931=CARTESIAN_POINT('',(-0.0001,0.00105742915683431,-0.0429107944545854));
#2932=CARTESIAN_POINT('',(0.,0.00105531851979472,-0.0428251441662529));
#2933=CARTESIAN_POINT('',(0.01,0.000844254815835774,-0.0342601153330023));
#2934=CARTESIAN_POINT('',(0.0101,0.000842144178796185,-0.0341744650446698));
#2935=CARTESIAN_POINT('',(-0.0001,0.00115797016937853,-0.0428709632263095));
#2936=CARTESIAN_POINT('',(0.,0.00115565885167518,-0.0427853924414266));
#2937=CARTESIAN_POINT('',(0.01,0.000924527081340133,-0.0342283139531413));
#2938=CARTESIAN_POINT('',(0.0101,0.000922215763636782,-0.0341427431682584));
#2939=CARTESIAN_POINT('',(-0.0001,0.00135418496952608,-0.0427807171874161));
#2940=CARTESIAN_POINT('',(0.,0.00135148200551505,-0.0426953265343474));
#2941=CARTESIAN_POINT('',(0.01,0.00108118560441204,-0.0341562612274779));
#2942=CARTESIAN_POINT('',(0.0101,0.00107848264040101,-0.0340708705744092));
#2943=CARTESIAN_POINT('',(-0.0001,0.00144985831621724,-0.0427303025795896));
#2944=CARTESIAN_POINT('',(0.,0.00144696438744236,-0.0426450125544806));
#2945=CARTESIAN_POINT('',(0.01,0.00115757150995388,-0.0341160100435845));
#2946=CARTESIAN_POINT('',(0.0101,0.001154677581179,-0.0340307200184755));
#2947=CARTESIAN_POINT('',(-0.0001,0.00163522762355615,-0.0426194747165334));
#2948=CARTESIAN_POINT('',(0.,0.00163196369616382,-0.042534405904724));
#2949=CARTESIAN_POINT('',(0.01,0.00130557095693105,-0.0340275247237792));
#2950=CARTESIAN_POINT('',(0.0101,0.00130230702953872,-0.0339424559119697));
#2951=CARTESIAN_POINT('',(-0.0001,0.0017249231676625,-0.0425590617103439));
#2952=CARTESIAN_POINT('',(0.,0.00172148020724801,-0.0424741134833772));
#2953=CARTESIAN_POINT('',(0.01,0.0013771841657984,-0.0339792907867017));
#2954=CARTESIAN_POINT('',(0.0101,0.00137374120538391,-0.0338943425597349));
#2955=CARTESIAN_POINT('',(-0.0001,0.00189729606676925,-0.0424289380038703));
#2956=CARTESIAN_POINT('',(0.,0.00189350904867191,-0.0423442495048605));
#2957=CARTESIAN_POINT('',(0.01,0.00151480723893753,-0.0338753996038885));
#2958=CARTESIAN_POINT('',(0.0101,0.00151102022084018,-0.0337907111048787));
#2959=CARTESIAN_POINT('',(-0.0001,0.00197997303443236,-0.0423592275959858));
#2960=CARTESIAN_POINT('',(0.,0.00197602099244746,-0.0422746782395068));
#2961=CARTESIAN_POINT('',(0.01,0.00158081679395796,-0.0338197425916054));
#2962=CARTESIAN_POINT('',(0.0101,0.00157686475197307,-0.0337351932351264));
#2963=CARTESIAN_POINT('',(-0.0001,0.00213734941249106,-0.0422113179243547));
#2964=CARTESIAN_POINT('',(0.,0.00213308324599906,-0.0421270637967611));
#2965=CARTESIAN_POINT('',(0.01,0.00170646659679925,-0.0337016510374089));
#2966=CARTESIAN_POINT('',(0.0101,0.00170220043030725,-0.0336173969098154));
#2967=CARTESIAN_POINT('',(-0.0001,0.00221204846924788,-0.0421331189929743));
#2968=CARTESIAN_POINT('',(0.,0.0022076332028422,-0.0420490209510722));
#2969=CARTESIAN_POINT('',(0.01,0.00176610656227376,-0.0336392167608577));
#2970=CARTESIAN_POINT('',(0.0101,0.00176169129586808,-0.0335551187189556));
#2971=CARTESIAN_POINT('',(-0.0001,0.00239476835064959,-0.0419199457980056));
#2972=CARTESIAN_POINT('',(0.,0.00238998837390178,-0.0418362732515026));
#2973=CARTESIAN_POINT('',(0.01,0.00191199069912143,-0.0334690186012021));
#2974=CARTESIAN_POINT('',(0.0101,0.00190721072237362,-0.0333853460546991));
#2975=CARTESIAN_POINT('',(-0.0001,0.0025072113545891,-0.0417887622934096));
#2976=CARTESIAN_POINT('',(0.,0.00250220694070768,-0.0417053515902291));
#2977=CARTESIAN_POINT('',(0.01,0.00200176555256614,-0.0333642812721833));
#2978=CARTESIAN_POINT('',(0.0101,0.00199676113868473,-0.0332808705690028));
#2979=CARTESIAN_POINT('',(-0.0001,0.0026196543585286,-0.0416575787888135));
#2980=CARTESIAN_POINT('',(0.,0.00261442550751358,-0.0415744299289556));
#2981=CARTESIAN_POINT('',(0.01,0.00209154040601086,-0.0332595439431644));
#2982=CARTESIAN_POINT('',(0.0101,0.00208631155499584,-0.0331763950833065));
#2983=CARTESIAN_POINT('',(0.01,-5.09575021068187E-18,-0.0320118566339267));
#2984=CARTESIAN_POINT('',(0.01,-0.00182221584567672,-0.033573755930221));
#2985=CARTESIAN_POINT('',(0.,-0.00227776980709589,-0.0419671949127762));
#2986=CARTESIAN_POINT('',(0.,-0.00227776980709589,-0.0419671949127762));
#2987=CARTESIAN_POINT('',(0.,-3.25260651745651E-18,-0.0400148207924083));
#2988=CARTESIAN_POINT('',(0.0126128767678059,-0.0164875709777686,-0.0141322036952302));
#2989=CARTESIAN_POINT('',(0.01,-0.00331110792283836,-0.0318367151735323));
#2990=CARTESIAN_POINT('',(0.01,-0.0048,-0.0300996744168438));
#2991=CARTESIAN_POINT('',(0.,-0.006,-0.0376245930210547));
#2992=CARTESIAN_POINT('',(0.,-0.006,-0.0376245930210547));
#2993=CARTESIAN_POINT('',(0.,-0.00413888490354795,-0.0397958939669154));
#2994=CARTESIAN_POINT('',(0.,-3.46944695195361E-18,1.97758476261356E-16));
#2995=CARTESIAN_POINT('',(0.01,-3.33934269125535E-17,-1.21430643318376E-16));
#2996=CARTESIAN_POINT('',(0.01,-0.00873510871626967,-0.0292015115313394));
#2997=CARTESIAN_POINT('',(0.,-0.0109188858953371,-0.0365018894141743));
#2998=CARTESIAN_POINT('',(0.,-0.0109188858953371,-0.0365018894141743));
#2999=CARTESIAN_POINT('',(0.,-3.46944695195361E-18,1.97758476261356E-16));
#3000=CARTESIAN_POINT('',(0.0126128767678059,0.0087230547770435,-0.0198863645090584));
#3001=CARTESIAN_POINT('',(0.01,-0.0108302278639705,-0.0301205251138121));
#3002=CARTESIAN_POINT('',(0.01,-0.0129253470116714,-0.0310395386962848));
#3003=CARTESIAN_POINT('',(0.005,-0.0145410153881303,-0.0349194810333204));
#3004=CARTESIAN_POINT('',(-4.33680868994202E-19,-0.0161566837645892,-0.0387994233703559));
#3005=CARTESIAN_POINT('',(0.,-0.0135377848299632,-0.0376506563922651));
#3006=CARTESIAN_POINT('',(-0.0001,-0.0204347730691738,-0.0363955561726391));
#3007=CARTESIAN_POINT('',(0.,-0.0203939850989759,-0.0363229103519352));
#3008=CARTESIAN_POINT('',(0.01,-0.0163151880791807,-0.0290583282815481));
#3009=CARTESIAN_POINT('',(0.0101,-0.0162744001089827,-0.0289856824608443));
#3010=CARTESIAN_POINT('',(-0.0001,-0.0203903838126956,-0.0365625356172494));
#3011=CARTESIAN_POINT('',(0.,-0.020349684443808,-0.0364895565042409));
#3012=CARTESIAN_POINT('',(0.01,-0.0162797475550464,-0.0291916452033927));
#3013=CARTESIAN_POINT('',(0.0101,-0.0162390481861588,-0.0291186660903842));
#3014=CARTESIAN_POINT('',(-0.0001,-0.0203459945562174,-0.0367295150618597));
#3015=CARTESIAN_POINT('',(0.,-0.0203053837886401,-0.0366562026565466));
#3016=CARTESIAN_POINT('',(0.01,-0.0162443070309121,-0.0293249621252373));
#3017=CARTESIAN_POINT('',(0.0101,-0.0162036962633348,-0.0292516497199242));
#3018=CARTESIAN_POINT('',(-0.0001,-0.0202738620144402,-0.0370008566593514));
#3019=CARTESIAN_POINT('',(0.,-0.0202333952239922,-0.0369270026540434));
#3020=CARTESIAN_POINT('',(0.01,-0.0161867161791938,-0.0295416021232347));
#3021=CARTESIAN_POINT('',(0.0101,-0.0161462493887458,-0.0294677481179266));
#3022=CARTESIAN_POINT('',(-0.0001,-0.020240489734583,-0.0371037221680826));
#3023=CARTESIAN_POINT('',(0.,-0.0202000895554721,-0.0370296628423978));
#3024=CARTESIAN_POINT('',(0.01,-0.0161600716443777,-0.0296237302739182));
#3025=CARTESIAN_POINT('',(0.0101,-0.0161196714652667,-0.0295496709482334));
#3026=CARTESIAN_POINT('',(-0.0001,-0.0201628741187878,-0.0373052672288448));
#3027=CARTESIAN_POINT('',(0.,-0.0201226288610656,-0.0372308056176096));
#3028=CARTESIAN_POINT('',(0.01,-0.0160981030888525,-0.0297846444940876));
#3029=CARTESIAN_POINT('',(0.0101,-0.0160578578311304,-0.0297101828828524));
#3030=CARTESIAN_POINT('',(-0.0001,-0.0201186309572591,-0.0374039463279861));
#3031=CARTESIAN_POINT('',(0.,-0.0200784740092406,-0.0373292877524811));
#3032=CARTESIAN_POINT('',(0.01,-0.0160627792073925,-0.0298634302019848));
#3033=CARTESIAN_POINT('',(0.0101,-0.016022622259374,-0.0297887716264799));
#3034=CARTESIAN_POINT('',(-0.0001,-0.0200197869018065,-0.0375959735344818));
#3035=CARTESIAN_POINT('',(0.,-0.0199798272473119,-0.0375209316711396));
#3036=CARTESIAN_POINT('',(0.01,-0.0159838617978495,-0.0300167453369116));
#3037=CARTESIAN_POINT('',(0.0101,-0.0159439021433548,-0.0299417034735693));
#3038=CARTESIAN_POINT('',(-0.0001,-0.0199651862299939,-0.037689321210334));
#3039=CARTESIAN_POINT('',(0.,-0.0199253355588761,-0.0376140930242854));
#3040=CARTESIAN_POINT('',(0.01,-0.0159402684471009,-0.0300912744194284));
#3041=CARTESIAN_POINT('',(0.0101,-0.0159004177759831,-0.0300160462333798));
#3042=CARTESIAN_POINT('',(-0.0001,-0.0198462606626381,-0.0378696023928296));
#3043=CARTESIAN_POINT('',(0.,-0.0198066473679023,-0.0377940143641014));
#3044=CARTESIAN_POINT('',(0.01,-0.0158453178943218,-0.0302352114912811));
#3045=CARTESIAN_POINT('',(0.0101,-0.015805704599586,-0.0301596234625529));
#3046=CARTESIAN_POINT('',(-0.0001,-0.0197819360343313,-0.037956535494365));
#3047=CARTESIAN_POINT('',(0.,-0.0197424511320672,-0.0378807739464721));
#3048=CARTESIAN_POINT('',(0.01,-0.0157939609056537,-0.0303046191571777));
#3049=CARTESIAN_POINT('',(0.0101,-0.0157544760033896,-0.0302288576092848));
#3050=CARTESIAN_POINT('',(-0.0001,-0.0196443088967722,-0.0381229787770178));
#3051=CARTESIAN_POINT('',(0.,-0.0196050986993735,-0.0380468850070038));
#3052=CARTESIAN_POINT('',(0.01,-0.0156840789594988,-0.030437508005603));
#3053=CARTESIAN_POINT('',(0.0101,-0.0156448687621001,-0.030361414235589));
#3054=CARTESIAN_POINT('',(-0.0001,-0.0195710066967806,-0.0382024885841221));
#3055=CARTESIAN_POINT('',(0.,-0.0195319428111583,-0.0381262361118983));
#3056=CARTESIAN_POINT('',(0.01,-0.0156255542489266,-0.0305009888895186));
#3057=CARTESIAN_POINT('',(0.0101,-0.0155864903633043,-0.0304247364172948));
#3058=CARTESIAN_POINT('',(-0.0001,-0.0194162749326392,-0.0383531626578661));
#3059=CARTESIAN_POINT('',(0.,-0.0193775198928535,-0.0382766094389881));
#3060=CARTESIAN_POINT('',(0.01,-0.0155020159142828,-0.0306212875511905));
#3061=CARTESIAN_POINT('',(0.0101,-0.0154632608744971,-0.0305447343323125));
#3062=CARTESIAN_POINT('',(-0.0001,-0.0193348457161856,-0.0384243265859276));
#3063=CARTESIAN_POINT('',(0.,-0.0192962532097661,-0.038347631323281));
#3064=CARTESIAN_POINT('',(0.01,-0.0154370025678129,-0.0306781050586248));
#3065=CARTESIAN_POINT('',(0.0101,-0.0153984100613934,-0.0306014097959782));
#3066=CARTESIAN_POINT('',(-0.0001,-0.0191648047410179,-0.0385574831182379));
#3067=CARTESIAN_POINT('',(0.,-0.0191265516377424,-0.0384805220740898));
#3068=CARTESIAN_POINT('',(0.01,-0.015301241310194,-0.0307844176592718));
#3069=CARTESIAN_POINT('',(0.0101,-0.0152629882069185,-0.0307074566151236));
#3070=CARTESIAN_POINT('',(-0.0001,-0.0190761933644011,-0.0386194754232721));
#3071=CARTESIAN_POINT('',(0.,-0.0190381171301408,-0.0385423906419881));
#3072=CARTESIAN_POINT('',(0.01,-0.0152304937041126,-0.0308339125135905));
#3073=CARTESIAN_POINT('',(0.0101,-0.0151924174698523,-0.0307568277323065));
#3074=CARTESIAN_POINT('',(-0.0001,-0.0188928162327615,-0.0387335693447779));
#3075=CARTESIAN_POINT('',(0.,-0.0188551060207201,-0.0386562568311156));
#3076=CARTESIAN_POINT('',(0.01,-0.0150840848165761,-0.0309250054648925));
#3077=CARTESIAN_POINT('',(0.0101,-0.0150463746045347,-0.0308476929512303));
#3078=CARTESIAN_POINT('',(-0.0001,-0.0187980508898037,-0.0387856707048702));
#3079=CARTESIAN_POINT('',(0.,-0.0187605298301434,-0.0387082541964772));
#3080=CARTESIAN_POINT('',(0.01,-0.0150084238641148,-0.0309666033571818));
#3081=CARTESIAN_POINT('',(0.0101,-0.0149709028044545,-0.0308891868487888));
#3082=CARTESIAN_POINT('',(-0.0001,-0.0186034654010914,-0.0388793781374223));
#3083=CARTESIAN_POINT('',(0.,-0.0185663327356202,-0.0388017745882458));
#3084=CARTESIAN_POINT('',(0.01,-0.0148530661884961,-0.0310414196705967));
#3085=CARTESIAN_POINT('',(0.0101,-0.0148159335230249,-0.0309638161214202));
#3086=CARTESIAN_POINT('',(-0.0001,-0.018503645692588,-0.0389209839993131));
#3087=CARTESIAN_POINT('',(0.,-0.0184667122680519,-0.0388432974045041));
#3088=CARTESIAN_POINT('',(0.01,-0.0147733698144415,-0.0310746379236033));
#3089=CARTESIAN_POINT('',(0.0101,-0.0147364363899054,-0.0309969513287942));
#3090=CARTESIAN_POINT('',(-0.0001,-0.0183001097013252,-0.0389932176174806));
#3091=CARTESIAN_POINT('',(0.,-0.0182635825362527,-0.0389153868437931));
#3092=CARTESIAN_POINT('',(0.01,-0.0146108660290021,-0.0311323094750344));
#3093=CARTESIAN_POINT('',(0.0101,-0.0145743388639296,-0.0310544787013468));
#3094=CARTESIAN_POINT('',(-0.0001,-0.0181963938759294,-0.039023845211442));
#3095=CARTESIAN_POINT('',(0.,-0.0181600737284725,-0.0389459533048324));
#3096=CARTESIAN_POINT('',(0.01,-0.014528058982778,-0.0311567626438658));
#3097=CARTESIAN_POINT('',(0.0101,-0.0144917388353211,-0.0310788707372562));
#3098=CARTESIAN_POINT('',(-0.0001,-0.0179862690929577,-0.0390737668591913));
#3099=CARTESIAN_POINT('',(0.,-0.0179503683562452,-0.0389957753085741));
#3100=CARTESIAN_POINT('',(0.01,-0.0143602946849962,-0.0311966202468593));
#3101=CARTESIAN_POINT('',(0.0101,-0.0143243939482837,-0.0311186286962422));
#3102=CARTESIAN_POINT('',(-0.0001,-0.017879860607551,-0.0390930608008008));
#3103=CARTESIAN_POINT('',(0.,-0.0178441722630249,-0.0390150307393222));
#3104=CARTESIAN_POINT('',(0.01,-0.01427533781042,-0.0312120245914578));
#3105=CARTESIAN_POINT('',(0.0101,-0.0142396494658939,-0.0311339945299791));
#3106=CARTESIAN_POINT('',(-0.0001,-0.0176655851961405,-0.0391200912169605));
#3107=CARTESIAN_POINT('',(0.,-0.0176303245470464,-0.0390420072025554));
#3108=CARTESIAN_POINT('',(0.01,-0.0141042596376371,-0.0312336057620443));
#3109=CARTESIAN_POINT('',(0.0101,-0.014068998988543,-0.0311555217476392));
#3110=CARTESIAN_POINT('',(-0.0001,-0.0175577187516327,-0.0391278276307708));
#3111=CARTESIAN_POINT('',(0.,-0.0175226734048231,-0.039049728174422));
#3112=CARTESIAN_POINT('',(0.01,-0.0140181387238585,-0.0312397825395376));
#3113=CARTESIAN_POINT('',(0.0101,-0.0139830933770489,-0.0311616830831888));
#3114=CARTESIAN_POINT('',(-0.0001,-0.0173417790364825,-0.0391316531704346));
#3115=CARTESIAN_POINT('',(0.,-0.0173071647070683,-0.0390535460782781));
#3116=CARTESIAN_POINT('',(0.01,-0.0138457317656547,-0.0312428368626224));
#3117=CARTESIAN_POINT('',(0.0101,-0.0138111174362406,-0.0311647297704659));
#3118=CARTESIAN_POINT('',(-0.0001,-0.0172337062510758,-0.0391277422876916));
#3119=CARTESIAN_POINT('',(0.,-0.0171993076358042,-0.0390496430016882));
#3120=CARTESIAN_POINT('',(0.01,-0.0137594461086434,-0.0312397144013506));
#3121=CARTESIAN_POINT('',(0.0101,-0.0137250474933718,-0.0311616151153472));
#3122=CARTESIAN_POINT('',(-0.0001,-0.0170186078684776,-0.0391083185615678));
#3123=CARTESIAN_POINT('',(0.,-0.016984638591295,-0.0390302580454768));
#3124=CARTESIAN_POINT('',(0.01,-0.013587710873036,-0.0312242064363814));
#3125=CARTESIAN_POINT('',(0.0101,-0.0135537415958534,-0.0311461459202904));
#3126=CARTESIAN_POINT('',(-0.0001,-0.0169115827546314,-0.0390928057618336));
#3127=CARTESIAN_POINT('',(0.,-0.0168778271004305,-0.0390147762094148));
#3128=CARTESIAN_POINT('',(0.01,-0.0135022616803444,-0.0312118209675319));
#3129=CARTESIAN_POINT('',(0.0101,-0.0134685060261435,-0.031133791415113));
#3130=CARTESIAN_POINT('',(-0.0001,-0.0166998215785535,-0.0390503581513118));
#3131=CARTESIAN_POINT('',(0.,-0.0166664886013508,-0.0389724133246625));
#3132=CARTESIAN_POINT('',(0.01,-0.0133331908810806,-0.03117793065973));
#3133=CARTESIAN_POINT('',(0.0101,-0.0132998579038779,-0.0310999858330807));
#3134=CARTESIAN_POINT('',(-0.0001,-0.0165950859921681,-0.0390234234359077));
#3135=CARTESIAN_POINT('',(0.,-0.0165619620680321,-0.0389455323711654));
#3136=CARTESIAN_POINT('',(0.01,-0.0132495696544256,-0.0311564258969322));
#3137=CARTESIAN_POINT('',(0.0101,-0.0132164457302896,-0.0310785348321899));
#3138=CARTESIAN_POINT('',(-0.0001,-0.016389119173615,-0.0389584444778672));
#3139=CARTESIAN_POINT('',(0.,-0.0163564063608932,-0.038880683111644));
#3140=CARTESIAN_POINT('',(0.01,-0.0130851250887146,-0.0311045464893151));
#3141=CARTESIAN_POINT('',(0.0101,-0.0130524122759928,-0.0310267851230919));
#3142=CARTESIAN_POINT('',(-0.0001,-0.0162878884042731,-0.0389204003812445));
#3143=CARTESIAN_POINT('',(0.,-0.0162553776489752,-0.0388427149513418));
#3144=CARTESIAN_POINT('',(0.01,-0.0130043021191802,-0.0310741719610734));
#3145=CARTESIAN_POINT('',(0.0101,-0.0129717913638822,-0.0309964865311708));
#3146=CARTESIAN_POINT('',(-0.0001,-0.0160307710966707,-0.0388076171544602));
#3147=CARTESIAN_POINT('',(0.,-0.0159987735495716,-0.0387301568407786));
#3148=CARTESIAN_POINT('',(0.01,-0.0127990188396573,-0.0309841254726229));
#3149=CARTESIAN_POINT('',(0.0101,-0.0127670212925581,-0.0309066651589413));
#3150=CARTESIAN_POINT('',(-0.0001,-0.0158725450612231,-0.0387382120918236));
#3151=CARTESIAN_POINT('',(0.,-0.015840863334554,-0.0386608903112012));
#3152=CARTESIAN_POINT('',(0.01,-0.0126726906676432,-0.030928712248961));
#3153=CARTESIAN_POINT('',(0.0101,-0.0126410089409741,-0.0308513904683386));
#3154=CARTESIAN_POINT('',(-0.0001,-0.0157143190257755,-0.0386688070291871));
#3155=CARTESIAN_POINT('',(0.,-0.0156829531195364,-0.0385916237816238));
#3156=CARTESIAN_POINT('',(0.01,-0.0125463624956291,-0.0308732990252991));
#3157=CARTESIAN_POINT('',(0.0101,-0.0125149965893901,-0.0307961157777358));
#3158=CARTESIAN_POINT('',(0.01,-0.0138894240524233,-0.0288416862309234));
#3159=CARTESIAN_POINT('',(0.01,-0.0162088665067777,-0.0294582790470818));
#3160=CARTESIAN_POINT('',(0.,-0.0202610831334722,-0.0368228488088523));
#3161=CARTESIAN_POINT('',(0.,-0.0202610831334722,-0.0368228488088523));
#3162=CARTESIAN_POINT('',(0.,-0.0173617800655291,-0.0360521077886543));
#3163=CARTESIAN_POINT('',(0.0126128767678059,-0.0209865215395585,-0.0055789866194576));
#3164=CARTESIAN_POINT('',(0.01,-0.0167966381774553,-0.0272472533414463));
#3165=CARTESIAN_POINT('',(0.01,-0.0173844098481329,-0.0250362276358108));
#3166=CARTESIAN_POINT('',(0.,-0.0217305123101662,-0.0312952845447636));
#3167=CARTESIAN_POINT('',(0.,-0.0217305123101662,-0.0312952845447636));
#3168=CARTESIAN_POINT('',(0.,-0.0209957977218191,-0.0340590666768079));
#3169=CARTESIAN_POINT('',(0.,-1.21430643318376E-17,-2.25514051876985E-17));
#3170=CARTESIAN_POINT('',(0.01,-1.96023752785379E-16,-2.23779328401008E-16));
#3171=CARTESIAN_POINT('',(0.01,-0.0205401220222041,-0.0225196311540168));
#3172=CARTESIAN_POINT('',(0.,-0.0256751525277551,-0.0281495389425211));
#3173=CARTESIAN_POINT('',(0.,-0.0256751525277551,-0.0281495389425211));
#3174=CARTESIAN_POINT('',(0.,-1.21430643318376E-17,-2.25514051876985E-17));
#3175=CARTESIAN_POINT('',(0.0126128767678059,-0.000769169403521264,-0.021701786941612));
#3176=CARTESIAN_POINT('',(0.01,-0.0228265041982918,-0.022438595651303));
#3177=CARTESIAN_POINT('',(0.01,-0.0251128863743796,-0.0223575601485891));
#3178=CARTESIAN_POINT('',(0.005,-0.0282519971711771,-0.0251522551671628));
#3179=CARTESIAN_POINT('',(-4.33680868994202E-19,-0.0313911079679745,-0.0279469501857364));
#3180=CARTESIAN_POINT('',(0.,-0.0285331302478649,-0.0280482445641288));
#3181=CARTESIAN_POINT('',(-0.0001,-0.0342025343574242,-0.0239249472942696));
#3182=CARTESIAN_POINT('',(0.,-0.0341342658257726,-0.0238771929084527));
#3183=CARTESIAN_POINT('',(0.01,-0.0273074126606181,-0.0191017543267622));
#3184=CARTESIAN_POINT('',(0.0101,-0.0272391441289665,-0.0190539999409453));
#3185=CARTESIAN_POINT('',(-0.0001,-0.0342349906850512,-0.0240946503520206));
#3186=CARTESIAN_POINT('',(0.,-0.0341666573703106,-0.0240465572375455));
#3187=CARTESIAN_POINT('',(0.01,-0.0273333258962485,-0.0192372457900364));
#3188=CARTESIAN_POINT('',(0.0101,-0.0272649925815078,-0.0191891526755613));
#3189=CARTESIAN_POINT('',(-0.0001,-0.0342674470126783,-0.0242643534097715));
#3190=CARTESIAN_POINT('',(0.,-0.0341990489148486,-0.0242159215666382));
#3191=CARTESIAN_POINT('',(0.01,-0.0273592391318789,-0.0193727372533106));
#3192=CARTESIAN_POINT('',(0.0101,-0.0272908410340492,-0.0193243054101773));
#3193=CARTESIAN_POINT('',(-0.0001,-0.0343201885450723,-0.0245401208786168));
#3194=CARTESIAN_POINT('',(0.,-0.0342516851747229,-0.0244911386014139));
#3195=CARTESIAN_POINT('',(0.01,-0.0274013481397783,-0.0195929108811312));
#3196=CARTESIAN_POINT('',(0.0101,-0.0273328447694288,-0.0195439286039283));
#3197=CARTESIAN_POINT('',(-0.0001,-0.0343347528314244,-0.0246472791891318));
#3198=CARTESIAN_POINT('',(0.,-0.0342662203906431,-0.0245980830230857));
#3199=CARTESIAN_POINT('',(0.01,-0.0274129763125145,-0.0196784664184686));
#3200=CARTESIAN_POINT('',(0.0101,-0.0273444438717333,-0.0196292702524224));
#3201=CARTESIAN_POINT('',(-0.0001,-0.0343522707024941,-0.0248625411679532));
#3202=CARTESIAN_POINT('',(0.,-0.0342837032959023,-0.0248129153372786));
#3203=CARTESIAN_POINT('',(0.01,-0.0274269626367219,-0.0198503322698229));
#3204=CARTESIAN_POINT('',(0.0101,-0.02735839523013,-0.0198007064391483));
#3205=CARTESIAN_POINT('',(-0.0001,-0.0343552242478474,-0.0249706443525466));
#3206=CARTESIAN_POINT('',(0.,-0.0342866509459554,-0.0249208027470525));
#3207=CARTESIAN_POINT('',(0.01,-0.0274293207567643,-0.019936642197642));
#3208=CARTESIAN_POINT('',(0.0101,-0.0273607474548724,-0.0198868005921479));
#3209=CARTESIAN_POINT('',(-0.0001,-0.034349486313474,-0.0251865417157589));
#3210=CARTESIAN_POINT('',(0.,-0.0342809244645449,-0.0251362691774041));
#3211=CARTESIAN_POINT('',(0.01,-0.0274247395716359,-0.0201090153419233));
#3212=CARTESIAN_POINT('',(0.0101,-0.0273561777227068,-0.0200587428035684));
#3213=CARTESIAN_POINT('',(-0.0001,-0.034340794846641,-0.0252943354092371));
#3214=CARTESIAN_POINT('',(0.,-0.0342722503459491,-0.0252438477138095));
#3215=CARTESIAN_POINT('',(0.01,-0.0274178002767593,-0.0201950781710476));
#3216=CARTESIAN_POINT('',(0.0101,-0.0273492557760674,-0.02014459047562));
#3217=CARTESIAN_POINT('',(-0.0001,-0.0343118676864095,-0.0255083630119753));
#3218=CARTESIAN_POINT('',(0.,-0.0342433809245604,-0.0254574481157438));
#3219=CARTESIAN_POINT('',(0.01,-0.0273947047396483,-0.020365958492595));
#3220=CARTESIAN_POINT('',(0.0101,-0.0273262179777992,-0.0203150435963636));
#3221=CARTESIAN_POINT('',(-0.0001,-0.0342916320580129,-0.0256145964402961));
#3222=CARTESIAN_POINT('',(0.,-0.0342231856866396,-0.0255634695012935));
#3223=CARTESIAN_POINT('',(0.01,-0.0273785485493117,-0.0204507756010348));
#3224=CARTESIAN_POINT('',(0.0101,-0.0273101021779384,-0.0203996486620322));
#3225=CARTESIAN_POINT('',(-0.0001,-0.0342398513255221,-0.0258242708332858));
#3226=CARTESIAN_POINT('',(0.,-0.0341715083089043,-0.0257727253825208));
#3227=CARTESIAN_POINT('',(0.01,-0.0273372066471234,-0.0206181803060166));
#3228=CARTESIAN_POINT('',(0.0101,-0.0272688636305056,-0.0205666348552516));
#3229=CARTESIAN_POINT('',(-0.0001,-0.0342083063377838,-0.0259277113267977));
#3230=CARTESIAN_POINT('',(0.,-0.0341400262852133,-0.0258759594079817));
#3231=CARTESIAN_POINT('',(0.01,-0.0273120210281706,-0.0207007675263854));
#3232=CARTESIAN_POINT('',(0.0101,-0.0272437409756002,-0.0206490156075694));
#3233=CARTESIAN_POINT('',(-0.0001,-0.0341342728659209,-0.0261305995728269));
#3234=CARTESIAN_POINT('',(0.,-0.0340661405847514,-0.026078442687452));
#3235=CARTESIAN_POINT('',(0.01,-0.0272529124678011,-0.0208627541499616));
#3236=CARTESIAN_POINT('',(0.0101,-0.0271847801866316,-0.0208105972645867));
#3237=CARTESIAN_POINT('',(-0.0001,-0.0340917845481562,-0.0262300468694363));
#3238=CARTESIAN_POINT('',(0.,-0.0340237370740082,-0.0261776914864634));
#3239=CARTESIAN_POINT('',(0.01,-0.0272189896592065,-0.0209421531891707));
#3240=CARTESIAN_POINT('',(0.0101,-0.0271509421850585,-0.0208897978061978));
#3241=CARTESIAN_POINT('',(-0.0001,-0.0339963573773891,-0.0264237947737147));
#3242=CARTESIAN_POINT('',(0.,-0.0339285003766358,-0.0263710526683779));
#3243=CARTESIAN_POINT('',(0.01,-0.0271428003013086,-0.0210968421347024));
#3244=CARTESIAN_POINT('',(0.0101,-0.0270749433005553,-0.0210441000293656));
#3245=CARTESIAN_POINT('',(-0.0001,-0.03394341873882,-0.0265180949460149));
#3246=CARTESIAN_POINT('',(0.,-0.033875667404012,-0.0264651646167814));
#3247=CARTESIAN_POINT('',(0.01,-0.0271005339232096,-0.021172131693425));
#3248=CARTESIAN_POINT('',(0.0101,-0.0270327825884016,-0.0211192013641915));
#3249=CARTESIAN_POINT('',(-0.0001,-0.0338277051494011,-0.0267004543728529));
#3250=CARTESIAN_POINT('',(0.,-0.0337601847798414,-0.0266471600527474));
#3251=CARTESIAN_POINT('',(0.01,-0.0270081478238731,-0.0213177280421979));
#3252=CARTESIAN_POINT('',(0.0101,-0.0269406274543134,-0.0212644337220924));
#3253=CARTESIAN_POINT('',(-0.0001,-0.0337649304585699,-0.0267885132176128));
#3254=CARTESIAN_POINT('',(0.,-0.0336975353877943,-0.0267350431313501));
#3255=CARTESIAN_POINT('',(0.01,-0.0269580283102355,-0.0213880345050801));
#3256=CARTESIAN_POINT('',(0.0101,-0.0268906332394599,-0.0213345644188173));
#3257=CARTESIAN_POINT('',(-0.0001,-0.0336302731223134,-0.0269573681764538));
#3258=CARTESIAN_POINT('',(0.,-0.0335631468286561,-0.0269035610543451));
#3259=CARTESIAN_POINT('',(0.01,-0.0268505174629248,-0.0215228488434761));
#3260=CARTESIAN_POINT('',(0.0101,-0.0267833911692675,-0.0214690417213674));
#3261=CARTESIAN_POINT('',(-0.0001,-0.0335583907794751,-0.0270381639111027));
#3262=CARTESIAN_POINT('',(0.,-0.033491407963548,-0.0269841955200626));
#3263=CARTESIAN_POINT('',(0.01,-0.0267931263708384,-0.0215873564160501));
#3264=CARTESIAN_POINT('',(0.0101,-0.0267261435549113,-0.0215333880250099));
#3265=CARTESIAN_POINT('',(-0.0001,-0.0334063521801902,-0.0271915551092217));
#3266=CARTESIAN_POINT('',(0.,-0.0333396728345211,-0.0271372805481255));
#3267=CARTESIAN_POINT('',(0.01,-0.0266717382676169,-0.0217098244385003));
#3268=CARTESIAN_POINT('',(0.0101,-0.0266050589219479,-0.0216555498774041));
#3269=CARTESIAN_POINT('',(-0.0001,-0.0333261962653879,-0.0272641502280081));
#3270=CARTESIAN_POINT('',(0.,-0.0332596769115648,-0.0272097307664751));
#3271=CARTESIAN_POINT('',(0.01,-0.0266077415292518,-0.0217677846131801));
#3272=CARTESIAN_POINT('',(0.0101,-0.0265412221754287,-0.0217133651516471));
#3273=CARTESIAN_POINT('',(-0.0001,-0.0331585405687441,-0.0274002978049816));
#3274=CARTESIAN_POINT('',(0.,-0.03309235585703,-0.027345606591798));
#3275=CARTESIAN_POINT('',(0.01,-0.026473884685624,-0.0218764852734384));
#3276=CARTESIAN_POINT('',(0.0101,-0.0264076999739099,-0.0218217940602548));
#3277=CARTESIAN_POINT('',(-0.0001,-0.0330710411636398,-0.027463849957233));
#3278=CARTESIAN_POINT('',(0.,-0.0330050311014369,-0.0274090318934461));
#3279=CARTESIAN_POINT('',(0.01,-0.0264040248811495,-0.0219272255147569));
#3280=CARTESIAN_POINT('',(0.0101,-0.0263380148189466,-0.02187240745097));
#3281=CARTESIAN_POINT('',(-0.0001,-0.0328897137468352,-0.027581174137383));
#3282=CARTESIAN_POINT('',(0.,-0.032824065615604,-0.0275261218935959));
#3283=CARTESIAN_POINT('',(0.01,-0.0262592524924832,-0.0220208975148766));
#3284=CARTESIAN_POINT('',(0.0101,-0.026193604361252,-0.0219658452710895));
#3285=CARTESIAN_POINT('',(-0.0001,-0.0327958861425938,-0.0276349459016437));
#3286=CARTESIAN_POINT('',(0.,-0.0327304252920098,-0.0275797863289858));
#3287=CARTESIAN_POINT('',(0.01,-0.0261843402336078,-0.0220638290631886));
#3288=CARTESIAN_POINT('',(0.0101,-0.0261188793830238,-0.0220086694905306));
#3289=CARTESIAN_POINT('',(-0.0001,-0.0326029910213531,-0.0277320853248171));
#3290=CARTESIAN_POINT('',(0.,-0.0325379151909712,-0.0276767318610949));
#3291=CARTESIAN_POINT('',(0.01,-0.026030332152777,-0.0221413854888759));
#3292=CARTESIAN_POINT('',(0.0101,-0.025965256322395,-0.0220860320251537));
#3293=CARTESIAN_POINT('',(-0.0001,-0.0325039239378065,-0.0277754527654487));
#3294=CARTESIAN_POINT('',(0.,-0.0324390458461143,-0.0277200127399688));
#3295=CARTESIAN_POINT('',(0.01,-0.0259512366768914,-0.022176010191975));
#3296=CARTESIAN_POINT('',(0.0101,-0.0258863585851991,-0.0221205701664951));
#3297=CARTESIAN_POINT('',(-0.0001,-0.0323016993526311,-0.0278512802834323));
#3298=CARTESIAN_POINT('',(0.,-0.0322372249028254,-0.027795688905621));
#3299=CARTESIAN_POINT('',(0.01,-0.0257897799222604,-0.0222365511244969));
#3300=CARTESIAN_POINT('',(0.0101,-0.0257253054724547,-0.0221809597466856));
#3301=CARTESIAN_POINT('',(-0.0001,-0.0321985423054191,-0.0278837401903929));
#3302=CARTESIAN_POINT('',(0.,-0.0321342737579033,-0.0278280840223483));
#3303=CARTESIAN_POINT('',(0.01,-0.0257074190063226,-0.0222624672178786));
#3304=CARTESIAN_POINT('',(0.0101,-0.0256431504588068,-0.0222068110498339));
#3305=CARTESIAN_POINT('',(-0.0001,-0.0319893347503727,-0.0279373759456726));
#3306=CARTESIAN_POINT('',(0.,-0.0319254837828071,-0.0278816127202321));
#3307=CARTESIAN_POINT('',(0.01,-0.0255403870262457,-0.0223052901761857));
#3308=CARTESIAN_POINT('',(0.0101,-0.02547653605868,-0.0222495269507452));
#3309=CARTESIAN_POINT('',(-0.0001,-0.0318832847126464,-0.0279585516734672));
#3310=CARTESIAN_POINT('',(0.,-0.0318196454218028,-0.0279027461811049));
#3311=CARTESIAN_POINT('',(0.01,-0.0254557163374422,-0.022322196944884));
#3312=CARTESIAN_POINT('',(0.0101,-0.0253920770465986,-0.0222663914525217));
#3313=CARTESIAN_POINT('',(-0.0001,-0.0316695217080306,-0.027989373308572));
#3314=CARTESIAN_POINT('',(0.,-0.0316063090898509,-0.02793350629598));
#3315=CARTESIAN_POINT('',(0.01,-0.0252850472718807,-0.022346805036784));
#3316=CARTESIAN_POINT('',(0.0101,-0.025221834653701,-0.022290938024192));
#3317=CARTESIAN_POINT('',(-0.0001,-0.0315618092214857,-0.0279990191466232));
#3318=CARTESIAN_POINT('',(0.,-0.0314988115982891,-0.0279431328808615));
#3319=CARTESIAN_POINT('',(0.01,-0.0251990492786313,-0.0223545063046892));
#3320=CARTESIAN_POINT('',(0.0101,-0.0251360516554347,-0.0222986200389275));
#3321=CARTESIAN_POINT('',(-0.0001,-0.0312812197237901,-0.0280089639892833));
#3322=CARTESIAN_POINT('',(0.,-0.0312187821594712,-0.0279530578735362));
#3323=CARTESIAN_POINT('',(0.01,-0.0249750257275769,-0.022362446298829));
#3324=CARTESIAN_POINT('',(0.0101,-0.024912588163258,-0.0223065401830819));
#3325=CARTESIAN_POINT('',(-0.0001,-0.0311085492636698,-0.0280150838924587));
#3326=CARTESIAN_POINT('',(0.,-0.0310464563509678,-0.0279591655613361));
#3327=CARTESIAN_POINT('',(0.01,-0.0248371650807742,-0.0223673324490688));
#3328=CARTESIAN_POINT('',(0.0101,-0.0247750721680723,-0.0223114141179462));
#3329=CARTESIAN_POINT('',(-0.0001,-0.0309358788035494,-0.0280212037956342));
#3330=CARTESIAN_POINT('',(0.,-0.0308741305424645,-0.0279652732491359));
#3331=CARTESIAN_POINT('',(0.01,-0.0246993044339716,-0.0223722185993087));
#3332=CARTESIAN_POINT('',(0.0101,-0.0246375561728866,-0.0223162880528104));
#3333=CARTESIAN_POINT('',(0.01,-0.0250278773286569,-0.0199590661498171));
#3334=CARTESIAN_POINT('',(0.01,-0.0273851523675093,-0.0195082287165848));
#3335=CARTESIAN_POINT('',(0.,-0.0342314404593866,-0.024385285895731));
#3336=CARTESIAN_POINT('',(0.,-0.0342314404593866,-0.024385285895731));
#3337=CARTESIAN_POINT('',(0.,-0.0312848466608211,-0.0249488326872714));
#3338=CARTESIAN_POINT('',(0.0126128767678059,-0.0213288341276428,0.00407921717807933));
#3339=CARTESIAN_POINT('',(0.01,-0.0269553882437786,-0.0172611388194543));
#3340=CARTESIAN_POINT('',(0.01,-0.0265256241200479,-0.0150140489223238));
#3341=CARTESIAN_POINT('',(0.,-0.0331570301500599,-0.0187675611529047));
#3342=CARTESIAN_POINT('',(0.,-0.0331570301500599,-0.0187675611529047));
#3343=CARTESIAN_POINT('',(0.,-0.0336942353047232,-0.0215764235243179));
#3344=CARTESIAN_POINT('',(0.,4.02455846426619E-16,2.24646690138997E-16));
#3345=CARTESIAN_POINT('',(0.01,7.42461647718073E-16,4.05057931640585E-16));
#3346=CARTESIAN_POINT('',(0.01,-0.0282769122535758,-0.0113774616414898));
#3347=CARTESIAN_POINT('',(0.,-0.0353461403169698,-0.0142218270518623));
#3348=CARTESIAN_POINT('',(0.,-0.0353461403169698,-0.0142218270518623));
#3349=CARTESIAN_POINT('',(0.,4.02455846426619E-16,2.24646690138997E-16));
#3350=CARTESIAN_POINT('',(0.0126128767678059,-0.010109050150475,-0.0192189043154291));
#3351=CARTESIAN_POINT('',(0.01,-0.0303017114274392,-0.0103124271287371));
#3352=CARTESIAN_POINT('',(0.01,-0.0323265106013024,-0.00924739261598434));
#3353=CARTESIAN_POINT('',(0.005,-0.0363673244264652,-0.0104033166929824));
#3354=CARTESIAN_POINT('',(-4.33680868994202E-19,-0.0404081382516281,-0.0115592407699804));
#3355=CARTESIAN_POINT('',(0.,-0.0378771392842989,-0.0128905339109213));
#3356=CARTESIAN_POINT('',(-0.0001,-0.0411960642496302,-0.0067157091840472));
#3357=CARTESIAN_POINT('',(0.,-0.0411138365764773,-0.0067023045748974));
#3358=CARTESIAN_POINT('',(0.01,-0.0328910692611818,-0.00536184365991792));
#3359=CARTESIAN_POINT('',(0.0101,-0.0328088415880289,-0.00534843905076813));
#3360=CARTESIAN_POINT('',(-0.0001,-0.0412989377876253,-0.00685452408307979));
#3361=CARTESIAN_POINT('',(0.,-0.0412165047780692,-0.00684084239828322));
#3362=CARTESIAN_POINT('',(0.01,-0.0329732038224553,-0.00547267391862657));
#3363=CARTESIAN_POINT('',(0.0101,-0.0328907708128992,-0.00545899223383001));
#3364=CARTESIAN_POINT('',(-0.0001,-0.0414018113256204,-0.00699333898211238));
#3365=CARTESIAN_POINT('',(0.,-0.0413191729796611,-0.00697938022166904));
#3366=CARTESIAN_POINT('',(0.01,-0.0330553383837289,-0.00558350417733523));
#3367=CARTESIAN_POINT('',(0.0101,-0.0329727000377696,-0.00556954541689189));
#3368=CARTESIAN_POINT('',(-0.0001,-0.0415689808248624,-0.00721891319304033));
#3369=CARTESIAN_POINT('',(0.,-0.041486008807248,-0.00720450418467099));
#3370=CARTESIAN_POINT('',(0.01,-0.0331888070457984,-0.00576360334773679));
#3371=CARTESIAN_POINT('',(0.0101,-0.0331058350281839,-0.00574919433936745));
#3372=CARTESIAN_POINT('',(-0.0001,-0.0416285970418928,-0.00730914028773136));
#3373=CARTESIAN_POINT('',(0.,-0.0415455060298331,-0.00729455118536064));
#3374=CARTESIAN_POINT('',(0.01,-0.0332364048238665,-0.00583564094828851));
#3375=CARTESIAN_POINT('',(0.0101,-0.0331533138118068,-0.00582105184591779));
#3376=CARTESIAN_POINT('',(-0.0001,-0.0417377787706193,-0.0074954839096914));
#3377=CARTESIAN_POINT('',(0.,-0.0416544698309574,-0.00748052286396347));
#3378=CARTESIAN_POINT('',(0.01,-0.0333235758647659,-0.00598441829117077));
#3379=CARTESIAN_POINT('',(0.0101,-0.033240266925104,-0.00596945724544284));
#3380=CARTESIAN_POINT('',(-0.0001,-0.0417873440369744,-0.00759160001822964));
#3381=CARTESIAN_POINT('',(0.,-0.0417039361646451,-0.00757644712398168));
#3382=CARTESIAN_POINT('',(0.01,-0.0333631489317161,-0.00606115769918534));
#3383=CARTESIAN_POINT('',(0.0101,-0.0332797410593868,-0.00604600480493738));
#3384=CARTESIAN_POINT('',(-0.0001,-0.0418758486919541,-0.00778860641756689));
#3385=CARTESIAN_POINT('',(0.,-0.0417922641636268,-0.00777306029697294));
#3386=CARTESIAN_POINT('',(0.01,-0.0334338113309015,-0.00621844823757834));
#3387=CARTESIAN_POINT('',(0.0101,-0.0333502268025742,-0.00620290211698439));
#3388=CARTESIAN_POINT('',(-0.0001,-0.0419147878817008,-0.0078894962656749));
#3389=CARTESIAN_POINT('',(0.,-0.0418311256304399,-0.00787374876813862));
#3390=CARTESIAN_POINT('',(0.01,-0.0334649005043519,-0.0062989990145109));
#3391=CARTESIAN_POINT('',(0.0101,-0.0333812382530911,-0.00628325151697462));
#3392=CARTESIAN_POINT('',(-0.0001,-0.0419815885074458,-0.00809487949705704));
#3393=CARTESIAN_POINT('',(0.,-0.0418977929216026,-0.00807872205295114));
#3394=CARTESIAN_POINT('',(0.01,-0.0335182343372821,-0.00646297764236091));
#3395=CARTESIAN_POINT('',(0.0101,-0.0334344387514389,-0.00644682019825501));
#3396=CARTESIAN_POINT('',(-0.0001,-0.0420094497933371,-0.00819937241881671));
#3397=CARTESIAN_POINT('',(0.,-0.0419255985961449,-0.0081830064060047));
#3398=CARTESIAN_POINT('',(0.01,-0.0335404788769159,-0.00654640512480376));
#3399=CARTESIAN_POINT('',(0.0101,-0.0334566276797236,-0.00653003911199175));
#3400=CARTESIAN_POINT('',(-0.0001,-0.0420537712750333,-0.00841074933712416));
#3401=CARTESIAN_POINT('',(0.,-0.0419698316118097,-0.00839396141429557));
#3402=CARTESIAN_POINT('',(0.01,-0.0335758652894477,-0.00671516913143646));
#3403=CARTESIAN_POINT('',(0.0101,-0.0334919256262241,-0.00669838120860787));
#3404=CARTESIAN_POINT('',(-0.0001,-0.0420702313712438,-0.00851763285868914));
#3405=CARTESIAN_POINT('',(0.,-0.0419862588535368,-0.00850063159549814));
#3406=CARTESIAN_POINT('',(0.01,-0.0335890070828293,-0.00680050527639851));
#3407=CARTESIAN_POINT('',(0.0101,-0.0335050345651223,-0.00678350401320751));
#3408=CARTESIAN_POINT('',(-0.0001,-0.0420915594287228,-0.00873255077161654));
#3409=CARTESIAN_POINT('',(0.,-0.0420075443400427,-0.00871512053055543));
#3410=CARTESIAN_POINT('',(0.01,-0.0336060354720341,-0.00697209642444434));
#3411=CARTESIAN_POINT('',(0.0101,-0.0335220203833541,-0.00695466618338323));
#3412=CARTESIAN_POINT('',(-0.0001,-0.0420964273420653,-0.00884058468003922));
#3413=CARTESIAN_POINT('',(0.,-0.0420124025369913,-0.00882293880243435));
#3414=CARTESIAN_POINT('',(0.01,-0.0336099220295931,-0.00705835104194747));
#3415=CARTESIAN_POINT('',(0.0101,-0.0335258972245191,-0.0070407051643426));
#3416=CARTESIAN_POINT('',(-0.0001,-0.0420945144972066,-0.00905654980768126));
#3417=CARTESIAN_POINT('',(0.,-0.0420104935101863,-0.00903847286195735));
#3418=CARTESIAN_POINT('',(0.01,-0.0336083948081489,-0.00723077828956587));
#3419=CARTESIAN_POINT('',(0.0101,-0.0335243738211286,-0.00721270134384196));
#3420=CARTESIAN_POINT('',(-0.0001,-0.0420877337433038,-0.0091644805416077));
#3421=CARTESIAN_POINT('',(0.,-0.0420037262907224,-0.00914618816527714));
#3422=CARTESIAN_POINT('',(0.01,-0.0336029810325778,-0.00731695053222171));
#3423=CARTESIAN_POINT('',(0.0101,-0.0335189735799964,-0.00729865815589116));
#3424=CARTESIAN_POINT('',(-0.0001,-0.0420626021916239,-0.00937898695280106));
#3425=CARTESIAN_POINT('',(0.,-0.0419786449018203,-0.00936026641996114));
#3426=CARTESIAN_POINT('',(0.01,-0.0335829159214562,-0.00748821313596891));
#3427=CARTESIAN_POINT('',(0.0101,-0.0334989586316526,-0.00746949260312899));
#3428=CARTESIAN_POINT('',(-0.0001,-0.0420442514503196,-0.00948556214805292));
#3429=CARTESIAN_POINT('',(0.,-0.0419603307887422,-0.00946662889027238));
#3430=CARTESIAN_POINT('',(0.01,-0.0335682646309937,-0.0075733031122179));
#3431=CARTESIAN_POINT('',(0.0101,-0.0334843439694162,-0.00755436985443736));
#3432=CARTESIAN_POINT('',(-0.0001,-0.0419961928034283,-0.0096961208377142));
#3433=CARTESIAN_POINT('',(0.,-0.0419123680672937,-0.00967676730310798));
#3434=CARTESIAN_POINT('',(0.01,-0.033529894453835,-0.00774141384248638));
#3435=CARTESIAN_POINT('',(0.0101,-0.0334460697177004,-0.00772206030788016));
#3436=CARTESIAN_POINT('',(-0.0001,-0.0419664850058333,-0.00980010385897942));
#3437=CARTESIAN_POINT('',(0.,-0.0418827195666999,-0.00978054277343256));
#3438=CARTESIAN_POINT('',(0.01,-0.0335061756533599,-0.00782443421874605));
#3439=CARTESIAN_POINT('',(0.0101,-0.0334224102142265,-0.00780487313319919));
#3440=CARTESIAN_POINT('',(-0.0001,-0.0418960569077457,-0.0100042716290428));
#3441=CARTESIAN_POINT('',(0.,-0.0418124320436584,-0.00998430302299684));
#3442=CARTESIAN_POINT('',(0.01,-0.0334499456349267,-0.00798744241839747));
#3443=CARTESIAN_POINT('',(0.0101,-0.0333663207708394,-0.00796747381235148));
#3444=CARTESIAN_POINT('',(-0.0001,-0.0418553367655114,-0.0101044559190578));
#3445=CARTESIAN_POINT('',(0.,-0.0417717931791531,-0.0100842873443691));
#3446=CARTESIAN_POINT('',(0.01,-0.0334174345433224,-0.00806742987549525));
#3447=CARTESIAN_POINT('',(0.0101,-0.0333338909569641,-0.00804726130080651));
#3448=CARTESIAN_POINT('',(-0.0001,-0.0417633564220778,-0.0102998637278955));
#3449=CARTESIAN_POINT('',(0.,-0.0416799964292194,-0.0102793051176602));
#3450=CARTESIAN_POINT('',(0.01,-0.0333439971433755,-0.00822344409412813));
#3451=CARTESIAN_POINT('',(0.0101,-0.0332606371505171,-0.00820288548389281));
#3452=CARTESIAN_POINT('',(-0.0001,-0.0417120964275667,-0.0103950868076194));
#3453=CARTESIAN_POINT('',(0.,-0.0416288387500665,-0.0103743381313567));
#3454=CARTESIAN_POINT('',(0.01,-0.0333030710000532,-0.00829947050508535));
#3455=CARTESIAN_POINT('',(0.0101,-0.0332198133225531,-0.00827872182882264));
#3456=CARTESIAN_POINT('',(-0.0001,-0.041599631124101,-0.0105794672589945));
#3457=CARTESIAN_POINT('',(0.,-0.0415165979282445,-0.0105583505578787));
#3458=CARTESIAN_POINT('',(0.01,-0.0332132783425956,-0.00844668044630296));
#3459=CARTESIAN_POINT('',(0.0101,-0.0331302451467391,-0.0084255637451872));
#3460=CARTESIAN_POINT('',(-0.0001,-0.041538426067866,-0.0106686242163262));
#3461=CARTESIAN_POINT('',(0.,-0.0414555150377904,-0.0106473295572118));
#3462=CARTESIAN_POINT('',(0.01,-0.0331644120302323,-0.00851786364576945));
#3463=CARTESIAN_POINT('',(0.0101,-0.0330815010001567,-0.00849656898665502));
#3464=CARTESIAN_POINT('',(-0.0001,-0.0414067807850001,-0.0108398378689129));
#3465=CARTESIAN_POINT('',(0.,-0.0413241325199602,-0.0108182014659809));
#3466=CARTESIAN_POINT('',(0.01,-0.0330593060159681,-0.00865456117278471));
#3467=CARTESIAN_POINT('',(0.0101,-0.0329766577509282,-0.00863292476985275));
#3468=CARTESIAN_POINT('',(-0.0001,-0.0413363408541878,-0.0109218941794353));
#3469=CARTESIAN_POINT('',(0.,-0.0412538331878122,-0.0109000939914524));
#3470=CARTESIAN_POINT('',(0.01,-0.0330030665502497,-0.00872007519316192));
#3471=CARTESIAN_POINT('',(0.0101,-0.0329205588838741,-0.00869827500517902));
#3472=CARTESIAN_POINT('',(-0.0001,-0.0411870431256511,-0.0110779543716262));
#3473=CARTESIAN_POINT('',(0.,-0.0411048334587336,-0.0110558426862537));
#3474=CARTESIAN_POINT('',(0.01,-0.0328838667669868,-0.00884467414900294));
#3475=CARTESIAN_POINT('',(0.0101,-0.0328016571000694,-0.00882256246363043));
#3476=CARTESIAN_POINT('',(-0.0001,-0.0411081856634118,-0.0111519579026134));
#3477=CARTESIAN_POINT('',(0.,-0.0410261333966186,-0.0111296985056022));
#3478=CARTESIAN_POINT('',(0.01,-0.0328209067172949,-0.00890375880448176));
#3479=CARTESIAN_POINT('',(0.0101,-0.0327388544505016,-0.00888149940747056));
#3480=CARTESIAN_POINT('',(-0.0001,-0.0409429678514361,-0.0112910538045619));
#3481=CARTESIAN_POINT('',(0.,-0.0408612453607147,-0.0112685167710199));
#3482=CARTESIAN_POINT('',(0.01,-0.0326889962885717,-0.0090148134168159));
#3483=CARTESIAN_POINT('',(0.0101,-0.0326072737978503,-0.00899227638327386));
#3484=CARTESIAN_POINT('',(-0.0001,-0.0408566078729589,-0.0113561458629623));
#3485=CARTESIAN_POINT('',(0.,-0.040775057757444,-0.011333478905152));
#3486=CARTESIAN_POINT('',(0.01,-0.0326200462059552,-0.00906678312412158));
#3487=CARTESIAN_POINT('',(0.0101,-0.0325384960904403,-0.00904411616631128));
#3488=CARTESIAN_POINT('',(-0.0001,-0.0406773870669758,-0.0114766634883773));
#3489=CARTESIAN_POINT('',(0.,-0.0405961946776206,-0.0114537559764244));
#3490=CARTESIAN_POINT('',(0.01,-0.0324769557420964,-0.00916300478113953));
#3491=CARTESIAN_POINT('',(0.0101,-0.0323957633527412,-0.00914009726918668));
#3492=CARTESIAN_POINT('',(-0.0001,-0.0405845266421951,-0.011532088784578));
#3493=CARTESIAN_POINT('',(0.,-0.0405035196029892,-0.0115090706432914));
#3494=CARTESIAN_POINT('',(0.01,-0.0324028156823913,-0.00920725651463314));
#3495=CARTESIAN_POINT('',(0.0101,-0.0323218086431853,-0.00918423837334656));
#3496=CARTESIAN_POINT('',(-0.0001,-0.0403360391456293,-0.0116627919986282));
#3497=CARTESIAN_POINT('',(0.,-0.0402555280894504,-0.0116395129726828));
#3498=CARTESIAN_POINT('',(0.01,-0.0322044224715603,-0.00931161037814627));
#3499=CARTESIAN_POINT('',(0.0101,-0.0321239114153814,-0.0092883313522009));
#3500=CARTESIAN_POINT('',(-0.0001,-0.0401831237631273,-0.011743224745736));
#3501=CARTESIAN_POINT('',(0.,-0.0401029179272727,-0.0117197851753852));
#3502=CARTESIAN_POINT('',(0.01,-0.0320823343418182,-0.0093758281403082));
#3503=CARTESIAN_POINT('',(0.0101,-0.0320021285059636,-0.00935238856995743));
#3504=CARTESIAN_POINT('',(-0.0001,-0.0400302083806252,-0.0118236574928438));
#3505=CARTESIAN_POINT('',(0.,-0.039950307765095,-0.0118000573780877));
#3506=CARTESIAN_POINT('',(0.01,-0.031960246212076,-0.00944004590247013));
#3507=CARTESIAN_POINT('',(0.0101,-0.0318803455965458,-0.00941644578771395));
#3508=CARTESIAN_POINT('',(0.01,-0.031209252553178,-0.00712330823585699));
#3509=CARTESIAN_POINT('',(0.01,-0.0331374729450024,-0.00569433443604388));
#3510=CARTESIAN_POINT('',(0.,-0.041421841181253,-0.00711791804505486));
#3511=CARTESIAN_POINT('',(0.,-0.041421841181253,-0.00711791804505486));
#3512=CARTESIAN_POINT('',(0.,-0.0390115656914724,-0.00890413529482124));
#3513=CARTESIAN_POINT('',(0.0126128767678059,-0.0174467095357632,0.0129294819851821));
#3514=CARTESIAN_POINT('',(0.01,-0.0317752930822795,-0.00385624406029409));
#3515=CARTESIAN_POINT('',(0.01,-0.0304131132195565,-0.00201815368454429));
#3516=CARTESIAN_POINT('',(0.,-0.0380163915244456,-0.00252269210568037));
#3517=CARTESIAN_POINT('',(0.,-0.0380163915244456,-0.00252269210568037));
#3518=CARTESIAN_POINT('',(0.,-0.0397191163528493,-0.00482030507536762));
#3519=CARTESIAN_POINT('',(0.,2.65412691824452E-15,-4.33680868994202E-18));
#3520=CARTESIAN_POINT('',(0.01,-4.85722573273506E-16,-2.81892564846231E-18));
#3521=CARTESIAN_POINT('',(0.01,-0.0304131132195565,0.00201815368454429));
#3522=CARTESIAN_POINT('',(0.,-0.0380163915244456,0.00252269210568037));
#3523=CARTESIAN_POINT('',(0.,-0.0380163915244456,0.00252269210568037));
#3524=CARTESIAN_POINT('',(0.,2.65412691824452E-15,-4.33680868994202E-18));
#3525=CARTESIAN_POINT('',(0.0126128767678059,-0.0174467095357632,-0.0129294819851821));
#3526=CARTESIAN_POINT('',(0.01,-0.0317752930822795,0.0038562440602941));
#3527=CARTESIAN_POINT('',(0.01,-0.0331374729450024,0.00569433443604388));
#3528=CARTESIAN_POINT('',(0.005,-0.0372796570631277,0.00640612624054937));
#3529=CARTESIAN_POINT('',(0.,-0.041421841181253,0.00711791804505486));
#3530=CARTESIAN_POINT('',(0.,-0.0397191163528493,0.00482030507536762));
#3531=CARTESIAN_POINT('',(-0.0001,-0.0400302083806252,0.0118236574928438));
#3532=CARTESIAN_POINT('',(0.,-0.039950307765095,0.0118000573780877));
#3533=CARTESIAN_POINT('',(0.01,-0.031960246212076,0.00944004590247014));
#3534=CARTESIAN_POINT('',(0.0101,-0.0318803455965458,0.00941644578771396));
#3535=CARTESIAN_POINT('',(-0.0001,-0.0401831237631273,0.011743224745736));
#3536=CARTESIAN_POINT('',(0.,-0.0401029179272727,0.0117197851753853));
#3537=CARTESIAN_POINT('',(0.01,-0.0320823343418182,0.00937582814030821));
#3538=CARTESIAN_POINT('',(0.0101,-0.0320021285059636,0.00935238856995744));
#3539=CARTESIAN_POINT('',(-0.0001,-0.0403360391456293,0.0116627919986282));
#3540=CARTESIAN_POINT('',(0.,-0.0402555280894504,0.0116395129726828));
#3541=CARTESIAN_POINT('',(0.01,-0.0322044224715603,0.00931161037814628));
#3542=CARTESIAN_POINT('',(0.0101,-0.0321239114153814,0.00928833135220092));
#3543=CARTESIAN_POINT('',(-0.0001,-0.0405845266421951,0.011532088784578));
#3544=CARTESIAN_POINT('',(0.,-0.0405035196029892,0.0115090706432914));
#3545=CARTESIAN_POINT('',(0.01,-0.0324028156823913,0.00920725651463315));
#3546=CARTESIAN_POINT('',(0.0101,-0.0323218086431853,0.00918423837334657));
#3547=CARTESIAN_POINT('',(-0.0001,-0.0406773870669758,0.0114766634883773));
#3548=CARTESIAN_POINT('',(0.,-0.0405961946776206,0.0114537559764244));
#3549=CARTESIAN_POINT('',(0.01,-0.0324769557420964,0.00916300478113954));
#3550=CARTESIAN_POINT('',(0.0101,-0.0323957633527412,0.00914009726918669));
#3551=CARTESIAN_POINT('',(-0.0001,-0.0408566078729589,0.0113561458629623));
#3552=CARTESIAN_POINT('',(0.,-0.040775057757444,0.011333478905152));
#3553=CARTESIAN_POINT('',(0.01,-0.0326200462059552,0.00906678312412159));
#3554=CARTESIAN_POINT('',(0.0101,-0.0325384960904403,0.00904411616631129));
#3555=CARTESIAN_POINT('',(-0.0001,-0.0409429678514362,0.0112910538045619));
#3556=CARTESIAN_POINT('',(0.,-0.0408612453607148,0.0112685167710199));
#3557=CARTESIAN_POINT('',(0.01,-0.0326889962885717,0.0090148134168159));
#3558=CARTESIAN_POINT('',(0.0101,-0.0326072737978503,0.00899227638327386));
#3559=CARTESIAN_POINT('',(-0.0001,-0.0411081856634118,0.0111519579026134));
#3560=CARTESIAN_POINT('',(0.,-0.0410261333966186,0.0111296985056022));
#3561=CARTESIAN_POINT('',(0.01,-0.0328209067172949,0.00890375880448177));
#3562=CARTESIAN_POINT('',(0.0101,-0.0327388544505016,0.00888149940747057));
#3563=CARTESIAN_POINT('',(-0.0001,-0.0411870431256511,0.0110779543716262));
#3564=CARTESIAN_POINT('',(0.,-0.0411048334587336,0.0110558426862537));
#3565=CARTESIAN_POINT('',(0.01,-0.0328838667669868,0.00884467414900294));
#3566=CARTESIAN_POINT('',(0.0101,-0.0328016571000694,0.00882256246363043));
#3567=CARTESIAN_POINT('',(-0.0001,-0.0413363408541879,0.0109218941794353));
#3568=CARTESIAN_POINT('',(0.,-0.0412538331878122,0.0109000939914524));
#3569=CARTESIAN_POINT('',(0.01,-0.0330030665502498,0.00872007519316193));
#3570=CARTESIAN_POINT('',(0.0101,-0.0329205588838742,0.00869827500517903));
#3571=CARTESIAN_POINT('',(-0.0001,-0.0414067807850001,0.0108398378689129));
#3572=CARTESIAN_POINT('',(0.,-0.0413241325199602,0.0108182014659809));
#3573=CARTESIAN_POINT('',(0.01,-0.0330593060159681,0.00865456117278471));
#3574=CARTESIAN_POINT('',(0.0101,-0.0329766577509282,0.00863292476985275));
#3575=CARTESIAN_POINT('',(-0.0001,-0.041538426067866,0.0106686242163262));
#3576=CARTESIAN_POINT('',(0.,-0.0414555150377904,0.0106473295572118));
#3577=CARTESIAN_POINT('',(0.01,-0.0331644120302323,0.00851786364576945));
#3578=CARTESIAN_POINT('',(0.0101,-0.0330815010001567,0.00849656898665502));
#3579=CARTESIAN_POINT('',(-0.0001,-0.041599631124101,0.0105794672589945));
#3580=CARTESIAN_POINT('',(0.,-0.0415165979282445,0.0105583505578787));
#3581=CARTESIAN_POINT('',(0.01,-0.0332132783425956,0.00844668044630296));
#3582=CARTESIAN_POINT('',(0.0101,-0.0331302451467391,0.0084255637451872));
#3583=CARTESIAN_POINT('',(-0.0001,-0.0417120964275667,0.0103950868076194));
#3584=CARTESIAN_POINT('',(0.,-0.0416288387500665,0.0103743381313567));
#3585=CARTESIAN_POINT('',(0.01,-0.0333030710000532,0.00829947050508536));
#3586=CARTESIAN_POINT('',(0.0101,-0.0332198133225531,0.00827872182882265));
#3587=CARTESIAN_POINT('',(-0.0001,-0.0417633564220778,0.0102998637278955));
#3588=CARTESIAN_POINT('',(0.,-0.0416799964292194,0.0102793051176602));
#3589=CARTESIAN_POINT('',(0.01,-0.0333439971433755,0.00822344409412813));
#3590=CARTESIAN_POINT('',(0.0101,-0.0332606371505171,0.00820288548389281));
#3591=CARTESIAN_POINT('',(-0.0001,-0.0418553367655114,0.0101044559190578));
#3592=CARTESIAN_POINT('',(0.,-0.0417717931791531,0.0100842873443691));
#3593=CARTESIAN_POINT('',(0.01,-0.0334174345433224,0.00806742987549525));
#3594=CARTESIAN_POINT('',(0.0101,-0.0333338909569641,0.00804726130080651));
#3595=CARTESIAN_POINT('',(-0.0001,-0.0418960569077457,0.0100042716290428));
#3596=CARTESIAN_POINT('',(0.,-0.0418124320436584,0.00998430302299684));
#3597=CARTESIAN_POINT('',(0.01,-0.0334499456349267,0.00798744241839747));
#3598=CARTESIAN_POINT('',(0.0101,-0.0333663207708394,0.00796747381235148));
#3599=CARTESIAN_POINT('',(-0.0001,-0.0419664850058333,0.00980010385897942));
#3600=CARTESIAN_POINT('',(0.,-0.0418827195666999,0.00978054277343256));
#3601=CARTESIAN_POINT('',(0.01,-0.0335061756533599,0.00782443421874605));
#3602=CARTESIAN_POINT('',(0.0101,-0.0334224102142265,0.00780487313319919));
#3603=CARTESIAN_POINT('',(-0.0001,-0.0419961928034283,0.00969612083771421));
#3604=CARTESIAN_POINT('',(0.,-0.0419123680672937,0.00967676730310799));
#3605=CARTESIAN_POINT('',(0.01,-0.033529894453835,0.00774141384248639));
#3606=CARTESIAN_POINT('',(0.0101,-0.0334460697177004,0.00772206030788017));
#3607=CARTESIAN_POINT('',(-0.0001,-0.0420442514503196,0.00948556214805292));
#3608=CARTESIAN_POINT('',(0.,-0.0419603307887422,0.00946662889027238));
#3609=CARTESIAN_POINT('',(0.01,-0.0335682646309937,0.00757330311221791));
#3610=CARTESIAN_POINT('',(0.0101,-0.0334843439694162,0.00755436985443737));
#3611=CARTESIAN_POINT('',(-0.0001,-0.0420626021916239,0.00937898695280106));
#3612=CARTESIAN_POINT('',(0.,-0.0419786449018203,0.00936026641996114));
#3613=CARTESIAN_POINT('',(0.01,-0.0335829159214562,0.00748821313596891));
#3614=CARTESIAN_POINT('',(0.0101,-0.0334989586316526,0.00746949260312899));
#3615=CARTESIAN_POINT('',(-0.0001,-0.0420877337433038,0.0091644805416077));
#3616=CARTESIAN_POINT('',(0.,-0.0420037262907224,0.00914618816527714));
#3617=CARTESIAN_POINT('',(0.01,-0.0336029810325778,0.00731695053222171));
#3618=CARTESIAN_POINT('',(0.0101,-0.0335189735799964,0.00729865815589116));
#3619=CARTESIAN_POINT('',(-0.0001,-0.0420945144972066,0.00905654980768126));
#3620=CARTESIAN_POINT('',(0.,-0.0420104935101863,0.00903847286195735));
#3621=CARTESIAN_POINT('',(0.01,-0.0336083948081489,0.00723077828956588));
#3622=CARTESIAN_POINT('',(0.0101,-0.0335243738211286,0.00721270134384197));
#3623=CARTESIAN_POINT('',(-0.0001,-0.0420964273420653,0.00884058468003922));
#3624=CARTESIAN_POINT('',(0.,-0.0420124025369913,0.00882293880243435));
#3625=CARTESIAN_POINT('',(0.01,-0.0336099220295931,0.00705835104194748));
#3626=CARTESIAN_POINT('',(0.0101,-0.0335258972245191,0.00704070516434261));
#3627=CARTESIAN_POINT('',(-0.0001,-0.0420915594287228,0.00873255077161654));
#3628=CARTESIAN_POINT('',(0.,-0.0420075443400427,0.00871512053055543));
#3629=CARTESIAN_POINT('',(0.01,-0.0336060354720341,0.00697209642444434));
#3630=CARTESIAN_POINT('',(0.0101,-0.0335220203833541,0.00695466618338323));
#3631=CARTESIAN_POINT('',(-0.0001,-0.0420702313712438,0.00851763285868914));
#3632=CARTESIAN_POINT('',(0.,-0.0419862588535368,0.00850063159549814));
#3633=CARTESIAN_POINT('',(0.01,-0.0335890070828293,0.00680050527639851));
#3634=CARTESIAN_POINT('',(0.0101,-0.0335050345651223,0.00678350401320751));
#3635=CARTESIAN_POINT('',(-0.0001,-0.0420537712750333,0.00841074933712415));
#3636=CARTESIAN_POINT('',(0.,-0.0419698316118097,0.00839396141429556));
#3637=CARTESIAN_POINT('',(0.01,-0.0335758652894477,0.00671516913143645));
#3638=CARTESIAN_POINT('',(0.0101,-0.0334919256262241,0.00669838120860786));
#3639=CARTESIAN_POINT('',(-0.0001,-0.0420094497933372,0.0081993724188167));
#3640=CARTESIAN_POINT('',(0.,-0.0419255985961449,0.00818300640600469));
#3641=CARTESIAN_POINT('',(0.01,-0.0335404788769159,0.00654640512480375));
#3642=CARTESIAN_POINT('',(0.0101,-0.0334566276797236,0.00653003911199174));
#3643=CARTESIAN_POINT('',(-0.0001,-0.0419815885074459,0.00809487949705704));
#3644=CARTESIAN_POINT('',(0.,-0.0418977929216027,0.00807872205295114));
#3645=CARTESIAN_POINT('',(0.01,-0.0335182343372821,0.00646297764236091));
#3646=CARTESIAN_POINT('',(0.0101,-0.0334344387514389,0.00644682019825501));
#3647=CARTESIAN_POINT('',(-0.0001,-0.0419147878817008,0.0078894962656749));
#3648=CARTESIAN_POINT('',(0.,-0.0418311256304399,0.00787374876813862));
#3649=CARTESIAN_POINT('',(0.01,-0.0334649005043519,0.0062989990145109));
#3650=CARTESIAN_POINT('',(0.0101,-0.0333812382530911,0.00628325151697462));
#3651=CARTESIAN_POINT('',(-0.0001,-0.0418758486919541,0.00778860641756688));
#3652=CARTESIAN_POINT('',(0.,-0.0417922641636268,0.00777306029697293));
#3653=CARTESIAN_POINT('',(0.01,-0.0334338113309015,0.00621844823757835));
#3654=CARTESIAN_POINT('',(0.0101,-0.0333502268025742,0.0062029021169844));
#3655=CARTESIAN_POINT('',(-0.0001,-0.0417873440369744,0.00759160001822963));
#3656=CARTESIAN_POINT('',(0.,-0.0417039361646451,0.00757644712398167));
#3657=CARTESIAN_POINT('',(0.01,-0.0333631489317161,0.00606115769918534));
#3658=CARTESIAN_POINT('',(0.0101,-0.0332797410593868,0.00604600480493738));
#3659=CARTESIAN_POINT('',(-0.0001,-0.0417377787706193,0.00749548390969139));
#3660=CARTESIAN_POINT('',(0.,-0.0416544698309574,0.00748052286396346));
#3661=CARTESIAN_POINT('',(0.01,-0.0333235758647659,0.00598441829117077));
#3662=CARTESIAN_POINT('',(0.0101,-0.033240266925104,0.00596945724544284));
#3663=CARTESIAN_POINT('',(-0.0001,-0.0416285970418928,0.00730914028773136));
#3664=CARTESIAN_POINT('',(0.,-0.0415455060298331,0.00729455118536064));
#3665=CARTESIAN_POINT('',(0.01,-0.0332364048238665,0.00583564094828851));
#3666=CARTESIAN_POINT('',(0.0101,-0.0331533138118068,0.00582105184591779));
#3667=CARTESIAN_POINT('',(-0.0001,-0.0415689808248624,0.00721891319304033));
#3668=CARTESIAN_POINT('',(0.,-0.041486008807248,0.00720450418467099));
#3669=CARTESIAN_POINT('',(0.01,-0.0331888070457984,0.00576360334773679));
#3670=CARTESIAN_POINT('',(0.0101,-0.0331058350281839,0.00574919433936745));
#3671=CARTESIAN_POINT('',(-0.0001,-0.0414018113256204,0.00699333898211238));
#3672=CARTESIAN_POINT('',(0.,-0.0413191729796611,0.00697938022166904));
#3673=CARTESIAN_POINT('',(0.01,-0.0330553383837289,0.00558350417733523));
#3674=CARTESIAN_POINT('',(0.0101,-0.0329727000377696,0.00556954541689189));
#3675=CARTESIAN_POINT('',(-0.0001,-0.0412989377876253,0.00685452408307979));
#3676=CARTESIAN_POINT('',(0.,-0.0412165047780692,0.00684084239828323));
#3677=CARTESIAN_POINT('',(0.01,-0.0329732038224553,0.00547267391862658));
#3678=CARTESIAN_POINT('',(0.0101,-0.0328907708128992,0.00545899223383002));
#3679=CARTESIAN_POINT('',(-0.0001,-0.0411960642496302,0.00671570918404721));
#3680=CARTESIAN_POINT('',(0.,-0.0411138365764773,0.00670230457489741));
#3681=CARTESIAN_POINT('',(0.01,-0.0328910692611818,0.00536184365991793));
#3682=CARTESIAN_POINT('',(0.0101,-0.0328088415880289,0.00534843905076814));
#3683=CARTESIAN_POINT('',(0.01,-0.031209252553178,0.007123308235857));
#3684=CARTESIAN_POINT('',(0.01,-0.0323265106013024,0.00924739261598435));
#3685=CARTESIAN_POINT('',(0.,-0.0404081382516281,0.0115592407699804));
#3686=CARTESIAN_POINT('',(0.,-0.0404081382516281,0.0115592407699804));
#3687=CARTESIAN_POINT('',(0.,-0.0390115656914724,0.00890413529482124));
#3688=CARTESIAN_POINT('',(0.0126128767678059,-0.010109050150475,0.0192189043154291));
#3689=CARTESIAN_POINT('',(0.01,-0.0303017114274392,0.0103124271287371));
#3690=CARTESIAN_POINT('',(0.01,-0.0282769122535758,0.0113774616414898));
#3691=CARTESIAN_POINT('',(0.,-0.0353461403169698,0.0142218270518623));
#3692=CARTESIAN_POINT('',(0.,-0.0353461403169698,0.0142218270518623));
#3693=CARTESIAN_POINT('',(0.,-0.0378771392842989,0.0128905339109214));
#3694=CARTESIAN_POINT('',(0.,5.03069808033274E-16,-2.9316826744008E-16));
#3695=CARTESIAN_POINT('',(0.01,7.51135265097957E-16,-4.17200995972422E-16));
#3696=CARTESIAN_POINT('',(0.01,-0.0265256241200479,0.0150140489223238));
#3697=CARTESIAN_POINT('',(0.,-0.0331570301500599,0.0187675611529047));
#3698=CARTESIAN_POINT('',(0.,-0.0331570301500599,0.0187675611529047));
#3699=CARTESIAN_POINT('',(0.,5.03069808033274E-16,-2.9316826744008E-16));
#3700=CARTESIAN_POINT('',(0.0126128767678059,-0.0213288341276428,-0.00407921717807933));
#3701=CARTESIAN_POINT('',(0.01,-0.0269553882437786,0.0172611388194543));
#3702=CARTESIAN_POINT('',(0.01,-0.0273851523675093,0.0195082287165848));
#3703=CARTESIAN_POINT('',(0.005,-0.030808296413448,0.0219467573061579));
#3704=CARTESIAN_POINT('',(-8.67361737988404E-19,-0.0342314404593866,0.024385285895731));
#3705=CARTESIAN_POINT('',(0.,-0.0336942353047232,0.0215764235243179));
#3706=CARTESIAN_POINT('',(-0.0001,-0.0309358788035494,0.0280212037956342));
#3707=CARTESIAN_POINT('',(0.,-0.0308741305424645,0.0279652732491359));
#3708=CARTESIAN_POINT('',(0.01,-0.0246993044339716,0.0223722185993087));
#3709=CARTESIAN_POINT('',(0.0101,-0.0246375561728866,0.0223162880528104));
#3710=CARTESIAN_POINT('',(-0.0001,-0.0311085492636698,0.0280150838924587));
#3711=CARTESIAN_POINT('',(0.,-0.0310464563509678,0.0279591655613361));
#3712=CARTESIAN_POINT('',(0.01,-0.0248371650807743,0.0223673324490688));
#3713=CARTESIAN_POINT('',(0.0101,-0.0247750721680723,0.0223114141179462));
#3714=CARTESIAN_POINT('',(-0.0001,-0.0312812197237901,0.0280089639892833));
#3715=CARTESIAN_POINT('',(0.,-0.0312187821594712,0.0279530578735362));
#3716=CARTESIAN_POINT('',(0.01,-0.0249750257275769,0.022362446298829));
#3717=CARTESIAN_POINT('',(0.0101,-0.024912588163258,0.0223065401830819));
#3718=CARTESIAN_POINT('',(-0.0001,-0.0315618092214857,0.0279990191466232));
#3719=CARTESIAN_POINT('',(0.,-0.0314988115982891,0.0279431328808615));
#3720=CARTESIAN_POINT('',(0.01,-0.0251990492786313,0.0223545063046892));
#3721=CARTESIAN_POINT('',(0.0101,-0.0251360516554347,0.0222986200389275));
#3722=CARTESIAN_POINT('',(-0.0001,-0.0316695217080306,0.027989373308572));
#3723=CARTESIAN_POINT('',(0.,-0.0316063090898509,0.02793350629598));
#3724=CARTESIAN_POINT('',(0.01,-0.0252850472718807,0.022346805036784));
#3725=CARTESIAN_POINT('',(0.0101,-0.025221834653701,0.022290938024192));
#3726=CARTESIAN_POINT('',(-0.0001,-0.0318832847126463,0.0279585516734672));
#3727=CARTESIAN_POINT('',(0.,-0.0318196454218027,0.0279027461811049));
#3728=CARTESIAN_POINT('',(0.01,-0.0254557163374422,0.022322196944884));
#3729=CARTESIAN_POINT('',(0.0101,-0.0253920770465986,0.0222663914525217));
#3730=CARTESIAN_POINT('',(-0.0001,-0.0319893347503727,0.0279373759456726));
#3731=CARTESIAN_POINT('',(0.,-0.0319254837828071,0.0278816127202321));
#3732=CARTESIAN_POINT('',(0.01,-0.0255403870262457,0.0223052901761857));
#3733=CARTESIAN_POINT('',(0.0101,-0.02547653605868,0.0222495269507452));
#3734=CARTESIAN_POINT('',(-0.0001,-0.0321985423054191,0.0278837401903929));
#3735=CARTESIAN_POINT('',(0.,-0.0321342737579033,0.0278280840223483));
#3736=CARTESIAN_POINT('',(0.01,-0.0257074190063226,0.0222624672178786));
#3737=CARTESIAN_POINT('',(0.0101,-0.0256431504588068,0.0222068110498339));
#3738=CARTESIAN_POINT('',(-0.0001,-0.0323016993526311,0.0278512802834323));
#3739=CARTESIAN_POINT('',(0.,-0.0322372249028254,0.027795688905621));
#3740=CARTESIAN_POINT('',(0.01,-0.0257897799222604,0.0222365511244969));
#3741=CARTESIAN_POINT('',(0.0101,-0.0257253054724547,0.0221809597466856));
#3742=CARTESIAN_POINT('',(-0.0001,-0.0325039239378065,0.0277754527654488));
#3743=CARTESIAN_POINT('',(0.,-0.0324390458461143,0.0277200127399689));
#3744=CARTESIAN_POINT('',(0.01,-0.0259512366768914,0.022176010191975));
#3745=CARTESIAN_POINT('',(0.0101,-0.0258863585851991,0.0221205701664951));
#3746=CARTESIAN_POINT('',(-0.0001,-0.0326029910213531,0.0277320853248171));
#3747=CARTESIAN_POINT('',(0.,-0.0325379151909712,0.0276767318610949));
#3748=CARTESIAN_POINT('',(0.01,-0.026030332152777,0.0221413854888759));
#3749=CARTESIAN_POINT('',(0.0101,-0.025965256322395,0.0220860320251537));
#3750=CARTESIAN_POINT('',(-0.0001,-0.0327958861425938,0.0276349459016437));
#3751=CARTESIAN_POINT('',(0.,-0.0327304252920098,0.0275797863289858));
#3752=CARTESIAN_POINT('',(0.01,-0.0261843402336078,0.0220638290631886));
#3753=CARTESIAN_POINT('',(0.0101,-0.0261188793830238,0.0220086694905306));
#3754=CARTESIAN_POINT('',(-0.0001,-0.0328897137468352,0.027581174137383));
#3755=CARTESIAN_POINT('',(0.,-0.032824065615604,0.0275261218935959));
#3756=CARTESIAN_POINT('',(0.01,-0.0262592524924832,0.0220208975148766));
#3757=CARTESIAN_POINT('',(0.0101,-0.026193604361252,0.0219658452710895));
#3758=CARTESIAN_POINT('',(-0.0001,-0.0330710411636398,0.027463849957233));
#3759=CARTESIAN_POINT('',(0.,-0.0330050311014369,0.0274090318934461));
#3760=CARTESIAN_POINT('',(0.01,-0.0264040248811495,0.0219272255147569));
#3761=CARTESIAN_POINT('',(0.0101,-0.0263380148189466,0.02187240745097));
#3762=CARTESIAN_POINT('',(-0.0001,-0.0331585405687441,0.0274002978049816));
#3763=CARTESIAN_POINT('',(0.,-0.03309235585703,0.027345606591798));
#3764=CARTESIAN_POINT('',(0.01,-0.026473884685624,0.0218764852734384));
#3765=CARTESIAN_POINT('',(0.0101,-0.0264076999739099,0.0218217940602548));
#3766=CARTESIAN_POINT('',(-0.0001,-0.0333261962653879,0.0272641502280081));
#3767=CARTESIAN_POINT('',(0.,-0.0332596769115648,0.0272097307664751));
#3768=CARTESIAN_POINT('',(0.01,-0.0266077415292518,0.0217677846131801));
#3769=CARTESIAN_POINT('',(0.0101,-0.0265412221754287,0.0217133651516471));
#3770=CARTESIAN_POINT('',(-0.0001,-0.0334063521801902,0.0271915551092218));
#3771=CARTESIAN_POINT('',(0.,-0.0333396728345211,0.0271372805481255));
#3772=CARTESIAN_POINT('',(0.01,-0.0266717382676169,0.0217098244385003));
#3773=CARTESIAN_POINT('',(0.0101,-0.0266050589219479,0.0216555498774041));
#3774=CARTESIAN_POINT('',(-0.0001,-0.0335583907794751,0.0270381639111027));
#3775=CARTESIAN_POINT('',(0.,-0.033491407963548,0.0269841955200626));
#3776=CARTESIAN_POINT('',(0.01,-0.0267931263708384,0.0215873564160501));
#3777=CARTESIAN_POINT('',(0.0101,-0.0267261435549113,0.0215333880250099));
#3778=CARTESIAN_POINT('',(-0.0001,-0.0336302731223134,0.0269573681764538));
#3779=CARTESIAN_POINT('',(0.,-0.0335631468286561,0.0269035610543451));
#3780=CARTESIAN_POINT('',(0.01,-0.0268505174629248,0.0215228488434761));
#3781=CARTESIAN_POINT('',(0.0101,-0.0267833911692675,0.0214690417213674));
#3782=CARTESIAN_POINT('',(-0.0001,-0.0337649304585699,0.0267885132176128));
#3783=CARTESIAN_POINT('',(0.,-0.0336975353877943,0.0267350431313501));
#3784=CARTESIAN_POINT('',(0.01,-0.0269580283102355,0.0213880345050801));
#3785=CARTESIAN_POINT('',(0.0101,-0.0268906332394599,0.0213345644188173));
#3786=CARTESIAN_POINT('',(-0.0001,-0.0338277051494011,0.0267004543728529));
#3787=CARTESIAN_POINT('',(0.,-0.0337601847798414,0.0266471600527474));
#3788=CARTESIAN_POINT('',(0.01,-0.0270081478238731,0.0213177280421979));
#3789=CARTESIAN_POINT('',(0.0101,-0.0269406274543134,0.0212644337220924));
#3790=CARTESIAN_POINT('',(-0.0001,-0.03394341873882,0.0265180949460149));
#3791=CARTESIAN_POINT('',(0.,-0.033875667404012,0.0264651646167814));
#3792=CARTESIAN_POINT('',(0.01,-0.0271005339232096,0.021172131693425));
#3793=CARTESIAN_POINT('',(0.0101,-0.0270327825884016,0.0211192013641915));
#3794=CARTESIAN_POINT('',(-0.0001,-0.0339963573773891,0.0264237947737147));
#3795=CARTESIAN_POINT('',(0.,-0.0339285003766358,0.0263710526683779));
#3796=CARTESIAN_POINT('',(0.01,-0.0271428003013086,0.0210968421347024));
#3797=CARTESIAN_POINT('',(0.0101,-0.0270749433005553,0.0210441000293656));
#3798=CARTESIAN_POINT('',(-0.0001,-0.0340917845481562,0.0262300468694363));
#3799=CARTESIAN_POINT('',(0.,-0.0340237370740081,0.0261776914864634));
#3800=CARTESIAN_POINT('',(0.01,-0.0272189896592065,0.0209421531891707));
#3801=CARTESIAN_POINT('',(0.0101,-0.0271509421850585,0.0208897978061978));
#3802=CARTESIAN_POINT('',(-0.0001,-0.0341342728659209,0.0261305995728269));
#3803=CARTESIAN_POINT('',(0.,-0.0340661405847514,0.026078442687452));
#3804=CARTESIAN_POINT('',(0.01,-0.0272529124678011,0.0208627541499616));
#3805=CARTESIAN_POINT('',(0.0101,-0.0271847801866316,0.0208105972645867));
#3806=CARTESIAN_POINT('',(-0.0001,-0.0342083063377838,0.0259277113267977));
#3807=CARTESIAN_POINT('',(0.,-0.0341400262852133,0.0258759594079817));
#3808=CARTESIAN_POINT('',(0.01,-0.0273120210281706,0.0207007675263854));
#3809=CARTESIAN_POINT('',(0.0101,-0.0272437409756002,0.0206490156075694));
#3810=CARTESIAN_POINT('',(-0.0001,-0.0342398513255221,0.0258242708332858));
#3811=CARTESIAN_POINT('',(0.,-0.0341715083089043,0.0257727253825208));
#3812=CARTESIAN_POINT('',(0.01,-0.0273372066471234,0.0206181803060166));
#3813=CARTESIAN_POINT('',(0.0101,-0.0272688636305056,0.0205666348552516));
#3814=CARTESIAN_POINT('',(-0.0001,-0.0342916320580129,0.0256145964402961));
#3815=CARTESIAN_POINT('',(0.,-0.0342231856866396,0.0255634695012935));
#3816=CARTESIAN_POINT('',(0.01,-0.0273785485493117,0.0204507756010348));
#3817=CARTESIAN_POINT('',(0.0101,-0.0273101021779384,0.0203996486620322));
#3818=CARTESIAN_POINT('',(-0.0001,-0.0343118676864095,0.0255083630119753));
#3819=CARTESIAN_POINT('',(0.,-0.0342433809245604,0.0254574481157438));
#3820=CARTESIAN_POINT('',(0.01,-0.0273947047396483,0.020365958492595));
#3821=CARTESIAN_POINT('',(0.0101,-0.0273262179777992,0.0203150435963636));
#3822=CARTESIAN_POINT('',(-0.0001,-0.034340794846641,0.0252943354092372));
#3823=CARTESIAN_POINT('',(0.,-0.0342722503459491,0.0252438477138095));
#3824=CARTESIAN_POINT('',(0.01,-0.0274178002767593,0.0201950781710476));
#3825=CARTESIAN_POINT('',(0.0101,-0.0273492557760674,0.02014459047562));
#3826=CARTESIAN_POINT('',(-0.0001,-0.034349486313474,0.0251865417157589));
#3827=CARTESIAN_POINT('',(0.,-0.0342809244645449,0.0251362691774041));
#3828=CARTESIAN_POINT('',(0.01,-0.0274247395716359,0.0201090153419233));
#3829=CARTESIAN_POINT('',(0.0101,-0.0273561777227068,0.0200587428035684));
#3830=CARTESIAN_POINT('',(-0.0001,-0.0343552242478474,0.0249706443525466));
#3831=CARTESIAN_POINT('',(0.,-0.0342866509459554,0.0249208027470525));
#3832=CARTESIAN_POINT('',(0.01,-0.0274293207567643,0.019936642197642));
#3833=CARTESIAN_POINT('',(0.0101,-0.0273607474548724,0.0198868005921479));
#3834=CARTESIAN_POINT('',(-0.0001,-0.0343522707024941,0.0248625411679532));
#3835=CARTESIAN_POINT('',(0.,-0.0342837032959023,0.0248129153372786));
#3836=CARTESIAN_POINT('',(0.01,-0.0274269626367219,0.0198503322698229));
#3837=CARTESIAN_POINT('',(0.0101,-0.02735839523013,0.0198007064391483));
#3838=CARTESIAN_POINT('',(-0.0001,-0.0343347528314244,0.0246472791891318));
#3839=CARTESIAN_POINT('',(0.,-0.0342662203906431,0.0245980830230857));
#3840=CARTESIAN_POINT('',(0.01,-0.0274129763125145,0.0196784664184686));
#3841=CARTESIAN_POINT('',(0.0101,-0.0273444438717333,0.0196292702524224));
#3842=CARTESIAN_POINT('',(-0.0001,-0.0343201885450723,0.0245401208786168));
#3843=CARTESIAN_POINT('',(0.,-0.0342516851747229,0.0244911386014139));
#3844=CARTESIAN_POINT('',(0.01,-0.0274013481397783,0.0195929108811312));
#3845=CARTESIAN_POINT('',(0.0101,-0.0273328447694288,0.0195439286039283));
#3846=CARTESIAN_POINT('',(-0.0001,-0.0342674470126783,0.0242643534097715));
#3847=CARTESIAN_POINT('',(0.,-0.0341990489148486,0.0242159215666382));
#3848=CARTESIAN_POINT('',(0.01,-0.0273592391318789,0.0193727372533106));
#3849=CARTESIAN_POINT('',(0.0101,-0.0272908410340492,0.0193243054101773));
#3850=CARTESIAN_POINT('',(-0.0001,-0.0342349906850512,0.0240946503520206));
#3851=CARTESIAN_POINT('',(0.,-0.0341666573703106,0.0240465572375455));
#3852=CARTESIAN_POINT('',(0.01,-0.0273333258962485,0.0192372457900364));
#3853=CARTESIAN_POINT('',(0.0101,-0.0272649925815078,0.0191891526755613));
#3854=CARTESIAN_POINT('',(-0.0001,-0.0342025343574242,0.0239249472942697));
#3855=CARTESIAN_POINT('',(0.,-0.0341342658257726,0.0238771929084527));
#3856=CARTESIAN_POINT('',(0.01,-0.0273074126606181,0.0191017543267622));
#3857=CARTESIAN_POINT('',(0.0101,-0.0272391441289665,0.0190539999409453));
#3858=CARTESIAN_POINT('',(0.01,-0.0250278773286569,0.0199590661498171));
#3859=CARTESIAN_POINT('',(0.01,-0.0251128863743796,0.0223575601485891));
#3860=CARTESIAN_POINT('',(0.,-0.0313911079679745,0.0279469501857364));
#3861=CARTESIAN_POINT('',(0.,-0.0313911079679745,0.0279469501857364));
#3862=CARTESIAN_POINT('',(0.,-0.0312848466608211,0.0249488326872714));
#3863=CARTESIAN_POINT('',(0.0126128767678059,-0.000769169403521264,0.021701786941612));
#3864=CARTESIAN_POINT('',(0.01,-0.0228265041982918,0.022438595651303));
#3865=CARTESIAN_POINT('',(0.01,-0.0205401220222041,0.0225196311540168));
#3866=CARTESIAN_POINT('',(0.,-0.0256751525277551,0.0281495389425211));
#3867=CARTESIAN_POINT('',(0.,-0.0256751525277551,0.0281495389425211));
#3868=CARTESIAN_POINT('',(0.,-0.0285331302478649,0.0280482445641288));
#3869=CARTESIAN_POINT('',(0.,-4.16333634234433E-17,4.16333634234433E-17));
#3870=CARTESIAN_POINT('',(0.01,-2.77555756156289E-17,4.33680868994202E-17));
#3871=CARTESIAN_POINT('',(0.01,-0.0173844098481329,0.0250362276358108));
#3872=CARTESIAN_POINT('',(0.,-0.0217305123101662,0.0312952845447636));
#3873=CARTESIAN_POINT('',(0.,-0.0217305123101662,0.0312952845447636));
#3874=CARTESIAN_POINT('',(0.,-4.16333634234433E-17,4.16333634234433E-17));
#3875=CARTESIAN_POINT('',(0.0126128767678059,-0.0209865215395585,0.0055789866194576));
#3876=CARTESIAN_POINT('',(0.01,-0.0167966381774553,0.0272472533414463));
#3877=CARTESIAN_POINT('',(0.01,-0.0162088665067777,0.0294582790470818));
#3878=CARTESIAN_POINT('',(0.005,-0.018234974820125,0.0331405639279671));
#3879=CARTESIAN_POINT('',(0.,-0.0202610831334722,0.0368228488088523));
#3880=CARTESIAN_POINT('',(0.,-0.0209957977218191,0.0340590666768079));
#3881=CARTESIAN_POINT('',(-0.0001,-0.0157143190257755,0.0386688070291871));
#3882=CARTESIAN_POINT('',(0.,-0.0156829531195364,0.0385916237816238));
#3883=CARTESIAN_POINT('',(0.01,-0.0125463624956291,0.0308732990252991));
#3884=CARTESIAN_POINT('',(0.0101,-0.0125149965893901,0.0307961157777358));
#3885=CARTESIAN_POINT('',(-0.0001,-0.0158725450612231,0.0387382120918236));
#3886=CARTESIAN_POINT('',(0.,-0.015840863334554,0.0386608903112012));
#3887=CARTESIAN_POINT('',(0.01,-0.0126726906676432,0.030928712248961));
#3888=CARTESIAN_POINT('',(0.0101,-0.0126410089409741,0.0308513904683386));
#3889=CARTESIAN_POINT('',(-0.0001,-0.0160307710966708,0.0388076171544602));
#3890=CARTESIAN_POINT('',(0.,-0.0159987735495716,0.0387301568407786));
#3891=CARTESIAN_POINT('',(0.01,-0.0127990188396573,0.0309841254726229));
#3892=CARTESIAN_POINT('',(0.0101,-0.0127670212925581,0.0309066651589413));
#3893=CARTESIAN_POINT('',(-0.0001,-0.0162878884042731,0.0389204003812445));
#3894=CARTESIAN_POINT('',(0.,-0.0162553776489752,0.0388427149513418));
#3895=CARTESIAN_POINT('',(0.01,-0.0130043021191802,0.0310741719610734));
#3896=CARTESIAN_POINT('',(0.0101,-0.0129717913638822,0.0309964865311708));
#3897=CARTESIAN_POINT('',(-0.0001,-0.016389119173615,0.0389584444778672));
#3898=CARTESIAN_POINT('',(0.,-0.0163564063608932,0.038880683111644));
#3899=CARTESIAN_POINT('',(0.01,-0.0130851250887146,0.0311045464893151));
#3900=CARTESIAN_POINT('',(0.0101,-0.0130524122759928,0.0310267851230919));
#3901=CARTESIAN_POINT('',(-0.0001,-0.0165950859921681,0.0390234234359077));
#3902=CARTESIAN_POINT('',(0.,-0.0165619620680321,0.0389455323711654));
#3903=CARTESIAN_POINT('',(0.01,-0.0132495696544256,0.0311564258969322));
#3904=CARTESIAN_POINT('',(0.0101,-0.0132164457302896,0.0310785348321899));
#3905=CARTESIAN_POINT('',(-0.0001,-0.0166998215785535,0.0390503581513118));
#3906=CARTESIAN_POINT('',(0.,-0.0166664886013508,0.0389724133246625));
#3907=CARTESIAN_POINT('',(0.01,-0.0133331908810806,0.03117793065973));
#3908=CARTESIAN_POINT('',(0.0101,-0.0132998579038779,0.0310999858330807));
#3909=CARTESIAN_POINT('',(-0.0001,-0.0169115827546314,0.0390928057618336));
#3910=CARTESIAN_POINT('',(0.,-0.0168778271004305,0.0390147762094148));
#3911=CARTESIAN_POINT('',(0.01,-0.0135022616803444,0.0312118209675319));
#3912=CARTESIAN_POINT('',(0.0101,-0.0134685060261435,0.031133791415113));
#3913=CARTESIAN_POINT('',(-0.0001,-0.0170186078684776,0.0391083185615678));
#3914=CARTESIAN_POINT('',(0.,-0.016984638591295,0.0390302580454768));
#3915=CARTESIAN_POINT('',(0.01,-0.013587710873036,0.0312242064363814));
#3916=CARTESIAN_POINT('',(0.0101,-0.0135537415958534,0.0311461459202904));
#3917=CARTESIAN_POINT('',(-0.0001,-0.0172337062510758,0.0391277422876917));
#3918=CARTESIAN_POINT('',(0.,-0.0171993076358042,0.0390496430016883));
#3919=CARTESIAN_POINT('',(0.01,-0.0137594461086433,0.0312397144013506));
#3920=CARTESIAN_POINT('',(0.0101,-0.0137250474933717,0.0311616151153472));
#3921=CARTESIAN_POINT('',(-0.0001,-0.0173417790364825,0.0391316531704346));
#3922=CARTESIAN_POINT('',(0.,-0.0173071647070683,0.0390535460782781));
#3923=CARTESIAN_POINT('',(0.01,-0.0138457317656547,0.0312428368626224));
#3924=CARTESIAN_POINT('',(0.0101,-0.0138111174362405,0.0311647297704659));
#3925=CARTESIAN_POINT('',(-0.0001,-0.0175577187516327,0.0391278276307709));
#3926=CARTESIAN_POINT('',(0.,-0.0175226734048231,0.0390497281744221));
#3927=CARTESIAN_POINT('',(0.01,-0.0140181387238585,0.0312397825395376));
#3928=CARTESIAN_POINT('',(0.0101,-0.0139830933770489,0.0311616830831888));
#3929=CARTESIAN_POINT('',(-0.0001,-0.0176655851961405,0.0391200912169605));
#3930=CARTESIAN_POINT('',(0.,-0.0176303245470464,0.0390420072025554));
#3931=CARTESIAN_POINT('',(0.01,-0.0141042596376371,0.0312336057620443));
#3932=CARTESIAN_POINT('',(0.0101,-0.014068998988543,0.0311555217476392));
#3933=CARTESIAN_POINT('',(-0.0001,-0.017879860607551,0.0390930608008008));
#3934=CARTESIAN_POINT('',(0.,-0.0178441722630249,0.0390150307393222));
#3935=CARTESIAN_POINT('',(0.01,-0.0142753378104199,0.0312120245914578));
#3936=CARTESIAN_POINT('',(0.0101,-0.0142396494658939,0.0311339945299791));
#3937=CARTESIAN_POINT('',(-0.0001,-0.0179862690929577,0.0390737668591913));
#3938=CARTESIAN_POINT('',(0.,-0.0179503683562452,0.0389957753085742));
#3939=CARTESIAN_POINT('',(0.01,-0.0143602946849962,0.0311966202468594));
#3940=CARTESIAN_POINT('',(0.0101,-0.0143243939482837,0.0311186286962422));
#3941=CARTESIAN_POINT('',(-0.0001,-0.0181963938759294,0.039023845211442));
#3942=CARTESIAN_POINT('',(0.,-0.0181600737284725,0.0389459533048324));
#3943=CARTESIAN_POINT('',(0.01,-0.014528058982778,0.0311567626438659));
#3944=CARTESIAN_POINT('',(0.0101,-0.014491738835321,0.0310788707372562));
#3945=CARTESIAN_POINT('',(-0.0001,-0.0183001097013252,0.0389932176174806));
#3946=CARTESIAN_POINT('',(0.,-0.0182635825362527,0.0389153868437931));
#3947=CARTESIAN_POINT('',(0.01,-0.0146108660290021,0.0311323094750344));
#3948=CARTESIAN_POINT('',(0.0101,-0.0145743388639296,0.0310544787013469));
#3949=CARTESIAN_POINT('',(-0.0001,-0.018503645692588,0.0389209839993131));
#3950=CARTESIAN_POINT('',(0.,-0.0184667122680519,0.0388432974045041));
#3951=CARTESIAN_POINT('',(0.01,-0.0147733698144415,0.0310746379236033));
#3952=CARTESIAN_POINT('',(0.0101,-0.0147364363899054,0.0309969513287942));
#3953=CARTESIAN_POINT('',(-0.0001,-0.0186034654010914,0.0388793781374223));
#3954=CARTESIAN_POINT('',(0.,-0.0185663327356202,0.0388017745882458));
#3955=CARTESIAN_POINT('',(0.01,-0.0148530661884961,0.0310414196705967));
#3956=CARTESIAN_POINT('',(0.0101,-0.0148159335230249,0.0309638161214202));
#3957=CARTESIAN_POINT('',(-0.0001,-0.0187980508898037,0.0387856707048703));
#3958=CARTESIAN_POINT('',(0.,-0.0187605298301434,0.0387082541964773));
#3959=CARTESIAN_POINT('',(0.01,-0.0150084238641147,0.0309666033571818));
#3960=CARTESIAN_POINT('',(0.0101,-0.0149709028044544,0.0308891868487888));
#3961=CARTESIAN_POINT('',(-0.0001,-0.0188928162327615,0.0387335693447779));
#3962=CARTESIAN_POINT('',(0.,-0.0188551060207201,0.0386562568311156));
#3963=CARTESIAN_POINT('',(0.01,-0.0150840848165761,0.0309250054648925));
#3964=CARTESIAN_POINT('',(0.0101,-0.0150463746045346,0.0308476929512303));
#3965=CARTESIAN_POINT('',(-0.0001,-0.019076193364401,0.0386194754232721));
#3966=CARTESIAN_POINT('',(0.,-0.0190381171301407,0.0385423906419881));
#3967=CARTESIAN_POINT('',(0.01,-0.0152304937041126,0.0308339125135905));
#3968=CARTESIAN_POINT('',(0.0101,-0.0151924174698523,0.0307568277323065));
#3969=CARTESIAN_POINT('',(-0.0001,-0.0191648047410179,0.038557483118238));
#3970=CARTESIAN_POINT('',(0.,-0.0191265516377424,0.0384805220740898));
#3971=CARTESIAN_POINT('',(0.01,-0.015301241310194,0.0307844176592718));
#3972=CARTESIAN_POINT('',(0.0101,-0.0152629882069185,0.0307074566151236));
#3973=CARTESIAN_POINT('',(-0.0001,-0.0193348457161856,0.0384243265859276));
#3974=CARTESIAN_POINT('',(0.,-0.0192962532097661,0.038347631323281));
#3975=CARTESIAN_POINT('',(0.01,-0.0154370025678129,0.0306781050586248));
#3976=CARTESIAN_POINT('',(0.0101,-0.0153984100613934,0.0306014097959782));
#3977=CARTESIAN_POINT('',(-0.0001,-0.0194162749326392,0.0383531626578661));
#3978=CARTESIAN_POINT('',(0.,-0.0193775198928535,0.0382766094389881));
#3979=CARTESIAN_POINT('',(0.01,-0.0155020159142828,0.0306212875511905));
#3980=CARTESIAN_POINT('',(0.0101,-0.0154632608744971,0.0305447343323125));
#3981=CARTESIAN_POINT('',(-0.0001,-0.0195710066967806,0.0382024885841221));
#3982=CARTESIAN_POINT('',(0.,-0.0195319428111583,0.0381262361118983));
#3983=CARTESIAN_POINT('',(0.01,-0.0156255542489266,0.0305009888895186));
#3984=CARTESIAN_POINT('',(0.0101,-0.0155864903633043,0.0304247364172948));
#3985=CARTESIAN_POINT('',(-0.0001,-0.0196443088967722,0.0381229787770178));
#3986=CARTESIAN_POINT('',(0.,-0.0196050986993735,0.0380468850070038));
#3987=CARTESIAN_POINT('',(0.01,-0.0156840789594988,0.030437508005603));
#3988=CARTESIAN_POINT('',(0.0101,-0.0156448687621001,0.030361414235589));
#3989=CARTESIAN_POINT('',(-0.0001,-0.0197819360343313,0.037956535494365));
#3990=CARTESIAN_POINT('',(0.,-0.0197424511320672,0.0378807739464721));
#3991=CARTESIAN_POINT('',(0.01,-0.0157939609056537,0.0303046191571777));
#3992=CARTESIAN_POINT('',(0.0101,-0.0157544760033896,0.0302288576092848));
#3993=CARTESIAN_POINT('',(-0.0001,-0.0198462606626381,0.0378696023928296));
#3994=CARTESIAN_POINT('',(0.,-0.0198066473679023,0.0377940143641014));
#3995=CARTESIAN_POINT('',(0.01,-0.0158453178943218,0.0302352114912811));
#3996=CARTESIAN_POINT('',(0.0101,-0.015805704599586,0.0301596234625529));
#3997=CARTESIAN_POINT('',(-0.0001,-0.0199651862299939,0.037689321210334));
#3998=CARTESIAN_POINT('',(0.,-0.0199253355588761,0.0376140930242854));
#3999=CARTESIAN_POINT('',(0.01,-0.0159402684471009,0.0300912744194284));
#4000=CARTESIAN_POINT('',(0.0101,-0.0159004177759831,0.0300160462333798));
#4001=CARTESIAN_POINT('',(-0.0001,-0.0200197869018065,0.0375959735344818));
#4002=CARTESIAN_POINT('',(0.,-0.0199798272473119,0.0375209316711396));
#4003=CARTESIAN_POINT('',(0.01,-0.0159838617978495,0.0300167453369116));
#4004=CARTESIAN_POINT('',(0.0101,-0.0159439021433548,0.0299417034735693));
#4005=CARTESIAN_POINT('',(-0.0001,-0.0201186309572591,0.0374039463279861));
#4006=CARTESIAN_POINT('',(0.,-0.0200784740092406,0.0373292877524811));
#4007=CARTESIAN_POINT('',(0.01,-0.0160627792073925,0.0298634302019848));
#4008=CARTESIAN_POINT('',(0.0101,-0.016022622259374,0.0297887716264799));
#4009=CARTESIAN_POINT('',(-0.0001,-0.0201628741187878,0.0373052672288448));
#4010=CARTESIAN_POINT('',(0.,-0.0201226288610656,0.0372308056176096));
#4011=CARTESIAN_POINT('',(0.01,-0.0160981030888525,0.0297846444940877));
#4012=CARTESIAN_POINT('',(0.0101,-0.0160578578311304,0.0297101828828524));
#4013=CARTESIAN_POINT('',(-0.0001,-0.020240489734583,0.0371037221680826));
#4014=CARTESIAN_POINT('',(0.,-0.0202000895554721,0.0370296628423978));
#4015=CARTESIAN_POINT('',(0.01,-0.0161600716443777,0.0296237302739182));
#4016=CARTESIAN_POINT('',(0.0101,-0.0161196714652667,0.0295496709482334));
#4017=CARTESIAN_POINT('',(-0.0001,-0.0202738620144402,0.0370008566593514));
#4018=CARTESIAN_POINT('',(0.,-0.0202333952239922,0.0369270026540434));
#4019=CARTESIAN_POINT('',(0.01,-0.0161867161791938,0.0295416021232347));
#4020=CARTESIAN_POINT('',(0.0101,-0.0161462493887458,0.0294677481179266));
#4021=CARTESIAN_POINT('',(-0.0001,-0.0203459945562174,0.0367295150618597));
#4022=CARTESIAN_POINT('',(0.,-0.0203053837886401,0.0366562026565466));
#4023=CARTESIAN_POINT('',(0.01,-0.0162443070309121,0.0293249621252373));
#4024=CARTESIAN_POINT('',(0.0101,-0.0162036962633348,0.0292516497199242));
#4025=CARTESIAN_POINT('',(-0.0001,-0.0203903838126956,0.0365625356172494));
#4026=CARTESIAN_POINT('',(0.,-0.020349684443808,0.0364895565042409));
#4027=CARTESIAN_POINT('',(0.01,-0.0162797475550464,0.0291916452033927));
#4028=CARTESIAN_POINT('',(0.0101,-0.0162390481861588,0.0291186660903842));
#4029=CARTESIAN_POINT('',(-0.0001,-0.0204347730691738,0.0363955561726391));
#4030=CARTESIAN_POINT('',(0.,-0.0203939850989759,0.0363229103519352));
#4031=CARTESIAN_POINT('',(0.01,-0.0163151880791807,0.0290583282815481));
#4032=CARTESIAN_POINT('',(0.0101,-0.0162744001089827,0.0289856824608443));
#4033=CARTESIAN_POINT('',(0.01,-0.0138894240524233,0.0288416862309234));
#4034=CARTESIAN_POINT('',(0.01,-0.0129253470116714,0.0310395386962848));
#4035=CARTESIAN_POINT('',(0.,-0.0161566837645892,0.038799423370356));
#4036=CARTESIAN_POINT('',(0.,-0.0161566837645892,0.038799423370356));
#4037=CARTESIAN_POINT('',(0.,-0.0173617800655291,0.0360521077886543));
#4038=CARTESIAN_POINT('',(0.0126128767678059,0.00872305477704348,0.0198863645090584));
#4039=CARTESIAN_POINT('',(0.01,-0.0108302278639705,0.0301205251138121));
#4040=CARTESIAN_POINT('',(0.01,-0.00873510871626967,0.0292015115313394));
#4041=CARTESIAN_POINT('',(0.,-0.0109188858953371,0.0365018894141743));
#4042=CARTESIAN_POINT('',(0.,-0.0109188858953371,0.0365018894141743));
#4043=CARTESIAN_POINT('',(0.,-0.0135377848299631,0.0376506563922651));
#4044=CARTESIAN_POINT('',(0.,4.33680868994202E-19,-2.04697370165263E-16));
#4045=CARTESIAN_POINT('',(0.01,-3.12250225675825E-17,1.14491749414469E-16));
#4046=CARTESIAN_POINT('',(0.,4.33680868994202E-19,-2.04697370165263E-16));
#4047=CARTESIAN_POINT('',(0.01,6.93889390390723E-18,-0.00581809505820274));
#4048=CARTESIAN_POINT('',(0.01,0.,4.27707894602213E-19));
#4049=CARTESIAN_POINT('',(0.01,0.,-0.006985));
#4050=CARTESIAN_POINT('',(0.,6.93889390390723E-18,0.00878815166652202));
#4051=CARTESIAN_POINT('',(0.,0.,4.27707894602213E-19));
#4052=CARTESIAN_POINT('',(0.,0.,-0.006985));
#4053=CARTESIAN_POINT('',(-0.09,0.,4.27707894602213E-19));
#4054=MECHANICAL_DESIGN_GEOMETRIC_PRESENTATION_REPRESENTATION('',(#1161),
#4055);
#4055=(
GEOMETRIC_REPRESENTATION_CONTEXT(3)
GLOBAL_UNCERTAINTY_ASSIGNED_CONTEXT((#4056))
GLOBAL_UNIT_ASSIGNED_CONTEXT((#4059,#4058,#4057))
REPRESENTATION_CONTEXT('Part 1','TOP_LEVEL_ASSEMBLY_PART')
);
#4056=UNCERTAINTY_MEASURE_WITH_UNIT(LENGTH_MEASURE(1.E-8),#4059,
'DISTANCE_ACCURACY_VALUE','Maximum Tolerance applied to model');
#4057=(
NAMED_UNIT(*)
SI_UNIT($,.STERADIAN.)
SOLID_ANGLE_UNIT()
);
#4058=(
NAMED_UNIT(*)
PLANE_ANGLE_UNIT()
SI_UNIT($,.RADIAN.)
);
#4059=(
LENGTH_UNIT()
NAMED_UNIT(*)
SI_UNIT($,.METRE.)
);
#4060=PRODUCT_DEFINITION_SHAPE('','',#4061);
#4061=PRODUCT_DEFINITION('','',#4063,#4062);
#4062=PRODUCT_DEFINITION_CONTEXT('',#4069,'design');
#4063=PRODUCT_DEFINITION_FORMATION_WITH_SPECIFIED_SOURCE('','',#4065,
 .NOT_KNOWN.);
#4064=PRODUCT_RELATED_PRODUCT_CATEGORY('','',(#4065));
#4065=PRODUCT('Part 1','Part 1','Part 1',(#4067));
#4066=PRODUCT_CATEGORY('','');
#4067=PRODUCT_CONTEXT('',#4069,'mechanical');
#4068=APPLICATION_PROTOCOL_DEFINITION('international standard',
'ap242_managed_model_based_3d_engineering',2020,#4069);
#4069=APPLICATION_CONTEXT('managed model based 3d engineering');
ENDSEC;
END-ISO-10303-21;
