ISO-10303-21;
HEADER;
/* Generated by software containing ST-Developer
 * from STEP Tools, Inc. (www.steptools.com) 
 */
/* OPTION: using custom renumber hook */

FILE_DESCRIPTION(
/* description */ ('STEP AP242 Edition 2',
'CAx-IF Rec.Pracs.---Representation and Presentation of Product Manufa
cturing Information (PMI)---4.0---2014-10-13',
'CAx-IF Rec.Pracs.---3D Tessellated Geometry---0.4---2014-09-14','2;1',
'CAx-IF Rec.Pracs.---User Defined Attributes---1.5---2016-08-15'),
/* implementation_level */ '2;1');

FILE_NAME(
/* name */ 'Part Studio 1',
/* time_stamp */ '2026-09-03T22:00:37Z',
/* author */ (''),
/* organization */ (''),
/* preprocessor_version */ 'ST-DEVELOPER v20',
/* originating_system */ 'ONSHAPE BY PTC INC, 1.220',
/* authorisation */ '  ');

FILE_SCHEMA (('AP242_MANAGED_MODEL_BASED_3D_ENGINEERING_MIM_LF { 1 0 10303 442 3 1 4 }'));
ENDSEC;

DATA;
#10=SHAPE_REPRESENTATION_RELATIONSHIP('','',#921,#11);
#11=ADVANCED_BREP_SHAPE_REPRESENTATION('',(#919),#2465);
#12=CYLINDRICAL_SURFACE('',#982,0.00635);
#13=PLANE('',#979);
#14=PLANE('',#980);
#15=PLANE('',#984);
#16=CIRCLE('',#923,0.00088);
#17=CIRCLE('',#924,0.00066);
#18=CIRCLE('',#925,0.00835000000000015);
#19=CIRCLE('',#926,0.0127);
#20=CIRCLE('',#927,0.00088);
#21=CIRCLE('',#928,0.00066);
#22=CIRCLE('',#929,0.0083500000000002);
#23=CIRCLE('',#930,0.0127);
#24=CIRCLE('',#931,0.00088);
#25=CIRCLE('',#932,0.00066);
#26=CIRCLE('',#933,0.00835000000000018);
#27=CIRCLE('',#934,0.0127000000000002);
#28=CIRCLE('',#935,0.00088);
#29=CIRCLE('',#936,0.00066);
#30=CIRCLE('',#937,0.00835000000000012);
#31=CIRCLE('',#938,0.0126999999999998);
#32=CIRCLE('',#939,0.00088);
#33=CIRCLE('',#940,0.00066);
#34=CIRCLE('',#941,0.00835000000000016);
#35=CIRCLE('',#942,0.0127000000000001);
#36=CIRCLE('',#943,0.00088);
#37=CIRCLE('',#944,0.00066);
#38=CIRCLE('',#945,0.00835000000000019);
#39=CIRCLE('',#946,0.0127000000000002);
#40=CIRCLE('',#947,0.00088);
#41=CIRCLE('',#948,0.00066);
#42=CIRCLE('',#949,0.00835000000000013);
#43=CIRCLE('',#950,0.0127);
#44=CIRCLE('',#951,0.00088);
#45=CIRCLE('',#952,0.00066);
#46=CIRCLE('',#953,0.00835000000000015);
#47=CIRCLE('',#954,0.0127);
#48=CIRCLE('',#955,0.00088);
#49=CIRCLE('',#956,0.00066);
#50=CIRCLE('',#957,0.00835000000000022);
#51=CIRCLE('',#958,0.0127);
#52=CIRCLE('',#959,0.00088);
#53=CIRCLE('',#960,0.00066);
#54=CIRCLE('',#961,0.00835000000000018);
#55=CIRCLE('',#962,0.0127);
#56=CIRCLE('',#963,0.00088);
#57=CIRCLE('',#964,0.00066);
#58=CIRCLE('',#965,0.00835);
#59=CIRCLE('',#966,0.0127);
#60=CIRCLE('',#967,0.00088);
#61=CIRCLE('',#968,0.00066);
#62=CIRCLE('',#969,0.00835000000000015);
#63=CIRCLE('',#970,0.0127);
#64=CIRCLE('',#971,0.00088);
#65=CIRCLE('',#972,0.00066);
#66=CIRCLE('',#973,0.00835000000000016);
#67=CIRCLE('',#974,0.0127);
#68=CIRCLE('',#975,0.00088);
#69=CIRCLE('',#976,0.00066);
#70=CIRCLE('',#977,0.00835000000000016);
#71=CIRCLE('',#978,0.0127);
#72=CIRCLE('',#981,0.00635);
#73=CIRCLE('',#983,0.00635);
#74=ORIENTED_EDGE('',*,*,#358,.T.);
#75=ORIENTED_EDGE('',*,*,#359,.T.);
#76=ORIENTED_EDGE('',*,*,#360,.T.);
#77=ORIENTED_EDGE('',*,*,#361,.T.);
#78=ORIENTED_EDGE('',*,*,#362,.F.);
#79=ORIENTED_EDGE('',*,*,#363,.F.);
#80=ORIENTED_EDGE('',*,*,#364,.F.);
#81=ORIENTED_EDGE('',*,*,#365,.F.);
#82=ORIENTED_EDGE('',*,*,#365,.T.);
#83=ORIENTED_EDGE('',*,*,#366,.F.);
#84=ORIENTED_EDGE('',*,*,#367,.F.);
#85=ORIENTED_EDGE('',*,*,#368,.T.);
#86=ORIENTED_EDGE('',*,*,#369,.T.);
#87=ORIENTED_EDGE('',*,*,#370,.T.);
#88=ORIENTED_EDGE('',*,*,#371,.T.);
#89=ORIENTED_EDGE('',*,*,#367,.T.);
#90=ORIENTED_EDGE('',*,*,#372,.F.);
#91=ORIENTED_EDGE('',*,*,#373,.F.);
#92=ORIENTED_EDGE('',*,*,#374,.F.);
#93=ORIENTED_EDGE('',*,*,#375,.F.);
#94=ORIENTED_EDGE('',*,*,#375,.T.);
#95=ORIENTED_EDGE('',*,*,#376,.F.);
#96=ORIENTED_EDGE('',*,*,#377,.F.);
#97=ORIENTED_EDGE('',*,*,#378,.T.);
#98=ORIENTED_EDGE('',*,*,#379,.T.);
#99=ORIENTED_EDGE('',*,*,#380,.T.);
#100=ORIENTED_EDGE('',*,*,#381,.T.);
#101=ORIENTED_EDGE('',*,*,#377,.T.);
#102=ORIENTED_EDGE('',*,*,#382,.F.);
#103=ORIENTED_EDGE('',*,*,#383,.F.);
#104=ORIENTED_EDGE('',*,*,#384,.F.);
#105=ORIENTED_EDGE('',*,*,#385,.F.);
#106=ORIENTED_EDGE('',*,*,#385,.T.);
#107=ORIENTED_EDGE('',*,*,#386,.F.);
#108=ORIENTED_EDGE('',*,*,#387,.F.);
#109=ORIENTED_EDGE('',*,*,#388,.T.);
#110=ORIENTED_EDGE('',*,*,#389,.T.);
#111=ORIENTED_EDGE('',*,*,#390,.T.);
#112=ORIENTED_EDGE('',*,*,#391,.T.);
#113=ORIENTED_EDGE('',*,*,#387,.T.);
#114=ORIENTED_EDGE('',*,*,#392,.F.);
#115=ORIENTED_EDGE('',*,*,#393,.F.);
#116=ORIENTED_EDGE('',*,*,#394,.F.);
#117=ORIENTED_EDGE('',*,*,#395,.F.);
#118=ORIENTED_EDGE('',*,*,#395,.T.);
#119=ORIENTED_EDGE('',*,*,#396,.F.);
#120=ORIENTED_EDGE('',*,*,#397,.F.);
#121=ORIENTED_EDGE('',*,*,#398,.T.);
#122=ORIENTED_EDGE('',*,*,#399,.T.);
#123=ORIENTED_EDGE('',*,*,#400,.T.);
#124=ORIENTED_EDGE('',*,*,#401,.T.);
#125=ORIENTED_EDGE('',*,*,#397,.T.);
#126=ORIENTED_EDGE('',*,*,#402,.F.);
#127=ORIENTED_EDGE('',*,*,#403,.F.);
#128=ORIENTED_EDGE('',*,*,#404,.F.);
#129=ORIENTED_EDGE('',*,*,#405,.F.);
#130=ORIENTED_EDGE('',*,*,#405,.T.);
#131=ORIENTED_EDGE('',*,*,#406,.F.);
#132=ORIENTED_EDGE('',*,*,#407,.F.);
#133=ORIENTED_EDGE('',*,*,#408,.T.);
#134=ORIENTED_EDGE('',*,*,#409,.T.);
#135=ORIENTED_EDGE('',*,*,#410,.T.);
#136=ORIENTED_EDGE('',*,*,#411,.T.);
#137=ORIENTED_EDGE('',*,*,#407,.T.);
#138=ORIENTED_EDGE('',*,*,#412,.F.);
#139=ORIENTED_EDGE('',*,*,#413,.F.);
#140=ORIENTED_EDGE('',*,*,#414,.F.);
#141=ORIENTED_EDGE('',*,*,#415,.F.);
#142=ORIENTED_EDGE('',*,*,#415,.T.);
#143=ORIENTED_EDGE('',*,*,#416,.F.);
#144=ORIENTED_EDGE('',*,*,#417,.F.);
#145=ORIENTED_EDGE('',*,*,#418,.T.);
#146=ORIENTED_EDGE('',*,*,#419,.T.);
#147=ORIENTED_EDGE('',*,*,#420,.T.);
#148=ORIENTED_EDGE('',*,*,#421,.T.);
#149=ORIENTED_EDGE('',*,*,#417,.T.);
#150=ORIENTED_EDGE('',*,*,#422,.F.);
#151=ORIENTED_EDGE('',*,*,#423,.F.);
#152=ORIENTED_EDGE('',*,*,#424,.F.);
#153=ORIENTED_EDGE('',*,*,#425,.F.);
#154=ORIENTED_EDGE('',*,*,#425,.T.);
#155=ORIENTED_EDGE('',*,*,#426,.F.);
#156=ORIENTED_EDGE('',*,*,#427,.F.);
#157=ORIENTED_EDGE('',*,*,#428,.T.);
#158=ORIENTED_EDGE('',*,*,#429,.T.);
#159=ORIENTED_EDGE('',*,*,#430,.T.);
#160=ORIENTED_EDGE('',*,*,#431,.T.);
#161=ORIENTED_EDGE('',*,*,#427,.T.);
#162=ORIENTED_EDGE('',*,*,#432,.F.);
#163=ORIENTED_EDGE('',*,*,#433,.F.);
#164=ORIENTED_EDGE('',*,*,#434,.F.);
#165=ORIENTED_EDGE('',*,*,#435,.F.);
#166=ORIENTED_EDGE('',*,*,#435,.T.);
#167=ORIENTED_EDGE('',*,*,#436,.F.);
#168=ORIENTED_EDGE('',*,*,#437,.F.);
#169=ORIENTED_EDGE('',*,*,#438,.T.);
#170=ORIENTED_EDGE('',*,*,#439,.T.);
#171=ORIENTED_EDGE('',*,*,#440,.T.);
#172=ORIENTED_EDGE('',*,*,#441,.T.);
#173=ORIENTED_EDGE('',*,*,#437,.T.);
#174=ORIENTED_EDGE('',*,*,#442,.F.);
#175=ORIENTED_EDGE('',*,*,#443,.F.);
#176=ORIENTED_EDGE('',*,*,#444,.F.);
#177=ORIENTED_EDGE('',*,*,#445,.F.);
#178=ORIENTED_EDGE('',*,*,#445,.T.);
#179=ORIENTED_EDGE('',*,*,#446,.F.);
#180=ORIENTED_EDGE('',*,*,#447,.F.);
#181=ORIENTED_EDGE('',*,*,#448,.T.);
#182=ORIENTED_EDGE('',*,*,#449,.T.);
#183=ORIENTED_EDGE('',*,*,#450,.T.);
#184=ORIENTED_EDGE('',*,*,#451,.T.);
#185=ORIENTED_EDGE('',*,*,#447,.T.);
#186=ORIENTED_EDGE('',*,*,#452,.F.);
#187=ORIENTED_EDGE('',*,*,#453,.F.);
#188=ORIENTED_EDGE('',*,*,#454,.F.);
#189=ORIENTED_EDGE('',*,*,#455,.F.);
#190=ORIENTED_EDGE('',*,*,#455,.T.);
#191=ORIENTED_EDGE('',*,*,#456,.F.);
#192=ORIENTED_EDGE('',*,*,#457,.F.);
#193=ORIENTED_EDGE('',*,*,#458,.T.);
#194=ORIENTED_EDGE('',*,*,#459,.T.);
#195=ORIENTED_EDGE('',*,*,#460,.T.);
#196=ORIENTED_EDGE('',*,*,#461,.T.);
#197=ORIENTED_EDGE('',*,*,#457,.T.);
#198=ORIENTED_EDGE('',*,*,#462,.F.);
#199=ORIENTED_EDGE('',*,*,#463,.F.);
#200=ORIENTED_EDGE('',*,*,#464,.F.);
#201=ORIENTED_EDGE('',*,*,#465,.F.);
#202=ORIENTED_EDGE('',*,*,#465,.T.);
#203=ORIENTED_EDGE('',*,*,#466,.F.);
#204=ORIENTED_EDGE('',*,*,#467,.F.);
#205=ORIENTED_EDGE('',*,*,#468,.T.);
#206=ORIENTED_EDGE('',*,*,#469,.T.);
#207=ORIENTED_EDGE('',*,*,#470,.T.);
#208=ORIENTED_EDGE('',*,*,#471,.T.);
#209=ORIENTED_EDGE('',*,*,#467,.T.);
#210=ORIENTED_EDGE('',*,*,#472,.F.);
#211=ORIENTED_EDGE('',*,*,#473,.F.);
#212=ORIENTED_EDGE('',*,*,#474,.F.);
#213=ORIENTED_EDGE('',*,*,#475,.F.);
#214=ORIENTED_EDGE('',*,*,#475,.T.);
#215=ORIENTED_EDGE('',*,*,#476,.F.);
#216=ORIENTED_EDGE('',*,*,#477,.F.);
#217=ORIENTED_EDGE('',*,*,#478,.T.);
#218=ORIENTED_EDGE('',*,*,#479,.T.);
#219=ORIENTED_EDGE('',*,*,#480,.T.);
#220=ORIENTED_EDGE('',*,*,#481,.T.);
#221=ORIENTED_EDGE('',*,*,#477,.T.);
#222=ORIENTED_EDGE('',*,*,#482,.F.);
#223=ORIENTED_EDGE('',*,*,#483,.F.);
#224=ORIENTED_EDGE('',*,*,#484,.F.);
#225=ORIENTED_EDGE('',*,*,#485,.F.);
#226=ORIENTED_EDGE('',*,*,#485,.T.);
#227=ORIENTED_EDGE('',*,*,#486,.F.);
#228=ORIENTED_EDGE('',*,*,#487,.F.);
#229=ORIENTED_EDGE('',*,*,#488,.T.);
#230=ORIENTED_EDGE('',*,*,#489,.T.);
#231=ORIENTED_EDGE('',*,*,#490,.T.);
#232=ORIENTED_EDGE('',*,*,#491,.T.);
#233=ORIENTED_EDGE('',*,*,#487,.T.);
#234=ORIENTED_EDGE('',*,*,#492,.F.);
#235=ORIENTED_EDGE('',*,*,#493,.F.);
#236=ORIENTED_EDGE('',*,*,#494,.F.);
#237=ORIENTED_EDGE('',*,*,#495,.F.);
#238=ORIENTED_EDGE('',*,*,#495,.T.);
#239=ORIENTED_EDGE('',*,*,#496,.F.);
#240=ORIENTED_EDGE('',*,*,#361,.F.);
#241=ORIENTED_EDGE('',*,*,#497,.T.);
#242=ORIENTED_EDGE('',*,*,#393,.T.);
#243=ORIENTED_EDGE('',*,*,#392,.T.);
#244=ORIENTED_EDGE('',*,*,#386,.T.);
#245=ORIENTED_EDGE('',*,*,#384,.T.);
#246=ORIENTED_EDGE('',*,*,#383,.T.);
#247=ORIENTED_EDGE('',*,*,#382,.T.);
#248=ORIENTED_EDGE('',*,*,#376,.T.);
#249=ORIENTED_EDGE('',*,*,#374,.T.);
#250=ORIENTED_EDGE('',*,*,#373,.T.);
#251=ORIENTED_EDGE('',*,*,#372,.T.);
#252=ORIENTED_EDGE('',*,*,#366,.T.);
#253=ORIENTED_EDGE('',*,*,#364,.T.);
#254=ORIENTED_EDGE('',*,*,#363,.T.);
#255=ORIENTED_EDGE('',*,*,#362,.T.);
#256=ORIENTED_EDGE('',*,*,#496,.T.);
#257=ORIENTED_EDGE('',*,*,#494,.T.);
#258=ORIENTED_EDGE('',*,*,#493,.T.);
#259=ORIENTED_EDGE('',*,*,#492,.T.);
#260=ORIENTED_EDGE('',*,*,#486,.T.);
#261=ORIENTED_EDGE('',*,*,#484,.T.);
#262=ORIENTED_EDGE('',*,*,#483,.T.);
#263=ORIENTED_EDGE('',*,*,#482,.T.);
#264=ORIENTED_EDGE('',*,*,#476,.T.);
#265=ORIENTED_EDGE('',*,*,#474,.T.);
#266=ORIENTED_EDGE('',*,*,#473,.T.);
#267=ORIENTED_EDGE('',*,*,#472,.T.);
#268=ORIENTED_EDGE('',*,*,#466,.T.);
#269=ORIENTED_EDGE('',*,*,#464,.T.);
#270=ORIENTED_EDGE('',*,*,#463,.T.);
#271=ORIENTED_EDGE('',*,*,#462,.T.);
#272=ORIENTED_EDGE('',*,*,#456,.T.);
#273=ORIENTED_EDGE('',*,*,#454,.T.);
#274=ORIENTED_EDGE('',*,*,#453,.T.);
#275=ORIENTED_EDGE('',*,*,#452,.T.);
#276=ORIENTED_EDGE('',*,*,#446,.T.);
#277=ORIENTED_EDGE('',*,*,#444,.T.);
#278=ORIENTED_EDGE('',*,*,#443,.T.);
#279=ORIENTED_EDGE('',*,*,#442,.T.);
#280=ORIENTED_EDGE('',*,*,#436,.T.);
#281=ORIENTED_EDGE('',*,*,#434,.T.);
#282=ORIENTED_EDGE('',*,*,#433,.T.);
#283=ORIENTED_EDGE('',*,*,#432,.T.);
#284=ORIENTED_EDGE('',*,*,#426,.T.);
#285=ORIENTED_EDGE('',*,*,#424,.T.);
#286=ORIENTED_EDGE('',*,*,#423,.T.);
#287=ORIENTED_EDGE('',*,*,#422,.T.);
#288=ORIENTED_EDGE('',*,*,#416,.T.);
#289=ORIENTED_EDGE('',*,*,#414,.T.);
#290=ORIENTED_EDGE('',*,*,#413,.T.);
#291=ORIENTED_EDGE('',*,*,#412,.T.);
#292=ORIENTED_EDGE('',*,*,#406,.T.);
#293=ORIENTED_EDGE('',*,*,#404,.T.);
#294=ORIENTED_EDGE('',*,*,#403,.T.);
#295=ORIENTED_EDGE('',*,*,#402,.T.);
#296=ORIENTED_EDGE('',*,*,#396,.T.);
#297=ORIENTED_EDGE('',*,*,#394,.T.);
#298=ORIENTED_EDGE('',*,*,#498,.F.);
#299=ORIENTED_EDGE('',*,*,#389,.F.);
#300=ORIENTED_EDGE('',*,*,#398,.F.);
#301=ORIENTED_EDGE('',*,*,#401,.F.);
#302=ORIENTED_EDGE('',*,*,#400,.F.);
#303=ORIENTED_EDGE('',*,*,#399,.F.);
#304=ORIENTED_EDGE('',*,*,#408,.F.);
#305=ORIENTED_EDGE('',*,*,#411,.F.);
#306=ORIENTED_EDGE('',*,*,#410,.F.);
#307=ORIENTED_EDGE('',*,*,#409,.F.);
#308=ORIENTED_EDGE('',*,*,#418,.F.);
#309=ORIENTED_EDGE('',*,*,#421,.F.);
#310=ORIENTED_EDGE('',*,*,#420,.F.);
#311=ORIENTED_EDGE('',*,*,#419,.F.);
#312=ORIENTED_EDGE('',*,*,#428,.F.);
#313=ORIENTED_EDGE('',*,*,#431,.F.);
#314=ORIENTED_EDGE('',*,*,#430,.F.);
#315=ORIENTED_EDGE('',*,*,#429,.F.);
#316=ORIENTED_EDGE('',*,*,#438,.F.);
#317=ORIENTED_EDGE('',*,*,#441,.F.);
#318=ORIENTED_EDGE('',*,*,#440,.F.);
#319=ORIENTED_EDGE('',*,*,#439,.F.);
#320=ORIENTED_EDGE('',*,*,#448,.F.);
#321=ORIENTED_EDGE('',*,*,#451,.F.);
#322=ORIENTED_EDGE('',*,*,#450,.F.);
#323=ORIENTED_EDGE('',*,*,#449,.F.);
#324=ORIENTED_EDGE('',*,*,#458,.F.);
#325=ORIENTED_EDGE('',*,*,#461,.F.);
#326=ORIENTED_EDGE('',*,*,#460,.F.);
#327=ORIENTED_EDGE('',*,*,#459,.F.);
#328=ORIENTED_EDGE('',*,*,#468,.F.);
#329=ORIENTED_EDGE('',*,*,#471,.F.);
#330=ORIENTED_EDGE('',*,*,#470,.F.);
#331=ORIENTED_EDGE('',*,*,#469,.F.);
#332=ORIENTED_EDGE('',*,*,#478,.F.);
#333=ORIENTED_EDGE('',*,*,#481,.F.);
#334=ORIENTED_EDGE('',*,*,#480,.F.);
#335=ORIENTED_EDGE('',*,*,#479,.F.);
#336=ORIENTED_EDGE('',*,*,#488,.F.);
#337=ORIENTED_EDGE('',*,*,#491,.F.);
#338=ORIENTED_EDGE('',*,*,#490,.F.);
#339=ORIENTED_EDGE('',*,*,#489,.F.);
#340=ORIENTED_EDGE('',*,*,#497,.F.);
#341=ORIENTED_EDGE('',*,*,#360,.F.);
#342=ORIENTED_EDGE('',*,*,#359,.F.);
#343=ORIENTED_EDGE('',*,*,#358,.F.);
#344=ORIENTED_EDGE('',*,*,#368,.F.);
#345=ORIENTED_EDGE('',*,*,#371,.F.);
#346=ORIENTED_EDGE('',*,*,#370,.F.);
#347=ORIENTED_EDGE('',*,*,#369,.F.);
#348=ORIENTED_EDGE('',*,*,#378,.F.);
#349=ORIENTED_EDGE('',*,*,#381,.F.);
#350=ORIENTED_EDGE('',*,*,#380,.F.);
#351=ORIENTED_EDGE('',*,*,#379,.F.);
#352=ORIENTED_EDGE('',*,*,#388,.F.);
#353=ORIENTED_EDGE('',*,*,#391,.F.);
#354=ORIENTED_EDGE('',*,*,#390,.F.);
#355=ORIENTED_EDGE('',*,*,#499,.F.);
#356=ORIENTED_EDGE('',*,*,#498,.T.);
#357=ORIENTED_EDGE('',*,*,#499,.T.);
#358=EDGE_CURVE('',#500,#501,#614,.F.);
#359=EDGE_CURVE('',#501,#502,#16,.T.);
#360=EDGE_CURVE('',#502,#503,#615,.T.);
#361=EDGE_CURVE('',#503,#504,#616,.T.);
#362=EDGE_CURVE('',#505,#504,#617,.T.);
#363=EDGE_CURVE('',#506,#505,#17,.T.);
#364=EDGE_CURVE('',#507,#506,#618,.F.);
#365=EDGE_CURVE('',#500,#507,#619,.T.);
#366=EDGE_CURVE('',#508,#507,#18,.T.);
#367=EDGE_CURVE('',#509,#508,#620,.T.);
#368=EDGE_CURVE('',#509,#500,#19,.T.);
#369=EDGE_CURVE('',#510,#511,#621,.F.);
#370=EDGE_CURVE('',#511,#512,#20,.T.);
#371=EDGE_CURVE('',#512,#509,#622,.T.);
#372=EDGE_CURVE('',#513,#508,#623,.T.);
#373=EDGE_CURVE('',#514,#513,#21,.T.);
#374=EDGE_CURVE('',#515,#514,#624,.F.);
#375=EDGE_CURVE('',#510,#515,#625,.T.);
#376=EDGE_CURVE('',#516,#515,#22,.T.);
#377=EDGE_CURVE('',#517,#516,#626,.T.);
#378=EDGE_CURVE('',#517,#510,#23,.T.);
#379=EDGE_CURVE('',#518,#519,#627,.F.);
#380=EDGE_CURVE('',#519,#520,#24,.T.);
#381=EDGE_CURVE('',#520,#517,#628,.T.);
#382=EDGE_CURVE('',#521,#516,#629,.T.);
#383=EDGE_CURVE('',#522,#521,#25,.T.);
#384=EDGE_CURVE('',#523,#522,#630,.F.);
#385=EDGE_CURVE('',#518,#523,#631,.T.);
#386=EDGE_CURVE('',#524,#523,#26,.T.);
#387=EDGE_CURVE('',#525,#524,#632,.T.);
#388=EDGE_CURVE('',#525,#518,#27,.T.);
#389=EDGE_CURVE('',#526,#527,#633,.F.);
#390=EDGE_CURVE('',#527,#528,#28,.T.);
#391=EDGE_CURVE('',#528,#525,#634,.T.);
#392=EDGE_CURVE('',#529,#524,#635,.T.);
#393=EDGE_CURVE('',#530,#529,#29,.T.);
#394=EDGE_CURVE('',#531,#530,#636,.F.);
#395=EDGE_CURVE('',#526,#531,#637,.T.);
#396=EDGE_CURVE('',#532,#531,#30,.T.);
#397=EDGE_CURVE('',#533,#532,#638,.T.);
#398=EDGE_CURVE('',#533,#526,#31,.T.);
#399=EDGE_CURVE('',#534,#535,#639,.F.);
#400=EDGE_CURVE('',#535,#536,#32,.T.);
#401=EDGE_CURVE('',#536,#533,#640,.T.);
#402=EDGE_CURVE('',#537,#532,#641,.T.);
#403=EDGE_CURVE('',#538,#537,#33,.T.);
#404=EDGE_CURVE('',#539,#538,#642,.F.);
#405=EDGE_CURVE('',#534,#539,#643,.T.);
#406=EDGE_CURVE('',#540,#539,#34,.T.);
#407=EDGE_CURVE('',#541,#540,#644,.T.);
#408=EDGE_CURVE('',#541,#534,#35,.T.);
#409=EDGE_CURVE('',#542,#543,#645,.F.);
#410=EDGE_CURVE('',#543,#544,#36,.T.);
#411=EDGE_CURVE('',#544,#541,#646,.T.);
#412=EDGE_CURVE('',#545,#540,#647,.T.);
#413=EDGE_CURVE('',#546,#545,#37,.T.);
#414=EDGE_CURVE('',#547,#546,#648,.F.);
#415=EDGE_CURVE('',#542,#547,#649,.T.);
#416=EDGE_CURVE('',#548,#547,#38,.T.);
#417=EDGE_CURVE('',#549,#548,#650,.T.);
#418=EDGE_CURVE('',#549,#542,#39,.T.);
#419=EDGE_CURVE('',#550,#551,#651,.F.);
#420=EDGE_CURVE('',#551,#552,#40,.T.);
#421=EDGE_CURVE('',#552,#549,#652,.T.);
#422=EDGE_CURVE('',#553,#548,#653,.T.);
#423=EDGE_CURVE('',#554,#553,#41,.T.);
#424=EDGE_CURVE('',#555,#554,#654,.F.);
#425=EDGE_CURVE('',#550,#555,#655,.T.);
#426=EDGE_CURVE('',#556,#555,#42,.T.);
#427=EDGE_CURVE('',#557,#556,#656,.T.);
#428=EDGE_CURVE('',#557,#550,#43,.T.);
#429=EDGE_CURVE('',#558,#559,#657,.F.);
#430=EDGE_CURVE('',#559,#560,#44,.T.);
#431=EDGE_CURVE('',#560,#557,#658,.T.);
#432=EDGE_CURVE('',#561,#556,#659,.T.);
#433=EDGE_CURVE('',#562,#561,#45,.T.);
#434=EDGE_CURVE('',#563,#562,#660,.F.);
#435=EDGE_CURVE('',#558,#563,#661,.T.);
#436=EDGE_CURVE('',#564,#563,#46,.T.);
#437=EDGE_CURVE('',#565,#564,#662,.T.);
#438=EDGE_CURVE('',#565,#558,#47,.T.);
#439=EDGE_CURVE('',#566,#567,#663,.F.);
#440=EDGE_CURVE('',#567,#568,#48,.T.);
#441=EDGE_CURVE('',#568,#565,#664,.T.);
#442=EDGE_CURVE('',#569,#564,#665,.T.);
#443=EDGE_CURVE('',#570,#569,#49,.T.);
#444=EDGE_CURVE('',#571,#570,#666,.F.);
#445=EDGE_CURVE('',#566,#571,#667,.T.);
#446=EDGE_CURVE('',#572,#571,#50,.T.);
#447=EDGE_CURVE('',#573,#572,#668,.T.);
#448=EDGE_CURVE('',#573,#566,#51,.T.);
#449=EDGE_CURVE('',#574,#575,#669,.F.);
#450=EDGE_CURVE('',#575,#576,#52,.T.);
#451=EDGE_CURVE('',#576,#573,#670,.T.);
#452=EDGE_CURVE('',#577,#572,#671,.T.);
#453=EDGE_CURVE('',#578,#577,#53,.T.);
#454=EDGE_CURVE('',#579,#578,#672,.F.);
#455=EDGE_CURVE('',#574,#579,#673,.T.);
#456=EDGE_CURVE('',#580,#579,#54,.T.);
#457=EDGE_CURVE('',#581,#580,#674,.T.);
#458=EDGE_CURVE('',#581,#574,#55,.T.);
#459=EDGE_CURVE('',#582,#583,#675,.F.);
#460=EDGE_CURVE('',#583,#584,#56,.T.);
#461=EDGE_CURVE('',#584,#581,#676,.T.);
#462=EDGE_CURVE('',#585,#580,#677,.T.);
#463=EDGE_CURVE('',#586,#585,#57,.T.);
#464=EDGE_CURVE('',#587,#586,#678,.F.);
#465=EDGE_CURVE('',#582,#587,#679,.T.);
#466=EDGE_CURVE('',#588,#587,#58,.T.);
#467=EDGE_CURVE('',#589,#588,#680,.T.);
#468=EDGE_CURVE('',#589,#582,#59,.T.);
#469=EDGE_CURVE('',#590,#591,#681,.F.);
#470=EDGE_CURVE('',#591,#592,#60,.T.);
#471=EDGE_CURVE('',#592,#589,#682,.T.);
#472=EDGE_CURVE('',#593,#588,#683,.T.);
#473=EDGE_CURVE('',#594,#593,#61,.T.);
#474=EDGE_CURVE('',#595,#594,#684,.F.);
#475=EDGE_CURVE('',#590,#595,#685,.T.);
#476=EDGE_CURVE('',#596,#595,#62,.T.);
#477=EDGE_CURVE('',#597,#596,#686,.T.);
#478=EDGE_CURVE('',#597,#590,#63,.T.);
#479=EDGE_CURVE('',#598,#599,#687,.F.);
#480=EDGE_CURVE('',#599,#600,#64,.T.);
#481=EDGE_CURVE('',#600,#597,#688,.T.);
#482=EDGE_CURVE('',#601,#596,#689,.T.);
#483=EDGE_CURVE('',#602,#601,#65,.T.);
#484=EDGE_CURVE('',#603,#602,#690,.F.);
#485=EDGE_CURVE('',#598,#603,#691,.T.);
#486=EDGE_CURVE('',#604,#603,#66,.T.);
#487=EDGE_CURVE('',#605,#604,#692,.T.);
#488=EDGE_CURVE('',#605,#598,#67,.T.);
#489=EDGE_CURVE('',#606,#607,#693,.F.);
#490=EDGE_CURVE('',#607,#608,#68,.T.);
#491=EDGE_CURVE('',#608,#605,#694,.T.);
#492=EDGE_CURVE('',#609,#604,#695,.T.);
#493=EDGE_CURVE('',#610,#609,#69,.T.);
#494=EDGE_CURVE('',#611,#610,#696,.F.);
#495=EDGE_CURVE('',#606,#611,#697,.T.);
#496=EDGE_CURVE('',#504,#611,#70,.T.);
#497=EDGE_CURVE('',#503,#606,#71,.T.);
#498=EDGE_CURVE('',#612,#612,#72,.T.);
#499=EDGE_CURVE('',#613,#613,#73,.T.);
#500=VERTEX_POINT('',#1253);
#501=VERTEX_POINT('',#1254);
#502=VERTEX_POINT('',#1256);
#503=VERTEX_POINT('',#1258);
#504=VERTEX_POINT('',#1260);
#505=VERTEX_POINT('',#1262);
#506=VERTEX_POINT('',#1264);
#507=VERTEX_POINT('',#1266);
#508=VERTEX_POINT('',#1285);
#509=VERTEX_POINT('',#1287);
#510=VERTEX_POINT('',#1346);
#511=VERTEX_POINT('',#1347);
#512=VERTEX_POINT('',#1349);
#513=VERTEX_POINT('',#1352);
#514=VERTEX_POINT('',#1354);
#515=VERTEX_POINT('',#1356);
#516=VERTEX_POINT('',#1375);
#517=VERTEX_POINT('',#1377);
#518=VERTEX_POINT('',#1436);
#519=VERTEX_POINT('',#1437);
#520=VERTEX_POINT('',#1439);
#521=VERTEX_POINT('',#1442);
#522=VERTEX_POINT('',#1444);
#523=VERTEX_POINT('',#1446);
#524=VERTEX_POINT('',#1465);
#525=VERTEX_POINT('',#1467);
#526=VERTEX_POINT('',#1526);
#527=VERTEX_POINT('',#1527);
#528=VERTEX_POINT('',#1529);
#529=VERTEX_POINT('',#1532);
#530=VERTEX_POINT('',#1534);
#531=VERTEX_POINT('',#1536);
#532=VERTEX_POINT('',#1555);
#533=VERTEX_POINT('',#1557);
#534=VERTEX_POINT('',#1616);
#535=VERTEX_POINT('',#1617);
#536=VERTEX_POINT('',#1619);
#537=VERTEX_POINT('',#1622);
#538=VERTEX_POINT('',#1624);
#539=VERTEX_POINT('',#1626);
#540=VERTEX_POINT('',#1645);
#541=VERTEX_POINT('',#1647);
#542=VERTEX_POINT('',#1706);
#543=VERTEX_POINT('',#1707);
#544=VERTEX_POINT('',#1709);
#545=VERTEX_POINT('',#1712);
#546=VERTEX_POINT('',#1714);
#547=VERTEX_POINT('',#1716);
#548=VERTEX_POINT('',#1735);
#549=VERTEX_POINT('',#1737);
#550=VERTEX_POINT('',#1796);
#551=VERTEX_POINT('',#1797);
#552=VERTEX_POINT('',#1799);
#553=VERTEX_POINT('',#1802);
#554=VERTEX_POINT('',#1804);
#555=VERTEX_POINT('',#1806);
#556=VERTEX_POINT('',#1825);
#557=VERTEX_POINT('',#1827);
#558=VERTEX_POINT('',#1886);
#559=VERTEX_POINT('',#1887);
#560=VERTEX_POINT('',#1889);
#561=VERTEX_POINT('',#1892);
#562=VERTEX_POINT('',#1894);
#563=VERTEX_POINT('',#1896);
#564=VERTEX_POINT('',#1915);
#565=VERTEX_POINT('',#1917);
#566=VERTEX_POINT('',#1976);
#567=VERTEX_POINT('',#1977);
#568=VERTEX_POINT('',#1979);
#569=VERTEX_POINT('',#1982);
#570=VERTEX_POINT('',#1984);
#571=VERTEX_POINT('',#1986);
#572=VERTEX_POINT('',#2005);
#573=VERTEX_POINT('',#2007);
#574=VERTEX_POINT('',#2066);
#575=VERTEX_POINT('',#2067);
#576=VERTEX_POINT('',#2069);
#577=VERTEX_POINT('',#2072);
#578=VERTEX_POINT('',#2074);
#579=VERTEX_POINT('',#2076);
#580=VERTEX_POINT('',#2095);
#581=VERTEX_POINT('',#2097);
#582=VERTEX_POINT('',#2156);
#583=VERTEX_POINT('',#2157);
#584=VERTEX_POINT('',#2159);
#585=VERTEX_POINT('',#2162);
#586=VERTEX_POINT('',#2164);
#587=VERTEX_POINT('',#2166);
#588=VERTEX_POINT('',#2185);
#589=VERTEX_POINT('',#2187);
#590=VERTEX_POINT('',#2246);
#591=VERTEX_POINT('',#2247);
#592=VERTEX_POINT('',#2249);
#593=VERTEX_POINT('',#2252);
#594=VERTEX_POINT('',#2254);
#595=VERTEX_POINT('',#2256);
#596=VERTEX_POINT('',#2275);
#597=VERTEX_POINT('',#2277);
#598=VERTEX_POINT('',#2336);
#599=VERTEX_POINT('',#2337);
#600=VERTEX_POINT('',#2339);
#601=VERTEX_POINT('',#2342);
#602=VERTEX_POINT('',#2344);
#603=VERTEX_POINT('',#2346);
#604=VERTEX_POINT('',#2365);
#605=VERTEX_POINT('',#2367);
#606=VERTEX_POINT('',#2426);
#607=VERTEX_POINT('',#2427);
#608=VERTEX_POINT('',#2429);
#609=VERTEX_POINT('',#2432);
#610=VERTEX_POINT('',#2434);
#611=VERTEX_POINT('',#2436);
#612=VERTEX_POINT('',#2459);
#613=VERTEX_POINT('',#2462);
#614=LINE('',#1252,#698);
#615=LINE('',#1257,#699);
#616=LINE('',#1259,#700);
#617=LINE('',#1261,#701);
#618=LINE('',#1265,#702);
#619=LINE('',#1267,#703);
#620=LINE('',#1286,#704);
#621=LINE('',#1345,#705);
#622=LINE('',#1350,#706);
#623=LINE('',#1351,#707);
#624=LINE('',#1355,#708);
#625=LINE('',#1357,#709);
#626=LINE('',#1376,#710);
#627=LINE('',#1435,#711);
#628=LINE('',#1440,#712);
#629=LINE('',#1441,#713);
#630=LINE('',#1445,#714);
#631=LINE('',#1447,#715);
#632=LINE('',#1466,#716);
#633=LINE('',#1525,#717);
#634=LINE('',#1530,#718);
#635=LINE('',#1531,#719);
#636=LINE('',#1535,#720);
#637=LINE('',#1537,#721);
#638=LINE('',#1556,#722);
#639=LINE('',#1615,#723);
#640=LINE('',#1620,#724);
#641=LINE('',#1621,#725);
#642=LINE('',#1625,#726);
#643=LINE('',#1627,#727);
#644=LINE('',#1646,#728);
#645=LINE('',#1705,#729);
#646=LINE('',#1710,#730);
#647=LINE('',#1711,#731);
#648=LINE('',#1715,#732);
#649=LINE('',#1717,#733);
#650=LINE('',#1736,#734);
#651=LINE('',#1795,#735);
#652=LINE('',#1800,#736);
#653=LINE('',#1801,#737);
#654=LINE('',#1805,#738);
#655=LINE('',#1807,#739);
#656=LINE('',#1826,#740);
#657=LINE('',#1885,#741);
#658=LINE('',#1890,#742);
#659=LINE('',#1891,#743);
#660=LINE('',#1895,#744);
#661=LINE('',#1897,#745);
#662=LINE('',#1916,#746);
#663=LINE('',#1975,#747);
#664=LINE('',#1980,#748);
#665=LINE('',#1981,#749);
#666=LINE('',#1985,#750);
#667=LINE('',#1987,#751);
#668=LINE('',#2006,#752);
#669=LINE('',#2065,#753);
#670=LINE('',#2070,#754);
#671=LINE('',#2071,#755);
#672=LINE('',#2075,#756);
#673=LINE('',#2077,#757);
#674=LINE('',#2096,#758);
#675=LINE('',#2155,#759);
#676=LINE('',#2160,#760);
#677=LINE('',#2161,#761);
#678=LINE('',#2165,#762);
#679=LINE('',#2167,#763);
#680=LINE('',#2186,#764);
#681=LINE('',#2245,#765);
#682=LINE('',#2250,#766);
#683=LINE('',#2251,#767);
#684=LINE('',#2255,#768);
#685=LINE('',#2257,#769);
#686=LINE('',#2276,#770);
#687=LINE('',#2335,#771);
#688=LINE('',#2340,#772);
#689=LINE('',#2341,#773);
#690=LINE('',#2345,#774);
#691=LINE('',#2347,#775);
#692=LINE('',#2366,#776);
#693=LINE('',#2425,#777);
#694=LINE('',#2430,#778);
#695=LINE('',#2431,#779);
#696=LINE('',#2435,#780);
#697=LINE('',#2437,#781);
#698=VECTOR('',#987,1.);
#699=VECTOR('',#990,1.);
#700=VECTOR('',#991,1.);
#701=VECTOR('',#992,1.);
#702=VECTOR('',#995,1.);
#703=VECTOR('',#996,1.);
#704=VECTOR('',#999,1.);
#705=VECTOR('',#1002,1.);
#706=VECTOR('',#1005,1.);
#707=VECTOR('',#1006,1.);
#708=VECTOR('',#1009,1.);
#709=VECTOR('',#1010,1.);
#710=VECTOR('',#1013,1.);
#711=VECTOR('',#1016,1.);
#712=VECTOR('',#1019,1.);
#713=VECTOR('',#1020,1.);
#714=VECTOR('',#1023,1.);
#715=VECTOR('',#1024,1.);
#716=VECTOR('',#1027,1.);
#717=VECTOR('',#1030,1.);
#718=VECTOR('',#1033,1.);
#719=VECTOR('',#1034,1.);
#720=VECTOR('',#1037,1.);
#721=VECTOR('',#1038,1.);
#722=VECTOR('',#1041,1.);
#723=VECTOR('',#1044,1.);
#724=VECTOR('',#1047,1.);
#725=VECTOR('',#1048,1.);
#726=VECTOR('',#1051,1.);
#727=VECTOR('',#1052,1.);
#728=VECTOR('',#1055,1.);
#729=VECTOR('',#1058,1.);
#730=VECTOR('',#1061,1.);
#731=VECTOR('',#1062,1.);
#732=VECTOR('',#1065,1.);
#733=VECTOR('',#1066,1.);
#734=VECTOR('',#1069,1.);
#735=VECTOR('',#1072,1.);
#736=VECTOR('',#1075,1.);
#737=VECTOR('',#1076,1.);
#738=VECTOR('',#1079,1.);
#739=VECTOR('',#1080,1.);
#740=VECTOR('',#1083,1.);
#741=VECTOR('',#1086,1.);
#742=VECTOR('',#1089,1.);
#743=VECTOR('',#1090,1.);
#744=VECTOR('',#1093,1.);
#745=VECTOR('',#1094,1.);
#746=VECTOR('',#1097,1.);
#747=VECTOR('',#1100,1.);
#748=VECTOR('',#1103,1.);
#749=VECTOR('',#1104,1.);
#750=VECTOR('',#1107,1.);
#751=VECTOR('',#1108,1.);
#752=VECTOR('',#1111,1.);
#753=VECTOR('',#1114,1.);
#754=VECTOR('',#1117,1.);
#755=VECTOR('',#1118,1.);
#756=VECTOR('',#1121,1.);
#757=VECTOR('',#1122,1.);
#758=VECTOR('',#1125,1.);
#759=VECTOR('',#1128,1.);
#760=VECTOR('',#1131,1.);
#761=VECTOR('',#1132,1.);
#762=VECTOR('',#1135,1.);
#763=VECTOR('',#1136,1.);
#764=VECTOR('',#1139,1.);
#765=VECTOR('',#1142,1.);
#766=VECTOR('',#1145,1.);
#767=VECTOR('',#1146,1.);
#768=VECTOR('',#1149,1.);
#769=VECTOR('',#1150,1.);
#770=VECTOR('',#1153,1.);
#771=VECTOR('',#1156,1.);
#772=VECTOR('',#1159,1.);
#773=VECTOR('',#1160,1.);
#774=VECTOR('',#1163,1.);
#775=VECTOR('',#1164,1.);
#776=VECTOR('',#1167,1.);
#777=VECTOR('',#1170,1.);
#778=VECTOR('',#1173,1.);
#779=VECTOR('',#1174,1.);
#780=VECTOR('',#1177,1.);
#781=VECTOR('',#1178,1.);
#782=EDGE_LOOP('',(#74,#75,#76,#77,#78,#79,#80,#81));
#783=EDGE_LOOP('',(#82,#83,#84,#85));
#784=EDGE_LOOP('',(#86,#87,#88,#89,#90,#91,#92,#93));
#785=EDGE_LOOP('',(#94,#95,#96,#97));
#786=EDGE_LOOP('',(#98,#99,#100,#101,#102,#103,#104,#105));
#787=EDGE_LOOP('',(#106,#107,#108,#109));
#788=EDGE_LOOP('',(#110,#111,#112,#113,#114,#115,#116,#117));
#789=EDGE_LOOP('',(#118,#119,#120,#121));
#790=EDGE_LOOP('',(#122,#123,#124,#125,#126,#127,#128,#129));
#791=EDGE_LOOP('',(#130,#131,#132,#133));
#792=EDGE_LOOP('',(#134,#135,#136,#137,#138,#139,#140,#141));
#793=EDGE_LOOP('',(#142,#143,#144,#145));
#794=EDGE_LOOP('',(#146,#147,#148,#149,#150,#151,#152,#153));
#795=EDGE_LOOP('',(#154,#155,#156,#157));
#796=EDGE_LOOP('',(#158,#159,#160,#161,#162,#163,#164,#165));
#797=EDGE_LOOP('',(#166,#167,#168,#169));
#798=EDGE_LOOP('',(#170,#171,#172,#173,#174,#175,#176,#177));
#799=EDGE_LOOP('',(#178,#179,#180,#181));
#800=EDGE_LOOP('',(#182,#183,#184,#185,#186,#187,#188,#189));
#801=EDGE_LOOP('',(#190,#191,#192,#193));
#802=EDGE_LOOP('',(#194,#195,#196,#197,#198,#199,#200,#201));
#803=EDGE_LOOP('',(#202,#203,#204,#205));
#804=EDGE_LOOP('',(#206,#207,#208,#209,#210,#211,#212,#213));
#805=EDGE_LOOP('',(#214,#215,#216,#217));
#806=EDGE_LOOP('',(#218,#219,#220,#221,#222,#223,#224,#225));
#807=EDGE_LOOP('',(#226,#227,#228,#229));
#808=EDGE_LOOP('',(#230,#231,#232,#233,#234,#235,#236,#237));
#809=EDGE_LOOP('',(#238,#239,#240,#241));
#810=EDGE_LOOP('',(#242,#243,#244,#245,#246,#247,#248,#249,#250,#251,#252,
#253,#254,#255,#256,#257,#258,#259,#260,#261,#262,#263,#264,#265,#266,#267,
#268,#269,#270,#271,#272,#273,#274,#275,#276,#277,#278,#279,#280,#281,#282,
#283,#284,#285,#286,#287,#288,#289,#290,#291,#292,#293,#294,#295,#296,#297));
#811=EDGE_LOOP('',(#298));
#812=EDGE_LOOP('',(#299,#300,#301,#302,#303,#304,#305,#306,#307,#308,#309,
#310,#311,#312,#313,#314,#315,#316,#317,#318,#319,#320,#321,#322,#323,#324,
#325,#326,#327,#328,#329,#330,#331,#332,#333,#334,#335,#336,#337,#338,#339,
#340,#341,#342,#343,#344,#345,#346,#347,#348,#349,#350,#351,#352,#353,#354));
#813=EDGE_LOOP('',(#355));
#814=EDGE_LOOP('',(#356));
#815=EDGE_LOOP('',(#357));
#816=FACE_BOUND('',#782,.T.);
#817=FACE_BOUND('',#783,.T.);
#818=FACE_BOUND('',#784,.T.);
#819=FACE_BOUND('',#785,.T.);
#820=FACE_BOUND('',#786,.T.);
#821=FACE_BOUND('',#787,.T.);
#822=FACE_BOUND('',#788,.T.);
#823=FACE_BOUND('',#789,.T.);
#824=FACE_BOUND('',#790,.T.);
#825=FACE_BOUND('',#791,.T.);
#826=FACE_BOUND('',#792,.T.);
#827=FACE_BOUND('',#793,.T.);
#828=FACE_BOUND('',#794,.T.);
#829=FACE_BOUND('',#795,.T.);
#830=FACE_BOUND('',#796,.T.);
#831=FACE_BOUND('',#797,.T.);
#832=FACE_BOUND('',#798,.T.);
#833=FACE_BOUND('',#799,.T.);
#834=FACE_BOUND('',#800,.T.);
#835=FACE_BOUND('',#801,.T.);
#836=FACE_BOUND('',#802,.T.);
#837=FACE_BOUND('',#803,.T.);
#838=FACE_BOUND('',#804,.T.);
#839=FACE_BOUND('',#805,.T.);
#840=FACE_BOUND('',#806,.T.);
#841=FACE_BOUND('',#807,.T.);
#842=FACE_BOUND('',#808,.T.);
#843=FACE_BOUND('',#809,.T.);
#844=FACE_BOUND('',#810,.T.);
#845=FACE_BOUND('',#811,.T.);
#846=FACE_BOUND('',#812,.T.);
#847=FACE_BOUND('',#813,.T.);
#848=FACE_BOUND('',#814,.T.);
#849=FACE_BOUND('',#815,.T.);
#850=B_SPLINE_SURFACE_WITH_KNOTS('',3,3,((#1196,#1197,#1198,#1199),(#1200,
#1201,#1202,#1203),(#1204,#1205,#1206,#1207),(#1208,#1209,#1210,#1211),
(#1212,#1213,#1214,#1215),(#1216,#1217,#1218,#1219),(#1220,#1221,#1222,
#1223),(#1224,#1225,#1226,#1227),(#1228,#1229,#1230,#1231),(#1232,#1233,
#1234,#1235),(#1236,#1237,#1238,#1239),(#1240,#1241,#1242,#1243),(#1244,
#1245,#1246,#1247),(#1248,#1249,#1250,#1251)),.UNSPECIFIED.,.F.,.F.,.F.,
(4,2,2,2,2,2,4),(4,4),(0.,0.25,0.375,0.5,0.625,0.75,1.),(-0.00600010385383293,
1.00600026201775),.UNSPECIFIED.);
#851=B_SPLINE_SURFACE_WITH_KNOTS('',3,3,((#1268,#1269,#1270,#1271),(#1272,
#1273,#1274,#1275),(#1276,#1277,#1278,#1279),(#1280,#1281,#1282,#1283)),
 .UNSPECIFIED.,.F.,.F.,.F.,(4,4),(4,4),(0.,1.),(-0.00600001025988983,1.),
 .UNSPECIFIED.);
#852=B_SPLINE_SURFACE_WITH_KNOTS('',3,3,((#1289,#1290,#1291,#1292),(#1293,
#1294,#1295,#1296),(#1297,#1298,#1299,#1300),(#1301,#1302,#1303,#1304),
(#1305,#1306,#1307,#1308),(#1309,#1310,#1311,#1312),(#1313,#1314,#1315,
#1316),(#1317,#1318,#1319,#1320),(#1321,#1322,#1323,#1324),(#1325,#1326,
#1327,#1328),(#1329,#1330,#1331,#1332),(#1333,#1334,#1335,#1336),(#1337,
#1338,#1339,#1340),(#1341,#1342,#1343,#1344)),.UNSPECIFIED.,.F.,.F.,.F.,
(4,2,2,2,2,2,4),(4,4),(0.,0.25,0.375,0.5,0.625,0.75,1.),(-0.00600010385383181,
1.00600026201774),.UNSPECIFIED.);
#853=B_SPLINE_SURFACE_WITH_KNOTS('',3,3,((#1358,#1359,#1360,#1361),(#1362,
#1363,#1364,#1365),(#1366,#1367,#1368,#1369),(#1370,#1371,#1372,#1373)),
 .UNSPECIFIED.,.F.,.F.,.F.,(4,4),(4,4),(0.,1.),(-0.00600001025989004,1.),
 .UNSPECIFIED.);
#854=B_SPLINE_SURFACE_WITH_KNOTS('',3,3,((#1379,#1380,#1381,#1382),(#1383,
#1384,#1385,#1386),(#1387,#1388,#1389,#1390),(#1391,#1392,#1393,#1394),
(#1395,#1396,#1397,#1398),(#1399,#1400,#1401,#1402),(#1403,#1404,#1405,
#1406),(#1407,#1408,#1409,#1410),(#1411,#1412,#1413,#1414),(#1415,#1416,
#1417,#1418),(#1419,#1420,#1421,#1422),(#1423,#1424,#1425,#1426),(#1427,
#1428,#1429,#1430),(#1431,#1432,#1433,#1434)),.UNSPECIFIED.,.F.,.F.,.F.,
(4,2,2,2,2,2,4),(4,4),(0.,0.25,0.375,0.5,0.625,0.75,1.),(-0.00600010385383154,
1.00600026201775),.UNSPECIFIED.);
#855=B_SPLINE_SURFACE_WITH_KNOTS('',3,3,((#1448,#1449,#1450,#1451),(#1452,
#1453,#1454,#1455),(#1456,#1457,#1458,#1459),(#1460,#1461,#1462,#1463)),
 .UNSPECIFIED.,.F.,.F.,.F.,(4,4),(4,4),(0.,1.),(-0.00600001025989005,1.),
 .UNSPECIFIED.);
#856=B_SPLINE_SURFACE_WITH_KNOTS('',3,3,((#1469,#1470,#1471,#1472),(#1473,
#1474,#1475,#1476),(#1477,#1478,#1479,#1480),(#1481,#1482,#1483,#1484),
(#1485,#1486,#1487,#1488),(#1489,#1490,#1491,#1492),(#1493,#1494,#1495,
#1496),(#1497,#1498,#1499,#1500),(#1501,#1502,#1503,#1504),(#1505,#1506,
#1507,#1508),(#1509,#1510,#1511,#1512),(#1513,#1514,#1515,#1516),(#1517,
#1518,#1519,#1520),(#1521,#1522,#1523,#1524)),.UNSPECIFIED.,.F.,.F.,.F.,
(4,2,2,2,2,2,4),(4,4),(0.,0.25,0.375,0.5,0.625,0.75,1.),(-0.00600010385383055,
1.00600026201775),.UNSPECIFIED.);
#857=B_SPLINE_SURFACE_WITH_KNOTS('',3,3,((#1538,#1539,#1540,#1541),(#1542,
#1543,#1544,#1545),(#1546,#1547,#1548,#1549),(#1550,#1551,#1552,#1553)),
 .UNSPECIFIED.,.F.,.F.,.F.,(4,4),(4,4),(0.,1.),(-0.00600001025988996,1.),
 .UNSPECIFIED.);
#858=B_SPLINE_SURFACE_WITH_KNOTS('',3,3,((#1559,#1560,#1561,#1562),(#1563,
#1564,#1565,#1566),(#1567,#1568,#1569,#1570),(#1571,#1572,#1573,#1574),
(#1575,#1576,#1577,#1578),(#1579,#1580,#1581,#1582),(#1583,#1584,#1585,
#1586),(#1587,#1588,#1589,#1590),(#1591,#1592,#1593,#1594),(#1595,#1596,
#1597,#1598),(#1599,#1600,#1601,#1602),(#1603,#1604,#1605,#1606),(#1607,
#1608,#1609,#1610),(#1611,#1612,#1613,#1614)),.UNSPECIFIED.,.F.,.F.,.F.,
(4,2,2,2,2,2,4),(4,4),(0.,0.25,0.375,0.5,0.625,0.75,1.),(-0.00600010385383054,
1.00600026201774),.UNSPECIFIED.);
#859=B_SPLINE_SURFACE_WITH_KNOTS('',3,3,((#1628,#1629,#1630,#1631),(#1632,
#1633,#1634,#1635),(#1636,#1637,#1638,#1639),(#1640,#1641,#1642,#1643)),
 .UNSPECIFIED.,.F.,.F.,.F.,(4,4),(4,4),(0.,1.),(-0.00600001025988995,1.),
 .UNSPECIFIED.);
#860=B_SPLINE_SURFACE_WITH_KNOTS('',3,3,((#1649,#1650,#1651,#1652),(#1653,
#1654,#1655,#1656),(#1657,#1658,#1659,#1660),(#1661,#1662,#1663,#1664),
(#1665,#1666,#1667,#1668),(#1669,#1670,#1671,#1672),(#1673,#1674,#1675,
#1676),(#1677,#1678,#1679,#1680),(#1681,#1682,#1683,#1684),(#1685,#1686,
#1687,#1688),(#1689,#1690,#1691,#1692),(#1693,#1694,#1695,#1696),(#1697,
#1698,#1699,#1700),(#1701,#1702,#1703,#1704)),.UNSPECIFIED.,.F.,.F.,.F.,
(4,2,2,2,2,2,4),(4,4),(0.,0.25,0.375,0.5,0.625,0.75,1.),(-0.00600010385383043,
1.00600026201775),.UNSPECIFIED.);
#861=B_SPLINE_SURFACE_WITH_KNOTS('',3,3,((#1718,#1719,#1720,#1721),(#1722,
#1723,#1724,#1725),(#1726,#1727,#1728,#1729),(#1730,#1731,#1732,#1733)),
 .UNSPECIFIED.,.F.,.F.,.F.,(4,4),(4,4),(0.,1.),(-0.00600001025989005,1.),
 .UNSPECIFIED.);
#862=B_SPLINE_SURFACE_WITH_KNOTS('',3,3,((#1739,#1740,#1741,#1742),(#1743,
#1744,#1745,#1746),(#1747,#1748,#1749,#1750),(#1751,#1752,#1753,#1754),
(#1755,#1756,#1757,#1758),(#1759,#1760,#1761,#1762),(#1763,#1764,#1765,
#1766),(#1767,#1768,#1769,#1770),(#1771,#1772,#1773,#1774),(#1775,#1776,
#1777,#1778),(#1779,#1780,#1781,#1782),(#1783,#1784,#1785,#1786),(#1787,
#1788,#1789,#1790),(#1791,#1792,#1793,#1794)),.UNSPECIFIED.,.F.,.F.,.F.,
(4,2,2,2,2,2,4),(4,4),(0.,0.25,0.375,0.5,0.625,0.75,1.),(-0.00600010385383112,
1.00600026201774),.UNSPECIFIED.);
#863=B_SPLINE_SURFACE_WITH_KNOTS('',3,3,((#1808,#1809,#1810,#1811),(#1812,
#1813,#1814,#1815),(#1816,#1817,#1818,#1819),(#1820,#1821,#1822,#1823)),
 .UNSPECIFIED.,.F.,.F.,.F.,(4,4),(4,4),(0.,1.),(-0.00600001025988996,1.),
 .UNSPECIFIED.);
#864=B_SPLINE_SURFACE_WITH_KNOTS('',3,3,((#1829,#1830,#1831,#1832),(#1833,
#1834,#1835,#1836),(#1837,#1838,#1839,#1840),(#1841,#1842,#1843,#1844),
(#1845,#1846,#1847,#1848),(#1849,#1850,#1851,#1852),(#1853,#1854,#1855,
#1856),(#1857,#1858,#1859,#1860),(#1861,#1862,#1863,#1864),(#1865,#1866,
#1867,#1868),(#1869,#1870,#1871,#1872),(#1873,#1874,#1875,#1876),(#1877,
#1878,#1879,#1880),(#1881,#1882,#1883,#1884)),.UNSPECIFIED.,.F.,.F.,.F.,
(4,2,2,2,2,2,4),(4,4),(0.,0.25,0.375,0.5,0.625,0.75,1.),(-0.0060001038538325,
1.00600026201775),.UNSPECIFIED.);
#865=B_SPLINE_SURFACE_WITH_KNOTS('',3,3,((#1898,#1899,#1900,#1901),(#1902,
#1903,#1904,#1905),(#1906,#1907,#1908,#1909),(#1910,#1911,#1912,#1913)),
 .UNSPECIFIED.,.F.,.F.,.F.,(4,4),(4,4),(0.,1.),(-0.00600001025988992,1.),
 .UNSPECIFIED.);
#866=B_SPLINE_SURFACE_WITH_KNOTS('',3,3,((#1919,#1920,#1921,#1922),(#1923,
#1924,#1925,#1926),(#1927,#1928,#1929,#1930),(#1931,#1932,#1933,#1934),
(#1935,#1936,#1937,#1938),(#1939,#1940,#1941,#1942),(#1943,#1944,#1945,
#1946),(#1947,#1948,#1949,#1950),(#1951,#1952,#1953,#1954),(#1955,#1956,
#1957,#1958),(#1959,#1960,#1961,#1962),(#1963,#1964,#1965,#1966),(#1967,
#1968,#1969,#1970),(#1971,#1972,#1973,#1974)),.UNSPECIFIED.,.F.,.F.,.F.,
(4,2,2,2,2,2,4),(4,4),(0.,0.25,0.375,0.5,0.625,0.75,1.),(-0.00600010385383121,
1.00600026201775),.UNSPECIFIED.);
#867=B_SPLINE_SURFACE_WITH_KNOTS('',3,3,((#1988,#1989,#1990,#1991),(#1992,
#1993,#1994,#1995),(#1996,#1997,#1998,#1999),(#2000,#2001,#2002,#2003)),
 .UNSPECIFIED.,.F.,.F.,.F.,(4,4),(4,4),(0.,1.),(-0.00600001025989004,1.),
 .UNSPECIFIED.);
#868=B_SPLINE_SURFACE_WITH_KNOTS('',3,3,((#2009,#2010,#2011,#2012),(#2013,
#2014,#2015,#2016),(#2017,#2018,#2019,#2020),(#2021,#2022,#2023,#2024),
(#2025,#2026,#2027,#2028),(#2029,#2030,#2031,#2032),(#2033,#2034,#2035,
#2036),(#2037,#2038,#2039,#2040),(#2041,#2042,#2043,#2044),(#2045,#2046,
#2047,#2048),(#2049,#2050,#2051,#2052),(#2053,#2054,#2055,#2056),(#2057,
#2058,#2059,#2060),(#2061,#2062,#2063,#2064)),.UNSPECIFIED.,.F.,.F.,.F.,
(4,2,2,2,2,2,4),(4,4),(0.,0.25,0.375,0.5,0.625,0.75,1.),(-0.00600010385383192,
1.00600026201775),.UNSPECIFIED.);
#869=B_SPLINE_SURFACE_WITH_KNOTS('',3,3,((#2078,#2079,#2080,#2081),(#2082,
#2083,#2084,#2085),(#2086,#2087,#2088,#2089),(#2090,#2091,#2092,#2093)),
 .UNSPECIFIED.,.F.,.F.,.F.,(4,4),(4,4),(0.,1.),(-0.00600001025989003,1.),
 .UNSPECIFIED.);
#870=B_SPLINE_SURFACE_WITH_KNOTS('',3,3,((#2099,#2100,#2101,#2102),(#2103,
#2104,#2105,#2106),(#2107,#2108,#2109,#2110),(#2111,#2112,#2113,#2114),
(#2115,#2116,#2117,#2118),(#2119,#2120,#2121,#2122),(#2123,#2124,#2125,
#2126),(#2127,#2128,#2129,#2130),(#2131,#2132,#2133,#2134),(#2135,#2136,
#2137,#2138),(#2139,#2140,#2141,#2142),(#2143,#2144,#2145,#2146),(#2147,
#2148,#2149,#2150),(#2151,#2152,#2153,#2154)),.UNSPECIFIED.,.F.,.F.,.F.,
(4,2,2,2,2,2,4),(4,4),(0.,0.25,0.375,0.5,0.625,0.75,1.),(-0.00600010385383309,
1.00600026201775),.UNSPECIFIED.);
#871=B_SPLINE_SURFACE_WITH_KNOTS('',3,3,((#2168,#2169,#2170,#2171),(#2172,
#2173,#2174,#2175),(#2176,#2177,#2178,#2179),(#2180,#2181,#2182,#2183)),
 .UNSPECIFIED.,.F.,.F.,.F.,(4,4),(4,4),(0.,1.),(-0.00600001025988996,1.),
 .UNSPECIFIED.);
#872=B_SPLINE_SURFACE_WITH_KNOTS('',3,3,((#2189,#2190,#2191,#2192),(#2193,
#2194,#2195,#2196),(#2197,#2198,#2199,#2200),(#2201,#2202,#2203,#2204),
(#2205,#2206,#2207,#2208),(#2209,#2210,#2211,#2212),(#2213,#2214,#2215,
#2216),(#2217,#2218,#2219,#2220),(#2221,#2222,#2223,#2224),(#2225,#2226,
#2227,#2228),(#2229,#2230,#2231,#2232),(#2233,#2234,#2235,#2236),(#2237,
#2238,#2239,#2240),(#2241,#2242,#2243,#2244)),.UNSPECIFIED.,.F.,.F.,.F.,
(4,2,2,2,2,2,4),(4,4),(0.,0.25,0.375,0.5,0.625,0.75,1.),(-0.00600010385383115,
1.00600026201775),.UNSPECIFIED.);
#873=B_SPLINE_SURFACE_WITH_KNOTS('',3,3,((#2258,#2259,#2260,#2261),(#2262,
#2263,#2264,#2265),(#2266,#2267,#2268,#2269),(#2270,#2271,#2272,#2273)),
 .UNSPECIFIED.,.F.,.F.,.F.,(4,4),(4,4),(0.,1.),(-0.00600001025988992,1.),
 .UNSPECIFIED.);
#874=B_SPLINE_SURFACE_WITH_KNOTS('',3,3,((#2279,#2280,#2281,#2282),(#2283,
#2284,#2285,#2286),(#2287,#2288,#2289,#2290),(#2291,#2292,#2293,#2294),
(#2295,#2296,#2297,#2298),(#2299,#2300,#2301,#2302),(#2303,#2304,#2305,
#2306),(#2307,#2308,#2309,#2310),(#2311,#2312,#2313,#2314),(#2315,#2316,
#2317,#2318),(#2319,#2320,#2321,#2322),(#2323,#2324,#2325,#2326),(#2327,
#2328,#2329,#2330),(#2331,#2332,#2333,#2334)),.UNSPECIFIED.,.F.,.F.,.F.,
(4,2,2,2,2,2,4),(4,4),(0.,0.25,0.375,0.5,0.625,0.75,1.),(-0.00600010385383008,
1.00600026201775),.UNSPECIFIED.);
#875=B_SPLINE_SURFACE_WITH_KNOTS('',3,3,((#2348,#2349,#2350,#2351),(#2352,
#2353,#2354,#2355),(#2356,#2357,#2358,#2359),(#2360,#2361,#2362,#2363)),
 .UNSPECIFIED.,.F.,.F.,.F.,(4,4),(4,4),(0.,1.),(-0.00600001025989005,1.),
 .UNSPECIFIED.);
#876=B_SPLINE_SURFACE_WITH_KNOTS('',3,3,((#2369,#2370,#2371,#2372),(#2373,
#2374,#2375,#2376),(#2377,#2378,#2379,#2380),(#2381,#2382,#2383,#2384),
(#2385,#2386,#2387,#2388),(#2389,#2390,#2391,#2392),(#2393,#2394,#2395,
#2396),(#2397,#2398,#2399,#2400),(#2401,#2402,#2403,#2404),(#2405,#2406,
#2407,#2408),(#2409,#2410,#2411,#2412),(#2413,#2414,#2415,#2416),(#2417,
#2418,#2419,#2420),(#2421,#2422,#2423,#2424)),.UNSPECIFIED.,.F.,.F.,.F.,
(4,2,2,2,2,2,4),(4,4),(0.,0.25,0.375,0.5,0.625,0.75,1.),(-0.00600010385383208,
1.00600026201774),.UNSPECIFIED.);
#877=B_SPLINE_SURFACE_WITH_KNOTS('',3,3,((#2438,#2439,#2440,#2441),(#2442,
#2443,#2444,#2445),(#2446,#2447,#2448,#2449),(#2450,#2451,#2452,#2453)),
 .UNSPECIFIED.,.F.,.F.,.F.,(4,4),(4,4),(0.,1.),(-0.00600001025988999,1.),
 .UNSPECIFIED.);
#878=ADVANCED_FACE('',(#816),#850,.T.);
#879=ADVANCED_FACE('',(#817),#851,.T.);
#880=ADVANCED_FACE('',(#818),#852,.T.);
#881=ADVANCED_FACE('',(#819),#853,.T.);
#882=ADVANCED_FACE('',(#820),#854,.T.);
#883=ADVANCED_FACE('',(#821),#855,.T.);
#884=ADVANCED_FACE('',(#822),#856,.T.);
#885=ADVANCED_FACE('',(#823),#857,.T.);
#886=ADVANCED_FACE('',(#824),#858,.T.);
#887=ADVANCED_FACE('',(#825),#859,.T.);
#888=ADVANCED_FACE('',(#826),#860,.T.);
#889=ADVANCED_FACE('',(#827),#861,.T.);
#890=ADVANCED_FACE('',(#828),#862,.T.);
#891=ADVANCED_FACE('',(#829),#863,.T.);
#892=ADVANCED_FACE('',(#830),#864,.T.);
#893=ADVANCED_FACE('',(#831),#865,.T.);
#894=ADVANCED_FACE('',(#832),#866,.T.);
#895=ADVANCED_FACE('',(#833),#867,.T.);
#896=ADVANCED_FACE('',(#834),#868,.T.);
#897=ADVANCED_FACE('',(#835),#869,.T.);
#898=ADVANCED_FACE('',(#836),#870,.T.);
#899=ADVANCED_FACE('',(#837),#871,.T.);
#900=ADVANCED_FACE('',(#838),#872,.T.);
#901=ADVANCED_FACE('',(#839),#873,.T.);
#902=ADVANCED_FACE('',(#840),#874,.T.);
#903=ADVANCED_FACE('',(#841),#875,.T.);
#904=ADVANCED_FACE('',(#842),#876,.T.);
#905=ADVANCED_FACE('',(#843),#877,.T.);
#906=ADVANCED_FACE('',(#844),#13,.T.);
#907=ADVANCED_FACE('',(#845,#846),#14,.F.);
#908=ADVANCED_FACE('',(#847,#848),#12,.F.);
#909=ADVANCED_FACE('',(#849),#15,.T.);
#910=CLOSED_SHELL('',(#878,#879,#880,#881,#882,#883,#884,#885,#886,#887,
#888,#889,#890,#891,#892,#893,#894,#895,#896,#897,#898,#899,#900,#901,#902,
#903,#904,#905,#906,#907,#908,#909));
#911=STYLED_ITEM('',(#912),#919);
#912=PRESENTATION_STYLE_ASSIGNMENT((#913));
#913=SURFACE_STYLE_USAGE(.BOTH.,#914);
#914=SURFACE_SIDE_STYLE('',(#915));
#915=SURFACE_STYLE_FILL_AREA(#916);
#916=FILL_AREA_STYLE('',(#917));
#917=FILL_AREA_STYLE_COLOUR('',#918);
#918=COLOUR_RGB('',0.615686274509804,0.811764705882353,0.929411764705882);
#919=MANIFOLD_SOLID_BREP('Part 1',#910);
#920=SHAPE_DEFINITION_REPRESENTATION(#2470,#921);
#921=SHAPE_REPRESENTATION('Part 1',(#922),#2465);
#922=AXIS2_PLACEMENT_3D('',#1195,#985,#986);
#923=AXIS2_PLACEMENT_3D('',#1255,#988,#989);
#924=AXIS2_PLACEMENT_3D('',#1263,#993,#994);
#925=AXIS2_PLACEMENT_3D('',#1284,#997,#998);
#926=AXIS2_PLACEMENT_3D('',#1288,#1000,#1001);
#927=AXIS2_PLACEMENT_3D('',#1348,#1003,#1004);
#928=AXIS2_PLACEMENT_3D('',#1353,#1007,#1008);
#929=AXIS2_PLACEMENT_3D('',#1374,#1011,#1012);
#930=AXIS2_PLACEMENT_3D('',#1378,#1014,#1015);
#931=AXIS2_PLACEMENT_3D('',#1438,#1017,#1018);
#932=AXIS2_PLACEMENT_3D('',#1443,#1021,#1022);
#933=AXIS2_PLACEMENT_3D('',#1464,#1025,#1026);
#934=AXIS2_PLACEMENT_3D('',#1468,#1028,#1029);
#935=AXIS2_PLACEMENT_3D('',#1528,#1031,#1032);
#936=AXIS2_PLACEMENT_3D('',#1533,#1035,#1036);
#937=AXIS2_PLACEMENT_3D('',#1554,#1039,#1040);
#938=AXIS2_PLACEMENT_3D('',#1558,#1042,#1043);
#939=AXIS2_PLACEMENT_3D('',#1618,#1045,#1046);
#940=AXIS2_PLACEMENT_3D('',#1623,#1049,#1050);
#941=AXIS2_PLACEMENT_3D('',#1644,#1053,#1054);
#942=AXIS2_PLACEMENT_3D('',#1648,#1056,#1057);
#943=AXIS2_PLACEMENT_3D('',#1708,#1059,#1060);
#944=AXIS2_PLACEMENT_3D('',#1713,#1063,#1064);
#945=AXIS2_PLACEMENT_3D('',#1734,#1067,#1068);
#946=AXIS2_PLACEMENT_3D('',#1738,#1070,#1071);
#947=AXIS2_PLACEMENT_3D('',#1798,#1073,#1074);
#948=AXIS2_PLACEMENT_3D('',#1803,#1077,#1078);
#949=AXIS2_PLACEMENT_3D('',#1824,#1081,#1082);
#950=AXIS2_PLACEMENT_3D('',#1828,#1084,#1085);
#951=AXIS2_PLACEMENT_3D('',#1888,#1087,#1088);
#952=AXIS2_PLACEMENT_3D('',#1893,#1091,#1092);
#953=AXIS2_PLACEMENT_3D('',#1914,#1095,#1096);
#954=AXIS2_PLACEMENT_3D('',#1918,#1098,#1099);
#955=AXIS2_PLACEMENT_3D('',#1978,#1101,#1102);
#956=AXIS2_PLACEMENT_3D('',#1983,#1105,#1106);
#957=AXIS2_PLACEMENT_3D('',#2004,#1109,#1110);
#958=AXIS2_PLACEMENT_3D('',#2008,#1112,#1113);
#959=AXIS2_PLACEMENT_3D('',#2068,#1115,#1116);
#960=AXIS2_PLACEMENT_3D('',#2073,#1119,#1120);
#961=AXIS2_PLACEMENT_3D('',#2094,#1123,#1124);
#962=AXIS2_PLACEMENT_3D('',#2098,#1126,#1127);
#963=AXIS2_PLACEMENT_3D('',#2158,#1129,#1130);
#964=AXIS2_PLACEMENT_3D('',#2163,#1133,#1134);
#965=AXIS2_PLACEMENT_3D('',#2184,#1137,#1138);
#966=AXIS2_PLACEMENT_3D('',#2188,#1140,#1141);
#967=AXIS2_PLACEMENT_3D('',#2248,#1143,#1144);
#968=AXIS2_PLACEMENT_3D('',#2253,#1147,#1148);
#969=AXIS2_PLACEMENT_3D('',#2274,#1151,#1152);
#970=AXIS2_PLACEMENT_3D('',#2278,#1154,#1155);
#971=AXIS2_PLACEMENT_3D('',#2338,#1157,#1158);
#972=AXIS2_PLACEMENT_3D('',#2343,#1161,#1162);
#973=AXIS2_PLACEMENT_3D('',#2364,#1165,#1166);
#974=AXIS2_PLACEMENT_3D('',#2368,#1168,#1169);
#975=AXIS2_PLACEMENT_3D('',#2428,#1171,#1172);
#976=AXIS2_PLACEMENT_3D('',#2433,#1175,#1176);
#977=AXIS2_PLACEMENT_3D('',#2454,#1179,#1180);
#978=AXIS2_PLACEMENT_3D('',#2455,#1181,#1182);
#979=AXIS2_PLACEMENT_3D('',#2456,#1183,#1184);
#980=AXIS2_PLACEMENT_3D('',#2457,#1185,#1186);
#981=AXIS2_PLACEMENT_3D('',#2458,#1187,#1188);
#982=AXIS2_PLACEMENT_3D('',#2460,#1189,#1190);
#983=AXIS2_PLACEMENT_3D('',#2461,#1191,#1192);
#984=AXIS2_PLACEMENT_3D('',#2463,#1193,#1194);
#985=DIRECTION('',(0.,0.,1.));
#986=DIRECTION('',(1.,0.,0.));
#987=DIRECTION('',(0.55470019622523,-0.832050294337843,0.));
#988=DIRECTION('',(0.,0.,1.));
#989=DIRECTION('',(1.,0.,0.));
#990=DIRECTION('',(-0.554700196225229,-0.832050294337844,0.));
#991=DIRECTION('',(0.106126051228747,-0.517611805592335,0.849008409829983));
#992=DIRECTION('',(-0.447213595499958,-0.894427190999916,0.));
#993=DIRECTION('',(0.,0.,1.));
#994=DIRECTION('',(1.,0.,0.));
#995=DIRECTION('',(0.447213595499958,-0.894427190999916,0.));
#996=DIRECTION('',(-0.106126051228748,-0.517611805592335,0.849008409829983));
#997=DIRECTION('',(0.,0.,1.));
#998=DIRECTION('',(1.,0.,0.));
#999=DIRECTION('',(-0.128967077391273,-0.512398490422364,0.849008409829983));
#1000=DIRECTION('',(0.,0.,1.));
#1001=DIRECTION('',(1.,0.,0.));
#1002=DIRECTION('',(0.138754514977127,-0.990326806954887,0.));
#1003=DIRECTION('',(0.,0.,1.));
#1004=DIRECTION('',(1.,0.,0.));
#1005=DIRECTION('',(-0.860780700659463,-0.508976016499997,0.));
#1006=DIRECTION('',(-0.791002940847626,-0.611812346696606,0.));
#1007=DIRECTION('',(0.,0.,1.));
#1008=DIRECTION('',(1.,0.,0.));
#1009=DIRECTION('',(0.0148481128487101,-0.999889760696064,0.));
#1010=DIRECTION('',(-0.320199613852311,-0.420305754572543,0.849008409829983));
#1011=DIRECTION('',(0.,0.,1.));
#1012=DIRECTION('',(1.,0.,0.));
#1013=DIRECTION('',(-0.338516694656548,-0.405698370069156,0.849008409829983));
#1014=DIRECTION('',(0.,0.,1.));
#1015=DIRECTION('',(1.,0.,0.));
#1016=DIRECTION('',(-0.304673199674648,-0.952456949893281,0.));
#1017=DIRECTION('',(0.,0.,1.));
#1018=DIRECTION('',(1.,0.,0.));
#1019=DIRECTION('',(-0.996373030545586,-0.0850927964131249,0.));
#1020=DIRECTION('',(-0.97812445274598,-0.208020563744011,0.));
#1021=DIRECTION('',(0.,0.,1.));
#1022=DIRECTION('',(1.,0.,0.));
#1023=DIRECTION('',(-0.420458220652379,-0.907311900443191,0.));
#1024=DIRECTION('',(-0.470853715961871,-0.239752994147856,0.849008409829983));
#1025=DIRECTION('',(0.,0.,1.));
#1026=DIRECTION('',(1.,0.,0.));
#1027=DIRECTION('',(-0.481018928910283,-0.218644711959763,0.849008409829983));
#1028=DIRECTION('',(0.,0.,1.));
#1029=DIRECTION('',(1.,0.,0.));
#1030=DIRECTION('',(-0.687756650559277,-0.725941312787393,0.));
#1031=DIRECTION('',(0.,0.,1.));
#1032=DIRECTION('',(1.,0.,0.));
#1033=DIRECTION('',(-0.934621462018854,0.355644095598029,0.));
#1034=DIRECTION('',(-0.971516420868813,0.236972243062877,0.));
#1035=DIRECTION('',(0.,0.,1.));
#1036=DIRECTION('',(1.,0.,0.));
#1037=DIRECTION('',(-0.772487646971589,-0.635029790857325,0.));
#1038=DIRECTION('',(-0.528249464983316,-0.0117142128546752,0.849008409829983));
#1039=DIRECTION('',(0.,0.,1.));
#1040=DIRECTION('',(1.,0.,0.));
#1041=DIRECTION('',(-0.528249464983316,0.0117142128546766,0.849008409829983));
#1042=DIRECTION('',(0.,0.,1.));
#1043=DIRECTION('',(1.,0.,0.));
#1044=DIRECTION('',(-0.934621462018855,-0.355644095598028,0.));
#1045=DIRECTION('',(0.,0.,1.));
#1046=DIRECTION('',(1.,0.,0.));
#1047=DIRECTION('',(-0.687756650559277,0.725941312787394,0.));
#1048=DIRECTION('',(-0.772487646971589,0.635029790857325,0.));
#1049=DIRECTION('',(0.,0.,1.));
#1050=DIRECTION('',(1.,0.,0.));
#1051=DIRECTION('',(-0.971516420868813,-0.236972243062877,0.));
#1052=DIRECTION('',(-0.481018928910282,0.218644711959765,0.849008409829983));
#1053=DIRECTION('',(0.,0.,1.));
#1054=DIRECTION('',(1.,0.,0.));
#1055=DIRECTION('',(-0.47085371596187,0.239752994147856,0.849008409829983));
#1056=DIRECTION('',(0.,0.,1.));
#1057=DIRECTION('',(1.,0.,0.));
#1058=DIRECTION('',(-0.996373030545586,0.085092796413125,0.));
#1059=DIRECTION('',(0.,0.,1.));
#1060=DIRECTION('',(1.,0.,0.));
#1061=DIRECTION('',(-0.304673199674648,0.952456949893281,0.));
#1062=DIRECTION('',(-0.420458220652379,0.907311900443191,0.));
#1063=DIRECTION('',(0.,0.,1.));
#1064=DIRECTION('',(1.,0.,0.));
#1065=DIRECTION('',(-0.97812445274598,0.208020563744011,0.));
#1066=DIRECTION('',(-0.338516694656546,0.405698370069156,0.849008409829983));
#1067=DIRECTION('',(0.,0.,1.));
#1068=DIRECTION('',(1.,0.,0.));
#1069=DIRECTION('',(-0.320199613852312,0.420305754572542,0.849008409829983));
#1070=DIRECTION('',(0.,0.,1.));
#1071=DIRECTION('',(1.,0.,0.));
#1072=DIRECTION('',(-0.860780700659463,0.508976016499996,0.));
#1073=DIRECTION('',(0.,0.,1.));
#1074=DIRECTION('',(1.,0.,0.));
#1075=DIRECTION('',(0.138754514977126,0.990326806954887,0.));
#1076=DIRECTION('',(0.0148481128487093,0.999889760696064,0.));
#1077=DIRECTION('',(0.,0.,1.));
#1078=DIRECTION('',(1.,0.,0.));
#1079=DIRECTION('',(-0.791002940847625,0.611812346696606,0.));
#1080=DIRECTION('',(-0.128967077391274,0.512398490422364,0.849008409829983));
#1081=DIRECTION('',(0.,0.,1.));
#1082=DIRECTION('',(1.,0.,0.));
#1083=DIRECTION('',(-0.106126051228747,0.517611805592335,0.849008409829983));
#1084=DIRECTION('',(0.,0.,1.));
#1085=DIRECTION('',(1.,0.,0.));
#1086=DIRECTION('',(-0.55470019622523,0.832050294337843,0.));
#1087=DIRECTION('',(0.,0.,1.));
#1088=DIRECTION('',(1.,0.,0.));
#1089=DIRECTION('',(0.55470019622523,0.832050294337844,0.));
#1090=DIRECTION('',(0.447213595499958,0.894427190999916,0.));
#1091=DIRECTION('',(0.,0.,1.));
#1092=DIRECTION('',(1.,0.,0.));
#1093=DIRECTION('',(-0.447213595499958,0.894427190999916,0.));
#1094=DIRECTION('',(0.106126051228748,0.517611805592335,0.849008409829983));
#1095=DIRECTION('',(0.,0.,1.));
#1096=DIRECTION('',(1.,0.,0.));
#1097=DIRECTION('',(0.128967077391274,0.512398490422364,0.849008409829983));
#1098=DIRECTION('',(0.,0.,1.));
#1099=DIRECTION('',(1.,0.,0.));
#1100=DIRECTION('',(-0.138754514977126,0.990326806954887,0.));
#1101=DIRECTION('',(0.,0.,1.));
#1102=DIRECTION('',(1.,0.,0.));
#1103=DIRECTION('',(0.860780700659463,0.508976016499996,0.));
#1104=DIRECTION('',(0.791002940847625,0.611812346696606,0.));
#1105=DIRECTION('',(0.,0.,1.));
#1106=DIRECTION('',(1.,0.,0.));
#1107=DIRECTION('',(-0.0148481128487093,0.999889760696064,0.));
#1108=DIRECTION('',(0.320199613852312,0.420305754572542,0.849008409829983));
#1109=DIRECTION('',(0.,0.,1.));
#1110=DIRECTION('',(1.,0.,0.));
#1111=DIRECTION('',(0.338516694656546,0.405698370069156,0.849008409829983));
#1112=DIRECTION('',(0.,0.,1.));
#1113=DIRECTION('',(1.,0.,0.));
#1114=DIRECTION('',(0.304673199674648,0.952456949893281,0.));
#1115=DIRECTION('',(0.,0.,1.));
#1116=DIRECTION('',(1.,0.,0.));
#1117=DIRECTION('',(0.996373030545586,0.0850927964131249,0.));
#1118=DIRECTION('',(0.97812445274598,0.208020563744011,0.));
#1119=DIRECTION('',(0.,0.,1.));
#1120=DIRECTION('',(1.,0.,0.));
#1121=DIRECTION('',(0.420458220652379,0.907311900443191,0.));
#1122=DIRECTION('',(0.470853715961871,0.239752994147856,0.849008409829983));
#1123=DIRECTION('',(0.,0.,1.));
#1124=DIRECTION('',(1.,0.,0.));
#1125=DIRECTION('',(0.481018928910283,0.218644711959764,0.849008409829983));
#1126=DIRECTION('',(0.,0.,1.));
#1127=DIRECTION('',(1.,0.,0.));
#1128=DIRECTION('',(0.687756650559277,0.725941312787394,0.));
#1129=DIRECTION('',(0.,0.,1.));
#1130=DIRECTION('',(1.,0.,0.));
#1131=DIRECTION('',(0.934621462018855,-0.355644095598028,0.));
#1132=DIRECTION('',(0.971516420868813,-0.236972243062877,0.));
#1133=DIRECTION('',(0.,0.,1.));
#1134=DIRECTION('',(1.,0.,0.));
#1135=DIRECTION('',(0.772487646971589,0.635029790857325,0.));
#1136=DIRECTION('',(0.528249464983316,0.0117142128546756,0.849008409829983));
#1137=DIRECTION('',(0.,0.,1.));
#1138=DIRECTION('',(1.,0.,0.));
#1139=DIRECTION('',(0.528249464983316,-0.0117142128546767,0.849008409829983));
#1140=DIRECTION('',(0.,0.,1.));
#1141=DIRECTION('',(1.,0.,0.));
#1142=DIRECTION('',(0.934621462018855,0.355644095598028,0.));
#1143=DIRECTION('',(0.,0.,1.));
#1144=DIRECTION('',(1.,0.,0.));
#1145=DIRECTION('',(0.687756650559277,-0.725941312787394,0.));
#1146=DIRECTION('',(0.772487646971589,-0.635029790857325,0.));
#1147=DIRECTION('',(0.,0.,1.));
#1148=DIRECTION('',(1.,0.,0.));
#1149=DIRECTION('',(0.971516420868813,0.236972243062877,0.));
#1150=DIRECTION('',(0.481018928910282,-0.218644711959764,0.849008409829983));
#1151=DIRECTION('',(0.,0.,1.));
#1152=DIRECTION('',(1.,0.,0.));
#1153=DIRECTION('',(0.470853715961871,-0.239752994147857,0.849008409829983));
#1154=DIRECTION('',(0.,0.,1.));
#1155=DIRECTION('',(1.,0.,0.));
#1156=DIRECTION('',(0.996373030545586,-0.085092796413125,0.));
#1157=DIRECTION('',(0.,0.,1.));
#1158=DIRECTION('',(1.,0.,0.));
#1159=DIRECTION('',(0.304673199674648,-0.952456949893281,0.));
#1160=DIRECTION('',(0.420458220652379,-0.907311900443191,0.));
#1161=DIRECTION('',(0.,0.,1.));
#1162=DIRECTION('',(1.,0.,0.));
#1163=DIRECTION('',(0.978124452745981,-0.208020563744011,0.));
#1164=DIRECTION('',(0.338516694656547,-0.405698370069155,0.849008409829983));
#1165=DIRECTION('',(0.,0.,1.));
#1166=DIRECTION('',(1.,0.,0.));
#1167=DIRECTION('',(0.320199613852311,-0.420305754572542,0.849008409829983));
#1168=DIRECTION('',(0.,0.,1.));
#1169=DIRECTION('',(1.,0.,0.));
#1170=DIRECTION('',(0.860780700659463,-0.508976016499996,0.));
#1171=DIRECTION('',(0.,0.,1.));
#1172=DIRECTION('',(1.,0.,0.));
#1173=DIRECTION('',(-0.138754514977126,-0.990326806954887,0.));
#1174=DIRECTION('',(-0.01484811284871,-0.999889760696064,0.));
#1175=DIRECTION('',(0.,0.,1.));
#1176=DIRECTION('',(1.,0.,0.));
#1177=DIRECTION('',(0.791002940847626,-0.611812346696606,0.));
#1178=DIRECTION('',(0.128967077391273,-0.512398490422364,0.849008409829983));
#1179=DIRECTION('',(0.,0.,1.));
#1180=DIRECTION('',(1.,0.,0.));
#1181=DIRECTION('',(0.,0.,1.));
#1182=DIRECTION('',(1.,0.,0.));
#1183=DIRECTION('',(0.,0.,1.));
#1184=DIRECTION('',(1.,0.,0.));
#1185=DIRECTION('',(0.,0.,1.));
#1186=DIRECTION('',(1.,0.,0.));
#1187=DIRECTION('',(0.,0.,-1.));
#1188=DIRECTION('',(-1.,0.,0.));
#1189=DIRECTION('',(0.,0.,-1.));
#1190=DIRECTION('',(-1.,0.,0.));
#1191=DIRECTION('',(0.,0.,-1.));
#1192=DIRECTION('',(-1.,0.,0.));
#1193=DIRECTION('',(0.,0.,-1.));
#1194=DIRECTION('',(1.,0.,0.));
#1195=CARTESIAN_POINT('',(0.,0.,0.));
#1196=CARTESIAN_POINT('',(0.0020052500908721,0.0125671374343221,-4.20007269768305E-5));
#1197=CARTESIAN_POINT('',(0.00171008331749289,0.0111275115860903,0.00231933346005685));
#1198=CARTESIAN_POINT('',(0.00141491654411368,0.00968788573785851,0.00468066764709053));
#1199=CARTESIAN_POINT('',(0.00111974977073447,0.00824825988962672,0.00704200183412422));
#1200=CARTESIAN_POINT('',(0.00169022695850592,0.0130392749321264,-4.20007269768305E-5));
#1201=CARTESIAN_POINT('',(0.00145629833143086,0.0115301229945362,0.00231933346005685));
#1202=CARTESIAN_POINT('',(0.0012223697043558,0.0100209710569461,0.00468066764709053));
#1203=CARTESIAN_POINT('',(0.000988441077280732,0.00851181911935593,0.00704200183412422));
#1204=CARTESIAN_POINT('',(0.00134759603912331,0.013552860028957,-4.20007269768305E-5));
#1205=CARTESIAN_POINT('',(0.00118817772170553,0.0119522543732165,0.00231933346005685));
#1206=CARTESIAN_POINT('',(0.00102875940428776,0.0103516487174761,0.00468066764709053));
#1207=CARTESIAN_POINT('',(0.000869341086869989,0.00875104306173569,0.00704200183412422));
#1208=CARTESIAN_POINT('',(0.000884527903505536,0.0142468541150034,-4.20007269768305E-5));
#1209=CARTESIAN_POINT('',(0.000812415851512611,0.0125494781921949,0.00231933346005685));
#1210=CARTESIAN_POINT('',(0.000740303799519686,0.0108521022693864,0.00468066764709053));
#1211=CARTESIAN_POINT('',(0.000668191747526761,0.00915472634657792,0.00704200183412422));
#1212=CARTESIAN_POINT('',(0.00076060203332343,0.014486559569505,-4.20007269768306E-5));
#1213=CARTESIAN_POINT('',(0.000712915126256998,0.0127607318452068,0.00231933346005685));
#1214=CARTESIAN_POINT('',(0.000665228219190566,0.0110349041209086,0.00468066764709054));
#1215=CARTESIAN_POINT('',(0.000617541312124133,0.00930907639661043,0.00704200183412422));
#1216=CARTESIAN_POINT('',(0.000415130336796866,0.0147958223648201,-4.20007269768305E-5));
#1217=CARTESIAN_POINT('',(0.000405648766481092,0.0130575257424057,0.00231933346005685));
#1218=CARTESIAN_POINT('',(0.000396167196165318,0.0113192291199912,0.00468066764709053));
#1219=CARTESIAN_POINT('',(0.000386685625849545,0.00958093249757682,0.00704200183412421));
#1220=CARTESIAN_POINT('',(0.000205848340727953,0.0148658511361897,-4.20007269768305E-5));
#1221=CARTESIAN_POINT('',(0.000202667868592553,0.0131363336326215,0.00231933346005685));
#1222=CARTESIAN_POINT('',(0.000199487396457154,0.0114068161290532,0.00468066764709053));
#1223=CARTESIAN_POINT('',(0.000196306924321755,0.00967729862548502,0.00704200183412422));
#1224=CARTESIAN_POINT('',(-0.000205848340727947,0.0148658511361897,-4.20007269768305E-5));
#1225=CARTESIAN_POINT('',(-0.000202667868592548,0.0131363336326215,0.00231933346005685));
#1226=CARTESIAN_POINT('',(-0.00019948739645715,0.0114068161290532,0.00468066764709053));
#1227=CARTESIAN_POINT('',(-0.000196306924321751,0.00967729862548502,0.00704200183412422));
#1228=CARTESIAN_POINT('',(-0.000415130336796869,0.0147958223648201,-4.20007269768305E-5));
#1229=CARTESIAN_POINT('',(-0.000405648766481095,0.0130575257424057,0.00231933346005685));
#1230=CARTESIAN_POINT('',(-0.000396167196165321,0.0113192291199912,0.00468066764709053));
#1231=CARTESIAN_POINT('',(-0.000386685625849546,0.00958093249757682,0.00704200183412422));
#1232=CARTESIAN_POINT('',(-0.000760602033323425,0.014486559569505,-4.20007269768305E-5));
#1233=CARTESIAN_POINT('',(-0.000712915126256993,0.0127607318452068,0.00231933346005685));
#1234=CARTESIAN_POINT('',(-0.000665228219190562,0.0110349041209086,0.00468066764709053));
#1235=CARTESIAN_POINT('',(-0.000617541312124131,0.00930907639661043,0.00704200183412422));
#1236=CARTESIAN_POINT('',(-0.000884527903505534,0.0142468541150034,-4.20007269768305E-5));
#1237=CARTESIAN_POINT('',(-0.000812415851512609,0.0125494781921949,0.00231933346005685));
#1238=CARTESIAN_POINT('',(-0.000740303799519684,0.0108521022693864,0.00468066764709054));
#1239=CARTESIAN_POINT('',(-0.000668191747526759,0.00915472634657792,0.00704200183412422));
#1240=CARTESIAN_POINT('',(-0.0013475960391233,0.013552860028957,-4.20007269768305E-5));
#1241=CARTESIAN_POINT('',(-0.00118817772170553,0.0119522543732165,0.00231933346005685));
#1242=CARTESIAN_POINT('',(-0.00102875940428776,0.0103516487174761,0.00468066764709054));
#1243=CARTESIAN_POINT('',(-0.000869341086869987,0.00875104306173568,0.00704200183412422));
#1244=CARTESIAN_POINT('',(-0.00169022695850592,0.0130392749321264,-4.20007269768305E-5));
#1245=CARTESIAN_POINT('',(-0.00145629833143086,0.0115301229945362,0.00231933346005685));
#1246=CARTESIAN_POINT('',(-0.00122236970435579,0.0100209710569461,0.00468066764709053));
#1247=CARTESIAN_POINT('',(-0.000988441077280733,0.00851181911935592,0.00704200183412422));
#1248=CARTESIAN_POINT('',(-0.0020052500908721,0.0125671374343221,-4.20007269768305E-5));
#1249=CARTESIAN_POINT('',(-0.00171008331749289,0.0111275115860903,0.00231933346005685));
#1250=CARTESIAN_POINT('',(-0.00141491654411368,0.00968788573785851,0.00468066764709053));
#1251=CARTESIAN_POINT('',(-0.00111974977073447,0.00824825988962672,0.00704200183412422));
#1252=CARTESIAN_POINT('',(0.00136610212950865,0.0134923778127553,0.));
#1253=CARTESIAN_POINT('',(0.002,0.0125415310070182,2.16840434497101E-19));
#1254=CARTESIAN_POINT('',(0.000732204259017307,0.0144432246184923,-2.16840434497101E-19));
#1255=CARTESIAN_POINT('',(1.89735380184964E-18,0.0139550884458141,0.));
#1256=CARTESIAN_POINT('',(-0.000732204259017303,0.0144432246184923,-2.16840434497101E-19));
#1257=CARTESIAN_POINT('',(-0.00136610212950865,0.0134923778127553,0.));
#1258=CARTESIAN_POINT('',(-0.002,0.0125415310070182,-2.16840434497101E-19));
#1259=CARTESIAN_POINT('',(-0.0015625,0.0104076989994696,0.0035));
#1260=CARTESIAN_POINT('',(-0.001125,0.00827386699192101,0.007));
#1261=CARTESIAN_POINT('',(-0.000857660973029971,0.00880854504586106,0.007));
#1262=CARTESIAN_POINT('',(-0.000590321946059944,0.00934322309980112,0.007));
#1263=CARTESIAN_POINT('',(1.62630325872825E-18,0.00904806212677115,0.007));
#1264=CARTESIAN_POINT('',(0.000590321946059946,0.00934322309980112,0.007));
#1265=CARTESIAN_POINT('',(0.000857660973029974,0.00880854504586106,0.007));
#1266=CARTESIAN_POINT('',(0.001125,0.00827386699192101,0.007));
#1267=CARTESIAN_POINT('',(0.0015625,0.0104076989994696,0.0035));
#1268=CARTESIAN_POINT('',(0.00364600857625312,0.0121926445988642,-4.20000718192288E-5));
#1269=CARTESIAN_POINT('',(0.00328944117451068,0.0107759683270406,0.00230533328545385));
#1270=CARTESIAN_POINT('',(0.00293287377276825,0.00935929205521707,0.00465266664272692));
#1271=CARTESIAN_POINT('',(0.00257630637102581,0.00794261578339352,0.007));
#1272=CARTESIAN_POINT('',(0.00310814232599531,0.0123534660912087,-4.20000718192288E-5));
#1273=CARTESIAN_POINT('',(0.002773321004774,0.0109342839793652,0.00230533328545385));
#1274=CARTESIAN_POINT('',(0.00243849968355268,0.00951510186752164,0.00465266664272692));
#1275=CARTESIAN_POINT('',(0.00210367836233137,0.00809591975567812,0.007));
#1276=CARTESIAN_POINT('',(0.00255962858598398,0.0124786607729796,-4.20000718192288E-5));
#1277=CARTESIAN_POINT('',(0.00224553213153893,0.0110547483455368,0.00230533328545385));
#1278=CARTESIAN_POINT('',(0.00193143567709388,0.00963083591809399,0.00465266664272692));
#1279=CARTESIAN_POINT('',(0.00161733922264883,0.00820692349065119,0.007));
#1280=CARTESIAN_POINT('',(0.0020052500089774,0.0125671370348946,-4.20000718192288E-5));
#1281=CARTESIAN_POINT('',(0.00171183333931827,0.0111360470205701,0.00230533328545385));
#1282=CARTESIAN_POINT('',(0.00141841666965913,0.00970495700624554,0.00465266664272692));
#1283=CARTESIAN_POINT('',(0.001125,0.00827386699192101,0.007));
#1284=CARTESIAN_POINT('',(-5.61616725347491E-17,-1.43982048506075E-16,0.007));
#1285=CARTESIAN_POINT('',(0.00257630637102581,0.00794261578339352,0.007));
#1286=CARTESIAN_POINT('',(0.00310796750140242,0.0100549561273925,0.0035));
#1287=CARTESIAN_POINT('',(0.00363962863177903,0.0121672964713914,-4.33680868994202E-19));
#1288=CARTESIAN_POINT('',(-7.37257477290143E-18,-3.64291929955129E-17,0.));
#1289=CARTESIAN_POINT('',(0.00725934448424216,0.0104525541796819,-4.20007269768226E-5));
#1290=CARTESIAN_POINT('',(0.00636877816462719,0.00928356417229446,0.00231933346005686));
#1291=CARTESIAN_POINT('',(0.00547821184501222,0.00811457416490704,0.00468066764709054));
#1292=CARTESIAN_POINT('',(0.00458764552539725,0.00694558415751962,0.00704200183412421));
#1293=CARTESIAN_POINT('',(0.00718037123223604,0.0110146187811524,-4.20007269768226E-5));
#1294=CARTESIAN_POINT('',(0.00631481233635214,0.00975641769585105,0.00231933346005686));
#1295=CARTESIAN_POINT('',(0.00544925344046824,0.00849821661054969,0.00468066764709054));
#1296=CARTESIAN_POINT('',(0.00458369454458434,0.00724001552524832,0.00704200183412421));
#1297=CARTESIAN_POINT('',(0.00709450766285945,0.0116260049488545,-4.20007269768226E-5));
#1298=CARTESIAN_POINT('',(0.00625639995512729,0.0102530780988889,0.00231933346005686));
#1299=CARTESIAN_POINT('',(0.00541829224739512,0.00888015124892325,0.00468066764709054));
#1300=CARTESIAN_POINT('',(0.00458018453966296,0.00750722439895764,0.00704200183412421));
#1301=CARTESIAN_POINT('',(0.00697841043792953,0.0124521897490387,-4.20007269768226E-5));
#1302=CARTESIAN_POINT('',(0.00617697591200708,0.0109541951322153,0.00231933346005686));
#1303=CARTESIAN_POINT('',(0.00537554138608463,0.00945620051539181,0.00468066764709054));
#1304=CARTESIAN_POINT('',(0.00457410686016218,0.00795820589856834,0.00704200183412421));
#1305=CARTESIAN_POINT('',(0.00697076138585373,0.012721926320939,-4.20007269768227E-5));
#1306=CARTESIAN_POINT('',(0.00617898838108908,0.0111876998435284,0.00231933346005686));
#1307=CARTESIAN_POINT('',(0.00538721537632444,0.00965347336611783,0.00468066764709054));
#1308=CARTESIAN_POINT('',(0.00459544237155979,0.00811924688870724,0.00704200183412422));
#1309=CARTESIAN_POINT('',(0.00679368624054316,0.0131504570229667,-4.20007269768227E-5));
#1310=CARTESIAN_POINT('',(0.00603092500264123,0.0115884197821727,0.00231933346005686));
#1311=CARTESIAN_POINT('',(0.0052681637647393,0.0100263825413787,0.00468066764709054));
#1312=CARTESIAN_POINT('',(0.00450540252683737,0.00846434530058467,0.00704200183412422));
#1313=CARTESIAN_POINT('',(0.00663551402264022,0.0133043548208124,-4.20007269768226E-5));
#1314=CARTESIAN_POINT('',(0.00588223899494356,0.0117474933487474,0.00231933346005686));
#1315=CARTESIAN_POINT('',(0.0051289639672469,0.0101906318766825,0.00468066764709054));
#1316=CARTESIAN_POINT('',(0.00437568893955024,0.00863377040461748,0.00704200183412421));
#1317=CARTESIAN_POINT('',(0.00626458812962972,0.013482983316345,-4.20007269768226E-5));
#1318=CARTESIAN_POINT('',(0.0055170441146915,0.0119233619339954,0.00231933346005686));
#1319=CARTESIAN_POINT('',(0.00476950009975328,0.0103637405516458,0.00468066764709054));
#1320=CARTESIAN_POINT('',(0.00402195608481506,0.00880411916929625,0.00704200183412421));
#1321=CARTESIAN_POINT('',(0.00604564722139149,0.0135106936284678,-4.20007269768227E-5));
#1322=CARTESIAN_POINT('',(0.00529997118283625,0.0119404285893112,0.00231933346005686));
#1323=CARTESIAN_POINT('',(0.004554295144281,0.0103701635501546,0.00468066764709054));
#1324=CARTESIAN_POINT('',(0.00380861910572576,0.00879989851099793,0.00704200183412422));
#1325=CARTESIAN_POINT('',(0.00560020388007835,0.0133819520293366,-4.20007269768227E-5));
#1326=CARTESIAN_POINT('',(0.00489435971266052,0.0118063444048362,0.00231933346005686));
#1327=CARTESIAN_POINT('',(0.0041885155452427,0.0102307367803357,0.00468066764709054));
#1328=CARTESIAN_POINT('',(0.00348267137782487,0.00865512915583519,0.00704200183412422));
#1329=CARTESIAN_POINT('',(0.00538454623023056,0.0132197542972924,-4.20007269768227E-5));
#1330=CARTESIAN_POINT('',(0.00471305313200048,0.0116591831869606,0.00231933346005686));
#1331=CARTESIAN_POINT('',(0.0040415600337704,0.0100986120766289,0.00468066764709054));
#1332=CARTESIAN_POINT('',(0.00337006693554032,0.00853804096629716,0.00704200183412422));
#1333=CARTESIAN_POINT('',(0.00466622350734203,0.0127954049654041,-4.20007269768227E-5));
#1334=CARTESIAN_POINT('',(0.00411537768154346,0.0112841400841484,0.00231933346005686));
#1335=CARTESIAN_POINT('',(0.0035645318557449,0.00977287520289271,0.00468066764709054));
#1336=CARTESIAN_POINT('',(0.00301368602994633,0.00826161032163699,0.00704200183412422));
#1337=CARTESIAN_POINT('',(0.00413468749362959,0.0124813427665801,-4.20007269768226E-5));
#1338=CARTESIAN_POINT('',(0.00369065341835726,0.0110201460264748,0.00231933346005686));
#1339=CARTESIAN_POINT('',(0.00324661934308493,0.00955894928636952,0.00468066764709054));
#1340=CARTESIAN_POINT('',(0.00280258526781261,0.00809775254626423,0.00704200183412421));
#1341=CARTESIAN_POINT('',(0.00364600867577364,0.0121926449942687,-4.20007269768226E-5));
#1342=CARTESIAN_POINT('',(0.00328731450346642,0.0107675188602872,0.00231933346005686));
#1343=CARTESIAN_POINT('',(0.00292862033115921,0.00934239272630571,0.00468066764709054));
#1344=CARTESIAN_POINT('',(0.00256992615885199,0.00791726659232423,0.00704200183412421));
#1345=CARTESIAN_POINT('',(0.00708493882404752,0.0115634828633022,0.));
#1346=CARTESIAN_POINT('',(0.0072435041033887,0.0104317615149212,-4.33680868994202E-19));
#1347=CARTESIAN_POINT('',(0.00692637354470634,0.0126952042116831,2.16840434497101E-19));
#1348=CARTESIAN_POINT('',(0.00605488595458604,0.0125731002385032,0.));
#1349=CARTESIAN_POINT('',(0.00560698706006604,0.0133305872550836,4.33680868994202E-19));
#1350=CARTESIAN_POINT('',(0.00462330784592253,0.0127489418632375,0.));
#1351=CARTESIAN_POINT('',(0.00304915862476874,0.00830835000771035,0.007));
#1352=CARTESIAN_POINT('',(0.00352201087851167,0.00867408423202719,0.007));
#1353=CARTESIAN_POINT('',(0.00392580702733143,0.00815202229106776,0.007));
#1354=CARTESIAN_POINT('',(0.00458573426939083,0.0081618220455479,0.007));
#1355=CARTESIAN_POINT('',(0.00459461029659854,0.00756409970796346,0.007));
#1356=CARTESIAN_POINT('',(0.00460348632380625,0.00696637737037901,0.007));
#1357=CARTESIAN_POINT('',(0.00592349521359748,0.00869906944265011,0.0035));
#1358=CARTESIAN_POINT('',(0.00857513044759598,0.0094032493670558,-4.20000718192302E-5));
#1359=CARTESIAN_POINT('',(0.00763920152137926,0.00828157694776216,0.00230533328545385));
#1360=CARTESIAN_POINT('',(0.00670327259516254,0.00715990452846852,0.00465266664272692));
#1361=CARTESIAN_POINT('',(0.00576734366894582,0.00603823210917488,0.007));
#1362=CARTESIAN_POINT('',(0.00816030753144716,0.00978151594475479,-4.20000718192302E-5));
#1363=CARTESIAN_POINT('',(0.00724288390354138,0.00864815057088756,0.00230533328545385));
#1364=CARTESIAN_POINT('',(0.00632546027563561,0.00751478519702034,0.00465266664272692));
#1365=CARTESIAN_POINT('',(0.00540803664772984,0.00638141982315312,0.007));
#1366=CARTESIAN_POINT('',(0.00772043366472462,0.0101323036479309,-4.20000718192302E-5));
#1367=CARTESIAN_POINT('',(0.00681963008955627,0.00898568422428371,0.00230533328545385));
#1368=CARTESIAN_POINT('',(0.00591882651438791,0.00783906480063657,0.00465266664272692));
#1369=CARTESIAN_POINT('',(0.00501802293921955,0.00669244537698943,0.007));
#1370=CARTESIAN_POINT('',(0.00725934423715249,0.0104525538553429,-4.20000718192302E-5));
#1371=CARTESIAN_POINT('',(0.00637405826603707,0.00929049502702161,0.00230533328545385));
#1372=CARTESIAN_POINT('',(0.00548877229492166,0.00812843619870031,0.00465266664272692));
#1373=CARTESIAN_POINT('',(0.00460348632380625,0.00696637737037901,0.007));
#1374=CARTESIAN_POINT('',(-1.17961196366423E-16,-1.57426155444895E-16,0.007));
#1375=CARTESIAN_POINT('',(0.00576734366894582,0.00603823210917488,0.007));
#1376=CARTESIAN_POINT('',(0.0071628639224321,0.00771070587834095,0.0035));
#1377=CARTESIAN_POINT('',(0.00855838417591838,0.00938317964750702,0.));
#1378=CARTESIAN_POINT('',(-5.11743425413158E-17,-8.15320033709099E-17,0.));
#1379=CARTESIAN_POINT('',(0.0110756366724906,0.00626771437759127,-4.20007269768208E-5));
#1380=CARTESIAN_POINT('',(0.00976605838831873,0.00560089301873289,0.00231933346005686));
#1381=CARTESIAN_POINT('',(0.00845648010414689,0.00493407165987451,0.00468066764709054));
#1382=CARTESIAN_POINT('',(0.00714690181997505,0.00426725030101613,0.00704200183412422));
#1383=CARTESIAN_POINT('',(0.0112483549219477,0.00680838229513689,-4.20007269768208E-5));
#1384=CARTESIAN_POINT('',(0.00992260031196799,0.0060503342178919,0.00231933346005686));
#1385=CARTESIAN_POINT('',(0.00859684570198828,0.0052922861406469,0.00468066764709054));
#1386=CARTESIAN_POINT('',(0.00727109109200857,0.00453423806340192,0.00704200183412422));
#1387=CARTESIAN_POINT('',(0.0114362650355397,0.0073964770050377,-4.20007269768208E-5));
#1388=CARTESIAN_POINT('',(0.010085465447726,0.00652315396132543,0.00231933346005686));
#1389=CARTESIAN_POINT('',(0.00873466585991231,0.00564983091761316,0.00468066764709054));
#1390=CARTESIAN_POINT('',(0.0073838662720986,0.00477650787390089,0.00704200183412422));
#1391=CARTESIAN_POINT('',(0.0116901332005341,0.00819121648719168,-4.20007269768208E-5));
#1392=CARTESIAN_POINT('',(0.0103181101374905,0.00718929938191346,0.00231933346005686));
#1393=CARTESIAN_POINT('',(0.00894608707444685,0.00618738227663525,0.00468066764709054));
#1394=CARTESIAN_POINT('',(0.00757406401140324,0.00518546517135704,0.00704200183412422));
#1395=CARTESIAN_POINT('',(0.0118002759551376,0.00843755954032393,-4.20007269768208E-5));
#1396=CARTESIAN_POINT('',(0.0104212372067271,0.00739880667970502,0.00231933346005686));
#1397=CARTESIAN_POINT('',(0.00904219845831652,0.0063600538190861,0.00468066764709054));
#1398=CARTESIAN_POINT('',(0.00766315970990595,0.00532130095846718,0.00704200183412422));
#1399=CARTESIAN_POINT('',(0.0118266692652559,0.00890048238794332,-4.20007269768208E-5));
#1400=CARTESIAN_POINT('',(0.010461702577587,0.00782408516143856,0.00231933346005686));
#1401=CARTESIAN_POINT('',(0.00909673588991809,0.0067476879349338,0.00468066764709054));
#1402=CARTESIAN_POINT('',(0.00773176920224916,0.00567129070842904,0.00704200183412422));
#1403=CARTESIAN_POINT('',(0.0117509347731297,0.00910776786596941,-4.20007269768208E-5));
#1404=CARTESIAN_POINT('',(0.010396760547419,0.00803191793360302,0.00231933346005686));
#1405=CARTESIAN_POINT('',(0.0090425863217083,0.00695606800123662,0.00468066764709054));
#1406=CARTESIAN_POINT('',(0.00768841209599763,0.00588021806887023,0.00704200183412422));
#1407=CARTESIAN_POINT('',(0.0114942460907828,0.00942964529275924,-4.20007269768208E-5));
#1408=CARTESIAN_POINT('',(0.0101440378489552,0.00834882217390371,0.00231933346005686));
#1409=CARTESIAN_POINT('',(0.00879382960712756,0.00726799905504818,0.00468066764709054));
#1410=CARTESIAN_POINT('',(0.00744362136529993,0.00618717593619265,0.00704200183412422));
#1411=CARTESIAN_POINT('',(0.0113090102023859,0.00954960632121398,-4.20007269768208E-5));
#1412=CARTESIAN_POINT('',(0.00995586683951195,0.00845838311435703,0.00231933346005686));
#1413=CARTESIAN_POINT('',(0.00860272347663801,0.00736715990750007,0.00468066764709054));
#1414=CARTESIAN_POINT('',(0.00724958011376407,0.00627593670064312,0.00704200183412422));
#1415=CARTESIAN_POINT('',(0.0108518207330373,0.00962688477088688,-4.20007269768208E-5));
#1416=CARTESIAN_POINT('',(0.00953224658510293,0.00851356565977582,0.00231933346005686));
#1417=CARTESIAN_POINT('',(0.00821267243716857,0.00740024654866476,0.00468066764709054));
#1418=CARTESIAN_POINT('',(0.00689309828923421,0.0062869274375537,0.00704200183412422));
#1419=CARTESIAN_POINT('',(0.0105871449459437,0.00957432001135583,-4.20007269768208E-5));
#1420=CARTESIAN_POINT('',(0.00930504414091747,0.00845964396105074,0.00231933346005686));
#1421=CARTESIAN_POINT('',(0.00802294333589126,0.00734496791074564,0.00468066764709054));
#1422=CARTESIAN_POINT('',(0.00674084253086504,0.00623029186044054,0.00704200183412422));
#1423=CARTESIAN_POINT('',(0.00975584026070254,0.00950366302310935,-4.20007269768208E-5));
#1424=CARTESIAN_POINT('',(0.00860383206316774,0.00838106346051848,0.00231933346005686));
#1425=CARTESIAN_POINT('',(0.00745182386563295,0.00725846389792762,0.00468066764709054));
#1426=CARTESIAN_POINT('',(0.00629981566809815,0.00613586433533676,0.00704200183412422));
#1427=CARTESIAN_POINT('',(0.00914067637903742,0.00945132759248911,-4.20007269768208E-5));
#1428=CARTESIAN_POINT('',(0.00810662599574594,0.00832749398464851,0.00231933346005686));
#1429=CARTESIAN_POINT('',(0.00707257561245446,0.0072036603768079,0.00468066764709054));
#1430=CARTESIAN_POINT('',(0.00603852522916297,0.0060798267689673,0.00704200183412422));
#1431=CARTESIAN_POINT('',(0.00857513070882047,0.00940324968012263,-4.20007269768208E-5));
#1432=CARTESIAN_POINT('',(0.00763361937074759,0.00827488696925151,0.00231933346005686));
#1433=CARTESIAN_POINT('',(0.00669210803267472,0.00714652425838039,0.00468066764709054));
#1434=CARTESIAN_POINT('',(0.00575059669460184,0.00601816154750928,0.00704200183412422));
#1435=CARTESIAN_POINT('',(0.0114005164934113,0.00734429831596147,0.));
#1436=CARTESIAN_POINT('',(0.0110523433833533,0.00625585371763491,0.));
#1437=CARTESIAN_POINT('',(0.0117486896034694,0.00843274291428803,0.));
#1438=CARTESIAN_POINT('',(0.0109105274875633,0.00870085533000172,0.));
#1439=CARTESIAN_POINT('',(0.0108356458267197,0.00957766359688184,2.16840434497101E-19));
#1440=CARTESIAN_POINT('',(0.00969701500131906,0.00948042162219443,0.));
#1441=CARTESIAN_POINT('',(0.00635205496145555,0.00616258435530664,0.007));
#1442=CARTESIAN_POINT('',(0.00693676625396528,0.0062869366014384,0.007));
#1443=CARTESIAN_POINT('',(0.00707405982603633,0.00564137446262605,0.007));
#1444=CARTESIAN_POINT('',(0.00767288568032883,0.00536387203699548,0.007));
#1445=CARTESIAN_POINT('',(0.0074215407017284,0.00482149165530865,0.007));
#1446=CARTESIAN_POINT('',(0.00717019572312798,0.00427911127362181,0.007));
#1447=CARTESIAN_POINT('',(0.00911126955324064,0.00526748249562836,0.0035));
#1448=CARTESIAN_POINT('',(0.0118058425667191,0.00475142527481664,-4.20000718192303E-5));
#1449=CARTESIAN_POINT('',(0.0104759243182803,0.00414691768710347,0.00230533328545385));
#1450=CARTESIAN_POINT('',(0.00914600606984157,0.0035424100993903,0.00465266664272692));
#1451=CARTESIAN_POINT('',(0.0078160878214028,0.00293790251167714,0.007));
#1452=CARTESIAN_POINT('',(0.0115962237506918,0.00527221660302169,-4.20000718192303E-5));
#1453=CARTESIAN_POINT('',(0.0102779048170707,0.00464914487923929,0.00230533328545385));
#1454=CARTESIAN_POINT('',(0.00895958588344961,0.0040260731554569,0.00465266664272692));
#1455=CARTESIAN_POINT('',(0.00764126694982854,0.0034030014316745,0.007));
#1456=CARTESIAN_POINT('',(0.0113521121712614,0.00577911952085997,-4.20000718192303E-5));
#1457=CARTESIAN_POINT('',(0.0100430166710627,0.00513689514022621,0.00230533328545385));
#1458=CARTESIAN_POINT('',(0.00873392117086393,0.00449467075959244,0.00465266664272692));
#1459=CARTESIAN_POINT('',(0.0074248256706652,0.00385244637895867,0.007));
#1460=CARTESIAN_POINT('',(0.0110756363091451,0.00626771419258015,-4.20000718192303E-5));
#1461=CARTESIAN_POINT('',(0.0097738227804727,0.00560484655292737,0.00230533328545385));
#1462=CARTESIAN_POINT('',(0.00847200925180034,0.00494197891327459,0.00465266664272692));
#1463=CARTESIAN_POINT('',(0.00717019572312798,0.00427911127362181,0.007));
#1464=CARTESIAN_POINT('',(-1.64798730217797E-16,-8.34835672813839E-17,0.007));
#1465=CARTESIAN_POINT('',(0.0078160878214028,0.00293790251167714,0.007));
#1466=CARTESIAN_POINT('',(0.00979906729686304,0.00383925576448227,0.0035));
#1467=CARTESIAN_POINT('',(0.0117820467723233,0.00474060901728741,0.));
#1468=CARTESIAN_POINT('',(-1.89084858881472E-16,-9.62771529167128E-17,0.));
#1469=CARTESIAN_POINT('',(0.0126982631839825,0.000841476874546347,-4.20007269768139E-5));
#1470=CARTESIAN_POINT('',(0.0112290509753577,0.0008088963123662,0.00231933346005686));
#1471=CARTESIAN_POINT('',(0.00975983876673288,0.000776315750186053,0.00468066764709054));
#1472=CARTESIAN_POINT('',(0.00829062655810807,0.000743735188005906,0.00704200183412422));
#1473=CARTESIAN_POINT('',(0.0130884639673476,0.00125366219624028,-4.20007269768139E-5));
#1474=CARTESIAN_POINT('',(0.0115650956030918,0.0011459078455996,0.00231933346005686));
#1475=CARTESIAN_POINT('',(0.0100417272388361,0.00103815349495892,0.00468066764709054));
#1476=CARTESIAN_POINT('',(0.0085183588745803,0.000930399144318231,0.00704200183412422));
#1477=CARTESIAN_POINT('',(0.013512929861345,0.00170198607853571,-4.20007269768139E-5));
#1478=CARTESIAN_POINT('',(0.0119169808182861,0.00150123918048824,0.00231933346005686));
#1479=CARTESIAN_POINT('',(0.0103210317752271,0.00130049228244077,0.00468066764709054));
#1480=CARTESIAN_POINT('',(0.00872508273216811,0.00109974538439331,0.00704200183412422));
#1481=CARTESIAN_POINT('',(0.0140864817126978,0.00230787234137868,-4.20007269768139E-5));
#1482=CARTESIAN_POINT('',(0.0124156161069274,0.00200047471805299,0.00231933346005686));
#1483=CARTESIAN_POINT('',(0.0107447505011571,0.00169307709472729,0.00468066764709054));
#1484=CARTESIAN_POINT('',(0.0090738848953867,0.0013856794714016,0.00704200183412422));
#1485=CARTESIAN_POINT('',(0.0142926011506193,0.00248203061287074,-4.20007269768139E-5));
#1486=CARTESIAN_POINT('',(0.0125994321954858,0.0021444891125569,0.00231933346005687));
#1487=CARTESIAN_POINT('',(0.0109062632403524,0.00180694761224307,0.00468066764709054));
#1488=CARTESIAN_POINT('',(0.00921309428521897,0.00146940611192923,0.00704200183412422));
#1489=CARTESIAN_POINT('',(0.0145172353974048,0.00288765805873475,-4.20007269768138E-5));
#1490=CARTESIAN_POINT('',(0.0128204116526796,0.00251009451837415,0.00231933346005686));
#1491=CARTESIAN_POINT('',(0.0111235879079543,0.00213253097801356,0.00468066764709054));
#1492=CARTESIAN_POINT('',(0.00942676416322906,0.00175496743765296,0.00704200183412421));
#1493=CARTESIAN_POINT('',(0.0145389387760433,0.00310727578582844,-4.20007269768139E-5));
#1494=CARTESIAN_POINT('',(0.0128520761655776,0.00272552266669937,0.00231933346005686));
#1495=CARTESIAN_POINT('',(0.011165213555112,0.00234376954757031,0.00468066764709054));
#1496=CARTESIAN_POINT('',(0.0094783509446463,0.00196201642844124,0.00704200183412422));
#1497=CARTESIAN_POINT('',(0.0144473276459791,0.00350865037193245,-4.20007269768139E-5));
#1498=CARTESIAN_POINT('',(0.0127618804787734,0.00312069579068594,0.00231933346005686));
#1499=CARTESIAN_POINT('',(0.0110764333115677,0.00273274120943943,0.00468066764709054));
#1500=CARTESIAN_POINT('',(0.00939098614436197,0.00234478662819291,0.00704200183412422));
#1501=CARTESIAN_POINT('',(0.0143324850168895,0.00369710236380817,-4.20007269768139E-5));
#1502=CARTESIAN_POINT('',(0.0126398809679283,0.00330105112834325,0.00231933346005686));
#1503=CARTESIAN_POINT('',(0.0109472769189672,0.00290499989287833,0.00468066764709054));
#1504=CARTESIAN_POINT('',(0.00925467287000604,0.00250894865741341,0.00704200183412422));
#1505=CARTESIAN_POINT('',(0.0139541014009709,0.00396509491756927,-4.20007269768139E-5));
#1506=CARTESIAN_POINT('',(0.0122821551160333,0.00353457082376606,0.00231933346005686));
#1507=CARTESIAN_POINT('',(0.0106102088310956,0.00310404672996285,0.00468066764709054));
#1508=CARTESIAN_POINT('',(0.00893826254615802,0.00267352263615964,0.00704200183412422));
#1509=CARTESIAN_POINT('',(0.0136928297623008,0.00403257422584112,-4.20007269768139E-5));
#1510=CARTESIAN_POINT('',(0.0120540570388484,0.00358456849793021,0.00231933346005686));
#1511=CARTESIAN_POINT('',(0.010415284315396,0.0031365627700193,0.00468066764709054));
#1512=CARTESIAN_POINT('',(0.00877651159194358,0.00268855704210838,0.00704200183412422));
#1513=CARTESIAN_POINT('',(0.012913193202902,0.00432960406430967,-4.20007269768139E-5));
#1514=CARTESIAN_POINT('',(0.0113881919856061,0.00381801443153491,0.00231933346005686));
#1515=CARTESIAN_POINT('',(0.00986319076831018,0.00330642479876015,0.00468066764709054));
#1516=CARTESIAN_POINT('',(0.00833818955101429,0.00279483516598538,0.00704200183412422));
#1517=CARTESIAN_POINT('',(0.0123362422045378,0.00454936107577951,-4.20007269768139E-5));
#1518=CARTESIAN_POINT('',(0.0109169818734338,0.00398547962915112,0.00231933346005686));
#1519=CARTESIAN_POINT('',(0.00949772154232975,0.00342159818252274,0.00468066764709054));
#1520=CARTESIAN_POINT('',(0.0080784612112257,0.00285771673589435,0.00704200183412422));
#1521=CARTESIAN_POINT('',(0.0118058429379088,0.00475142544353905,-4.20007269768139E-5));
#1522=CARTESIAN_POINT('',(0.0104679923014544,0.00414331222912682,0.00231933346005686));
#1523=CARTESIAN_POINT('',(0.00913014166500005,0.0035351990147146,0.00468066764709054));
#1524=CARTESIAN_POINT('',(0.00779229102854565,0.00292708580030238,0.00704200183412422));
#1525=CARTESIAN_POINT('',(0.0134580820530958,0.00167048541523672,0.));
#1526=CARTESIAN_POINT('',(0.0126721305081485,0.000840897368560116,2.16840434497101E-19));
#1527=CARTESIAN_POINT('',(0.0142440335980431,0.00250007346191334,0.));
#1528=CARTESIAN_POINT('',(0.0136052052427902,0.0031052993144055,0.));
#1529=CARTESIAN_POINT('',(0.0139181720469165,0.0039277662009821,0.));
#1530=CARTESIAN_POINT('',(0.0128501094096199,0.00433418760913475,0.));
#1531=CARTESIAN_POINT('',(0.00839684891018436,0.00279624329219721,0.007));
#1532=CARTESIAN_POINT('',(0.00897760999896593,0.00265458407271729,0.007));
#1533=CARTESIAN_POINT('',(0.00882120831854443,0.00201338323494387,0.007));
#1534=CARTESIAN_POINT('',(0.00924032798051026,0.00150354138794262,0.007));
#1535=CARTESIAN_POINT('',(0.00877854395165739,0.00112392804860532,0.007));
#1536=CARTESIAN_POINT('',(0.00831675992280451,0.00074431470926803,0.007));
#1537=CARTESIAN_POINT('',(0.0104944452154765,0.000792606038914075,0.0035));
#1538=CARTESIAN_POINT('',(0.0126982627763462,-0.000841476865506817,-4.20000718192297E-5));
#1539=CARTESIAN_POINT('',(0.0112377618251656,-0.00080908948009389,0.00230533328545385));
#1540=CARTESIAN_POINT('',(0.00977726087398508,-0.000776702094680962,0.00465266664272692));
#1541=CARTESIAN_POINT('',(0.00831675992280451,-0.000744314709268035,0.007));
#1542=CARTESIAN_POINT('',(0.0127353656377606,-0.000281309896433217,-4.20000718192297E-5));
#1543=CARTESIAN_POINT('',(0.0112772606313486,-0.000270680973762461,0.00230533328545385));
#1544=CARTESIAN_POINT('',(0.00981915562493657,-0.000260052051091704,0.00465266664272692));
#1545=CARTESIAN_POINT('',(0.00836105061852453,-0.000249423128420947,0.007));
#1546=CARTESIAN_POINT('',(0.0127353656377606,0.000281309896433178,-4.20000718192297E-5));
#1547=CARTESIAN_POINT('',(0.0112772606313486,0.000270680973762432,0.00230533328545385));
#1548=CARTESIAN_POINT('',(0.00981915562493657,0.000260052051091685,0.00465266664272692));
#1549=CARTESIAN_POINT('',(0.00836105061852453,0.000249423128420939,0.007));
#1550=CARTESIAN_POINT('',(0.0126982627763462,0.000841476865506798,-4.20000718192297E-5));
#1551=CARTESIAN_POINT('',(0.0112377618251656,0.000809089480093876,0.00230533328545385));
#1552=CARTESIAN_POINT('',(0.00977726087398508,0.000776702094680953,0.00465266664272692));
#1553=CARTESIAN_POINT('',(0.00831675992280451,0.000744314709268031,0.007));
#1554=CARTESIAN_POINT('',(-1.17961196366423E-16,-9.75781955236954E-19,0.007));
#1555=CARTESIAN_POINT('',(0.00831675992280451,-0.000744314709268032,0.007));
#1556=CARTESIAN_POINT('',(0.0104944452154765,-0.000792606038914083,0.0035));
#1557=CARTESIAN_POINT('',(0.0126721305081485,-0.00084089736856013,2.16840434497101E-19));
#1558=CARTESIAN_POINT('',(1.56125112837912E-16,-7.53520509877426E-18,0.));
#1559=CARTESIAN_POINT('',(0.0118058429379088,-0.00475142544353907,-4.20007269768138E-5));
#1560=CARTESIAN_POINT('',(0.0104679923014544,-0.00414331222912684,0.00231933346005686));
#1561=CARTESIAN_POINT('',(0.00913014166500004,-0.00353519901471461,0.00468066764709054));
#1562=CARTESIAN_POINT('',(0.00779229102854566,-0.00292708580030239,0.00704200183412421));
#1563=CARTESIAN_POINT('',(0.0123362422045378,-0.00454936107577952,-4.20007269768138E-5));
#1564=CARTESIAN_POINT('',(0.0109169818734338,-0.00398547962915114,0.00231933346005686));
#1565=CARTESIAN_POINT('',(0.00949772154232975,-0.00342159818252275,0.00468066764709054));
#1566=CARTESIAN_POINT('',(0.00807846121122571,-0.00285771673589436,0.00704200183412421));
#1567=CARTESIAN_POINT('',(0.012913193202902,-0.00432960406430969,-4.20007269768138E-5));
#1568=CARTESIAN_POINT('',(0.0113881919856061,-0.00381801443153492,0.00231933346005686));
#1569=CARTESIAN_POINT('',(0.00986319076831019,-0.00330642479876016,0.00468066764709054));
#1570=CARTESIAN_POINT('',(0.0083381895510143,-0.00279483516598539,0.00704200183412421));
#1571=CARTESIAN_POINT('',(0.0136928297623008,-0.00403257422584114,-4.20007269768138E-5));
#1572=CARTESIAN_POINT('',(0.0120540570388484,-0.00358456849793022,0.00231933346005686));
#1573=CARTESIAN_POINT('',(0.010415284315396,-0.0031365627700193,0.00468066764709054));
#1574=CARTESIAN_POINT('',(0.00877651159194359,-0.00268855704210839,0.00704200183412421));
#1575=CARTESIAN_POINT('',(0.0139541014009709,-0.00396509491756929,-4.20007269768138E-5));
#1576=CARTESIAN_POINT('',(0.0122821551160333,-0.00353457082376607,0.00231933346005686));
#1577=CARTESIAN_POINT('',(0.0106102088310957,-0.00310404672996286,0.00468066764709054));
#1578=CARTESIAN_POINT('',(0.00893826254615803,-0.00267352263615964,0.00704200183412421));
#1579=CARTESIAN_POINT('',(0.0143324850168895,-0.00369710236380819,-4.20007269768138E-5));
#1580=CARTESIAN_POINT('',(0.0126398809679284,-0.00330105112834326,0.00231933346005686));
#1581=CARTESIAN_POINT('',(0.0109472769189672,-0.00290499989287834,0.00468066764709054));
#1582=CARTESIAN_POINT('',(0.00925467287000605,-0.00250894865741342,0.00704200183412421));
#1583=CARTESIAN_POINT('',(0.0144473276459791,-0.00350865037193248,-4.20007269768138E-5));
#1584=CARTESIAN_POINT('',(0.0127618804787734,-0.00312069579068596,0.00231933346005686));
#1585=CARTESIAN_POINT('',(0.0110764333115677,-0.00273274120943945,0.00468066764709054));
#1586=CARTESIAN_POINT('',(0.00939098614436198,-0.00234478662819294,0.00704200183412422));
#1587=CARTESIAN_POINT('',(0.0145389387760433,-0.00310727578582845,-4.20007269768138E-5));
#1588=CARTESIAN_POINT('',(0.0128520761655776,-0.00272552266669937,0.00231933346005686));
#1589=CARTESIAN_POINT('',(0.011165213555112,-0.0023437695475703,0.00468066764709054));
#1590=CARTESIAN_POINT('',(0.0094783509446463,-0.00196201642844122,0.00704200183412421));
#1591=CARTESIAN_POINT('',(0.0145172353974048,-0.00288765805873474,-4.20007269768137E-5));
#1592=CARTESIAN_POINT('',(0.0128204116526795,-0.00251009451837415,0.00231933346005686));
#1593=CARTESIAN_POINT('',(0.0111235879079543,-0.00213253097801356,0.00468066764709053));
#1594=CARTESIAN_POINT('',(0.00942676416322909,-0.00175496743765296,0.00704200183412421));
#1595=CARTESIAN_POINT('',(0.0142926011506193,-0.00248203061287075,-4.20007269768138E-5));
#1596=CARTESIAN_POINT('',(0.0125994321954858,-0.00214448911255691,0.00231933346005686));
#1597=CARTESIAN_POINT('',(0.0109062632403524,-0.00180694761224306,0.00468066764709054));
#1598=CARTESIAN_POINT('',(0.00921309428521894,-0.00146940611192922,0.00704200183412422));
#1599=CARTESIAN_POINT('',(0.0140864817126977,-0.00230787234137868,-4.20007269768138E-5));
#1600=CARTESIAN_POINT('',(0.0124156161069274,-0.00200047471805299,0.00231933346005686));
#1601=CARTESIAN_POINT('',(0.010744750501157,-0.00169307709472729,0.00468066764709054));
#1602=CARTESIAN_POINT('',(0.00907388489538668,-0.0013856794714016,0.00704200183412421));
#1603=CARTESIAN_POINT('',(0.013512929861345,-0.00170198607853572,-4.20007269768138E-5));
#1604=CARTESIAN_POINT('',(0.0119169808182861,-0.00150123918048825,0.00231933346005686));
#1605=CARTESIAN_POINT('',(0.0103210317752271,-0.00130049228244078,0.00468066764709054));
#1606=CARTESIAN_POINT('',(0.00872508273216811,-0.00109974538439331,0.00704200183412421));
#1607=CARTESIAN_POINT('',(0.0130884639673476,-0.0012536621962403,-4.20007269768138E-5));
#1608=CARTESIAN_POINT('',(0.0115650956030918,-0.00114590784559961,0.00231933346005686));
#1609=CARTESIAN_POINT('',(0.0100417272388361,-0.00103815349495892,0.00468066764709054));
#1610=CARTESIAN_POINT('',(0.0085183588745803,-0.000930399144318236,0.00704200183412421));
#1611=CARTESIAN_POINT('',(0.0126982631839825,-0.000841476874546364,-4.20007269768138E-5));
#1612=CARTESIAN_POINT('',(0.0112290509753577,-0.000808896312366212,0.00231933346005686));
#1613=CARTESIAN_POINT('',(0.00975983876673288,-0.000776315750186061,0.00468066764709054));
#1614=CARTESIAN_POINT('',(0.00829062655810807,-0.00074373518800591,0.00704200183412421));
#1615=CARTESIAN_POINT('',(0.0128501094096199,-0.00433418760913478,0.));
#1616=CARTESIAN_POINT('',(0.0117820467723233,-0.00474060901728743,-4.33680868994202E-19));
#1617=CARTESIAN_POINT('',(0.0139181720469165,-0.00392776620098212,-4.33680868994202E-19));
#1618=CARTESIAN_POINT('',(0.0136052052427902,-0.00310529931440553,0.));
#1619=CARTESIAN_POINT('',(0.0142440335980431,-0.00250007346191336,0.));
#1620=CARTESIAN_POINT('',(0.0134580820530958,-0.00167048541523675,0.));
#1621=CARTESIAN_POINT('',(0.00877854395165739,-0.00112392804860533,0.007));
#1622=CARTESIAN_POINT('',(0.00924032798051026,-0.00150354138794263,0.007));
#1623=CARTESIAN_POINT('',(0.00882120831854443,-0.00201338323494388,0.007));
#1624=CARTESIAN_POINT('',(0.00897760999896592,-0.0026545840727173,0.007));
#1625=CARTESIAN_POINT('',(0.00839684891018436,-0.00279624329219722,0.007));
#1626=CARTESIAN_POINT('',(0.0078160878214028,-0.00293790251167715,0.007));
#1627=CARTESIAN_POINT('',(0.00979906729686303,-0.00383925576448229,0.0035));
#1628=CARTESIAN_POINT('',(0.0110756363091451,-0.00626771419258015,-4.20000718192296E-5));
#1629=CARTESIAN_POINT('',(0.0097738227804727,-0.00560484655292737,0.00230533328545385));
#1630=CARTESIAN_POINT('',(0.00847200925180033,-0.0049419789132746,0.00465266664272692));
#1631=CARTESIAN_POINT('',(0.00717019572312797,-0.00427911127362182,0.007));
#1632=CARTESIAN_POINT('',(0.0113521121712614,-0.00577911952085997,-4.20000718192296E-5));
#1633=CARTESIAN_POINT('',(0.0100430166710626,-0.00513689514022621,0.00230533328545385));
#1634=CARTESIAN_POINT('',(0.00873392117086392,-0.00449467075959245,0.00465266664272692));
#1635=CARTESIAN_POINT('',(0.00742482567066519,-0.00385244637895869,0.007));
#1636=CARTESIAN_POINT('',(0.0115962237506917,-0.00527221660302177,-4.20000718192296E-5));
#1637=CARTESIAN_POINT('',(0.0102779048170707,-0.00464914487923935,0.00230533328545385));
#1638=CARTESIAN_POINT('',(0.00895958588344961,-0.00402607315545693,0.00465266664272692));
#1639=CARTESIAN_POINT('',(0.00764126694982854,-0.00340300143167451,0.007));
#1640=CARTESIAN_POINT('',(0.0118058425667191,-0.00475142527481666,-4.20000718192296E-5));
#1641=CARTESIAN_POINT('',(0.0104759243182803,-0.00414691768710349,0.00230533328545385));
#1642=CARTESIAN_POINT('',(0.00914600606984156,-0.00354241009939032,0.00465266664272692));
#1643=CARTESIAN_POINT('',(0.0078160878214028,-0.00293790251167715,0.007));
#1644=CARTESIAN_POINT('',(-1.4137996329211E-16,6.57026516526216E-17,0.007));
#1645=CARTESIAN_POINT('',(0.00717019572312797,-0.00427911127362181,0.007));
#1646=CARTESIAN_POINT('',(0.00911126955324064,-0.00526748249562836,0.0035));
#1647=CARTESIAN_POINT('',(0.0110523433833533,-0.00625585371763491,2.16840434497101E-19));
#1648=CARTESIAN_POINT('',(-1.30971622436249E-16,7.19910242530375E-17,0.));
#1649=CARTESIAN_POINT('',(0.00857513070882045,-0.00940324968012264,-4.2000726976813E-5));
#1650=CARTESIAN_POINT('',(0.00763361937074759,-0.00827488696925151,0.00231933346005686));
#1651=CARTESIAN_POINT('',(0.00669210803267472,-0.00714652425838039,0.00468066764709054));
#1652=CARTESIAN_POINT('',(0.00575059669460185,-0.00601816154750927,0.00704200183412422));
#1653=CARTESIAN_POINT('',(0.00914067637903741,-0.00945132759248912,-4.2000726976813E-5));
#1654=CARTESIAN_POINT('',(0.00810662599574593,-0.00832749398464851,0.00231933346005686));
#1655=CARTESIAN_POINT('',(0.00707257561245445,-0.00720366037680791,0.00468066764709054));
#1656=CARTESIAN_POINT('',(0.00603852522916297,-0.0060798267689673,0.00704200183412422));
#1657=CARTESIAN_POINT('',(0.00975584026070253,-0.00950366302310935,-4.2000726976813E-5));
#1658=CARTESIAN_POINT('',(0.00860383206316774,-0.00838106346051849,0.00231933346005686));
#1659=CARTESIAN_POINT('',(0.00745182386563295,-0.00725846389792763,0.00468066764709054));
#1660=CARTESIAN_POINT('',(0.00629981566809815,-0.00613586433533676,0.00704200183412422));
#1661=CARTESIAN_POINT('',(0.0105871449459437,-0.00957432001135584,-4.2000726976813E-5));
#1662=CARTESIAN_POINT('',(0.00930504414091747,-0.00845964396105074,0.00231933346005686));
#1663=CARTESIAN_POINT('',(0.00802294333589126,-0.00734496791074564,0.00468066764709054));
#1664=CARTESIAN_POINT('',(0.00674084253086504,-0.00623029186044055,0.00704200183412422));
#1665=CARTESIAN_POINT('',(0.0108518207330373,-0.00962688477088687,-4.2000726976813E-5));
#1666=CARTESIAN_POINT('',(0.00953224658510296,-0.00851356565977582,0.00231933346005686));
#1667=CARTESIAN_POINT('',(0.0082126724371686,-0.00740024654866477,0.00468066764709054));
#1668=CARTESIAN_POINT('',(0.00689309828923423,-0.00628692743755373,0.00704200183412421));
#1669=CARTESIAN_POINT('',(0.0113090102023859,-0.00954960632121401,-4.20007269768131E-5));
#1670=CARTESIAN_POINT('',(0.00995586683951194,-0.00845838311435704,0.00231933346005687));
#1671=CARTESIAN_POINT('',(0.008602723476638,-0.00736715990750007,0.00468066764709055));
#1672=CARTESIAN_POINT('',(0.00724958011376406,-0.00627593670064309,0.00704200183412423));
#1673=CARTESIAN_POINT('',(0.0114942460907829,-0.00942964529275927,-4.20007269768131E-5));
#1674=CARTESIAN_POINT('',(0.0101440378489552,-0.00834882217390374,0.00231933346005687));
#1675=CARTESIAN_POINT('',(0.00879382960712756,-0.00726799905504821,0.00468066764709055));
#1676=CARTESIAN_POINT('',(0.0074436213652999,-0.00618717593619268,0.00704200183412422));
#1677=CARTESIAN_POINT('',(0.0117509347731296,-0.00910776786596938,-4.2000726976813E-5));
#1678=CARTESIAN_POINT('',(0.0103967605474189,-0.00803191793360299,0.00231933346005686));
#1679=CARTESIAN_POINT('',(0.00904258632170829,-0.0069560680012366,0.00468066764709054));
#1680=CARTESIAN_POINT('',(0.00768841209599765,-0.0058802180688702,0.00704200183412421));
#1681=CARTESIAN_POINT('',(0.0118266692652559,-0.00890048238794332,-4.20007269768131E-5));
#1682=CARTESIAN_POINT('',(0.010461702577587,-0.00782408516143856,0.00231933346005687));
#1683=CARTESIAN_POINT('',(0.00909673588991808,-0.00674768793493381,0.00468066764709055));
#1684=CARTESIAN_POINT('',(0.00773176920224917,-0.00567129070842905,0.00704200183412423));
#1685=CARTESIAN_POINT('',(0.0118002759551377,-0.00843755954032393,-4.2000726976813E-5));
#1686=CARTESIAN_POINT('',(0.0104212372067271,-0.00739880667970501,0.00231933346005686));
#1687=CARTESIAN_POINT('',(0.0090421984583165,-0.00636005381908609,0.00468066764709054));
#1688=CARTESIAN_POINT('',(0.00766315970990592,-0.00532130095846717,0.00704200183412421));
#1689=CARTESIAN_POINT('',(0.0116901332005341,-0.00819121648719168,-4.2000726976813E-5));
#1690=CARTESIAN_POINT('',(0.0103181101374904,-0.00718929938191346,0.00231933346005686));
#1691=CARTESIAN_POINT('',(0.00894608707444684,-0.00618738227663525,0.00468066764709054));
#1692=CARTESIAN_POINT('',(0.00757406401140324,-0.00518546517135704,0.00704200183412422));
#1693=CARTESIAN_POINT('',(0.0114362650355397,-0.0073964770050377,-4.2000726976813E-5));
#1694=CARTESIAN_POINT('',(0.010085465447726,-0.00652315396132543,0.00231933346005686));
#1695=CARTESIAN_POINT('',(0.00873466585991231,-0.00564983091761316,0.00468066764709054));
#1696=CARTESIAN_POINT('',(0.0073838662720986,-0.0047765078739009,0.00704200183412422));
#1697=CARTESIAN_POINT('',(0.0112483549219477,-0.00680838229513688,-4.2000726976813E-5));
#1698=CARTESIAN_POINT('',(0.00992260031196798,-0.00605033421789189,0.00231933346005686));
#1699=CARTESIAN_POINT('',(0.00859684570198827,-0.0052922861406469,0.00468066764709054));
#1700=CARTESIAN_POINT('',(0.00727109109200855,-0.00453423806340191,0.00704200183412422));
#1701=CARTESIAN_POINT('',(0.0110756366724906,-0.00626771437759126,-4.2000726976813E-5));
#1702=CARTESIAN_POINT('',(0.00976605838831872,-0.00560089301873289,0.00231933346005686));
#1703=CARTESIAN_POINT('',(0.00845648010414688,-0.00493407165987451,0.00468066764709054));
#1704=CARTESIAN_POINT('',(0.00714690181997504,-0.00426725030101614,0.00704200183412422));
#1705=CARTESIAN_POINT('',(0.00969701500131906,-0.00948042162219444,0.));
#1706=CARTESIAN_POINT('',(0.00855838417591837,-0.00938317964750703,2.16840434497101E-19));
#1707=CARTESIAN_POINT('',(0.0108356458267197,-0.00957766359688185,2.16840434497101E-19));
#1708=CARTESIAN_POINT('',(0.0109105274875633,-0.00870085533000173,0.));
#1709=CARTESIAN_POINT('',(0.0117486896034694,-0.00843274291428804,0.));
#1710=CARTESIAN_POINT('',(0.0114005164934113,-0.00734429831596147,0.));
#1711=CARTESIAN_POINT('',(0.0074215407017284,-0.00482149165530865,0.007));
#1712=CARTESIAN_POINT('',(0.00767288568032882,-0.00536387203699549,0.007));
#1713=CARTESIAN_POINT('',(0.00707405982603632,-0.00564137446262606,0.007));
#1714=CARTESIAN_POINT('',(0.00693676625396527,-0.0062869366014384,0.007));
#1715=CARTESIAN_POINT('',(0.00635205496145555,-0.00616258435530664,0.007));
#1716=CARTESIAN_POINT('',(0.00576734366894583,-0.00603823210917488,0.007));
#1717=CARTESIAN_POINT('',(0.0071628639224321,-0.00771070587834095,0.0035));
#1718=CARTESIAN_POINT('',(0.0072593442371525,-0.0104525538553429,-4.20000718192304E-5));
#1719=CARTESIAN_POINT('',(0.00637405826603708,-0.00929049502702162,0.00230533328545385));
#1720=CARTESIAN_POINT('',(0.00548877229492167,-0.00812843619870032,0.00465266664272692));
#1721=CARTESIAN_POINT('',(0.00460348632380625,-0.00696637737037902,0.007));
#1722=CARTESIAN_POINT('',(0.00772043366472463,-0.0101323036479308,-4.20000718192304E-5));
#1723=CARTESIAN_POINT('',(0.00681963008955627,-0.00898568422428368,0.00230533328545385));
#1724=CARTESIAN_POINT('',(0.0059188265143879,-0.00783906480063655,0.00465266664272692));
#1725=CARTESIAN_POINT('',(0.00501802293921953,-0.00669244537698942,0.007));
#1726=CARTESIAN_POINT('',(0.00816030753144715,-0.00978151594475479,-4.20000718192304E-5));
#1727=CARTESIAN_POINT('',(0.00724288390354138,-0.00864815057088757,0.00230533328545385));
#1728=CARTESIAN_POINT('',(0.00632546027563561,-0.00751478519702034,0.00465266664272692));
#1729=CARTESIAN_POINT('',(0.00540803664772985,-0.00638141982315312,0.007));
#1730=CARTESIAN_POINT('',(0.00857513044759597,-0.00940324936705582,-4.20000718192304E-5));
#1731=CARTESIAN_POINT('',(0.00763920152137926,-0.00828157694776217,0.00230533328545385));
#1732=CARTESIAN_POINT('',(0.00670327259516254,-0.00715990452846852,0.00465266664272692));
#1733=CARTESIAN_POINT('',(0.00576734366894583,-0.00603823210917488,0.007));
#1734=CARTESIAN_POINT('',(-1.22298005056365E-16,1.5178830414797E-16,0.007));
#1735=CARTESIAN_POINT('',(0.00460348632380625,-0.00696637737037902,0.007));
#1736=CARTESIAN_POINT('',(0.00592349521359748,-0.0086990694426501,0.0035));
#1737=CARTESIAN_POINT('',(0.00724350410338871,-0.0104317615149212,-4.33680868994202E-19));
#1738=CARTESIAN_POINT('',(-1.06685493772574E-16,1.36175792864179E-16,0.));
#1739=CARTESIAN_POINT('',(0.00364600867577363,-0.0121926449942687,-4.20007269768179E-5));
#1740=CARTESIAN_POINT('',(0.00328731450346642,-0.0107675188602872,0.00231933346005686));
#1741=CARTESIAN_POINT('',(0.0029286203311592,-0.00934239272630571,0.00468066764709054));
#1742=CARTESIAN_POINT('',(0.00256992615885198,-0.00791726659232423,0.00704200183412421));
#1743=CARTESIAN_POINT('',(0.00413468749362958,-0.0124813427665801,-4.20007269768179E-5));
#1744=CARTESIAN_POINT('',(0.00369065341835726,-0.0110201460264748,0.00231933346005686));
#1745=CARTESIAN_POINT('',(0.00324661934308493,-0.00955894928636952,0.00468066764709054));
#1746=CARTESIAN_POINT('',(0.0028025852678126,-0.00809775254626423,0.00704200183412421));
#1747=CARTESIAN_POINT('',(0.00466622350734202,-0.0127954049654041,-4.20007269768179E-5));
#1748=CARTESIAN_POINT('',(0.00411537768154346,-0.0112841400841484,0.00231933346005686));
#1749=CARTESIAN_POINT('',(0.00356453185574489,-0.0097728752028927,0.00468066764709054));
#1750=CARTESIAN_POINT('',(0.00301368602994633,-0.00826161032163699,0.00704200183412421));
#1751=CARTESIAN_POINT('',(0.00538454623023055,-0.0132197542972923,-4.20007269768179E-5));
#1752=CARTESIAN_POINT('',(0.00471305313200047,-0.0116591831869606,0.00231933346005686));
#1753=CARTESIAN_POINT('',(0.00404156003377039,-0.0100986120766289,0.00468066764709054));
#1754=CARTESIAN_POINT('',(0.00337006693554031,-0.00853804096629716,0.00704200183412421));
#1755=CARTESIAN_POINT('',(0.00560020388007838,-0.0133819520293366,-4.20007269768179E-5));
#1756=CARTESIAN_POINT('',(0.00489435971266054,-0.0118063444048362,0.00231933346005686));
#1757=CARTESIAN_POINT('',(0.00418851554524271,-0.0102307367803357,0.00468066764709054));
#1758=CARTESIAN_POINT('',(0.00348267137782487,-0.00865512915583521,0.00704200183412421));
#1759=CARTESIAN_POINT('',(0.00604564722139145,-0.0135106936284678,-4.20007269768179E-5));
#1760=CARTESIAN_POINT('',(0.00529997118283622,-0.0119404285893112,0.00231933346005686));
#1761=CARTESIAN_POINT('',(0.00455429514428099,-0.0103701635501545,0.00468066764709054));
#1762=CARTESIAN_POINT('',(0.00380861910572575,-0.00879989851099791,0.00704200183412421));
#1763=CARTESIAN_POINT('',(0.00626458812962969,-0.013482983316345,-4.20007269768179E-5));
#1764=CARTESIAN_POINT('',(0.00551704411469148,-0.0119233619339954,0.00231933346005686));
#1765=CARTESIAN_POINT('',(0.00476950009975327,-0.0103637405516458,0.00468066764709054));
#1766=CARTESIAN_POINT('',(0.00402195608481506,-0.00880411916929626,0.00704200183412421));
#1767=CARTESIAN_POINT('',(0.00663551402264025,-0.0133043548208124,-4.20007269768179E-5));
#1768=CARTESIAN_POINT('',(0.00588223899494358,-0.0117474933487474,0.00231933346005686));
#1769=CARTESIAN_POINT('',(0.0051289639672469,-0.0101906318766825,0.00468066764709054));
#1770=CARTESIAN_POINT('',(0.00437568893955023,-0.00863377040461748,0.00704200183412421));
#1771=CARTESIAN_POINT('',(0.00679368624054315,-0.0131504570229667,-4.20007269768179E-5));
#1772=CARTESIAN_POINT('',(0.00603092500264123,-0.0115884197821727,0.00231933346005686));
#1773=CARTESIAN_POINT('',(0.00526816376473931,-0.0100263825413787,0.00468066764709054));
#1774=CARTESIAN_POINT('',(0.00450540252683739,-0.00846434530058467,0.00704200183412421));
#1775=CARTESIAN_POINT('',(0.00697076138585374,-0.012721926320939,-4.20007269768179E-5));
#1776=CARTESIAN_POINT('',(0.00617898838108909,-0.0111876998435285,0.00231933346005686));
#1777=CARTESIAN_POINT('',(0.00538721537632443,-0.00965347336611785,0.00468066764709054));
#1778=CARTESIAN_POINT('',(0.00459544237155977,-0.00811924688870726,0.00704200183412421));
#1779=CARTESIAN_POINT('',(0.00697841043792953,-0.0124521897490388,-4.20007269768179E-5));
#1780=CARTESIAN_POINT('',(0.00617697591200708,-0.0109541951322153,0.00231933346005686));
#1781=CARTESIAN_POINT('',(0.00537554138608463,-0.00945620051539182,0.00468066764709054));
#1782=CARTESIAN_POINT('',(0.00457410686016217,-0.00795820589856835,0.00704200183412422));
#1783=CARTESIAN_POINT('',(0.00709450766285945,-0.0116260049488545,-4.20007269768179E-5));
#1784=CARTESIAN_POINT('',(0.00625639995512729,-0.0102530780988889,0.00231933346005686));
#1785=CARTESIAN_POINT('',(0.00541829224739512,-0.00888015124892325,0.00468066764709054));
#1786=CARTESIAN_POINT('',(0.00458018453966295,-0.00750722439895764,0.00704200183412421));
#1787=CARTESIAN_POINT('',(0.00718037123223604,-0.0110146187811524,-4.20007269768179E-5));
#1788=CARTESIAN_POINT('',(0.00631481233635214,-0.00975641769585105,0.00231933346005686));
#1789=CARTESIAN_POINT('',(0.00544925344046824,-0.00849821661054969,0.00468066764709054));
#1790=CARTESIAN_POINT('',(0.00458369454458434,-0.00724001552524833,0.00704200183412421));
#1791=CARTESIAN_POINT('',(0.00725934448424216,-0.0104525541796819,-4.20007269768179E-5));
#1792=CARTESIAN_POINT('',(0.00636877816462719,-0.00928356417229446,0.00231933346005686));
#1793=CARTESIAN_POINT('',(0.00547821184501222,-0.00811457416490704,0.00468066764709054));
#1794=CARTESIAN_POINT('',(0.00458764552539725,-0.00694558415751963,0.00704200183412421));
#1795=CARTESIAN_POINT('',(0.00462330784592254,-0.0127489418632375,0.));
#1796=CARTESIAN_POINT('',(0.00363962863177902,-0.0121672964713914,-4.33680868994202E-19));
#1797=CARTESIAN_POINT('',(0.00560698706006605,-0.0133305872550836,-2.16840434497101E-19));
#1798=CARTESIAN_POINT('',(0.00605488595458605,-0.0125731002385032,0.));
#1799=CARTESIAN_POINT('',(0.00692637354470635,-0.0126952042116831,0.));
#1800=CARTESIAN_POINT('',(0.00708493882404753,-0.0115634828633022,0.));
#1801=CARTESIAN_POINT('',(0.00459461029659854,-0.00756409970796346,0.007));
#1802=CARTESIAN_POINT('',(0.00458573426939083,-0.00816182204554791,0.007));
#1803=CARTESIAN_POINT('',(0.00392580702733143,-0.00815202229106776,0.007));
#1804=CARTESIAN_POINT('',(0.00352201087851167,-0.00867408423202719,0.007));
#1805=CARTESIAN_POINT('',(0.00304915862476873,-0.00830835000771035,0.007));
#1806=CARTESIAN_POINT('',(0.0025763063710258,-0.00794261578339352,0.007));
#1807=CARTESIAN_POINT('',(0.00310796750140241,-0.0100549561273925,0.0035));
#1808=CARTESIAN_POINT('',(0.0020052500089774,-0.0125671370348946,-4.20000718192297E-5));
#1809=CARTESIAN_POINT('',(0.00171183333931827,-0.0111360470205701,0.00230533328545385));
#1810=CARTESIAN_POINT('',(0.00141841666965913,-0.00970495700624554,0.00465266664272692));
#1811=CARTESIAN_POINT('',(0.001125,-0.00827386699192101,0.007));
#1812=CARTESIAN_POINT('',(0.00255962858598397,-0.0124786607729796,-4.20000718192297E-5));
#1813=CARTESIAN_POINT('',(0.00224553213153891,-0.0110547483455368,0.00230533328545385));
#1814=CARTESIAN_POINT('',(0.00193143567709386,-0.00963083591809399,0.00465266664272692));
#1815=CARTESIAN_POINT('',(0.00161733922264881,-0.00820692349065119,0.007));
#1816=CARTESIAN_POINT('',(0.00310814232599532,-0.0123534660912087,-4.20000718192297E-5));
#1817=CARTESIAN_POINT('',(0.00277332100477399,-0.0109342839793651,0.00230533328545385));
#1818=CARTESIAN_POINT('',(0.00243849968355266,-0.00951510186752164,0.00465266664272692));
#1819=CARTESIAN_POINT('',(0.00210367836233133,-0.00809591975567814,0.007));
#1820=CARTESIAN_POINT('',(0.00364600857625311,-0.0121926445988642,-4.20000718192297E-5));
#1821=CARTESIAN_POINT('',(0.00328944117451067,-0.0107759683270406,0.00230533328545385));
#1822=CARTESIAN_POINT('',(0.00293287377276823,-0.00935929205521708,0.00465266664272692));
#1823=CARTESIAN_POINT('',(0.00257630637102579,-0.00794261578339352,0.007));
#1824=CARTESIAN_POINT('',(-3.3285006695305E-17,1.3010426069826E-16,0.007));
#1825=CARTESIAN_POINT('',(0.001125,-0.00827386699192101,0.007));
#1826=CARTESIAN_POINT('',(0.0015625,-0.0104076989994696,0.0035));
#1827=CARTESIAN_POINT('',(0.002,-0.0125415310070182,4.33680868994202E-19));
#1828=CARTESIAN_POINT('',(7.15573433840433E-18,-7.19910242530375E-17,0.));
#1829=CARTESIAN_POINT('',(-0.0020052500908721,-0.0125671374343221,-4.20007269768275E-5));
#1830=CARTESIAN_POINT('',(-0.00171008331749289,-0.0111275115860903,0.00231933346005686));
#1831=CARTESIAN_POINT('',(-0.00141491654411368,-0.00968788573785851,0.00468066764709054));
#1832=CARTESIAN_POINT('',(-0.00111974977073447,-0.00824825988962672,0.00704200183412422));
#1833=CARTESIAN_POINT('',(-0.00169022695850593,-0.0130392749321264,-4.20007269768275E-5));
#1834=CARTESIAN_POINT('',(-0.00145629833143086,-0.0115301229945362,0.00231933346005686));
#1835=CARTESIAN_POINT('',(-0.0012223697043558,-0.0100209710569461,0.00468066764709054));
#1836=CARTESIAN_POINT('',(-0.000988441077280735,-0.00851181911935593,0.00704200183412422));
#1837=CARTESIAN_POINT('',(-0.00134759603912331,-0.013552860028957,-4.20007269768275E-5));
#1838=CARTESIAN_POINT('',(-0.00118817772170554,-0.0119522543732165,0.00231933346005686));
#1839=CARTESIAN_POINT('',(-0.00102875940428777,-0.0103516487174761,0.00468066764709054));
#1840=CARTESIAN_POINT('',(-0.000869341086869992,-0.00875104306173568,0.00704200183412422));
#1841=CARTESIAN_POINT('',(-0.000884527903505547,-0.0142468541150034,-4.20007269768275E-5));
#1842=CARTESIAN_POINT('',(-0.000812415851512621,-0.0125494781921949,0.00231933346005686));
#1843=CARTESIAN_POINT('',(-0.000740303799519693,-0.0108521022693864,0.00468066764709054));
#1844=CARTESIAN_POINT('',(-0.000668191747526766,-0.00915472634657791,0.00704200183412422));
#1845=CARTESIAN_POINT('',(-0.000760602033323436,-0.014486559569505,-4.20007269768275E-5));
#1846=CARTESIAN_POINT('',(-0.000712915126257003,-0.0127607318452068,0.00231933346005686));
#1847=CARTESIAN_POINT('',(-0.000665228219190569,-0.0110349041209086,0.00468066764709054));
#1848=CARTESIAN_POINT('',(-0.000617541312124135,-0.00930907639661042,0.00704200183412423));
#1849=CARTESIAN_POINT('',(-0.00041513033679688,-0.0147958223648201,-4.20007269768274E-5));
#1850=CARTESIAN_POINT('',(-0.000405648766481105,-0.0130575257424057,0.00231933346005685));
#1851=CARTESIAN_POINT('',(-0.000396167196165331,-0.0113192291199912,0.00468066764709053));
#1852=CARTESIAN_POINT('',(-0.000386685625849556,-0.00958093249757682,0.00704200183412422));
#1853=CARTESIAN_POINT('',(-0.00020584834072796,-0.0148658511361897,-4.20007269768275E-5));
#1854=CARTESIAN_POINT('',(-0.00020266786859256,-0.0131363336326215,0.00231933346005686));
#1855=CARTESIAN_POINT('',(-0.000199487396457161,-0.0114068161290532,0.00468066764709054));
#1856=CARTESIAN_POINT('',(-0.000196306924321762,-0.00967729862548501,0.00704200183412422));
#1857=CARTESIAN_POINT('',(0.000205848340727951,-0.0148658511361897,-4.20007269768275E-5));
#1858=CARTESIAN_POINT('',(0.000202667868592552,-0.0131363336326215,0.00231933346005686));
#1859=CARTESIAN_POINT('',(0.000199487396457153,-0.0114068161290532,0.00468066764709054));
#1860=CARTESIAN_POINT('',(0.000196306924321755,-0.00967729862548501,0.00704200183412422));
#1861=CARTESIAN_POINT('',(0.000415130336796866,-0.0147958223648201,-4.20007269768275E-5));
#1862=CARTESIAN_POINT('',(0.000405648766481094,-0.0130575257424057,0.00231933346005686));
#1863=CARTESIAN_POINT('',(0.000396167196165322,-0.0113192291199912,0.00468066764709054));
#1864=CARTESIAN_POINT('',(0.000386685625849549,-0.00958093249757682,0.00704200183412422));
#1865=CARTESIAN_POINT('',(0.000760602033323432,-0.014486559569505,-4.20007269768275E-5));
#1866=CARTESIAN_POINT('',(0.000712915126256999,-0.0127607318452068,0.00231933346005686));
#1867=CARTESIAN_POINT('',(0.000665228219190565,-0.0110349041209086,0.00468066764709054));
#1868=CARTESIAN_POINT('',(0.000617541312124132,-0.00930907639661043,0.00704200183412422));
#1869=CARTESIAN_POINT('',(0.000884527903505536,-0.0142468541150034,-4.20007269768275E-5));
#1870=CARTESIAN_POINT('',(0.000812415851512611,-0.0125494781921949,0.00231933346005686));
#1871=CARTESIAN_POINT('',(0.000740303799519685,-0.0108521022693864,0.00468066764709054));
#1872=CARTESIAN_POINT('',(0.000668191747526759,-0.00915472634657791,0.00704200183412423));
#1873=CARTESIAN_POINT('',(0.0013475960391233,-0.013552860028957,-4.20007269768275E-5));
#1874=CARTESIAN_POINT('',(0.00118817772170553,-0.0119522543732165,0.00231933346005686));
#1875=CARTESIAN_POINT('',(0.00102875940428776,-0.0103516487174761,0.00468066764709054));
#1876=CARTESIAN_POINT('',(0.000869341086869985,-0.00875104306173568,0.00704200183412422));
#1877=CARTESIAN_POINT('',(0.00169022695850592,-0.0130392749321264,-4.20007269768275E-5));
#1878=CARTESIAN_POINT('',(0.00145629833143085,-0.0115301229945362,0.00231933346005686));
#1879=CARTESIAN_POINT('',(0.00122236970435579,-0.0100209710569461,0.00468066764709054));
#1880=CARTESIAN_POINT('',(0.000988441077280728,-0.00851181911935593,0.00704200183412422));
#1881=CARTESIAN_POINT('',(0.0020052500908721,-0.0125671374343221,-4.20007269768275E-5));
#1882=CARTESIAN_POINT('',(0.00171008331749289,-0.0111275115860903,0.00231933346005686));
#1883=CARTESIAN_POINT('',(0.00141491654411368,-0.00968788573785851,0.00468066764709054));
#1884=CARTESIAN_POINT('',(0.00111974977073447,-0.00824825988962672,0.00704200183412422));
#1885=CARTESIAN_POINT('',(-0.00136610212950865,-0.0134923778127553,0.));
#1886=CARTESIAN_POINT('',(-0.002,-0.0125415310070182,-2.16840434497101E-19));
#1887=CARTESIAN_POINT('',(-0.000732204259017309,-0.0144432246184923,-2.16840434497101E-19));
#1888=CARTESIAN_POINT('',(-3.63207727782644E-18,-0.0139550884458141,0.));
#1889=CARTESIAN_POINT('',(0.0007322042590173,-0.0144432246184923,6.50521303491303E-19));
#1890=CARTESIAN_POINT('',(0.00136610212950865,-0.0134923778127553,0.));
#1891=CARTESIAN_POINT('',(0.00085766097302997,-0.00880854504586106,0.007));
#1892=CARTESIAN_POINT('',(0.000590321946059943,-0.00934322309980112,0.007));
#1893=CARTESIAN_POINT('',(-2.60208521396521E-18,-0.00904806212677115,0.007));
#1894=CARTESIAN_POINT('',(-0.000590321946059947,-0.00934322309980112,0.007));
#1895=CARTESIAN_POINT('',(-0.000857660973029975,-0.00880854504586106,0.007));
#1896=CARTESIAN_POINT('',(-0.001125,-0.00827386699192101,0.007));
#1897=CARTESIAN_POINT('',(-0.0015625,-0.0104076989994696,0.0035));
#1898=CARTESIAN_POINT('',(-0.00364600857625313,-0.0121926445988642,-4.20000718192294E-5));
#1899=CARTESIAN_POINT('',(-0.00328944117451069,-0.0107759683270406,0.00230533328545385));
#1900=CARTESIAN_POINT('',(-0.00293287377276825,-0.00935929205521707,0.00465266664272692));
#1901=CARTESIAN_POINT('',(-0.00257630637102581,-0.00794261578339352,0.007));
#1902=CARTESIAN_POINT('',(-0.00310814232599532,-0.0123534660912087,-4.20000718192294E-5));
#1903=CARTESIAN_POINT('',(-0.002773321004774,-0.0109342839793652,0.00230533328545385));
#1904=CARTESIAN_POINT('',(-0.00243849968355268,-0.00951510186752165,0.00465266664272692));
#1905=CARTESIAN_POINT('',(-0.00210367836233136,-0.00809591975567814,0.007));
#1906=CARTESIAN_POINT('',(-0.002559628585984,-0.0124786607729796,-4.20000718192294E-5));
#1907=CARTESIAN_POINT('',(-0.00224553213153894,-0.0110547483455368,0.00230533328545385));
#1908=CARTESIAN_POINT('',(-0.00193143567709388,-0.00963083591809399,0.00465266664272692));
#1909=CARTESIAN_POINT('',(-0.00161733922264883,-0.00820692349065119,0.007));
#1910=CARTESIAN_POINT('',(-0.0020052500089774,-0.0125671370348946,-4.20000718192294E-5));
#1911=CARTESIAN_POINT('',(-0.00171183333931827,-0.0111360470205701,0.00230533328545385));
#1912=CARTESIAN_POINT('',(-0.00141841666965913,-0.00970495700624554,0.00465266664272692));
#1913=CARTESIAN_POINT('',(-0.001125,-0.00827386699192101,0.007));
#1914=CARTESIAN_POINT('',(5.31259064517897E-17,1.37043154602168E-16,0.007));
#1915=CARTESIAN_POINT('',(-0.00257630637102581,-0.00794261578339352,0.007));
#1916=CARTESIAN_POINT('',(-0.00310796750140242,-0.0100549561273925,0.0035));
#1917=CARTESIAN_POINT('',(-0.00363962863177904,-0.0121672964713914,2.16840434497101E-19));
#1918=CARTESIAN_POINT('',(-2.47198095326695E-17,-7.63278329429795E-17,0.));
#1919=CARTESIAN_POINT('',(-0.00725934448424217,-0.0104525541796819,-4.20007269768185E-5));
#1920=CARTESIAN_POINT('',(-0.0063687781646272,-0.00928356417229445,0.00231933346005686));
#1921=CARTESIAN_POINT('',(-0.00547821184501223,-0.00811457416490703,0.00468066764709054));
#1922=CARTESIAN_POINT('',(-0.00458764552539726,-0.00694558415751961,0.00704200183412422));
#1923=CARTESIAN_POINT('',(-0.00718037123223605,-0.0110146187811524,-4.20007269768185E-5));
#1924=CARTESIAN_POINT('',(-0.00631481233635215,-0.00975641769585105,0.00231933346005686));
#1925=CARTESIAN_POINT('',(-0.00544925344046825,-0.00849821661054968,0.00468066764709054));
#1926=CARTESIAN_POINT('',(-0.00458369454458434,-0.00724001552524832,0.00704200183412422));
#1927=CARTESIAN_POINT('',(-0.00709450766285946,-0.0116260049488545,-4.20007269768185E-5));
#1928=CARTESIAN_POINT('',(-0.00625639995512729,-0.0102530780988889,0.00231933346005686));
#1929=CARTESIAN_POINT('',(-0.00541829224739513,-0.00888015124892325,0.00468066764709054));
#1930=CARTESIAN_POINT('',(-0.00458018453966296,-0.00750722439895764,0.00704200183412422));
#1931=CARTESIAN_POINT('',(-0.00697841043792954,-0.0124521897490387,-4.20007269768185E-5));
#1932=CARTESIAN_POINT('',(-0.00617697591200709,-0.0109541951322153,0.00231933346005686));
#1933=CARTESIAN_POINT('',(-0.00537554138608463,-0.00945620051539181,0.00468066764709054));
#1934=CARTESIAN_POINT('',(-0.00457410686016218,-0.00795820589856834,0.00704200183412422));
#1935=CARTESIAN_POINT('',(-0.00697076138585376,-0.0127219263209391,-4.20007269768185E-5));
#1936=CARTESIAN_POINT('',(-0.0061789883810891,-0.0111876998435285,0.00231933346005686));
#1937=CARTESIAN_POINT('',(-0.00538721537632444,-0.00965347336611786,0.00468066764709054));
#1938=CARTESIAN_POINT('',(-0.00459544237155979,-0.00811924688870726,0.00704200183412422));
#1939=CARTESIAN_POINT('',(-0.00679368624054314,-0.0131504570229667,-4.20007269768185E-5));
#1940=CARTESIAN_POINT('',(-0.00603092500264121,-0.0115884197821727,0.00231933346005686));
#1941=CARTESIAN_POINT('',(-0.00526816376473929,-0.0100263825413787,0.00468066764709054));
#1942=CARTESIAN_POINT('',(-0.00450540252683736,-0.00846434530058465,0.00704200183412422));
#1943=CARTESIAN_POINT('',(-0.00663551402264023,-0.0133043548208125,-4.20007269768185E-5));
#1944=CARTESIAN_POINT('',(-0.00588223899494356,-0.0117474933487475,0.00231933346005686));
#1945=CARTESIAN_POINT('',(-0.00512896396724689,-0.0101906318766825,0.00468066764709054));
#1946=CARTESIAN_POINT('',(-0.00437568893955022,-0.00863377040461748,0.00704200183412422));
#1947=CARTESIAN_POINT('',(-0.00626458812962973,-0.0134829833163449,-4.20007269768185E-5));
#1948=CARTESIAN_POINT('',(-0.00551704411469151,-0.0119233619339954,0.00231933346005686));
#1949=CARTESIAN_POINT('',(-0.00476950009975329,-0.0103637405516458,0.00468066764709054));
#1950=CARTESIAN_POINT('',(-0.00402195608481507,-0.00880411916929626,0.00704200183412422));
#1951=CARTESIAN_POINT('',(-0.0060456472213915,-0.0135106936284677,-4.20007269768185E-5));
#1952=CARTESIAN_POINT('',(-0.00529997118283625,-0.0119404285893111,0.00231933346005686));
#1953=CARTESIAN_POINT('',(-0.004554295144281,-0.0103701635501545,0.00468066764709054));
#1954=CARTESIAN_POINT('',(-0.00380861910572575,-0.00879989851099792,0.00704200183412423));
#1955=CARTESIAN_POINT('',(-0.00560020388007837,-0.0133819520293367,-4.20007269768185E-5));
#1956=CARTESIAN_POINT('',(-0.00489435971266054,-0.0118063444048362,0.00231933346005686));
#1957=CARTESIAN_POINT('',(-0.00418851554524271,-0.0102307367803357,0.00468066764709054));
#1958=CARTESIAN_POINT('',(-0.00348267137782488,-0.00865512915583518,0.00704200183412423));
#1959=CARTESIAN_POINT('',(-0.00538454623023057,-0.0132197542972923,-4.20007269768185E-5));
#1960=CARTESIAN_POINT('',(-0.00471305313200049,-0.0116591831869606,0.00231933346005686));
#1961=CARTESIAN_POINT('',(-0.00404156003377041,-0.0100986120766289,0.00468066764709055));
#1962=CARTESIAN_POINT('',(-0.00337006693554032,-0.00853804096629716,0.00704200183412423));
#1963=CARTESIAN_POINT('',(-0.00466622350734204,-0.0127954049654041,-4.20007269768185E-5));
#1964=CARTESIAN_POINT('',(-0.00411537768154347,-0.0112841400841484,0.00231933346005686));
#1965=CARTESIAN_POINT('',(-0.0035645318557449,-0.0097728752028927,0.00468066764709054));
#1966=CARTESIAN_POINT('',(-0.00301368602994633,-0.00826161032163699,0.00704200183412423));
#1967=CARTESIAN_POINT('',(-0.0041346874936296,-0.0124813427665801,-4.20007269768185E-5));
#1968=CARTESIAN_POINT('',(-0.00369065341835727,-0.0110201460264748,0.00231933346005686));
#1969=CARTESIAN_POINT('',(-0.00324661934308494,-0.00955894928636952,0.00468066764709054));
#1970=CARTESIAN_POINT('',(-0.00280258526781261,-0.00809775254626423,0.00704200183412422));
#1971=CARTESIAN_POINT('',(-0.00364600867577365,-0.0121926449942687,-4.20007269768185E-5));
#1972=CARTESIAN_POINT('',(-0.00328731450346643,-0.0107675188602872,0.00231933346005686));
#1973=CARTESIAN_POINT('',(-0.00292862033115921,-0.00934239272630571,0.00468066764709054));
#1974=CARTESIAN_POINT('',(-0.00256992615885199,-0.00791726659232422,0.00704200183412422));
#1975=CARTESIAN_POINT('',(-0.00708493882404753,-0.0115634828633021,0.));
#1976=CARTESIAN_POINT('',(-0.00724350410338872,-0.0104317615149212,0.));
#1977=CARTESIAN_POINT('',(-0.00692637354470636,-0.0126952042116831,-2.16840434497101E-19));
#1978=CARTESIAN_POINT('',(-0.00605488595458605,-0.0125731002385032,0.));
#1979=CARTESIAN_POINT('',(-0.00560698706006605,-0.0133305872550836,-2.16840434497101E-19));
#1980=CARTESIAN_POINT('',(-0.00462330784592254,-0.0127489418632375,0.));
#1981=CARTESIAN_POINT('',(-0.00304915862476874,-0.00830835000771035,0.007));
#1982=CARTESIAN_POINT('',(-0.00352201087851167,-0.00867408423202719,0.007));
#1983=CARTESIAN_POINT('',(-0.00392580702733143,-0.00815202229106776,0.007));
#1984=CARTESIAN_POINT('',(-0.00458573426939084,-0.00816182204554791,0.007));
#1985=CARTESIAN_POINT('',(-0.00459461029659855,-0.00756409970796346,0.007));
#1986=CARTESIAN_POINT('',(-0.00460348632380626,-0.00696637737037901,0.007));
#1987=CARTESIAN_POINT('',(-0.00592349521359749,-0.0086990694426501,0.0035));
#1988=CARTESIAN_POINT('',(-0.00857513044759597,-0.00940324936705582,-4.20000718192303E-5));
#1989=CARTESIAN_POINT('',(-0.00763920152137926,-0.00828157694776217,0.00230533328545385));
#1990=CARTESIAN_POINT('',(-0.00670327259516254,-0.00715990452846852,0.00465266664272692));
#1991=CARTESIAN_POINT('',(-0.00576734366894583,-0.00603823210917487,0.007));
#1992=CARTESIAN_POINT('',(-0.00816030753144719,-0.00978151594475475,-4.20000718192303E-5));
#1993=CARTESIAN_POINT('',(-0.00724288390354141,-0.00864815057088755,0.00230533328545385));
#1994=CARTESIAN_POINT('',(-0.00632546027563563,-0.00751478519702034,0.00465266664272692));
#1995=CARTESIAN_POINT('',(-0.00540803664772985,-0.00638141982315313,0.007));
#1996=CARTESIAN_POINT('',(-0.0077204336647246,-0.0101323036479308,-4.20000718192303E-5));
#1997=CARTESIAN_POINT('',(-0.00681963008955626,-0.00898568422428367,0.00230533328545385));
#1998=CARTESIAN_POINT('',(-0.00591882651438792,-0.00783906480063653,0.00465266664272692));
#1999=CARTESIAN_POINT('',(-0.00501802293921958,-0.00669244537698939,0.007));
#2000=CARTESIAN_POINT('',(-0.00725934423715251,-0.0104525538553429,-4.20000718192303E-5));
#2001=CARTESIAN_POINT('',(-0.00637405826603709,-0.00929049502702161,0.00230533328545385));
#2002=CARTESIAN_POINT('',(-0.00548877229492168,-0.00812843619870031,0.00465266664272692));
#2003=CARTESIAN_POINT('',(-0.00460348632380626,-0.00696637737037901,0.007));
#2004=CARTESIAN_POINT('',(1.37910516340156E-16,1.74339709335669E-16,0.007));
#2005=CARTESIAN_POINT('',(-0.00576734366894583,-0.00603823210917488,0.007));
#2006=CARTESIAN_POINT('',(-0.0071628639224321,-0.00771070587834095,0.0035));
#2007=CARTESIAN_POINT('',(-0.00855838417591837,-0.00938317964750703,-2.16840434497101E-19));
#2008=CARTESIAN_POINT('',(4.81385764583564E-17,3.81639164714897E-17,0.));
#2009=CARTESIAN_POINT('',(-0.0110756366724906,-0.00626771437759126,-4.20007269768235E-5));
#2010=CARTESIAN_POINT('',(-0.00976605838831872,-0.00560089301873288,0.00231933346005686));
#2011=CARTESIAN_POINT('',(-0.00845648010414688,-0.00493407165987451,0.00468066764709054));
#2012=CARTESIAN_POINT('',(-0.00714690181997504,-0.00426725030101613,0.00704200183412422));
#2013=CARTESIAN_POINT('',(-0.0112483549219477,-0.00680838229513689,-4.20007269768235E-5));
#2014=CARTESIAN_POINT('',(-0.00992260031196799,-0.0060503342178919,0.00231933346005686));
#2015=CARTESIAN_POINT('',(-0.00859684570198827,-0.00529228614064691,0.00468066764709054));
#2016=CARTESIAN_POINT('',(-0.00727109109200856,-0.00453423806340192,0.00704200183412422));
#2017=CARTESIAN_POINT('',(-0.0114362650355397,-0.00739647700503771,-4.20007269768235E-5));
#2018=CARTESIAN_POINT('',(-0.010085465447726,-0.00652315396132544,0.00231933346005686));
#2019=CARTESIAN_POINT('',(-0.00873466585991231,-0.00564983091761317,0.00468066764709054));
#2020=CARTESIAN_POINT('',(-0.0073838662720986,-0.00477650787390089,0.00704200183412422));
#2021=CARTESIAN_POINT('',(-0.0116901332005341,-0.00819121648719168,-4.20007269768235E-5));
#2022=CARTESIAN_POINT('',(-0.0103181101374905,-0.00718929938191347,0.00231933346005686));
#2023=CARTESIAN_POINT('',(-0.00894608707444685,-0.00618738227663525,0.00468066764709054));
#2024=CARTESIAN_POINT('',(-0.00757406401140324,-0.00518546517135704,0.00704200183412422));
#2025=CARTESIAN_POINT('',(-0.0118002759551377,-0.00843755954032394,-4.20007269768235E-5));
#2026=CARTESIAN_POINT('',(-0.0104212372067271,-0.00739880667970503,0.00231933346005686));
#2027=CARTESIAN_POINT('',(-0.00904219845831651,-0.00636005381908611,0.00468066764709054));
#2028=CARTESIAN_POINT('',(-0.00766315970990593,-0.0053213009584672,0.00704200183412422));
#2029=CARTESIAN_POINT('',(-0.0118266692652559,-0.00890048238794332,-4.20007269768235E-5));
#2030=CARTESIAN_POINT('',(-0.010461702577587,-0.00782408516143856,0.00231933346005686));
#2031=CARTESIAN_POINT('',(-0.00909673588991809,-0.00674768793493379,0.00468066764709054));
#2032=CARTESIAN_POINT('',(-0.00773176920224917,-0.00567129070842903,0.00704200183412422));
#2033=CARTESIAN_POINT('',(-0.0117509347731296,-0.00910776786596942,-4.20007269768235E-5));
#2034=CARTESIAN_POINT('',(-0.010396760547419,-0.00803191793360301,0.00231933346005686));
#2035=CARTESIAN_POINT('',(-0.00904258632170832,-0.00695606800123661,0.00468066764709054));
#2036=CARTESIAN_POINT('',(-0.00768841209599766,-0.00588021806887021,0.00704200183412422));
#2037=CARTESIAN_POINT('',(-0.0114942460907828,-0.00942964529275924,-4.20007269768235E-5));
#2038=CARTESIAN_POINT('',(-0.0101440378489552,-0.00834882217390372,0.00231933346005686));
#2039=CARTESIAN_POINT('',(-0.00879382960712753,-0.00726799905504821,0.00468066764709054));
#2040=CARTESIAN_POINT('',(-0.00744362136529989,-0.00618717593619269,0.00704200183412422));
#2041=CARTESIAN_POINT('',(-0.0113090102023859,-0.00954960632121398,-4.20007269768235E-5));
#2042=CARTESIAN_POINT('',(-0.00995586683951193,-0.00845838311435702,0.00231933346005686));
#2043=CARTESIAN_POINT('',(-0.00860272347663799,-0.00736715990750007,0.00468066764709054));
#2044=CARTESIAN_POINT('',(-0.00724958011376405,-0.00627593670064311,0.00704200183412422));
#2045=CARTESIAN_POINT('',(-0.0108518207330373,-0.00962688477088688,-4.20007269768235E-5));
#2046=CARTESIAN_POINT('',(-0.00953224658510294,-0.00851356565977582,0.00231933346005686));
#2047=CARTESIAN_POINT('',(-0.00821267243716858,-0.00740024654866476,0.00468066764709054));
#2048=CARTESIAN_POINT('',(-0.00689309828923421,-0.00628692743755371,0.00704200183412422));
#2049=CARTESIAN_POINT('',(-0.0105871449459437,-0.00957432001135583,-4.20007269768235E-5));
#2050=CARTESIAN_POINT('',(-0.00930504414091746,-0.00845964396105073,0.00231933346005686));
#2051=CARTESIAN_POINT('',(-0.00802294333589125,-0.00734496791074564,0.00468066764709054));
#2052=CARTESIAN_POINT('',(-0.00674084253086503,-0.00623029186044054,0.00704200183412422));
#2053=CARTESIAN_POINT('',(-0.00975584026070252,-0.00950366302310935,-4.20007269768235E-5));
#2054=CARTESIAN_POINT('',(-0.00860383206316773,-0.00838106346051848,0.00231933346005686));
#2055=CARTESIAN_POINT('',(-0.00745182386563294,-0.00725846389792762,0.00468066764709054));
#2056=CARTESIAN_POINT('',(-0.00629981566809815,-0.00613586433533675,0.00704200183412422));
#2057=CARTESIAN_POINT('',(-0.00914067637903741,-0.00945132759248911,-4.20007269768235E-5));
#2058=CARTESIAN_POINT('',(-0.00810662599574593,-0.00832749398464851,0.00231933346005686));
#2059=CARTESIAN_POINT('',(-0.00707257561245445,-0.0072036603768079,0.00468066764709054));
#2060=CARTESIAN_POINT('',(-0.00603852522916297,-0.0060798267689673,0.00704200183412422));
#2061=CARTESIAN_POINT('',(-0.00857513070882046,-0.00940324968012263,-4.20007269768235E-5));
#2062=CARTESIAN_POINT('',(-0.00763361937074759,-0.00827488696925151,0.00231933346005686));
#2063=CARTESIAN_POINT('',(-0.00669210803267472,-0.00714652425838039,0.00468066764709054));
#2064=CARTESIAN_POINT('',(-0.00575059669460185,-0.00601816154750927,0.00704200183412422));
#2065=CARTESIAN_POINT('',(-0.0114005164934113,-0.00734429831596147,0.));
#2066=CARTESIAN_POINT('',(-0.0110523433833533,-0.0062558537176349,-4.33680868994202E-19));
#2067=CARTESIAN_POINT('',(-0.0117486896034694,-0.00843274291428803,0.));
#2068=CARTESIAN_POINT('',(-0.0109105274875633,-0.00870085533000172,0.));
#2069=CARTESIAN_POINT('',(-0.0108356458267197,-0.00957766359688184,4.33680868994202E-19));
#2070=CARTESIAN_POINT('',(-0.00969701500131906,-0.00948042162219443,0.));
#2071=CARTESIAN_POINT('',(-0.00635205496145555,-0.00616258435530664,0.007));
#2072=CARTESIAN_POINT('',(-0.00693676625396528,-0.0062869366014384,0.007));
#2073=CARTESIAN_POINT('',(-0.00707405982603632,-0.00564137446262605,0.007));
#2074=CARTESIAN_POINT('',(-0.00767288568032883,-0.00536387203699548,0.007));
#2075=CARTESIAN_POINT('',(-0.0074215407017284,-0.00482149165530865,0.007));
#2076=CARTESIAN_POINT('',(-0.00717019572312798,-0.00427911127362181,0.007));
#2077=CARTESIAN_POINT('',(-0.00911126955324064,-0.00526748249562835,0.0035));
#2078=CARTESIAN_POINT('',(-0.0118058425667191,-0.00475142527481664,-4.20000718192302E-5));
#2079=CARTESIAN_POINT('',(-0.0104759243182803,-0.00414691768710347,0.00230533328545385));
#2080=CARTESIAN_POINT('',(-0.00914600606984157,-0.0035424100993903,0.00465266664272692));
#2081=CARTESIAN_POINT('',(-0.0078160878214028,-0.00293790251167713,0.007));
#2082=CARTESIAN_POINT('',(-0.0115962237506918,-0.00527221660302171,-4.20000718192302E-5));
#2083=CARTESIAN_POINT('',(-0.0102779048170707,-0.00464914487923931,0.00230533328545385));
#2084=CARTESIAN_POINT('',(-0.00895958588344961,-0.00402607315545692,0.00465266664272692));
#2085=CARTESIAN_POINT('',(-0.00764126694982854,-0.00340300143167452,0.007));
#2086=CARTESIAN_POINT('',(-0.0113521121712614,-0.00577911952085996,-4.20000718192302E-5));
#2087=CARTESIAN_POINT('',(-0.0100430166710627,-0.0051368951402262,0.00230533328545385));
#2088=CARTESIAN_POINT('',(-0.00873392117086393,-0.00449467075959243,0.00465266664272692));
#2089=CARTESIAN_POINT('',(-0.0074248256706652,-0.00385244637895866,0.007));
#2090=CARTESIAN_POINT('',(-0.0110756363091451,-0.00626771419258014,-4.20000718192302E-5));
#2091=CARTESIAN_POINT('',(-0.0097738227804727,-0.00560484655292736,0.00230533328545385));
#2092=CARTESIAN_POINT('',(-0.00847200925180034,-0.00494197891327458,0.00465266664272692));
#2093=CARTESIAN_POINT('',(-0.00717019572312798,-0.00427911127362181,0.007));
#2094=CARTESIAN_POINT('',(1.60461921527854E-16,8.39172481503781E-17,0.007));
#2095=CARTESIAN_POINT('',(-0.0078160878214028,-0.00293790251167714,0.007));
#2096=CARTESIAN_POINT('',(-0.00979906729686304,-0.00383925576448227,0.0035));
#2097=CARTESIAN_POINT('',(-0.0117820467723233,-0.00474060901728742,2.16840434497101E-19));
#2098=CARTESIAN_POINT('',(-7.80625564189563E-18,-6.93889390390723E-18,0.));
#2099=CARTESIAN_POINT('',(-0.0126982631839825,-0.000841476874546359,-4.20007269768316E-5));
#2100=CARTESIAN_POINT('',(-0.0112290509753577,-0.000808896312366208,0.00231933346005685));
#2101=CARTESIAN_POINT('',(-0.00975983876673288,-0.000776315750186056,0.00468066764709053));
#2102=CARTESIAN_POINT('',(-0.00829062655810807,-0.000743735188005905,0.00704200183412422));
#2103=CARTESIAN_POINT('',(-0.0130884639673476,-0.0012536621962403,-4.20007269768316E-5));
#2104=CARTESIAN_POINT('',(-0.0115650956030918,-0.00114590784559961,0.00231933346005685));
#2105=CARTESIAN_POINT('',(-0.0100417272388361,-0.00103815349495892,0.00468066764709053));
#2106=CARTESIAN_POINT('',(-0.0085183588745803,-0.000930399144318231,0.00704200183412422));
#2107=CARTESIAN_POINT('',(-0.0135129298613451,-0.00170198607853572,-4.20007269768316E-5));
#2108=CARTESIAN_POINT('',(-0.0119169808182861,-0.00150123918048825,0.00231933346005685));
#2109=CARTESIAN_POINT('',(-0.0103210317752271,-0.00130049228244078,0.00468066764709053));
#2110=CARTESIAN_POINT('',(-0.00872508273216811,-0.00109974538439331,0.00704200183412422));
#2111=CARTESIAN_POINT('',(-0.0140864817126978,-0.00230787234137869,-4.20007269768316E-5));
#2112=CARTESIAN_POINT('',(-0.0124156161069274,-0.002000474718053,0.00231933346005685));
#2113=CARTESIAN_POINT('',(-0.0107447505011571,-0.0016930770947273,0.00468066764709053));
#2114=CARTESIAN_POINT('',(-0.0090738848953867,-0.0013856794714016,0.00704200183412422));
#2115=CARTESIAN_POINT('',(-0.0142926011506193,-0.00248203061287076,-4.20007269768317E-5));
#2116=CARTESIAN_POINT('',(-0.0125994321954859,-0.00214448911255692,0.00231933346005685));
#2117=CARTESIAN_POINT('',(-0.0109062632403524,-0.00180694761224308,0.00468066764709054));
#2118=CARTESIAN_POINT('',(-0.00921309428521896,-0.00146940611192923,0.00704200183412422));
#2119=CARTESIAN_POINT('',(-0.0145172353974047,-0.00288765805873476,-4.20007269768316E-5));
#2120=CARTESIAN_POINT('',(-0.0128204116526795,-0.00251009451837416,0.00231933346005685));
#2121=CARTESIAN_POINT('',(-0.0111235879079543,-0.00213253097801356,0.00468066764709053));
#2122=CARTESIAN_POINT('',(-0.00942676416322908,-0.00175496743765296,0.00704200183412421));
#2123=CARTESIAN_POINT('',(-0.0145389387760433,-0.00310727578582845,-4.20007269768316E-5));
#2124=CARTESIAN_POINT('',(-0.0128520761655776,-0.00272552266669938,0.00231933346005685));
#2125=CARTESIAN_POINT('',(-0.011165213555112,-0.0023437695475703,0.00468066764709053));
#2126=CARTESIAN_POINT('',(-0.0094783509446463,-0.00196201642844123,0.00704200183412422));
#2127=CARTESIAN_POINT('',(-0.0144473276459791,-0.00350865037193247,-4.20007269768316E-5));
#2128=CARTESIAN_POINT('',(-0.0127618804787734,-0.00312069579068596,0.00231933346005685));
#2129=CARTESIAN_POINT('',(-0.0110764333115677,-0.00273274120943945,0.00468066764709053));
#2130=CARTESIAN_POINT('',(-0.00939098614436198,-0.00234478662819293,0.00704200183412422));
#2131=CARTESIAN_POINT('',(-0.0143324850168895,-0.00369710236380819,-4.20007269768316E-5));
#2132=CARTESIAN_POINT('',(-0.0126398809679283,-0.00330105112834326,0.00231933346005685));
#2133=CARTESIAN_POINT('',(-0.0109472769189672,-0.00290499989287834,0.00468066764709053));
#2134=CARTESIAN_POINT('',(-0.00925467287000604,-0.00250894865741342,0.00704200183412422));
#2135=CARTESIAN_POINT('',(-0.0139541014009709,-0.0039650949175693,-4.20007269768316E-5));
#2136=CARTESIAN_POINT('',(-0.0122821551160333,-0.00353457082376607,0.00231933346005685));
#2137=CARTESIAN_POINT('',(-0.0106102088310956,-0.00310404672996285,0.00468066764709053));
#2138=CARTESIAN_POINT('',(-0.00893826254615802,-0.00267352263615963,0.00704200183412422));
#2139=CARTESIAN_POINT('',(-0.0136928297623008,-0.00403257422584114,-4.20007269768316E-5));
#2140=CARTESIAN_POINT('',(-0.0120540570388484,-0.00358456849793022,0.00231933346005685));
#2141=CARTESIAN_POINT('',(-0.010415284315396,-0.0031365627700193,0.00468066764709054));
#2142=CARTESIAN_POINT('',(-0.00877651159194358,-0.00268855704210838,0.00704200183412422));
#2143=CARTESIAN_POINT('',(-0.012913193202902,-0.00432960406430969,-4.20007269768316E-5));
#2144=CARTESIAN_POINT('',(-0.0113881919856061,-0.00381801443153492,0.00231933346005685));
#2145=CARTESIAN_POINT('',(-0.00986319076831019,-0.00330642479876015,0.00468066764709054));
#2146=CARTESIAN_POINT('',(-0.0083381895510143,-0.00279483516598539,0.00704200183412422));
#2147=CARTESIAN_POINT('',(-0.0123362422045378,-0.00454936107577952,-4.20007269768316E-5));
#2148=CARTESIAN_POINT('',(-0.0109169818734338,-0.00398547962915113,0.00231933346005685));
#2149=CARTESIAN_POINT('',(-0.00949772154232976,-0.00342159818252274,0.00468066764709053));
#2150=CARTESIAN_POINT('',(-0.00807846121122571,-0.00285771673589435,0.00704200183412422));
#2151=CARTESIAN_POINT('',(-0.0118058429379088,-0.00475142544353906,-4.20007269768316E-5));
#2152=CARTESIAN_POINT('',(-0.0104679923014544,-0.00414331222912683,0.00231933346005685));
#2153=CARTESIAN_POINT('',(-0.00913014166500005,-0.00353519901471461,0.00468066764709053));
#2154=CARTESIAN_POINT('',(-0.00779229102854566,-0.00292708580030238,0.00704200183412422));
#2155=CARTESIAN_POINT('',(-0.0134580820530958,-0.00167048541523674,0.));
#2156=CARTESIAN_POINT('',(-0.0126721305081485,-0.000840897368560121,-4.33680868994202E-19));
#2157=CARTESIAN_POINT('',(-0.0142440335980431,-0.00250007346191336,4.33680868994202E-19));
#2158=CARTESIAN_POINT('',(-0.0136052052427902,-0.00310529931440552,0.));
#2159=CARTESIAN_POINT('',(-0.0139181720469165,-0.00392776620098212,0.));
#2160=CARTESIAN_POINT('',(-0.0128501094096199,-0.00433418760913476,0.));
#2161=CARTESIAN_POINT('',(-0.00839684891018436,-0.00279624329219721,0.007));
#2162=CARTESIAN_POINT('',(-0.00897760999896593,-0.00265458407271729,0.007));
#2163=CARTESIAN_POINT('',(-0.00882120831854443,-0.00201338323494387,0.007));
#2164=CARTESIAN_POINT('',(-0.00924032798051026,-0.00150354138794262,0.007));
#2165=CARTESIAN_POINT('',(-0.00877854395165739,-0.00112392804860532,0.007));
#2166=CARTESIAN_POINT('',(-0.00831675992280451,-0.000744314709268027,0.007));
#2167=CARTESIAN_POINT('',(-0.0104944452154765,-0.000792606038914073,0.0035));
#2168=CARTESIAN_POINT('',(-0.0126982627763462,0.00084147686550681,-4.20000718192297E-5));
#2169=CARTESIAN_POINT('',(-0.0112377618251656,0.000809089480093885,0.00230533328545385));
#2170=CARTESIAN_POINT('',(-0.00977726087398508,0.00077670209468096,0.00465266664272692));
#2171=CARTESIAN_POINT('',(-0.00831675992280451,0.000744314709268035,0.007));
#2172=CARTESIAN_POINT('',(-0.0127353656377606,0.000281309896433166,-4.20000718192297E-5));
#2173=CARTESIAN_POINT('',(-0.0112772606313486,0.000270680973762422,0.00230533328545385));
#2174=CARTESIAN_POINT('',(-0.00981915562493657,0.000260052051091679,0.00465266664272692));
#2175=CARTESIAN_POINT('',(-0.00836105061852453,0.000249423128420935,0.007));
#2176=CARTESIAN_POINT('',(-0.0127353656377606,-0.000281309896433154,-4.20000718192297E-5));
#2177=CARTESIAN_POINT('',(-0.0112772606313486,-0.00027068097376241,0.00230533328545385));
#2178=CARTESIAN_POINT('',(-0.00981915562493657,-0.000260052051091667,0.00465266664272692));
#2179=CARTESIAN_POINT('',(-0.00836105061852453,-0.000249423128420923,0.007));
#2180=CARTESIAN_POINT('',(-0.0126982627763462,-0.000841476865506798,-4.20000718192297E-5));
#2181=CARTESIAN_POINT('',(-0.0112377618251656,-0.000809089480093874,0.00230533328545385));
#2182=CARTESIAN_POINT('',(-0.00977726087398508,-0.000776702094680951,0.00465266664272692));
#2183=CARTESIAN_POINT('',(-0.00831675992280451,-0.000744314709268027,0.007));
#2184=CARTESIAN_POINT('',(-1.64798730217796E-17,-1.1817803680092E-17,0.007));
#2185=CARTESIAN_POINT('',(-0.00831675992280451,0.000744314709268034,0.007));
#2186=CARTESIAN_POINT('',(-0.0104944452154765,0.000792606038914084,0.0035));
#2187=CARTESIAN_POINT('',(-0.0126721305081485,0.000840897368560133,2.16840434497101E-19));
#2188=CARTESIAN_POINT('',(7.11236625150491E-17,4.3910187985663E-18,0.));
#2189=CARTESIAN_POINT('',(-0.0118058429379088,0.00475142544353906,-4.2000726976818E-5));
#2190=CARTESIAN_POINT('',(-0.0104679923014544,0.00414331222912683,0.00231933346005686));
#2191=CARTESIAN_POINT('',(-0.00913014166500004,0.00353519901471461,0.00468066764709054));
#2192=CARTESIAN_POINT('',(-0.00779229102854565,0.00292708580030238,0.00704200183412422));
#2193=CARTESIAN_POINT('',(-0.0123362422045378,0.00454936107577952,-4.2000726976818E-5));
#2194=CARTESIAN_POINT('',(-0.0109169818734338,0.00398547962915113,0.00231933346005686));
#2195=CARTESIAN_POINT('',(-0.00949772154232974,0.00342159818252275,0.00468066764709054));
#2196=CARTESIAN_POINT('',(-0.0080784612112257,0.00285771673589436,0.00704200183412422));
#2197=CARTESIAN_POINT('',(-0.012913193202902,0.00432960406430969,-4.2000726976818E-5));
#2198=CARTESIAN_POINT('',(-0.0113881919856061,0.00381801443153492,0.00231933346005686));
#2199=CARTESIAN_POINT('',(-0.00986319076831018,0.00330642479876016,0.00468066764709054));
#2200=CARTESIAN_POINT('',(-0.00833818955101429,0.00279483516598539,0.00704200183412422));
#2201=CARTESIAN_POINT('',(-0.0136928297623008,0.00403257422584115,-4.2000726976818E-5));
#2202=CARTESIAN_POINT('',(-0.0120540570388484,0.00358456849793023,0.00231933346005686));
#2203=CARTESIAN_POINT('',(-0.010415284315396,0.00313656277001931,0.00468066764709054));
#2204=CARTESIAN_POINT('',(-0.00877651159194358,0.00268855704210839,0.00704200183412422));
#2205=CARTESIAN_POINT('',(-0.0139541014009709,0.00396509491756929,-4.2000726976818E-5));
#2206=CARTESIAN_POINT('',(-0.0122821551160333,0.00353457082376608,0.00231933346005686));
#2207=CARTESIAN_POINT('',(-0.0106102088310957,0.00310404672996286,0.00468066764709054));
#2208=CARTESIAN_POINT('',(-0.00893826254615803,0.00267352263615965,0.00704200183412422));
#2209=CARTESIAN_POINT('',(-0.0143324850168895,0.0036971023638082,-4.2000726976818E-5));
#2210=CARTESIAN_POINT('',(-0.0126398809679283,0.00330105112834327,0.00231933346005686));
#2211=CARTESIAN_POINT('',(-0.0109472769189672,0.00290499989287835,0.00468066764709054));
#2212=CARTESIAN_POINT('',(-0.00925467287000602,0.00250894865741342,0.00704200183412422));
#2213=CARTESIAN_POINT('',(-0.0144473276459791,0.00350865037193248,-4.2000726976818E-5));
#2214=CARTESIAN_POINT('',(-0.0127618804787734,0.00312069579068597,0.00231933346005686));
#2215=CARTESIAN_POINT('',(-0.0110764333115677,0.00273274120943945,0.00468066764709054));
#2216=CARTESIAN_POINT('',(-0.00939098614436198,0.00234478662819294,0.00704200183412422));
#2217=CARTESIAN_POINT('',(-0.0145389387760433,0.00310727578582846,-4.2000726976818E-5));
#2218=CARTESIAN_POINT('',(-0.0128520761655776,0.00272552266669938,0.00231933346005686));
#2219=CARTESIAN_POINT('',(-0.011165213555112,0.00234376954757031,0.00468066764709054));
#2220=CARTESIAN_POINT('',(-0.00947835094464629,0.00196201642844123,0.00704200183412422));
#2221=CARTESIAN_POINT('',(-0.0145172353974048,0.00288765805873477,-4.2000726976818E-5));
#2222=CARTESIAN_POINT('',(-0.0128204116526795,0.00251009451837417,0.00231933346005686));
#2223=CARTESIAN_POINT('',(-0.0111235879079543,0.00213253097801358,0.00468066764709054));
#2224=CARTESIAN_POINT('',(-0.00942676416322907,0.00175496743765298,0.00704200183412422));
#2225=CARTESIAN_POINT('',(-0.0142926011506193,0.00248203061287077,-4.2000726976818E-5));
#2226=CARTESIAN_POINT('',(-0.0125994321954859,0.00214448911255692,0.00231933346005686));
#2227=CARTESIAN_POINT('',(-0.0109062632403524,0.00180694761224307,0.00468066764709054));
#2228=CARTESIAN_POINT('',(-0.00921309428521896,0.00146940611192923,0.00704200183412422));
#2229=CARTESIAN_POINT('',(-0.0140864817126978,0.0023078723413787,-4.20007269768181E-5));
#2230=CARTESIAN_POINT('',(-0.0124156161069274,0.002000474718053,0.00231933346005686));
#2231=CARTESIAN_POINT('',(-0.0107447505011571,0.00169307709472731,0.00468066764709054));
#2232=CARTESIAN_POINT('',(-0.00907388489538669,0.00138567947140161,0.00704200183412422));
#2233=CARTESIAN_POINT('',(-0.0135129298613451,0.00170198607853573,-4.2000726976818E-5));
#2234=CARTESIAN_POINT('',(-0.0119169808182861,0.00150123918048826,0.00231933346005686));
#2235=CARTESIAN_POINT('',(-0.0103210317752271,0.00130049228244079,0.00468066764709054));
#2236=CARTESIAN_POINT('',(-0.00872508273216811,0.00109974538439331,0.00704200183412422));
#2237=CARTESIAN_POINT('',(-0.0130884639673476,0.0012536621962403,-4.2000726976818E-5));
#2238=CARTESIAN_POINT('',(-0.0115650956030918,0.00114590784559961,0.00231933346005686));
#2239=CARTESIAN_POINT('',(-0.0100417272388361,0.00103815349495893,0.00468066764709054));
#2240=CARTESIAN_POINT('',(-0.0085183588745803,0.000930399144318237,0.00704200183412422));
#2241=CARTESIAN_POINT('',(-0.0126982631839825,0.000841476874546365,-4.2000726976818E-5));
#2242=CARTESIAN_POINT('',(-0.0112290509753577,0.000808896312366213,0.00231933346005686));
#2243=CARTESIAN_POINT('',(-0.00975983876673288,0.000776315750186062,0.00468066764709054));
#2244=CARTESIAN_POINT('',(-0.00829062655810807,0.000743735188005911,0.00704200183412422));
#2245=CARTESIAN_POINT('',(-0.0128501094096199,0.00433418760913477,0.));
#2246=CARTESIAN_POINT('',(-0.0117820467723233,0.00474060901728742,2.16840434497101E-19));
#2247=CARTESIAN_POINT('',(-0.0139181720469165,0.00392776620098212,-4.33680868994202E-19));
#2248=CARTESIAN_POINT('',(-0.0136052052427902,0.00310529931440552,0.));
#2249=CARTESIAN_POINT('',(-0.0142440335980431,0.00250007346191336,0.));
#2250=CARTESIAN_POINT('',(-0.0134580820530958,0.00167048541523675,0.));
#2251=CARTESIAN_POINT('',(-0.00877854395165739,0.00112392804860533,0.007));
#2252=CARTESIAN_POINT('',(-0.00924032798051026,0.00150354138794263,0.007));
#2253=CARTESIAN_POINT('',(-0.00882120831854443,0.00201338323494388,0.007));
#2254=CARTESIAN_POINT('',(-0.00897760999896592,0.00265458407271729,0.007));
#2255=CARTESIAN_POINT('',(-0.00839684891018436,0.00279624329219722,0.007));
#2256=CARTESIAN_POINT('',(-0.0078160878214028,0.00293790251167714,0.007));
#2257=CARTESIAN_POINT('',(-0.00979906729686304,0.00383925576448228,0.0035));
#2258=CARTESIAN_POINT('',(-0.0110756363091451,0.00626771419258015,-4.20000718192294E-5));
#2259=CARTESIAN_POINT('',(-0.0097738227804727,0.00560484655292737,0.00230533328545385));
#2260=CARTESIAN_POINT('',(-0.00847200925180034,0.00494197891327459,0.00465266664272692));
#2261=CARTESIAN_POINT('',(-0.00717019572312798,0.00427911127362181,0.007));
#2262=CARTESIAN_POINT('',(-0.0113521121712614,0.00577911952085997,-4.20000718192294E-5));
#2263=CARTESIAN_POINT('',(-0.0100430166710627,0.00513689514022621,0.00230533328545385));
#2264=CARTESIAN_POINT('',(-0.00873392117086393,0.00449467075959244,0.00465266664272692));
#2265=CARTESIAN_POINT('',(-0.0074248256706652,0.00385244637895867,0.007));
#2266=CARTESIAN_POINT('',(-0.0115962237506917,0.00527221660302172,-4.20000718192294E-5));
#2267=CARTESIAN_POINT('',(-0.0102779048170707,0.00464914487923932,0.00230533328545385));
#2268=CARTESIAN_POINT('',(-0.00895958588344961,0.00402607315545692,0.00465266664272692));
#2269=CARTESIAN_POINT('',(-0.00764126694982854,0.00340300143167452,0.007));
#2270=CARTESIAN_POINT('',(-0.0118058425667191,0.00475142527481665,-4.20000718192294E-5));
#2271=CARTESIAN_POINT('',(-0.0104759243182803,0.00414691768710348,0.00230533328545385));
#2272=CARTESIAN_POINT('',(-0.00914600606984156,0.00354241009939031,0.00465266664272692));
#2273=CARTESIAN_POINT('',(-0.0078160878214028,0.00293790251167714,0.007));
#2274=CARTESIAN_POINT('',(1.37476835471162E-16,-6.8738417735581E-17,0.007));
#2275=CARTESIAN_POINT('',(-0.00717019572312797,0.00427911127362181,0.007));
#2276=CARTESIAN_POINT('',(-0.00911126955324064,0.00526748249562836,0.0035));
#2277=CARTESIAN_POINT('',(-0.0110523433833533,0.00625585371763491,0.));
#2278=CARTESIAN_POINT('',(5.72458747072346E-17,-1.90819582357449E-17,0.));
#2279=CARTESIAN_POINT('',(-0.00857513070882045,0.00940324968012264,-4.20007269768106E-5));
#2280=CARTESIAN_POINT('',(-0.00763361937074758,0.00827488696925152,0.00231933346005686));
#2281=CARTESIAN_POINT('',(-0.00669210803267471,0.00714652425838039,0.00468066764709054));
#2282=CARTESIAN_POINT('',(-0.00575059669460184,0.00601816154750928,0.00704200183412422));
#2283=CARTESIAN_POINT('',(-0.0091406763790374,0.00945132759248912,-4.20007269768106E-5));
#2284=CARTESIAN_POINT('',(-0.00810662599574592,0.00832749398464851,0.00231933346005686));
#2285=CARTESIAN_POINT('',(-0.00707257561245444,0.0072036603768079,0.00468066764709054));
#2286=CARTESIAN_POINT('',(-0.00603852522916296,0.0060798267689673,0.00704200183412422));
#2287=CARTESIAN_POINT('',(-0.00975584026070251,0.00950366302310935,-4.20007269768106E-5));
#2288=CARTESIAN_POINT('',(-0.00860383206316773,0.00838106346051848,0.00231933346005686));
#2289=CARTESIAN_POINT('',(-0.00745182386563294,0.00725846389792762,0.00468066764709054));
#2290=CARTESIAN_POINT('',(-0.00629981566809815,0.00613586433533676,0.00704200183412422));
#2291=CARTESIAN_POINT('',(-0.0105871449459437,0.00957432001135583,-4.20007269768106E-5));
#2292=CARTESIAN_POINT('',(-0.00930504414091746,0.00845964396105073,0.00231933346005686));
#2293=CARTESIAN_POINT('',(-0.00802294333589125,0.00734496791074564,0.00468066764709054));
#2294=CARTESIAN_POINT('',(-0.00674084253086504,0.00623029186044055,0.00704200183412422));
#2295=CARTESIAN_POINT('',(-0.0108518207330373,0.00962688477088683,-4.20007269768106E-5));
#2296=CARTESIAN_POINT('',(-0.00953224658510294,0.00851356565977579,0.00231933346005686));
#2297=CARTESIAN_POINT('',(-0.00821267243716858,0.00740024654866475,0.00468066764709054));
#2298=CARTESIAN_POINT('',(-0.00689309828923421,0.00628692743755371,0.00704200183412422));
#2299=CARTESIAN_POINT('',(-0.0113090102023858,0.00954960632121403,-4.20007269768106E-5));
#2300=CARTESIAN_POINT('',(-0.00995586683951192,0.00845838311435706,0.00231933346005686));
#2301=CARTESIAN_POINT('',(-0.00860272347663799,0.00736715990750008,0.00468066764709054));
#2302=CARTESIAN_POINT('',(-0.00724958011376406,0.00627593670064311,0.00704200183412422));
#2303=CARTESIAN_POINT('',(-0.0114942460907829,0.00942964529275927,-4.20007269768106E-5));
#2304=CARTESIAN_POINT('',(-0.0101440378489552,0.00834882217390374,0.00231933346005686));
#2305=CARTESIAN_POINT('',(-0.00879382960712755,0.00726799905504821,0.00468066764709054));
#2306=CARTESIAN_POINT('',(-0.00744362136529989,0.00618717593619268,0.00704200183412422));
#2307=CARTESIAN_POINT('',(-0.0117509347731296,0.00910776786596938,-4.20007269768106E-5));
#2308=CARTESIAN_POINT('',(-0.0103967605474189,0.00803191793360299,0.00231933346005686));
#2309=CARTESIAN_POINT('',(-0.00904258632170829,0.0069560680012366,0.00468066764709054));
#2310=CARTESIAN_POINT('',(-0.00768841209599766,0.00588021806887021,0.00704200183412422));
#2311=CARTESIAN_POINT('',(-0.0118266692652559,0.00890048238794331,-4.20007269768106E-5));
#2312=CARTESIAN_POINT('',(-0.010461702577587,0.00782408516143855,0.00231933346005686));
#2313=CARTESIAN_POINT('',(-0.0090967358899181,0.00674768793493379,0.00468066764709054));
#2314=CARTESIAN_POINT('',(-0.00773176920224918,0.00567129070842903,0.00704200183412422));
#2315=CARTESIAN_POINT('',(-0.0118002759551376,0.00843755954032393,-4.20007269768106E-5));
#2316=CARTESIAN_POINT('',(-0.0104212372067271,0.00739880667970502,0.00231933346005686));
#2317=CARTESIAN_POINT('',(-0.00904219845831649,0.0063600538190861,0.00468066764709054));
#2318=CARTESIAN_POINT('',(-0.00766315970990592,0.00532130095846719,0.00704200183412422));
#2319=CARTESIAN_POINT('',(-0.0116901332005341,0.00819121648719169,-4.20007269768106E-5));
#2320=CARTESIAN_POINT('',(-0.0103181101374905,0.00718929938191347,0.00231933346005687));
#2321=CARTESIAN_POINT('',(-0.00894608707444685,0.00618738227663525,0.00468066764709054));
#2322=CARTESIAN_POINT('',(-0.00757406401140324,0.00518546517135704,0.00704200183412422));
#2323=CARTESIAN_POINT('',(-0.0114362650355397,0.00739647700503771,-4.20007269768106E-5));
#2324=CARTESIAN_POINT('',(-0.010085465447726,0.00652315396132544,0.00231933346005686));
#2325=CARTESIAN_POINT('',(-0.00873466585991231,0.00564983091761317,0.00468066764709054));
#2326=CARTESIAN_POINT('',(-0.0073838662720986,0.00477650787390089,0.00704200183412422));
#2327=CARTESIAN_POINT('',(-0.0112483549219477,0.00680838229513689,-4.20007269768106E-5));
#2328=CARTESIAN_POINT('',(-0.00992260031196798,0.0060503342178919,0.00231933346005686));
#2329=CARTESIAN_POINT('',(-0.00859684570198827,0.00529228614064691,0.00468066764709054));
#2330=CARTESIAN_POINT('',(-0.00727109109200855,0.00453423806340192,0.00704200183412422));
#2331=CARTESIAN_POINT('',(-0.0110756366724906,0.00626771437759126,-4.20007269768106E-5));
#2332=CARTESIAN_POINT('',(-0.00976605838831872,0.00560089301873289,0.00231933346005686));
#2333=CARTESIAN_POINT('',(-0.00845648010414688,0.00493407165987451,0.00468066764709054));
#2334=CARTESIAN_POINT('',(-0.00714690181997504,0.00426725030101614,0.00704200183412422));
#2335=CARTESIAN_POINT('',(-0.00969701500131906,0.00948042162219443,0.));
#2336=CARTESIAN_POINT('',(-0.00855838417591837,0.00938317964750703,-2.16840434497101E-19));
#2337=CARTESIAN_POINT('',(-0.0108356458267197,0.00957766359688184,4.33680868994202E-19));
#2338=CARTESIAN_POINT('',(-0.0109105274875633,0.00870085533000172,0.));
#2339=CARTESIAN_POINT('',(-0.0117486896034694,0.00843274291428804,0.));
#2340=CARTESIAN_POINT('',(-0.0114005164934113,0.00734429831596147,0.));
#2341=CARTESIAN_POINT('',(-0.0074215407017284,0.00482149165530865,0.007));
#2342=CARTESIAN_POINT('',(-0.00767288568032883,0.00536387203699549,0.007));
#2343=CARTESIAN_POINT('',(-0.00707405982603632,0.00564137446262606,0.007));
#2344=CARTESIAN_POINT('',(-0.00693676625396527,0.0062869366014384,0.007));
#2345=CARTESIAN_POINT('',(-0.00635205496145555,0.00616258435530664,0.007));
#2346=CARTESIAN_POINT('',(-0.00576734366894582,0.00603823210917488,0.007));
#2347=CARTESIAN_POINT('',(-0.0071628639224321,0.00771070587834096,0.0035));
#2348=CARTESIAN_POINT('',(-0.00725934423715249,0.0104525538553429,-4.20000718192304E-5));
#2349=CARTESIAN_POINT('',(-0.00637405826603707,0.00929049502702161,0.00230533328545385));
#2350=CARTESIAN_POINT('',(-0.00548877229492166,0.00812843619870031,0.00465266664272692));
#2351=CARTESIAN_POINT('',(-0.00460348632380625,0.00696637737037901,0.007));
#2352=CARTESIAN_POINT('',(-0.00772043366472462,0.0101323036479308,-4.20000718192304E-5));
#2353=CARTESIAN_POINT('',(-0.00681963008955627,0.00898568422428368,0.00230533328545385));
#2354=CARTESIAN_POINT('',(-0.00591882651438792,0.00783906480063656,0.00465266664272692));
#2355=CARTESIAN_POINT('',(-0.00501802293921957,0.00669244537698943,0.007));
#2356=CARTESIAN_POINT('',(-0.00816030753144717,0.00978151594475478,-4.20000718192304E-5));
#2357=CARTESIAN_POINT('',(-0.00724288390354139,0.00864815057088756,0.00230533328545385));
#2358=CARTESIAN_POINT('',(-0.00632546027563562,0.00751478519702035,0.00465266664272692));
#2359=CARTESIAN_POINT('',(-0.00540803664772984,0.00638141982315314,0.007));
#2360=CARTESIAN_POINT('',(-0.00857513044759597,0.00940324936705582,-4.20000718192304E-5));
#2361=CARTESIAN_POINT('',(-0.00763920152137926,0.00828157694776217,0.00230533328545385));
#2362=CARTESIAN_POINT('',(-0.00670327259516254,0.00715990452846852,0.00465266664272692));
#2363=CARTESIAN_POINT('',(-0.00576734366894582,0.00603823210917488,0.007));
#2364=CARTESIAN_POINT('',(9.58434720477186E-17,-1.31405303305243E-16,0.007));
#2365=CARTESIAN_POINT('',(-0.00460348632380625,0.00696637737037901,0.007));
#2366=CARTESIAN_POINT('',(-0.00592349521359748,0.00869906944265011,0.0035));
#2367=CARTESIAN_POINT('',(-0.00724350410338871,0.0104317615149212,-4.33680868994202E-19));
#2368=CARTESIAN_POINT('',(9.54097911787244E-18,7.80625564189563E-18,0.));
#2369=CARTESIAN_POINT('',(-0.00364600867577364,0.0121926449942687,-4.20007269768245E-5));
#2370=CARTESIAN_POINT('',(-0.00328731450346642,0.0107675188602872,0.00231933346005685));
#2371=CARTESIAN_POINT('',(-0.00292862033115921,0.00934239272630571,0.00468066764709053));
#2372=CARTESIAN_POINT('',(-0.00256992615885199,0.00791726659232423,0.00704200183412421));
#2373=CARTESIAN_POINT('',(-0.0041346874936296,0.0124813427665801,-4.20007269768245E-5));
#2374=CARTESIAN_POINT('',(-0.00369065341835726,0.0110201460264748,0.00231933346005685));
#2375=CARTESIAN_POINT('',(-0.00324661934308493,0.00955894928636952,0.00468066764709053));
#2376=CARTESIAN_POINT('',(-0.0028025852678126,0.00809775254626423,0.00704200183412421));
#2377=CARTESIAN_POINT('',(-0.00466622350734204,0.0127954049654041,-4.20007269768245E-5));
#2378=CARTESIAN_POINT('',(-0.00411537768154347,0.0112841400841484,0.00231933346005685));
#2379=CARTESIAN_POINT('',(-0.0035645318557449,0.00977287520289271,0.00468066764709053));
#2380=CARTESIAN_POINT('',(-0.00301368602994633,0.00826161032163699,0.00704200183412421));
#2381=CARTESIAN_POINT('',(-0.00538454623023056,0.0132197542972923,-4.20007269768245E-5));
#2382=CARTESIAN_POINT('',(-0.00471305313200048,0.0116591831869606,0.00231933346005685));
#2383=CARTESIAN_POINT('',(-0.0040415600337704,0.0100986120766289,0.00468066764709054));
#2384=CARTESIAN_POINT('',(-0.00337006693554032,0.00853804096629716,0.00704200183412421));
#2385=CARTESIAN_POINT('',(-0.00560020388007837,0.0133819520293366,-4.20007269768245E-5));
#2386=CARTESIAN_POINT('',(-0.00489435971266054,0.0118063444048362,0.00231933346005685));
#2387=CARTESIAN_POINT('',(-0.00418851554524271,0.0102307367803357,0.00468066764709053));
#2388=CARTESIAN_POINT('',(-0.00348267137782487,0.0086551291558352,0.00704200183412421));
#2389=CARTESIAN_POINT('',(-0.00604564722139148,0.0135106936284678,-4.20007269768245E-5));
#2390=CARTESIAN_POINT('',(-0.00529997118283624,0.0119404285893112,0.00231933346005685));
#2391=CARTESIAN_POINT('',(-0.004554295144281,0.0103701635501545,0.00468066764709053));
#2392=CARTESIAN_POINT('',(-0.00380861910572576,0.00879989851099792,0.00704200183412421));
#2393=CARTESIAN_POINT('',(-0.0062645881296297,0.013482983316345,-4.20007269768245E-5));
#2394=CARTESIAN_POINT('',(-0.00551704411469149,0.0119233619339954,0.00231933346005685));
#2395=CARTESIAN_POINT('',(-0.00476950009975327,0.0103637405516458,0.00468066764709053));
#2396=CARTESIAN_POINT('',(-0.00402195608481506,0.00880411916929626,0.00704200183412421));
#2397=CARTESIAN_POINT('',(-0.00663551402264025,0.0133043548208124,-4.20007269768245E-5));
#2398=CARTESIAN_POINT('',(-0.00588223899494358,0.0117474933487474,0.00231933346005685));
#2399=CARTESIAN_POINT('',(-0.0051289639672469,0.0101906318766825,0.00468066764709053));
#2400=CARTESIAN_POINT('',(-0.00437568893955023,0.00863377040461748,0.00704200183412421));
#2401=CARTESIAN_POINT('',(-0.00679368624054315,0.0131504570229667,-4.20007269768245E-5));
#2402=CARTESIAN_POINT('',(-0.00603092500264123,0.0115884197821727,0.00231933346005685));
#2403=CARTESIAN_POINT('',(-0.00526816376473931,0.0100263825413787,0.00468066764709054));
#2404=CARTESIAN_POINT('',(-0.00450540252683739,0.00846434530058467,0.00704200183412421));
#2405=CARTESIAN_POINT('',(-0.00697076138585374,0.012721926320939,-4.20007269768245E-5));
#2406=CARTESIAN_POINT('',(-0.00617898838108909,0.0111876998435285,0.00231933346005685));
#2407=CARTESIAN_POINT('',(-0.00538721537632443,0.00965347336611786,0.00468066764709054));
#2408=CARTESIAN_POINT('',(-0.00459544237155977,0.00811924688870726,0.00704200183412421));
#2409=CARTESIAN_POINT('',(-0.00697841043792953,0.0124521897490388,-4.20007269768246E-5));
#2410=CARTESIAN_POINT('',(-0.00617697591200708,0.0109541951322153,0.00231933346005686));
#2411=CARTESIAN_POINT('',(-0.00537554138608463,0.00945620051539182,0.00468066764709054));
#2412=CARTESIAN_POINT('',(-0.00457410686016217,0.00795820589856835,0.00704200183412422));
#2413=CARTESIAN_POINT('',(-0.00709450766285945,0.0116260049488545,-4.20007269768245E-5));
#2414=CARTESIAN_POINT('',(-0.00625639995512729,0.0102530780988889,0.00231933346005685));
#2415=CARTESIAN_POINT('',(-0.00541829224739512,0.00888015124892326,0.00468066764709053));
#2416=CARTESIAN_POINT('',(-0.00458018453966296,0.00750722439895764,0.00704200183412421));
#2417=CARTESIAN_POINT('',(-0.00718037123223604,0.0110146187811524,-4.20007269768245E-5));
#2418=CARTESIAN_POINT('',(-0.00631481233635214,0.00975641769585106,0.00231933346005685));
#2419=CARTESIAN_POINT('',(-0.00544925344046824,0.00849821661054969,0.00468066764709053));
#2420=CARTESIAN_POINT('',(-0.00458369454458434,0.00724001552524832,0.00704200183412421));
#2421=CARTESIAN_POINT('',(-0.00725934448424216,0.0104525541796819,-4.20007269768245E-5));
#2422=CARTESIAN_POINT('',(-0.00636877816462719,0.00928356417229446,0.00231933346005685));
#2423=CARTESIAN_POINT('',(-0.00547821184501222,0.00811457416490704,0.00468066764709053));
#2424=CARTESIAN_POINT('',(-0.00458764552539725,0.00694558415751962,0.00704200183412421));
#2425=CARTESIAN_POINT('',(-0.00462330784592254,0.0127489418632375,0.));
#2426=CARTESIAN_POINT('',(-0.00363962863177903,0.0121672964713914,0.));
#2427=CARTESIAN_POINT('',(-0.00560698706006605,0.0133305872550836,0.));
#2428=CARTESIAN_POINT('',(-0.00605488595458605,0.0125731002385032,0.));
#2429=CARTESIAN_POINT('',(-0.00692637354470635,0.0126952042116831,4.33680868994202E-19));
#2430=CARTESIAN_POINT('',(-0.00708493882404753,0.0115634828633022,0.));
#2431=CARTESIAN_POINT('',(-0.00459461029659854,0.00756409970796346,0.007));
#2432=CARTESIAN_POINT('',(-0.00458573426939083,0.00816182204554791,0.007));
#2433=CARTESIAN_POINT('',(-0.00392580702733143,0.00815202229106776,0.007));
#2434=CARTESIAN_POINT('',(-0.00352201087851167,0.00867408423202719,0.007));
#2435=CARTESIAN_POINT('',(-0.00304915862476874,0.00830835000771035,0.007));
#2436=CARTESIAN_POINT('',(-0.00257630637102581,0.00794261578339352,0.007));
#2437=CARTESIAN_POINT('',(-0.00310796750140242,0.0100549561273925,0.0035));
#2438=CARTESIAN_POINT('',(-0.0020052500089774,0.0125671370348946,-4.200007181923E-5));
#2439=CARTESIAN_POINT('',(-0.00171183333931827,0.0111360470205701,0.00230533328545385));
#2440=CARTESIAN_POINT('',(-0.00141841666965913,0.00970495700624554,0.00465266664272692));
#2441=CARTESIAN_POINT('',(-0.001125,0.00827386699192101,0.007));
#2442=CARTESIAN_POINT('',(-0.00255962858598396,0.0124786607729796,-4.200007181923E-5));
#2443=CARTESIAN_POINT('',(-0.00224553213153891,0.0110547483455368,0.00230533328545385));
#2444=CARTESIAN_POINT('',(-0.00193143567709387,0.00963083591809399,0.00465266664272692));
#2445=CARTESIAN_POINT('',(-0.00161733922264883,0.00820692349065119,0.007));
#2446=CARTESIAN_POINT('',(-0.00310814232599532,0.0123534660912087,-4.200007181923E-5));
#2447=CARTESIAN_POINT('',(-0.00277332100477401,0.0109342839793652,0.00230533328545385));
#2448=CARTESIAN_POINT('',(-0.00243849968355269,0.00951510186752165,0.00465266664272692));
#2449=CARTESIAN_POINT('',(-0.00210367836233137,0.00809591975567814,0.007));
#2450=CARTESIAN_POINT('',(-0.00364600857625312,0.0121926445988642,-4.200007181923E-5));
#2451=CARTESIAN_POINT('',(-0.00328944117451068,0.0107759683270406,0.00230533328545385));
#2452=CARTESIAN_POINT('',(-0.00293287377276825,0.00935929205521707,0.00465266664272692));
#2453=CARTESIAN_POINT('',(-0.00257630637102581,0.00794261578339352,0.007));
#2454=CARTESIAN_POINT('',(5.83300768797201E-17,-1.47451495458029E-16,0.007));
#2455=CARTESIAN_POINT('',(-1.45283091113058E-17,1.0842021724855E-16,0.));
#2456=CARTESIAN_POINT('',(0.,5.12357801198959E-5,0.007));
#2457=CARTESIAN_POINT('',(3.46944695195361E-18,0.00221092551529408,0.));
#2458=CARTESIAN_POINT('',(0.,-3.88825358729284E-19,0.));
#2459=CARTESIAN_POINT('',(-0.00635,-3.88825358729284E-19,0.));
#2460=CARTESIAN_POINT('',(0.,-3.88825358729284E-19,0.0025));
#2461=CARTESIAN_POINT('',(0.,-3.88825358729284E-19,0.0025));
#2462=CARTESIAN_POINT('',(-0.00635,-3.88825358729284E-19,0.0025));
#2463=CARTESIAN_POINT('',(3.46944695195361E-18,0.,0.0025));
#2464=MECHANICAL_DESIGN_GEOMETRIC_PRESENTATION_REPRESENTATION('',(#911),
#2465);
#2465=(
GEOMETRIC_REPRESENTATION_CONTEXT(3)
GLOBAL_UNCERTAINTY_ASSIGNED_CONTEXT((#2466))
GLOBAL_UNIT_ASSIGNED_CONTEXT((#2469,#2468,#2467))
REPRESENTATION_CONTEXT('Part 1','TOP_LEVEL_ASSEMBLY_PART')
);
#2466=UNCERTAINTY_MEASURE_WITH_UNIT(LENGTH_MEASURE(1.E-8),#2469,
'DISTANCE_ACCURACY_VALUE','Maximum Tolerance applied to model');
#2467=(
NAMED_UNIT(*)
SI_UNIT($,.STERADIAN.)
SOLID_ANGLE_UNIT()
);
#2468=(
NAMED_UNIT(*)
PLANE_ANGLE_UNIT()
SI_UNIT($,.RADIAN.)
);
#2469=(
LENGTH_UNIT()
NAMED_UNIT(*)
SI_UNIT($,.METRE.)
);
#2470=PRODUCT_DEFINITION_SHAPE('','',#2471);
#2471=PRODUCT_DEFINITION('','',#2473,#2472);
#2472=PRODUCT_DEFINITION_CONTEXT('',#2479,'design');
#2473=PRODUCT_DEFINITION_FORMATION_WITH_SPECIFIED_SOURCE('','',#2475,
 .NOT_KNOWN.);
#2474=PRODUCT_RELATED_PRODUCT_CATEGORY('','',(#2475));
#2475=PRODUCT('Part 1','Part 1','Part 1',(#2477));
#2476=PRODUCT_CATEGORY('','');
#2477=PRODUCT_CONTEXT('',#2479,'mechanical');
#2478=APPLICATION_PROTOCOL_DEFINITION('international standard',
'ap242_managed_model_based_3d_engineering',2020,#2479);
#2479=APPLICATION_CONTEXT('managed model based 3d engineering');
ENDSEC;
END-ISO-10303-21;
