ISO-10303-21;
HEADER;
/* Generated by software containing ST-Developer
 * from STEP Tools, Inc. (www.steptools.com) 
 */
/* OPTION: using custom renumber hook */

FILE_DESCRIPTION(
/* description */ ('STEP AP242 Edition 2',
'CAx-IF Rec.Pracs.---Representation and Presentation of Product Manufa
cturing Information (PMI)---4.0---2014-10-13',
'CAx-IF Rec.Pracs.---3D Tessellated Geometry---0.4---2014-09-14','2;1',
'CAx-IF Rec.Pracs.---User Defined Attributes---1.5---2016-08-15'),
/* implementation_level */ '2;1');

FILE_NAME(
/* name */ 'Part Studio 1',
/* time_stamp */ '2026-08-29T18:32:40Z',
/* author */ (''),
/* organization */ (''),
/* preprocessor_version */ 'ST-DEVELOPER v20',
/* originating_system */ 'ONSHAPE BY PTC INC, 1.220',
/* authorisation */ '  ');

FILE_SCHEMA (('AP242_MANAGED_MODEL_BASED_3D_ENGINEERING_MIM_LF { 1 0 10303 442 3 1 4 }'));
ENDSEC;

DATA;
#10=SHAPE_REPRESENTATION_RELATIONSHIP('','',#2307,#11);
#11=ADVANCED_BREP_SHAPE_REPRESENTATION('',(#2305),#4031);
#12=B_SPLINE_SURFACE_WITH_KNOTS('',3,1,((#3370,#3371),(#3372,#3373),(#3374,
#3375),(#3376,#3377)),.RULED_SURF.,.F.,.F.,.F.,(4,4),(2,2),(0.,1.),(0.,
1.),.PIECEWISE_BEZIER_KNOTS.);
#13=B_SPLINE_SURFACE_WITH_KNOTS('',3,1,((#3383,#3384),(#3385,#3386),(#3387,
#3388),(#3389,#3390),(#3391,#3392),(#3393,#3394)),.RULED_SURF.,.F.,.F.,
 .F.,(4,2,4),(2,2),(0.,0.5,1.),(0.,1.),.UNSPECIFIED.);
#14=B_SPLINE_SURFACE_WITH_KNOTS('',3,1,((#3398,#3399),(#3400,#3401),(#3402,
#3403),(#3404,#3405)),.RULED_SURF.,.F.,.F.,.F.,(4,4),(2,2),(0.,1.),(0.,
1.),.PIECEWISE_BEZIER_KNOTS.);
#15=B_SPLINE_SURFACE_WITH_KNOTS('',3,1,((#3413,#3414),(#3415,#3416),(#3417,
#3418),(#3419,#3420)),.RULED_SURF.,.F.,.F.,.F.,(4,4),(2,2),(0.,1.),(0.,
1.),.PIECEWISE_BEZIER_KNOTS.);
#16=B_SPLINE_SURFACE_WITH_KNOTS('',3,1,((#3424,#3425),(#3426,#3427),(#3428,
#3429),(#3430,#3431),(#3432,#3433),(#3434,#3435)),.RULED_SURF.,.F.,.F.,
 .F.,(4,2,4),(2,2),(0.,0.5,1.),(0.,1.),.UNSPECIFIED.);
#17=B_SPLINE_SURFACE_WITH_KNOTS('',3,1,((#3439,#3440),(#3441,#3442),(#3443,
#3444),(#3445,#3446)),.RULED_SURF.,.F.,.F.,.F.,(4,4),(2,2),(0.,1.),(0.,
1.),.PIECEWISE_BEZIER_KNOTS.);
#18=B_SPLINE_SURFACE_WITH_KNOTS('',3,1,((#3454,#3455),(#3456,#3457),(#3458,
#3459),(#3460,#3461)),.RULED_SURF.,.F.,.F.,.F.,(4,4),(2,2),(0.,1.),(0.,
1.),.PIECEWISE_BEZIER_KNOTS.);
#19=B_SPLINE_SURFACE_WITH_KNOTS('',3,1,((#3465,#3466),(#3467,#3468),(#3469,
#3470),(#3471,#3472),(#3473,#3474),(#3475,#3476)),.RULED_SURF.,.F.,.F.,
 .F.,(4,2,4),(2,2),(0.,0.5,1.),(0.,1.),.UNSPECIFIED.);
#20=B_SPLINE_SURFACE_WITH_KNOTS('',3,1,((#3480,#3481),(#3482,#3483),(#3484,
#3485),(#3486,#3487)),.RULED_SURF.,.F.,.F.,.F.,(4,4),(2,2),(0.,1.),(0.,
1.),.PIECEWISE_BEZIER_KNOTS.);
#21=B_SPLINE_SURFACE_WITH_KNOTS('',3,1,((#3495,#3496),(#3497,#3498),(#3499,
#3500),(#3501,#3502)),.RULED_SURF.,.F.,.F.,.F.,(4,4),(2,2),(0.,1.),(0.,
1.),.PIECEWISE_BEZIER_KNOTS.);
#22=B_SPLINE_SURFACE_WITH_KNOTS('',3,1,((#3506,#3507),(#3508,#3509),(#3510,
#3511),(#3512,#3513),(#3514,#3515),(#3516,#3517)),.RULED_SURF.,.F.,.F.,
 .F.,(4,2,4),(2,2),(0.,0.5,1.),(0.,1.),.UNSPECIFIED.);
#23=B_SPLINE_SURFACE_WITH_KNOTS('',3,1,((#3521,#3522),(#3523,#3524),(#3525,
#3526),(#3527,#3528)),.RULED_SURF.,.F.,.F.,.F.,(4,4),(2,2),(0.,1.),(0.,
1.),.PIECEWISE_BEZIER_KNOTS.);
#24=B_SPLINE_SURFACE_WITH_KNOTS('',3,1,((#3536,#3537),(#3538,#3539),(#3540,
#3541),(#3542,#3543)),.RULED_SURF.,.F.,.F.,.F.,(4,4),(2,2),(0.,1.),(0.,
1.),.PIECEWISE_BEZIER_KNOTS.);
#25=B_SPLINE_SURFACE_WITH_KNOTS('',3,1,((#3547,#3548),(#3549,#3550),(#3551,
#3552),(#3553,#3554),(#3555,#3556),(#3557,#3558)),.RULED_SURF.,.F.,.F.,
 .F.,(4,2,4),(2,2),(0.,0.5,1.),(0.,1.),.UNSPECIFIED.);
#26=B_SPLINE_SURFACE_WITH_KNOTS('',3,1,((#3562,#3563),(#3564,#3565),(#3566,
#3567),(#3568,#3569)),.RULED_SURF.,.F.,.F.,.F.,(4,4),(2,2),(0.,1.),(0.,
1.),.PIECEWISE_BEZIER_KNOTS.);
#27=B_SPLINE_SURFACE_WITH_KNOTS('',3,1,((#3577,#3578),(#3579,#3580),(#3581,
#3582),(#3583,#3584)),.RULED_SURF.,.F.,.F.,.F.,(4,4),(2,2),(0.,1.),(0.,
1.),.PIECEWISE_BEZIER_KNOTS.);
#28=B_SPLINE_SURFACE_WITH_KNOTS('',3,1,((#3588,#3589),(#3590,#3591),(#3592,
#3593),(#3594,#3595),(#3596,#3597),(#3598,#3599)),.RULED_SURF.,.F.,.F.,
 .F.,(4,2,4),(2,2),(0.,0.5,1.),(0.,1.),.UNSPECIFIED.);
#29=B_SPLINE_SURFACE_WITH_KNOTS('',3,1,((#3603,#3604),(#3605,#3606),(#3607,
#3608),(#3609,#3610)),.RULED_SURF.,.F.,.F.,.F.,(4,4),(2,2),(0.,1.),(0.,
1.),.PIECEWISE_BEZIER_KNOTS.);
#30=B_SPLINE_SURFACE_WITH_KNOTS('',3,1,((#3618,#3619),(#3620,#3621),(#3622,
#3623),(#3624,#3625)),.RULED_SURF.,.F.,.F.,.F.,(4,4),(2,2),(0.,1.),(0.,
1.),.PIECEWISE_BEZIER_KNOTS.);
#31=B_SPLINE_SURFACE_WITH_KNOTS('',3,1,((#3629,#3630),(#3631,#3632),(#3633,
#3634),(#3635,#3636),(#3637,#3638),(#3639,#3640)),.RULED_SURF.,.F.,.F.,
 .F.,(4,2,4),(2,2),(0.,0.5,1.),(0.,1.),.UNSPECIFIED.);
#32=B_SPLINE_SURFACE_WITH_KNOTS('',3,1,((#3644,#3645),(#3646,#3647),(#3648,
#3649),(#3650,#3651)),.RULED_SURF.,.F.,.F.,.F.,(4,4),(2,2),(0.,1.),(0.,
1.),.PIECEWISE_BEZIER_KNOTS.);
#33=B_SPLINE_SURFACE_WITH_KNOTS('',3,1,((#3659,#3660),(#3661,#3662),(#3663,
#3664),(#3665,#3666)),.RULED_SURF.,.F.,.F.,.F.,(4,4),(2,2),(0.,1.),(0.,
1.),.PIECEWISE_BEZIER_KNOTS.);
#34=B_SPLINE_SURFACE_WITH_KNOTS('',3,1,((#3670,#3671),(#3672,#3673),(#3674,
#3675),(#3676,#3677),(#3678,#3679),(#3680,#3681)),.RULED_SURF.,.F.,.F.,
 .F.,(4,2,4),(2,2),(0.,0.5,1.),(0.,1.),.UNSPECIFIED.);
#35=B_SPLINE_SURFACE_WITH_KNOTS('',3,1,((#3685,#3686),(#3687,#3688),(#3689,
#3690),(#3691,#3692)),.RULED_SURF.,.F.,.F.,.F.,(4,4),(2,2),(0.,1.),(0.,
1.),.PIECEWISE_BEZIER_KNOTS.);
#36=B_SPLINE_SURFACE_WITH_KNOTS('',3,1,((#3700,#3701),(#3702,#3703),(#3704,
#3705),(#3706,#3707)),.RULED_SURF.,.F.,.F.,.F.,(4,4),(2,2),(0.,1.),(0.,
1.),.PIECEWISE_BEZIER_KNOTS.);
#37=B_SPLINE_SURFACE_WITH_KNOTS('',3,1,((#3711,#3712),(#3713,#3714),(#3715,
#3716),(#3717,#3718),(#3719,#3720),(#3721,#3722)),.RULED_SURF.,.F.,.F.,
 .F.,(4,2,4),(2,2),(0.,0.5,1.),(0.,1.),.UNSPECIFIED.);
#38=B_SPLINE_SURFACE_WITH_KNOTS('',3,1,((#3726,#3727),(#3728,#3729),(#3730,
#3731),(#3732,#3733)),.RULED_SURF.,.F.,.F.,.F.,(4,4),(2,2),(0.,1.),(0.,
1.),.PIECEWISE_BEZIER_KNOTS.);
#39=B_SPLINE_SURFACE_WITH_KNOTS('',3,1,((#3741,#3742),(#3743,#3744),(#3745,
#3746),(#3747,#3748)),.RULED_SURF.,.F.,.F.,.F.,(4,4),(2,2),(0.,1.),(0.,
1.),.PIECEWISE_BEZIER_KNOTS.);
#40=B_SPLINE_SURFACE_WITH_KNOTS('',3,1,((#3752,#3753),(#3754,#3755),(#3756,
#3757),(#3758,#3759),(#3760,#3761),(#3762,#3763)),.RULED_SURF.,.F.,.F.,
 .F.,(4,2,4),(2,2),(0.,0.5,1.),(0.,1.),.UNSPECIFIED.);
#41=B_SPLINE_SURFACE_WITH_KNOTS('',3,1,((#3767,#3768),(#3769,#3770),(#3771,
#3772),(#3773,#3774)),.RULED_SURF.,.F.,.F.,.F.,(4,4),(2,2),(0.,1.),(0.,
1.),.PIECEWISE_BEZIER_KNOTS.);
#42=B_SPLINE_SURFACE_WITH_KNOTS('',3,1,((#3782,#3783),(#3784,#3785),(#3786,
#3787),(#3788,#3789)),.RULED_SURF.,.F.,.F.,.F.,(4,4),(2,2),(0.,1.),(0.,
1.),.PIECEWISE_BEZIER_KNOTS.);
#43=B_SPLINE_SURFACE_WITH_KNOTS('',3,1,((#3793,#3794),(#3795,#3796),(#3797,
#3798),(#3799,#3800),(#3801,#3802),(#3803,#3804)),.RULED_SURF.,.F.,.F.,
 .F.,(4,2,4),(2,2),(0.,0.5,1.),(0.,1.),.UNSPECIFIED.);
#44=B_SPLINE_SURFACE_WITH_KNOTS('',3,1,((#3808,#3809),(#3810,#3811),(#3812,
#3813),(#3814,#3815)),.RULED_SURF.,.F.,.F.,.F.,(4,4),(2,2),(0.,1.),(0.,
1.),.PIECEWISE_BEZIER_KNOTS.);
#45=B_SPLINE_SURFACE_WITH_KNOTS('',3,1,((#3823,#3824),(#3825,#3826),(#3827,
#3828),(#3829,#3830)),.RULED_SURF.,.F.,.F.,.F.,(4,4),(2,2),(0.,1.),(0.,
1.),.PIECEWISE_BEZIER_KNOTS.);
#46=B_SPLINE_SURFACE_WITH_KNOTS('',3,1,((#3834,#3835),(#3836,#3837),(#3838,
#3839),(#3840,#3841),(#3842,#3843),(#3844,#3845)),.RULED_SURF.,.F.,.F.,
 .F.,(4,2,4),(2,2),(0.,0.5,1.),(0.,1.),.UNSPECIFIED.);
#47=B_SPLINE_SURFACE_WITH_KNOTS('',3,1,((#3849,#3850),(#3851,#3852),(#3853,
#3854),(#3855,#3856)),.RULED_SURF.,.F.,.F.,.F.,(4,4),(2,2),(0.,1.),(0.,
1.),.PIECEWISE_BEZIER_KNOTS.);
#48=B_SPLINE_SURFACE_WITH_KNOTS('',3,1,((#3864,#3865),(#3866,#3867),(#3868,
#3869),(#3870,#3871)),.RULED_SURF.,.F.,.F.,.F.,(4,4),(2,2),(0.,1.),(0.,
1.),.PIECEWISE_BEZIER_KNOTS.);
#49=B_SPLINE_SURFACE_WITH_KNOTS('',3,1,((#3875,#3876),(#3877,#3878),(#3879,
#3880),(#3881,#3882),(#3883,#3884),(#3885,#3886)),.RULED_SURF.,.F.,.F.,
 .F.,(4,2,4),(2,2),(0.,0.5,1.),(0.,1.),.UNSPECIFIED.);
#50=B_SPLINE_SURFACE_WITH_KNOTS('',3,1,((#3890,#3891),(#3892,#3893),(#3894,
#3895),(#3896,#3897)),.RULED_SURF.,.F.,.F.,.F.,(4,4),(2,2),(0.,1.),(0.,
1.),.PIECEWISE_BEZIER_KNOTS.);
#51=B_SPLINE_SURFACE_WITH_KNOTS('',3,1,((#3905,#3906),(#3907,#3908),(#3909,
#3910),(#3911,#3912)),.RULED_SURF.,.F.,.F.,.F.,(4,4),(2,2),(0.,1.),(0.,
1.),.PIECEWISE_BEZIER_KNOTS.);
#52=B_SPLINE_SURFACE_WITH_KNOTS('',3,1,((#3916,#3917),(#3918,#3919),(#3920,
#3921),(#3922,#3923),(#3924,#3925),(#3926,#3927)),.RULED_SURF.,.F.,.F.,
 .F.,(4,2,4),(2,2),(0.,0.5,1.),(0.,1.),.UNSPECIFIED.);
#53=B_SPLINE_SURFACE_WITH_KNOTS('',3,1,((#3931,#3932),(#3933,#3934),(#3935,
#3936),(#3937,#3938)),.RULED_SURF.,.F.,.F.,.F.,(4,4),(2,2),(0.,1.),(0.,
1.),.PIECEWISE_BEZIER_KNOTS.);
#54=B_SPLINE_SURFACE_WITH_KNOTS('',3,1,((#3946,#3947),(#3948,#3949),(#3950,
#3951),(#3952,#3953)),.RULED_SURF.,.F.,.F.,.F.,(4,4),(2,2),(0.,1.),(0.,
1.),.PIECEWISE_BEZIER_KNOTS.);
#55=B_SPLINE_SURFACE_WITH_KNOTS('',3,1,((#3957,#3958),(#3959,#3960),(#3961,
#3962),(#3963,#3964),(#3965,#3966),(#3967,#3968)),.RULED_SURF.,.F.,.F.,
 .F.,(4,2,4),(2,2),(0.,0.5,1.),(0.,1.),.UNSPECIFIED.);
#56=B_SPLINE_SURFACE_WITH_KNOTS('',3,1,((#3972,#3973),(#3974,#3975),(#3976,
#3977),(#3978,#3979)),.RULED_SURF.,.F.,.F.,.F.,(4,4),(2,2),(0.,1.),(0.,
1.),.PIECEWISE_BEZIER_KNOTS.);
#57=B_SPLINE_SURFACE_WITH_KNOTS('',3,1,((#3987,#3988),(#3989,#3990),(#3991,
#3992),(#3993,#3994)),.RULED_SURF.,.F.,.F.,.F.,(4,4),(2,2),(0.,1.),(0.,
1.),.PIECEWISE_BEZIER_KNOTS.);
#58=B_SPLINE_SURFACE_WITH_KNOTS('',3,1,((#3998,#3999),(#4000,#4001),(#4002,
#4003),(#4004,#4005),(#4006,#4007),(#4008,#4009)),.RULED_SURF.,.F.,.F.,
 .F.,(4,2,4),(2,2),(0.,0.5,1.),(0.,1.),.UNSPECIFIED.);
#59=B_SPLINE_SURFACE_WITH_KNOTS('',3,1,((#4013,#4014),(#4015,#4016),(#4017,
#4018),(#4019,#4020)),.RULED_SURF.,.F.,.F.,.F.,(4,4),(2,2),(0.,1.),(0.,
1.),.PIECEWISE_BEZIER_KNOTS.);
#60=CIRCLE('',#2312,0.0635000000000017);
#61=CIRCLE('',#2313,0.0635000000000017);
#62=CIRCLE('',#2318,0.0635000000000018);
#63=CIRCLE('',#2319,0.0635000000000018);
#64=CIRCLE('',#2324,0.0635);
#65=CIRCLE('',#2325,0.0635);
#66=CIRCLE('',#2330,0.0635000000000018);
#67=CIRCLE('',#2331,0.0635000000000018);
#68=CIRCLE('',#2336,0.0635000000000018);
#69=CIRCLE('',#2337,0.0635000000000018);
#70=CIRCLE('',#2342,0.0635);
#71=CIRCLE('',#2343,0.0635);
#72=CIRCLE('',#2348,0.0635);
#73=CIRCLE('',#2349,0.0635);
#74=CIRCLE('',#2354,0.063499999999999);
#75=CIRCLE('',#2355,0.063499999999999);
#76=CIRCLE('',#2360,0.0634999999999991);
#77=CIRCLE('',#2361,0.0634999999999991);
#78=CIRCLE('',#2366,0.0635);
#79=CIRCLE('',#2367,0.0635);
#80=CIRCLE('',#2372,0.0635);
#81=CIRCLE('',#2373,0.0635);
#82=CIRCLE('',#2378,0.0635000000000008);
#83=CIRCLE('',#2379,0.0635000000000008);
#84=CIRCLE('',#2384,0.063499999999999);
#85=CIRCLE('',#2385,0.063499999999999);
#86=CIRCLE('',#2390,0.0635);
#87=CIRCLE('',#2391,0.0635);
#88=CIRCLE('',#2396,0.0635);
#89=CIRCLE('',#2397,0.0635);
#90=CIRCLE('',#2402,0.0635000000000017);
#91=CIRCLE('',#2403,0.0635000000000017);
#92=CIRCLE('',#2406,0.01524);
#93=CIRCLE('',#2407,0.0380999999999983);
#94=CIRCLE('',#2409,0.0380999999999972);
#95=CIRCLE('',#2411,0.0380999999999962);
#96=CIRCLE('',#2413,0.0380999999999981);
#97=CIRCLE('',#2415,0.0380999999999981);
#98=CIRCLE('',#2417,0.0380999999999971);
#99=CIRCLE('',#2419,0.0380999999999974);
#100=CIRCLE('',#2421,0.0380999999999991);
#101=CIRCLE('',#2423,0.0380999999999981);
#102=CIRCLE('',#2425,0.0380999999999971);
#103=CIRCLE('',#2427,0.0380999999999976);
#104=CIRCLE('',#2429,0.0380999999999981);
#105=CIRCLE('',#2431,0.0380999999999981);
#106=CIRCLE('',#2433,0.0380999999999963);
#107=CIRCLE('',#2435,0.0380999999999977);
#108=CIRCLE('',#2437,0.0380999999999981);
#109=CIRCLE('',#2440,0.01524);
#110=CYLINDRICAL_SURFACE('',#2311,0.0635000000000017);
#111=CYLINDRICAL_SURFACE('',#2317,0.0635000000000018);
#112=CYLINDRICAL_SURFACE('',#2323,0.0635);
#113=CYLINDRICAL_SURFACE('',#2329,0.0635000000000018);
#114=CYLINDRICAL_SURFACE('',#2335,0.0635000000000018);
#115=CYLINDRICAL_SURFACE('',#2341,0.0635);
#116=CYLINDRICAL_SURFACE('',#2347,0.0635);
#117=CYLINDRICAL_SURFACE('',#2353,0.063499999999999);
#118=CYLINDRICAL_SURFACE('',#2359,0.0634999999999991);
#119=CYLINDRICAL_SURFACE('',#2365,0.0635);
#120=CYLINDRICAL_SURFACE('',#2371,0.0635);
#121=CYLINDRICAL_SURFACE('',#2377,0.0635000000000008);
#122=CYLINDRICAL_SURFACE('',#2383,0.063499999999999);
#123=CYLINDRICAL_SURFACE('',#2389,0.0635);
#124=CYLINDRICAL_SURFACE('',#2395,0.0635);
#125=CYLINDRICAL_SURFACE('',#2401,0.0635000000000017);
#126=CYLINDRICAL_SURFACE('',#2441,0.01524);
#127=ORIENTED_EDGE('',*,*,#771,.T.);
#128=ORIENTED_EDGE('',*,*,#772,.F.);
#129=ORIENTED_EDGE('',*,*,#773,.F.);
#130=ORIENTED_EDGE('',*,*,#774,.T.);
#131=ORIENTED_EDGE('',*,*,#775,.T.);
#132=ORIENTED_EDGE('',*,*,#776,.F.);
#133=ORIENTED_EDGE('',*,*,#777,.F.);
#134=ORIENTED_EDGE('',*,*,#772,.T.);
#135=ORIENTED_EDGE('',*,*,#778,.T.);
#136=ORIENTED_EDGE('',*,*,#779,.F.);
#137=ORIENTED_EDGE('',*,*,#780,.F.);
#138=ORIENTED_EDGE('',*,*,#776,.T.);
#139=ORIENTED_EDGE('',*,*,#781,.F.);
#140=ORIENTED_EDGE('',*,*,#782,.F.);
#141=ORIENTED_EDGE('',*,*,#783,.T.);
#142=ORIENTED_EDGE('',*,*,#779,.T.);
#143=ORIENTED_EDGE('',*,*,#784,.T.);
#144=ORIENTED_EDGE('',*,*,#785,.F.);
#145=ORIENTED_EDGE('',*,*,#786,.F.);
#146=ORIENTED_EDGE('',*,*,#782,.T.);
#147=ORIENTED_EDGE('',*,*,#787,.T.);
#148=ORIENTED_EDGE('',*,*,#788,.F.);
#149=ORIENTED_EDGE('',*,*,#789,.F.);
#150=ORIENTED_EDGE('',*,*,#785,.T.);
#151=ORIENTED_EDGE('',*,*,#790,.T.);
#152=ORIENTED_EDGE('',*,*,#791,.F.);
#153=ORIENTED_EDGE('',*,*,#792,.F.);
#154=ORIENTED_EDGE('',*,*,#788,.T.);
#155=ORIENTED_EDGE('',*,*,#793,.F.);
#156=ORIENTED_EDGE('',*,*,#794,.F.);
#157=ORIENTED_EDGE('',*,*,#795,.T.);
#158=ORIENTED_EDGE('',*,*,#791,.T.);
#159=ORIENTED_EDGE('',*,*,#796,.T.);
#160=ORIENTED_EDGE('',*,*,#797,.F.);
#161=ORIENTED_EDGE('',*,*,#798,.F.);
#162=ORIENTED_EDGE('',*,*,#794,.T.);
#163=ORIENTED_EDGE('',*,*,#799,.T.);
#164=ORIENTED_EDGE('',*,*,#800,.F.);
#165=ORIENTED_EDGE('',*,*,#801,.F.);
#166=ORIENTED_EDGE('',*,*,#797,.T.);
#167=ORIENTED_EDGE('',*,*,#802,.T.);
#168=ORIENTED_EDGE('',*,*,#803,.F.);
#169=ORIENTED_EDGE('',*,*,#804,.F.);
#170=ORIENTED_EDGE('',*,*,#800,.T.);
#171=ORIENTED_EDGE('',*,*,#805,.F.);
#172=ORIENTED_EDGE('',*,*,#806,.F.);
#173=ORIENTED_EDGE('',*,*,#807,.T.);
#174=ORIENTED_EDGE('',*,*,#803,.T.);
#175=ORIENTED_EDGE('',*,*,#808,.T.);
#176=ORIENTED_EDGE('',*,*,#809,.F.);
#177=ORIENTED_EDGE('',*,*,#810,.F.);
#178=ORIENTED_EDGE('',*,*,#806,.T.);
#179=ORIENTED_EDGE('',*,*,#811,.T.);
#180=ORIENTED_EDGE('',*,*,#812,.F.);
#181=ORIENTED_EDGE('',*,*,#813,.F.);
#182=ORIENTED_EDGE('',*,*,#809,.T.);
#183=ORIENTED_EDGE('',*,*,#814,.T.);
#184=ORIENTED_EDGE('',*,*,#815,.F.);
#185=ORIENTED_EDGE('',*,*,#816,.F.);
#186=ORIENTED_EDGE('',*,*,#812,.T.);
#187=ORIENTED_EDGE('',*,*,#817,.F.);
#188=ORIENTED_EDGE('',*,*,#818,.F.);
#189=ORIENTED_EDGE('',*,*,#819,.T.);
#190=ORIENTED_EDGE('',*,*,#815,.T.);
#191=ORIENTED_EDGE('',*,*,#820,.F.);
#192=ORIENTED_EDGE('',*,*,#821,.F.);
#193=ORIENTED_EDGE('',*,*,#822,.T.);
#194=ORIENTED_EDGE('',*,*,#818,.T.);
#195=ORIENTED_EDGE('',*,*,#823,.T.);
#196=ORIENTED_EDGE('',*,*,#824,.F.);
#197=ORIENTED_EDGE('',*,*,#825,.F.);
#198=ORIENTED_EDGE('',*,*,#821,.T.);
#199=ORIENTED_EDGE('',*,*,#826,.T.);
#200=ORIENTED_EDGE('',*,*,#827,.F.);
#201=ORIENTED_EDGE('',*,*,#828,.F.);
#202=ORIENTED_EDGE('',*,*,#824,.T.);
#203=ORIENTED_EDGE('',*,*,#829,.F.);
#204=ORIENTED_EDGE('',*,*,#830,.F.);
#205=ORIENTED_EDGE('',*,*,#831,.T.);
#206=ORIENTED_EDGE('',*,*,#827,.T.);
#207=ORIENTED_EDGE('',*,*,#832,.T.);
#208=ORIENTED_EDGE('',*,*,#833,.F.);
#209=ORIENTED_EDGE('',*,*,#834,.F.);
#210=ORIENTED_EDGE('',*,*,#830,.T.);
#211=ORIENTED_EDGE('',*,*,#835,.T.);
#212=ORIENTED_EDGE('',*,*,#836,.F.);
#213=ORIENTED_EDGE('',*,*,#837,.F.);
#214=ORIENTED_EDGE('',*,*,#833,.T.);
#215=ORIENTED_EDGE('',*,*,#838,.T.);
#216=ORIENTED_EDGE('',*,*,#839,.F.);
#217=ORIENTED_EDGE('',*,*,#840,.F.);
#218=ORIENTED_EDGE('',*,*,#836,.T.);
#219=ORIENTED_EDGE('',*,*,#841,.F.);
#220=ORIENTED_EDGE('',*,*,#842,.F.);
#221=ORIENTED_EDGE('',*,*,#843,.T.);
#222=ORIENTED_EDGE('',*,*,#839,.T.);
#223=ORIENTED_EDGE('',*,*,#844,.T.);
#224=ORIENTED_EDGE('',*,*,#845,.F.);
#225=ORIENTED_EDGE('',*,*,#846,.F.);
#226=ORIENTED_EDGE('',*,*,#842,.T.);
#227=ORIENTED_EDGE('',*,*,#847,.T.);
#228=ORIENTED_EDGE('',*,*,#848,.F.);
#229=ORIENTED_EDGE('',*,*,#849,.F.);
#230=ORIENTED_EDGE('',*,*,#845,.T.);
#231=ORIENTED_EDGE('',*,*,#850,.T.);
#232=ORIENTED_EDGE('',*,*,#851,.F.);
#233=ORIENTED_EDGE('',*,*,#852,.F.);
#234=ORIENTED_EDGE('',*,*,#848,.T.);
#235=ORIENTED_EDGE('',*,*,#853,.F.);
#236=ORIENTED_EDGE('',*,*,#854,.F.);
#237=ORIENTED_EDGE('',*,*,#855,.T.);
#238=ORIENTED_EDGE('',*,*,#851,.T.);
#239=ORIENTED_EDGE('',*,*,#856,.T.);
#240=ORIENTED_EDGE('',*,*,#857,.F.);
#241=ORIENTED_EDGE('',*,*,#858,.F.);
#242=ORIENTED_EDGE('',*,*,#854,.T.);
#243=ORIENTED_EDGE('',*,*,#859,.T.);
#244=ORIENTED_EDGE('',*,*,#860,.F.);
#245=ORIENTED_EDGE('',*,*,#861,.F.);
#246=ORIENTED_EDGE('',*,*,#857,.T.);
#247=ORIENTED_EDGE('',*,*,#862,.T.);
#248=ORIENTED_EDGE('',*,*,#863,.F.);
#249=ORIENTED_EDGE('',*,*,#864,.F.);
#250=ORIENTED_EDGE('',*,*,#860,.T.);
#251=ORIENTED_EDGE('',*,*,#865,.F.);
#252=ORIENTED_EDGE('',*,*,#866,.F.);
#253=ORIENTED_EDGE('',*,*,#867,.T.);
#254=ORIENTED_EDGE('',*,*,#863,.T.);
#255=ORIENTED_EDGE('',*,*,#868,.T.);
#256=ORIENTED_EDGE('',*,*,#869,.F.);
#257=ORIENTED_EDGE('',*,*,#870,.F.);
#258=ORIENTED_EDGE('',*,*,#866,.T.);
#259=ORIENTED_EDGE('',*,*,#871,.T.);
#260=ORIENTED_EDGE('',*,*,#872,.F.);
#261=ORIENTED_EDGE('',*,*,#873,.F.);
#262=ORIENTED_EDGE('',*,*,#869,.T.);
#263=ORIENTED_EDGE('',*,*,#874,.T.);
#264=ORIENTED_EDGE('',*,*,#875,.F.);
#265=ORIENTED_EDGE('',*,*,#876,.F.);
#266=ORIENTED_EDGE('',*,*,#872,.T.);
#267=ORIENTED_EDGE('',*,*,#877,.F.);
#268=ORIENTED_EDGE('',*,*,#878,.F.);
#269=ORIENTED_EDGE('',*,*,#879,.T.);
#270=ORIENTED_EDGE('',*,*,#875,.T.);
#271=ORIENTED_EDGE('',*,*,#880,.T.);
#272=ORIENTED_EDGE('',*,*,#881,.F.);
#273=ORIENTED_EDGE('',*,*,#882,.F.);
#274=ORIENTED_EDGE('',*,*,#878,.T.);
#275=ORIENTED_EDGE('',*,*,#883,.T.);
#276=ORIENTED_EDGE('',*,*,#884,.F.);
#277=ORIENTED_EDGE('',*,*,#885,.F.);
#278=ORIENTED_EDGE('',*,*,#881,.T.);
#279=ORIENTED_EDGE('',*,*,#886,.T.);
#280=ORIENTED_EDGE('',*,*,#887,.F.);
#281=ORIENTED_EDGE('',*,*,#888,.F.);
#282=ORIENTED_EDGE('',*,*,#884,.T.);
#283=ORIENTED_EDGE('',*,*,#889,.F.);
#284=ORIENTED_EDGE('',*,*,#890,.F.);
#285=ORIENTED_EDGE('',*,*,#891,.T.);
#286=ORIENTED_EDGE('',*,*,#887,.T.);
#287=ORIENTED_EDGE('',*,*,#892,.T.);
#288=ORIENTED_EDGE('',*,*,#893,.F.);
#289=ORIENTED_EDGE('',*,*,#894,.F.);
#290=ORIENTED_EDGE('',*,*,#890,.T.);
#291=ORIENTED_EDGE('',*,*,#895,.T.);
#292=ORIENTED_EDGE('',*,*,#896,.F.);
#293=ORIENTED_EDGE('',*,*,#897,.F.);
#294=ORIENTED_EDGE('',*,*,#893,.T.);
#295=ORIENTED_EDGE('',*,*,#898,.T.);
#296=ORIENTED_EDGE('',*,*,#899,.F.);
#297=ORIENTED_EDGE('',*,*,#900,.F.);
#298=ORIENTED_EDGE('',*,*,#896,.T.);
#299=ORIENTED_EDGE('',*,*,#901,.F.);
#300=ORIENTED_EDGE('',*,*,#902,.F.);
#301=ORIENTED_EDGE('',*,*,#903,.T.);
#302=ORIENTED_EDGE('',*,*,#899,.T.);
#303=ORIENTED_EDGE('',*,*,#904,.T.);
#304=ORIENTED_EDGE('',*,*,#905,.F.);
#305=ORIENTED_EDGE('',*,*,#906,.F.);
#306=ORIENTED_EDGE('',*,*,#902,.T.);
#307=ORIENTED_EDGE('',*,*,#907,.T.);
#308=ORIENTED_EDGE('',*,*,#908,.F.);
#309=ORIENTED_EDGE('',*,*,#909,.F.);
#310=ORIENTED_EDGE('',*,*,#905,.T.);
#311=ORIENTED_EDGE('',*,*,#910,.T.);
#312=ORIENTED_EDGE('',*,*,#911,.F.);
#313=ORIENTED_EDGE('',*,*,#912,.F.);
#314=ORIENTED_EDGE('',*,*,#908,.T.);
#315=ORIENTED_EDGE('',*,*,#913,.F.);
#316=ORIENTED_EDGE('',*,*,#914,.F.);
#317=ORIENTED_EDGE('',*,*,#915,.T.);
#318=ORIENTED_EDGE('',*,*,#911,.T.);
#319=ORIENTED_EDGE('',*,*,#916,.T.);
#320=ORIENTED_EDGE('',*,*,#917,.F.);
#321=ORIENTED_EDGE('',*,*,#918,.F.);
#322=ORIENTED_EDGE('',*,*,#914,.T.);
#323=ORIENTED_EDGE('',*,*,#919,.T.);
#324=ORIENTED_EDGE('',*,*,#920,.F.);
#325=ORIENTED_EDGE('',*,*,#921,.F.);
#326=ORIENTED_EDGE('',*,*,#917,.T.);
#327=ORIENTED_EDGE('',*,*,#922,.T.);
#328=ORIENTED_EDGE('',*,*,#923,.F.);
#329=ORIENTED_EDGE('',*,*,#924,.F.);
#330=ORIENTED_EDGE('',*,*,#920,.T.);
#331=ORIENTED_EDGE('',*,*,#925,.F.);
#332=ORIENTED_EDGE('',*,*,#926,.F.);
#333=ORIENTED_EDGE('',*,*,#927,.T.);
#334=ORIENTED_EDGE('',*,*,#923,.T.);
#335=ORIENTED_EDGE('',*,*,#928,.T.);
#336=ORIENTED_EDGE('',*,*,#929,.F.);
#337=ORIENTED_EDGE('',*,*,#930,.F.);
#338=ORIENTED_EDGE('',*,*,#926,.T.);
#339=ORIENTED_EDGE('',*,*,#931,.T.);
#340=ORIENTED_EDGE('',*,*,#932,.F.);
#341=ORIENTED_EDGE('',*,*,#933,.F.);
#342=ORIENTED_EDGE('',*,*,#929,.T.);
#343=ORIENTED_EDGE('',*,*,#934,.T.);
#344=ORIENTED_EDGE('',*,*,#935,.F.);
#345=ORIENTED_EDGE('',*,*,#936,.F.);
#346=ORIENTED_EDGE('',*,*,#932,.T.);
#347=ORIENTED_EDGE('',*,*,#937,.F.);
#348=ORIENTED_EDGE('',*,*,#938,.F.);
#349=ORIENTED_EDGE('',*,*,#939,.T.);
#350=ORIENTED_EDGE('',*,*,#935,.T.);
#351=ORIENTED_EDGE('',*,*,#940,.T.);
#352=ORIENTED_EDGE('',*,*,#941,.F.);
#353=ORIENTED_EDGE('',*,*,#942,.F.);
#354=ORIENTED_EDGE('',*,*,#938,.T.);
#355=ORIENTED_EDGE('',*,*,#943,.T.);
#356=ORIENTED_EDGE('',*,*,#944,.F.);
#357=ORIENTED_EDGE('',*,*,#945,.F.);
#358=ORIENTED_EDGE('',*,*,#941,.T.);
#359=ORIENTED_EDGE('',*,*,#946,.T.);
#360=ORIENTED_EDGE('',*,*,#947,.F.);
#361=ORIENTED_EDGE('',*,*,#948,.F.);
#362=ORIENTED_EDGE('',*,*,#944,.T.);
#363=ORIENTED_EDGE('',*,*,#949,.F.);
#364=ORIENTED_EDGE('',*,*,#950,.F.);
#365=ORIENTED_EDGE('',*,*,#951,.T.);
#366=ORIENTED_EDGE('',*,*,#947,.T.);
#367=ORIENTED_EDGE('',*,*,#952,.F.);
#368=ORIENTED_EDGE('',*,*,#953,.F.);
#369=ORIENTED_EDGE('',*,*,#954,.T.);
#370=ORIENTED_EDGE('',*,*,#950,.T.);
#371=ORIENTED_EDGE('',*,*,#955,.T.);
#372=ORIENTED_EDGE('',*,*,#956,.F.);
#373=ORIENTED_EDGE('',*,*,#957,.F.);
#374=ORIENTED_EDGE('',*,*,#953,.T.);
#375=ORIENTED_EDGE('',*,*,#958,.T.);
#376=ORIENTED_EDGE('',*,*,#959,.F.);
#377=ORIENTED_EDGE('',*,*,#960,.F.);
#378=ORIENTED_EDGE('',*,*,#956,.T.);
#379=ORIENTED_EDGE('',*,*,#961,.F.);
#380=ORIENTED_EDGE('',*,*,#774,.F.);
#381=ORIENTED_EDGE('',*,*,#962,.T.);
#382=ORIENTED_EDGE('',*,*,#959,.T.);
#383=ORIENTED_EDGE('',*,*,#963,.T.);
#384=ORIENTED_EDGE('',*,*,#771,.F.);
#385=ORIENTED_EDGE('',*,*,#961,.T.);
#386=ORIENTED_EDGE('',*,*,#958,.F.);
#387=ORIENTED_EDGE('',*,*,#955,.F.);
#388=ORIENTED_EDGE('',*,*,#952,.T.);
#389=ORIENTED_EDGE('',*,*,#949,.T.);
#390=ORIENTED_EDGE('',*,*,#946,.F.);
#391=ORIENTED_EDGE('',*,*,#943,.F.);
#392=ORIENTED_EDGE('',*,*,#940,.F.);
#393=ORIENTED_EDGE('',*,*,#937,.T.);
#394=ORIENTED_EDGE('',*,*,#934,.F.);
#395=ORIENTED_EDGE('',*,*,#931,.F.);
#396=ORIENTED_EDGE('',*,*,#928,.F.);
#397=ORIENTED_EDGE('',*,*,#925,.T.);
#398=ORIENTED_EDGE('',*,*,#922,.F.);
#399=ORIENTED_EDGE('',*,*,#919,.F.);
#400=ORIENTED_EDGE('',*,*,#916,.F.);
#401=ORIENTED_EDGE('',*,*,#913,.T.);
#402=ORIENTED_EDGE('',*,*,#910,.F.);
#403=ORIENTED_EDGE('',*,*,#907,.F.);
#404=ORIENTED_EDGE('',*,*,#904,.F.);
#405=ORIENTED_EDGE('',*,*,#901,.T.);
#406=ORIENTED_EDGE('',*,*,#898,.F.);
#407=ORIENTED_EDGE('',*,*,#895,.F.);
#408=ORIENTED_EDGE('',*,*,#892,.F.);
#409=ORIENTED_EDGE('',*,*,#889,.T.);
#410=ORIENTED_EDGE('',*,*,#886,.F.);
#411=ORIENTED_EDGE('',*,*,#883,.F.);
#412=ORIENTED_EDGE('',*,*,#880,.F.);
#413=ORIENTED_EDGE('',*,*,#877,.T.);
#414=ORIENTED_EDGE('',*,*,#874,.F.);
#415=ORIENTED_EDGE('',*,*,#871,.F.);
#416=ORIENTED_EDGE('',*,*,#868,.F.);
#417=ORIENTED_EDGE('',*,*,#865,.T.);
#418=ORIENTED_EDGE('',*,*,#862,.F.);
#419=ORIENTED_EDGE('',*,*,#859,.F.);
#420=ORIENTED_EDGE('',*,*,#856,.F.);
#421=ORIENTED_EDGE('',*,*,#853,.T.);
#422=ORIENTED_EDGE('',*,*,#850,.F.);
#423=ORIENTED_EDGE('',*,*,#847,.F.);
#424=ORIENTED_EDGE('',*,*,#844,.F.);
#425=ORIENTED_EDGE('',*,*,#841,.T.);
#426=ORIENTED_EDGE('',*,*,#838,.F.);
#427=ORIENTED_EDGE('',*,*,#835,.F.);
#428=ORIENTED_EDGE('',*,*,#832,.F.);
#429=ORIENTED_EDGE('',*,*,#829,.T.);
#430=ORIENTED_EDGE('',*,*,#826,.F.);
#431=ORIENTED_EDGE('',*,*,#823,.F.);
#432=ORIENTED_EDGE('',*,*,#820,.T.);
#433=ORIENTED_EDGE('',*,*,#817,.T.);
#434=ORIENTED_EDGE('',*,*,#814,.F.);
#435=ORIENTED_EDGE('',*,*,#811,.F.);
#436=ORIENTED_EDGE('',*,*,#808,.F.);
#437=ORIENTED_EDGE('',*,*,#805,.T.);
#438=ORIENTED_EDGE('',*,*,#802,.F.);
#439=ORIENTED_EDGE('',*,*,#799,.F.);
#440=ORIENTED_EDGE('',*,*,#796,.F.);
#441=ORIENTED_EDGE('',*,*,#793,.T.);
#442=ORIENTED_EDGE('',*,*,#790,.F.);
#443=ORIENTED_EDGE('',*,*,#787,.F.);
#444=ORIENTED_EDGE('',*,*,#784,.F.);
#445=ORIENTED_EDGE('',*,*,#781,.T.);
#446=ORIENTED_EDGE('',*,*,#778,.F.);
#447=ORIENTED_EDGE('',*,*,#775,.F.);
#448=ORIENTED_EDGE('',*,*,#964,.F.);
#449=ORIENTED_EDGE('',*,*,#965,.F.);
#450=ORIENTED_EDGE('',*,*,#819,.F.);
#451=ORIENTED_EDGE('',*,*,#966,.T.);
#452=ORIENTED_EDGE('',*,*,#965,.T.);
#453=ORIENTED_EDGE('',*,*,#967,.F.);
#454=ORIENTED_EDGE('',*,*,#968,.F.);
#455=ORIENTED_EDGE('',*,*,#816,.T.);
#456=ORIENTED_EDGE('',*,*,#968,.T.);
#457=ORIENTED_EDGE('',*,*,#969,.F.);
#458=ORIENTED_EDGE('',*,*,#970,.F.);
#459=ORIENTED_EDGE('',*,*,#813,.T.);
#460=ORIENTED_EDGE('',*,*,#810,.T.);
#461=ORIENTED_EDGE('',*,*,#970,.T.);
#462=ORIENTED_EDGE('',*,*,#971,.F.);
#463=ORIENTED_EDGE('',*,*,#972,.F.);
#464=ORIENTED_EDGE('',*,*,#972,.T.);
#465=ORIENTED_EDGE('',*,*,#973,.F.);
#466=ORIENTED_EDGE('',*,*,#974,.F.);
#467=ORIENTED_EDGE('',*,*,#807,.F.);
#468=ORIENTED_EDGE('',*,*,#974,.T.);
#469=ORIENTED_EDGE('',*,*,#975,.F.);
#470=ORIENTED_EDGE('',*,*,#976,.F.);
#471=ORIENTED_EDGE('',*,*,#804,.T.);
#472=ORIENTED_EDGE('',*,*,#976,.T.);
#473=ORIENTED_EDGE('',*,*,#977,.F.);
#474=ORIENTED_EDGE('',*,*,#978,.F.);
#475=ORIENTED_EDGE('',*,*,#801,.T.);
#476=ORIENTED_EDGE('',*,*,#798,.T.);
#477=ORIENTED_EDGE('',*,*,#978,.T.);
#478=ORIENTED_EDGE('',*,*,#979,.F.);
#479=ORIENTED_EDGE('',*,*,#980,.F.);
#480=ORIENTED_EDGE('',*,*,#980,.T.);
#481=ORIENTED_EDGE('',*,*,#981,.F.);
#482=ORIENTED_EDGE('',*,*,#982,.F.);
#483=ORIENTED_EDGE('',*,*,#795,.F.);
#484=ORIENTED_EDGE('',*,*,#982,.T.);
#485=ORIENTED_EDGE('',*,*,#983,.F.);
#486=ORIENTED_EDGE('',*,*,#984,.F.);
#487=ORIENTED_EDGE('',*,*,#792,.T.);
#488=ORIENTED_EDGE('',*,*,#984,.T.);
#489=ORIENTED_EDGE('',*,*,#985,.F.);
#490=ORIENTED_EDGE('',*,*,#986,.F.);
#491=ORIENTED_EDGE('',*,*,#789,.T.);
#492=ORIENTED_EDGE('',*,*,#786,.T.);
#493=ORIENTED_EDGE('',*,*,#986,.T.);
#494=ORIENTED_EDGE('',*,*,#987,.F.);
#495=ORIENTED_EDGE('',*,*,#988,.F.);
#496=ORIENTED_EDGE('',*,*,#988,.T.);
#497=ORIENTED_EDGE('',*,*,#989,.F.);
#498=ORIENTED_EDGE('',*,*,#990,.F.);
#499=ORIENTED_EDGE('',*,*,#783,.F.);
#500=ORIENTED_EDGE('',*,*,#990,.T.);
#501=ORIENTED_EDGE('',*,*,#991,.F.);
#502=ORIENTED_EDGE('',*,*,#992,.F.);
#503=ORIENTED_EDGE('',*,*,#780,.T.);
#504=ORIENTED_EDGE('',*,*,#992,.T.);
#505=ORIENTED_EDGE('',*,*,#993,.F.);
#506=ORIENTED_EDGE('',*,*,#994,.F.);
#507=ORIENTED_EDGE('',*,*,#777,.T.);
#508=ORIENTED_EDGE('',*,*,#773,.T.);
#509=ORIENTED_EDGE('',*,*,#994,.T.);
#510=ORIENTED_EDGE('',*,*,#995,.F.);
#511=ORIENTED_EDGE('',*,*,#996,.F.);
#512=ORIENTED_EDGE('',*,*,#996,.T.);
#513=ORIENTED_EDGE('',*,*,#997,.F.);
#514=ORIENTED_EDGE('',*,*,#998,.F.);
#515=ORIENTED_EDGE('',*,*,#962,.F.);
#516=ORIENTED_EDGE('',*,*,#998,.T.);
#517=ORIENTED_EDGE('',*,*,#999,.F.);
#518=ORIENTED_EDGE('',*,*,#1000,.F.);
#519=ORIENTED_EDGE('',*,*,#960,.T.);
#520=ORIENTED_EDGE('',*,*,#1000,.T.);
#521=ORIENTED_EDGE('',*,*,#1001,.F.);
#522=ORIENTED_EDGE('',*,*,#1002,.F.);
#523=ORIENTED_EDGE('',*,*,#957,.T.);
#524=ORIENTED_EDGE('',*,*,#954,.F.);
#525=ORIENTED_EDGE('',*,*,#1002,.T.);
#526=ORIENTED_EDGE('',*,*,#1003,.F.);
#527=ORIENTED_EDGE('',*,*,#1004,.F.);
#528=ORIENTED_EDGE('',*,*,#1004,.T.);
#529=ORIENTED_EDGE('',*,*,#1005,.F.);
#530=ORIENTED_EDGE('',*,*,#1006,.F.);
#531=ORIENTED_EDGE('',*,*,#951,.F.);
#532=ORIENTED_EDGE('',*,*,#1006,.T.);
#533=ORIENTED_EDGE('',*,*,#1007,.F.);
#534=ORIENTED_EDGE('',*,*,#1008,.F.);
#535=ORIENTED_EDGE('',*,*,#948,.T.);
#536=ORIENTED_EDGE('',*,*,#1008,.T.);
#537=ORIENTED_EDGE('',*,*,#1009,.F.);
#538=ORIENTED_EDGE('',*,*,#1010,.F.);
#539=ORIENTED_EDGE('',*,*,#945,.T.);
#540=ORIENTED_EDGE('',*,*,#942,.T.);
#541=ORIENTED_EDGE('',*,*,#1010,.T.);
#542=ORIENTED_EDGE('',*,*,#1011,.F.);
#543=ORIENTED_EDGE('',*,*,#1012,.F.);
#544=ORIENTED_EDGE('',*,*,#1012,.T.);
#545=ORIENTED_EDGE('',*,*,#1013,.F.);
#546=ORIENTED_EDGE('',*,*,#1014,.F.);
#547=ORIENTED_EDGE('',*,*,#939,.F.);
#548=ORIENTED_EDGE('',*,*,#1014,.T.);
#549=ORIENTED_EDGE('',*,*,#1015,.F.);
#550=ORIENTED_EDGE('',*,*,#1016,.F.);
#551=ORIENTED_EDGE('',*,*,#936,.T.);
#552=ORIENTED_EDGE('',*,*,#1016,.T.);
#553=ORIENTED_EDGE('',*,*,#1017,.F.);
#554=ORIENTED_EDGE('',*,*,#1018,.F.);
#555=ORIENTED_EDGE('',*,*,#933,.T.);
#556=ORIENTED_EDGE('',*,*,#930,.T.);
#557=ORIENTED_EDGE('',*,*,#1018,.T.);
#558=ORIENTED_EDGE('',*,*,#1019,.F.);
#559=ORIENTED_EDGE('',*,*,#1020,.F.);
#560=ORIENTED_EDGE('',*,*,#1020,.T.);
#561=ORIENTED_EDGE('',*,*,#1021,.F.);
#562=ORIENTED_EDGE('',*,*,#1022,.F.);
#563=ORIENTED_EDGE('',*,*,#927,.F.);
#564=ORIENTED_EDGE('',*,*,#1022,.T.);
#565=ORIENTED_EDGE('',*,*,#1023,.F.);
#566=ORIENTED_EDGE('',*,*,#1024,.F.);
#567=ORIENTED_EDGE('',*,*,#924,.T.);
#568=ORIENTED_EDGE('',*,*,#1024,.T.);
#569=ORIENTED_EDGE('',*,*,#1025,.F.);
#570=ORIENTED_EDGE('',*,*,#1026,.F.);
#571=ORIENTED_EDGE('',*,*,#921,.T.);
#572=ORIENTED_EDGE('',*,*,#918,.T.);
#573=ORIENTED_EDGE('',*,*,#1026,.T.);
#574=ORIENTED_EDGE('',*,*,#1027,.F.);
#575=ORIENTED_EDGE('',*,*,#1028,.F.);
#576=ORIENTED_EDGE('',*,*,#1028,.T.);
#577=ORIENTED_EDGE('',*,*,#1029,.F.);
#578=ORIENTED_EDGE('',*,*,#1030,.F.);
#579=ORIENTED_EDGE('',*,*,#915,.F.);
#580=ORIENTED_EDGE('',*,*,#1030,.T.);
#581=ORIENTED_EDGE('',*,*,#1031,.F.);
#582=ORIENTED_EDGE('',*,*,#1032,.F.);
#583=ORIENTED_EDGE('',*,*,#912,.T.);
#584=ORIENTED_EDGE('',*,*,#1032,.T.);
#585=ORIENTED_EDGE('',*,*,#1033,.F.);
#586=ORIENTED_EDGE('',*,*,#1034,.F.);
#587=ORIENTED_EDGE('',*,*,#909,.T.);
#588=ORIENTED_EDGE('',*,*,#906,.T.);
#589=ORIENTED_EDGE('',*,*,#1034,.T.);
#590=ORIENTED_EDGE('',*,*,#1035,.F.);
#591=ORIENTED_EDGE('',*,*,#1036,.F.);
#592=ORIENTED_EDGE('',*,*,#1036,.T.);
#593=ORIENTED_EDGE('',*,*,#1037,.F.);
#594=ORIENTED_EDGE('',*,*,#1038,.F.);
#595=ORIENTED_EDGE('',*,*,#903,.F.);
#596=ORIENTED_EDGE('',*,*,#1038,.T.);
#597=ORIENTED_EDGE('',*,*,#1039,.F.);
#598=ORIENTED_EDGE('',*,*,#1040,.F.);
#599=ORIENTED_EDGE('',*,*,#900,.T.);
#600=ORIENTED_EDGE('',*,*,#1040,.T.);
#601=ORIENTED_EDGE('',*,*,#1041,.F.);
#602=ORIENTED_EDGE('',*,*,#1042,.F.);
#603=ORIENTED_EDGE('',*,*,#897,.T.);
#604=ORIENTED_EDGE('',*,*,#894,.T.);
#605=ORIENTED_EDGE('',*,*,#1042,.T.);
#606=ORIENTED_EDGE('',*,*,#1043,.F.);
#607=ORIENTED_EDGE('',*,*,#1044,.F.);
#608=ORIENTED_EDGE('',*,*,#1044,.T.);
#609=ORIENTED_EDGE('',*,*,#1045,.F.);
#610=ORIENTED_EDGE('',*,*,#1046,.F.);
#611=ORIENTED_EDGE('',*,*,#891,.F.);
#612=ORIENTED_EDGE('',*,*,#1046,.T.);
#613=ORIENTED_EDGE('',*,*,#1047,.F.);
#614=ORIENTED_EDGE('',*,*,#1048,.F.);
#615=ORIENTED_EDGE('',*,*,#888,.T.);
#616=ORIENTED_EDGE('',*,*,#1048,.T.);
#617=ORIENTED_EDGE('',*,*,#1049,.F.);
#618=ORIENTED_EDGE('',*,*,#1050,.F.);
#619=ORIENTED_EDGE('',*,*,#885,.T.);
#620=ORIENTED_EDGE('',*,*,#882,.T.);
#621=ORIENTED_EDGE('',*,*,#1050,.T.);
#622=ORIENTED_EDGE('',*,*,#1051,.F.);
#623=ORIENTED_EDGE('',*,*,#1052,.F.);
#624=ORIENTED_EDGE('',*,*,#1052,.T.);
#625=ORIENTED_EDGE('',*,*,#1053,.F.);
#626=ORIENTED_EDGE('',*,*,#1054,.F.);
#627=ORIENTED_EDGE('',*,*,#879,.F.);
#628=ORIENTED_EDGE('',*,*,#1054,.T.);
#629=ORIENTED_EDGE('',*,*,#1055,.F.);
#630=ORIENTED_EDGE('',*,*,#1056,.F.);
#631=ORIENTED_EDGE('',*,*,#876,.T.);
#632=ORIENTED_EDGE('',*,*,#1056,.T.);
#633=ORIENTED_EDGE('',*,*,#1057,.F.);
#634=ORIENTED_EDGE('',*,*,#1058,.F.);
#635=ORIENTED_EDGE('',*,*,#873,.T.);
#636=ORIENTED_EDGE('',*,*,#870,.T.);
#637=ORIENTED_EDGE('',*,*,#1058,.T.);
#638=ORIENTED_EDGE('',*,*,#1059,.F.);
#639=ORIENTED_EDGE('',*,*,#1060,.F.);
#640=ORIENTED_EDGE('',*,*,#1060,.T.);
#641=ORIENTED_EDGE('',*,*,#1061,.F.);
#642=ORIENTED_EDGE('',*,*,#1062,.F.);
#643=ORIENTED_EDGE('',*,*,#867,.F.);
#644=ORIENTED_EDGE('',*,*,#1062,.T.);
#645=ORIENTED_EDGE('',*,*,#1063,.F.);
#646=ORIENTED_EDGE('',*,*,#1064,.F.);
#647=ORIENTED_EDGE('',*,*,#864,.T.);
#648=ORIENTED_EDGE('',*,*,#1064,.T.);
#649=ORIENTED_EDGE('',*,*,#1065,.F.);
#650=ORIENTED_EDGE('',*,*,#1066,.F.);
#651=ORIENTED_EDGE('',*,*,#861,.T.);
#652=ORIENTED_EDGE('',*,*,#858,.T.);
#653=ORIENTED_EDGE('',*,*,#1066,.T.);
#654=ORIENTED_EDGE('',*,*,#1067,.F.);
#655=ORIENTED_EDGE('',*,*,#1068,.F.);
#656=ORIENTED_EDGE('',*,*,#1068,.T.);
#657=ORIENTED_EDGE('',*,*,#1069,.F.);
#658=ORIENTED_EDGE('',*,*,#1070,.F.);
#659=ORIENTED_EDGE('',*,*,#855,.F.);
#660=ORIENTED_EDGE('',*,*,#1070,.T.);
#661=ORIENTED_EDGE('',*,*,#1071,.F.);
#662=ORIENTED_EDGE('',*,*,#1072,.F.);
#663=ORIENTED_EDGE('',*,*,#852,.T.);
#664=ORIENTED_EDGE('',*,*,#1072,.T.);
#665=ORIENTED_EDGE('',*,*,#1073,.F.);
#666=ORIENTED_EDGE('',*,*,#1074,.F.);
#667=ORIENTED_EDGE('',*,*,#849,.T.);
#668=ORIENTED_EDGE('',*,*,#846,.T.);
#669=ORIENTED_EDGE('',*,*,#1074,.T.);
#670=ORIENTED_EDGE('',*,*,#1075,.F.);
#671=ORIENTED_EDGE('',*,*,#1076,.F.);
#672=ORIENTED_EDGE('',*,*,#1076,.T.);
#673=ORIENTED_EDGE('',*,*,#1077,.F.);
#674=ORIENTED_EDGE('',*,*,#1078,.F.);
#675=ORIENTED_EDGE('',*,*,#843,.F.);
#676=ORIENTED_EDGE('',*,*,#1078,.T.);
#677=ORIENTED_EDGE('',*,*,#1079,.F.);
#678=ORIENTED_EDGE('',*,*,#1080,.F.);
#679=ORIENTED_EDGE('',*,*,#840,.T.);
#680=ORIENTED_EDGE('',*,*,#1080,.T.);
#681=ORIENTED_EDGE('',*,*,#1081,.F.);
#682=ORIENTED_EDGE('',*,*,#1082,.F.);
#683=ORIENTED_EDGE('',*,*,#837,.T.);
#684=ORIENTED_EDGE('',*,*,#834,.T.);
#685=ORIENTED_EDGE('',*,*,#1082,.T.);
#686=ORIENTED_EDGE('',*,*,#1083,.F.);
#687=ORIENTED_EDGE('',*,*,#1084,.F.);
#688=ORIENTED_EDGE('',*,*,#1084,.T.);
#689=ORIENTED_EDGE('',*,*,#1085,.F.);
#690=ORIENTED_EDGE('',*,*,#1086,.F.);
#691=ORIENTED_EDGE('',*,*,#831,.F.);
#692=ORIENTED_EDGE('',*,*,#1086,.T.);
#693=ORIENTED_EDGE('',*,*,#1087,.F.);
#694=ORIENTED_EDGE('',*,*,#1088,.F.);
#695=ORIENTED_EDGE('',*,*,#828,.T.);
#696=ORIENTED_EDGE('',*,*,#1088,.T.);
#697=ORIENTED_EDGE('',*,*,#1089,.F.);
#698=ORIENTED_EDGE('',*,*,#1090,.F.);
#699=ORIENTED_EDGE('',*,*,#825,.T.);
#700=ORIENTED_EDGE('',*,*,#822,.F.);
#701=ORIENTED_EDGE('',*,*,#1090,.T.);
#702=ORIENTED_EDGE('',*,*,#1091,.F.);
#703=ORIENTED_EDGE('',*,*,#966,.F.);
#704=ORIENTED_EDGE('',*,*,#1092,.F.);
#705=ORIENTED_EDGE('',*,*,#995,.T.);
#706=ORIENTED_EDGE('',*,*,#993,.T.);
#707=ORIENTED_EDGE('',*,*,#991,.T.);
#708=ORIENTED_EDGE('',*,*,#989,.T.);
#709=ORIENTED_EDGE('',*,*,#987,.T.);
#710=ORIENTED_EDGE('',*,*,#985,.T.);
#711=ORIENTED_EDGE('',*,*,#983,.T.);
#712=ORIENTED_EDGE('',*,*,#981,.T.);
#713=ORIENTED_EDGE('',*,*,#979,.T.);
#714=ORIENTED_EDGE('',*,*,#977,.T.);
#715=ORIENTED_EDGE('',*,*,#975,.T.);
#716=ORIENTED_EDGE('',*,*,#973,.T.);
#717=ORIENTED_EDGE('',*,*,#971,.T.);
#718=ORIENTED_EDGE('',*,*,#969,.T.);
#719=ORIENTED_EDGE('',*,*,#967,.T.);
#720=ORIENTED_EDGE('',*,*,#964,.T.);
#721=ORIENTED_EDGE('',*,*,#1091,.T.);
#722=ORIENTED_EDGE('',*,*,#1089,.T.);
#723=ORIENTED_EDGE('',*,*,#1087,.T.);
#724=ORIENTED_EDGE('',*,*,#1085,.T.);
#725=ORIENTED_EDGE('',*,*,#1083,.T.);
#726=ORIENTED_EDGE('',*,*,#1081,.T.);
#727=ORIENTED_EDGE('',*,*,#1079,.T.);
#728=ORIENTED_EDGE('',*,*,#1077,.T.);
#729=ORIENTED_EDGE('',*,*,#1075,.T.);
#730=ORIENTED_EDGE('',*,*,#1073,.T.);
#731=ORIENTED_EDGE('',*,*,#1071,.T.);
#732=ORIENTED_EDGE('',*,*,#1069,.T.);
#733=ORIENTED_EDGE('',*,*,#1067,.T.);
#734=ORIENTED_EDGE('',*,*,#1065,.T.);
#735=ORIENTED_EDGE('',*,*,#1063,.T.);
#736=ORIENTED_EDGE('',*,*,#1061,.T.);
#737=ORIENTED_EDGE('',*,*,#1059,.T.);
#738=ORIENTED_EDGE('',*,*,#1057,.T.);
#739=ORIENTED_EDGE('',*,*,#1055,.T.);
#740=ORIENTED_EDGE('',*,*,#1053,.T.);
#741=ORIENTED_EDGE('',*,*,#1051,.T.);
#742=ORIENTED_EDGE('',*,*,#1049,.T.);
#743=ORIENTED_EDGE('',*,*,#1047,.T.);
#744=ORIENTED_EDGE('',*,*,#1045,.T.);
#745=ORIENTED_EDGE('',*,*,#1043,.T.);
#746=ORIENTED_EDGE('',*,*,#1041,.T.);
#747=ORIENTED_EDGE('',*,*,#1039,.T.);
#748=ORIENTED_EDGE('',*,*,#1037,.T.);
#749=ORIENTED_EDGE('',*,*,#1035,.T.);
#750=ORIENTED_EDGE('',*,*,#1033,.T.);
#751=ORIENTED_EDGE('',*,*,#1031,.T.);
#752=ORIENTED_EDGE('',*,*,#1029,.T.);
#753=ORIENTED_EDGE('',*,*,#1027,.T.);
#754=ORIENTED_EDGE('',*,*,#1025,.T.);
#755=ORIENTED_EDGE('',*,*,#1023,.T.);
#756=ORIENTED_EDGE('',*,*,#1021,.T.);
#757=ORIENTED_EDGE('',*,*,#1019,.T.);
#758=ORIENTED_EDGE('',*,*,#1017,.T.);
#759=ORIENTED_EDGE('',*,*,#1015,.T.);
#760=ORIENTED_EDGE('',*,*,#1013,.T.);
#761=ORIENTED_EDGE('',*,*,#1011,.T.);
#762=ORIENTED_EDGE('',*,*,#1009,.T.);
#763=ORIENTED_EDGE('',*,*,#1007,.T.);
#764=ORIENTED_EDGE('',*,*,#1005,.T.);
#765=ORIENTED_EDGE('',*,*,#1003,.T.);
#766=ORIENTED_EDGE('',*,*,#1001,.T.);
#767=ORIENTED_EDGE('',*,*,#999,.T.);
#768=ORIENTED_EDGE('',*,*,#997,.T.);
#769=ORIENTED_EDGE('',*,*,#1092,.T.);
#770=ORIENTED_EDGE('',*,*,#963,.F.);
#771=EDGE_CURVE('',#1093,#1094,#1287,.T.);
#772=EDGE_CURVE('',#1095,#1094,#1288,.T.);
#773=EDGE_CURVE('',#1096,#1095,#1289,.T.);
#774=EDGE_CURVE('',#1096,#1093,#1290,.T.);
#775=EDGE_CURVE('',#1094,#1097,#1291,.T.);
#776=EDGE_CURVE('',#1098,#1097,#1292,.T.);
#777=EDGE_CURVE('',#1095,#1098,#1293,.T.);
#778=EDGE_CURVE('',#1097,#1099,#60,.T.);
#779=EDGE_CURVE('',#1100,#1099,#1294,.T.);
#780=EDGE_CURVE('',#1098,#1100,#61,.T.);
#781=EDGE_CURVE('',#1101,#1099,#1295,.T.);
#782=EDGE_CURVE('',#1102,#1101,#1296,.T.);
#783=EDGE_CURVE('',#1102,#1100,#1297,.T.);
#784=EDGE_CURVE('',#1101,#1103,#1298,.T.);
#785=EDGE_CURVE('',#1104,#1103,#1299,.T.);
#786=EDGE_CURVE('',#1102,#1104,#1300,.T.);
#787=EDGE_CURVE('',#1103,#1105,#1301,.T.);
#788=EDGE_CURVE('',#1106,#1105,#1302,.T.);
#789=EDGE_CURVE('',#1104,#1106,#1303,.T.);
#790=EDGE_CURVE('',#1105,#1107,#62,.T.);
#791=EDGE_CURVE('',#1108,#1107,#1304,.T.);
#792=EDGE_CURVE('',#1106,#1108,#63,.T.);
#793=EDGE_CURVE('',#1109,#1107,#1305,.T.);
#794=EDGE_CURVE('',#1110,#1109,#1306,.T.);
#795=EDGE_CURVE('',#1110,#1108,#1307,.T.);
#796=EDGE_CURVE('',#1109,#1111,#1308,.T.);
#797=EDGE_CURVE('',#1112,#1111,#1309,.T.);
#798=EDGE_CURVE('',#1110,#1112,#1310,.T.);
#799=EDGE_CURVE('',#1111,#1113,#1311,.T.);
#800=EDGE_CURVE('',#1114,#1113,#1312,.T.);
#801=EDGE_CURVE('',#1112,#1114,#1313,.T.);
#802=EDGE_CURVE('',#1113,#1115,#64,.T.);
#803=EDGE_CURVE('',#1116,#1115,#1314,.T.);
#804=EDGE_CURVE('',#1114,#1116,#65,.T.);
#805=EDGE_CURVE('',#1117,#1115,#1315,.T.);
#806=EDGE_CURVE('',#1118,#1117,#1316,.T.);
#807=EDGE_CURVE('',#1118,#1116,#1317,.T.);
#808=EDGE_CURVE('',#1117,#1119,#1318,.T.);
#809=EDGE_CURVE('',#1120,#1119,#1319,.T.);
#810=EDGE_CURVE('',#1118,#1120,#1320,.T.);
#811=EDGE_CURVE('',#1119,#1121,#1321,.T.);
#812=EDGE_CURVE('',#1122,#1121,#1322,.T.);
#813=EDGE_CURVE('',#1120,#1122,#1323,.T.);
#814=EDGE_CURVE('',#1121,#1123,#66,.T.);
#815=EDGE_CURVE('',#1124,#1123,#1324,.T.);
#816=EDGE_CURVE('',#1122,#1124,#67,.T.);
#817=EDGE_CURVE('',#1125,#1123,#1325,.T.);
#818=EDGE_CURVE('',#1126,#1125,#1326,.T.);
#819=EDGE_CURVE('',#1126,#1124,#1327,.T.);
#820=EDGE_CURVE('',#1127,#1125,#1328,.T.);
#821=EDGE_CURVE('',#1128,#1127,#1329,.T.);
#822=EDGE_CURVE('',#1128,#1126,#1330,.T.);
#823=EDGE_CURVE('',#1127,#1129,#1331,.T.);
#824=EDGE_CURVE('',#1130,#1129,#1332,.T.);
#825=EDGE_CURVE('',#1128,#1130,#1333,.T.);
#826=EDGE_CURVE('',#1129,#1131,#68,.T.);
#827=EDGE_CURVE('',#1132,#1131,#1334,.T.);
#828=EDGE_CURVE('',#1130,#1132,#69,.T.);
#829=EDGE_CURVE('',#1133,#1131,#1335,.T.);
#830=EDGE_CURVE('',#1134,#1133,#1336,.T.);
#831=EDGE_CURVE('',#1134,#1132,#1337,.T.);
#832=EDGE_CURVE('',#1133,#1135,#1338,.T.);
#833=EDGE_CURVE('',#1136,#1135,#1339,.T.);
#834=EDGE_CURVE('',#1134,#1136,#1340,.T.);
#835=EDGE_CURVE('',#1135,#1137,#1341,.T.);
#836=EDGE_CURVE('',#1138,#1137,#1342,.T.);
#837=EDGE_CURVE('',#1136,#1138,#1343,.T.);
#838=EDGE_CURVE('',#1137,#1139,#70,.T.);
#839=EDGE_CURVE('',#1140,#1139,#1344,.T.);
#840=EDGE_CURVE('',#1138,#1140,#71,.T.);
#841=EDGE_CURVE('',#1141,#1139,#1345,.T.);
#842=EDGE_CURVE('',#1142,#1141,#1346,.T.);
#843=EDGE_CURVE('',#1142,#1140,#1347,.T.);
#844=EDGE_CURVE('',#1141,#1143,#1348,.T.);
#845=EDGE_CURVE('',#1144,#1143,#1349,.T.);
#846=EDGE_CURVE('',#1142,#1144,#1350,.T.);
#847=EDGE_CURVE('',#1143,#1145,#1351,.T.);
#848=EDGE_CURVE('',#1146,#1145,#1352,.T.);
#849=EDGE_CURVE('',#1144,#1146,#1353,.T.);
#850=EDGE_CURVE('',#1145,#1147,#72,.T.);
#851=EDGE_CURVE('',#1148,#1147,#1354,.T.);
#852=EDGE_CURVE('',#1146,#1148,#73,.T.);
#853=EDGE_CURVE('',#1149,#1147,#1355,.T.);
#854=EDGE_CURVE('',#1150,#1149,#1356,.T.);
#855=EDGE_CURVE('',#1150,#1148,#1357,.T.);
#856=EDGE_CURVE('',#1149,#1151,#1358,.T.);
#857=EDGE_CURVE('',#1152,#1151,#1359,.T.);
#858=EDGE_CURVE('',#1150,#1152,#1360,.T.);
#859=EDGE_CURVE('',#1151,#1153,#1361,.T.);
#860=EDGE_CURVE('',#1154,#1153,#1362,.T.);
#861=EDGE_CURVE('',#1152,#1154,#1363,.T.);
#862=EDGE_CURVE('',#1153,#1155,#74,.T.);
#863=EDGE_CURVE('',#1156,#1155,#1364,.T.);
#864=EDGE_CURVE('',#1154,#1156,#75,.T.);
#865=EDGE_CURVE('',#1157,#1155,#1365,.T.);
#866=EDGE_CURVE('',#1158,#1157,#1366,.T.);
#867=EDGE_CURVE('',#1158,#1156,#1367,.T.);
#868=EDGE_CURVE('',#1157,#1159,#1368,.T.);
#869=EDGE_CURVE('',#1160,#1159,#1369,.T.);
#870=EDGE_CURVE('',#1158,#1160,#1370,.T.);
#871=EDGE_CURVE('',#1159,#1161,#1371,.T.);
#872=EDGE_CURVE('',#1162,#1161,#1372,.T.);
#873=EDGE_CURVE('',#1160,#1162,#1373,.T.);
#874=EDGE_CURVE('',#1161,#1163,#76,.T.);
#875=EDGE_CURVE('',#1164,#1163,#1374,.T.);
#876=EDGE_CURVE('',#1162,#1164,#77,.T.);
#877=EDGE_CURVE('',#1165,#1163,#1375,.T.);
#878=EDGE_CURVE('',#1166,#1165,#1376,.T.);
#879=EDGE_CURVE('',#1166,#1164,#1377,.T.);
#880=EDGE_CURVE('',#1165,#1167,#1378,.T.);
#881=EDGE_CURVE('',#1168,#1167,#1379,.T.);
#882=EDGE_CURVE('',#1166,#1168,#1380,.T.);
#883=EDGE_CURVE('',#1167,#1169,#1381,.T.);
#884=EDGE_CURVE('',#1170,#1169,#1382,.T.);
#885=EDGE_CURVE('',#1168,#1170,#1383,.T.);
#886=EDGE_CURVE('',#1169,#1171,#78,.T.);
#887=EDGE_CURVE('',#1172,#1171,#1384,.T.);
#888=EDGE_CURVE('',#1170,#1172,#79,.T.);
#889=EDGE_CURVE('',#1173,#1171,#1385,.T.);
#890=EDGE_CURVE('',#1174,#1173,#1386,.T.);
#891=EDGE_CURVE('',#1174,#1172,#1387,.T.);
#892=EDGE_CURVE('',#1173,#1175,#1388,.T.);
#893=EDGE_CURVE('',#1176,#1175,#1389,.T.);
#894=EDGE_CURVE('',#1174,#1176,#1390,.T.);
#895=EDGE_CURVE('',#1175,#1177,#1391,.T.);
#896=EDGE_CURVE('',#1178,#1177,#1392,.T.);
#897=EDGE_CURVE('',#1176,#1178,#1393,.T.);
#898=EDGE_CURVE('',#1177,#1179,#80,.T.);
#899=EDGE_CURVE('',#1180,#1179,#1394,.T.);
#900=EDGE_CURVE('',#1178,#1180,#81,.T.);
#901=EDGE_CURVE('',#1181,#1179,#1395,.T.);
#902=EDGE_CURVE('',#1182,#1181,#1396,.T.);
#903=EDGE_CURVE('',#1182,#1180,#1397,.T.);
#904=EDGE_CURVE('',#1181,#1183,#1398,.T.);
#905=EDGE_CURVE('',#1184,#1183,#1399,.T.);
#906=EDGE_CURVE('',#1182,#1184,#1400,.T.);
#907=EDGE_CURVE('',#1183,#1185,#1401,.T.);
#908=EDGE_CURVE('',#1186,#1185,#1402,.T.);
#909=EDGE_CURVE('',#1184,#1186,#1403,.T.);
#910=EDGE_CURVE('',#1185,#1187,#82,.T.);
#911=EDGE_CURVE('',#1188,#1187,#1404,.T.);
#912=EDGE_CURVE('',#1186,#1188,#83,.T.);
#913=EDGE_CURVE('',#1189,#1187,#1405,.T.);
#914=EDGE_CURVE('',#1190,#1189,#1406,.T.);
#915=EDGE_CURVE('',#1190,#1188,#1407,.T.);
#916=EDGE_CURVE('',#1189,#1191,#1408,.T.);
#917=EDGE_CURVE('',#1192,#1191,#1409,.T.);
#918=EDGE_CURVE('',#1190,#1192,#1410,.T.);
#919=EDGE_CURVE('',#1191,#1193,#1411,.T.);
#920=EDGE_CURVE('',#1194,#1193,#1412,.T.);
#921=EDGE_CURVE('',#1192,#1194,#1413,.T.);
#922=EDGE_CURVE('',#1193,#1195,#84,.T.);
#923=EDGE_CURVE('',#1196,#1195,#1414,.T.);
#924=EDGE_CURVE('',#1194,#1196,#85,.T.);
#925=EDGE_CURVE('',#1197,#1195,#1415,.T.);
#926=EDGE_CURVE('',#1198,#1197,#1416,.T.);
#927=EDGE_CURVE('',#1198,#1196,#1417,.T.);
#928=EDGE_CURVE('',#1197,#1199,#1418,.T.);
#929=EDGE_CURVE('',#1200,#1199,#1419,.T.);
#930=EDGE_CURVE('',#1198,#1200,#1420,.T.);
#931=EDGE_CURVE('',#1199,#1201,#1421,.T.);
#932=EDGE_CURVE('',#1202,#1201,#1422,.T.);
#933=EDGE_CURVE('',#1200,#1202,#1423,.T.);
#934=EDGE_CURVE('',#1201,#1203,#86,.T.);
#935=EDGE_CURVE('',#1204,#1203,#1424,.T.);
#936=EDGE_CURVE('',#1202,#1204,#87,.T.);
#937=EDGE_CURVE('',#1205,#1203,#1425,.T.);
#938=EDGE_CURVE('',#1206,#1205,#1426,.T.);
#939=EDGE_CURVE('',#1206,#1204,#1427,.T.);
#940=EDGE_CURVE('',#1205,#1207,#1428,.T.);
#941=EDGE_CURVE('',#1208,#1207,#1429,.T.);
#942=EDGE_CURVE('',#1206,#1208,#1430,.T.);
#943=EDGE_CURVE('',#1207,#1209,#1431,.T.);
#944=EDGE_CURVE('',#1210,#1209,#1432,.T.);
#945=EDGE_CURVE('',#1208,#1210,#1433,.T.);
#946=EDGE_CURVE('',#1209,#1211,#88,.T.);
#947=EDGE_CURVE('',#1212,#1211,#1434,.T.);
#948=EDGE_CURVE('',#1210,#1212,#89,.T.);
#949=EDGE_CURVE('',#1213,#1211,#1435,.T.);
#950=EDGE_CURVE('',#1214,#1213,#1436,.T.);
#951=EDGE_CURVE('',#1214,#1212,#1437,.T.);
#952=EDGE_CURVE('',#1215,#1213,#1438,.T.);
#953=EDGE_CURVE('',#1216,#1215,#1439,.T.);
#954=EDGE_CURVE('',#1216,#1214,#1440,.T.);
#955=EDGE_CURVE('',#1215,#1217,#1441,.T.);
#956=EDGE_CURVE('',#1218,#1217,#1442,.T.);
#957=EDGE_CURVE('',#1216,#1218,#1443,.T.);
#958=EDGE_CURVE('',#1217,#1219,#90,.T.);
#959=EDGE_CURVE('',#1220,#1219,#1444,.T.);
#960=EDGE_CURVE('',#1218,#1220,#91,.T.);
#961=EDGE_CURVE('',#1093,#1219,#1445,.T.);
#962=EDGE_CURVE('',#1096,#1220,#1446,.T.);
#963=EDGE_CURVE('',#1221,#1221,#92,.T.);
#964=EDGE_CURVE('',#1222,#1223,#1447,.F.);
#965=EDGE_CURVE('',#1124,#1222,#1448,.T.);
#966=EDGE_CURVE('',#1126,#1223,#1449,.T.);
#967=EDGE_CURVE('',#1224,#1222,#93,.T.);
#968=EDGE_CURVE('',#1122,#1224,#1450,.T.);
#969=EDGE_CURVE('',#1225,#1224,#1451,.T.);
#970=EDGE_CURVE('',#1120,#1225,#1452,.T.);
#971=EDGE_CURVE('',#1226,#1225,#1453,.F.);
#972=EDGE_CURVE('',#1118,#1226,#1454,.T.);
#973=EDGE_CURVE('',#1227,#1226,#1455,.F.);
#974=EDGE_CURVE('',#1116,#1227,#1456,.T.);
#975=EDGE_CURVE('',#1228,#1227,#94,.T.);
#976=EDGE_CURVE('',#1114,#1228,#1457,.T.);
#977=EDGE_CURVE('',#1229,#1228,#1458,.T.);
#978=EDGE_CURVE('',#1112,#1229,#1459,.T.);
#979=EDGE_CURVE('',#1230,#1229,#1460,.F.);
#980=EDGE_CURVE('',#1110,#1230,#1461,.T.);
#981=EDGE_CURVE('',#1231,#1230,#1462,.F.);
#982=EDGE_CURVE('',#1108,#1231,#1463,.T.);
#983=EDGE_CURVE('',#1232,#1231,#95,.T.);
#984=EDGE_CURVE('',#1106,#1232,#1464,.T.);
#985=EDGE_CURVE('',#1233,#1232,#1465,.T.);
#986=EDGE_CURVE('',#1104,#1233,#1466,.T.);
#987=EDGE_CURVE('',#1234,#1233,#1467,.F.);
#988=EDGE_CURVE('',#1102,#1234,#1468,.T.);
#989=EDGE_CURVE('',#1235,#1234,#1469,.F.);
#990=EDGE_CURVE('',#1100,#1235,#1470,.T.);
#991=EDGE_CURVE('',#1236,#1235,#96,.T.);
#992=EDGE_CURVE('',#1098,#1236,#1471,.T.);
#993=EDGE_CURVE('',#1237,#1236,#1472,.T.);
#994=EDGE_CURVE('',#1095,#1237,#1473,.T.);
#995=EDGE_CURVE('',#1238,#1237,#1474,.F.);
#996=EDGE_CURVE('',#1096,#1238,#1475,.T.);
#997=EDGE_CURVE('',#1239,#1238,#1476,.F.);
#998=EDGE_CURVE('',#1220,#1239,#1477,.T.);
#999=EDGE_CURVE('',#1240,#1239,#97,.T.);
#1000=EDGE_CURVE('',#1218,#1240,#1478,.T.);
#1001=EDGE_CURVE('',#1241,#1240,#1479,.T.);
#1002=EDGE_CURVE('',#1216,#1241,#1480,.T.);
#1003=EDGE_CURVE('',#1242,#1241,#1481,.F.);
#1004=EDGE_CURVE('',#1214,#1242,#1482,.T.);
#1005=EDGE_CURVE('',#1243,#1242,#1483,.F.);
#1006=EDGE_CURVE('',#1212,#1243,#1484,.T.);
#1007=EDGE_CURVE('',#1244,#1243,#98,.T.);
#1008=EDGE_CURVE('',#1210,#1244,#1485,.T.);
#1009=EDGE_CURVE('',#1245,#1244,#1486,.T.);
#1010=EDGE_CURVE('',#1208,#1245,#1487,.T.);
#1011=EDGE_CURVE('',#1246,#1245,#1488,.F.);
#1012=EDGE_CURVE('',#1206,#1246,#1489,.T.);
#1013=EDGE_CURVE('',#1247,#1246,#1490,.F.);
#1014=EDGE_CURVE('',#1204,#1247,#1491,.T.);
#1015=EDGE_CURVE('',#1248,#1247,#99,.T.);
#1016=EDGE_CURVE('',#1202,#1248,#1492,.T.);
#1017=EDGE_CURVE('',#1249,#1248,#1493,.T.);
#1018=EDGE_CURVE('',#1200,#1249,#1494,.T.);
#1019=EDGE_CURVE('',#1250,#1249,#1495,.F.);
#1020=EDGE_CURVE('',#1198,#1250,#1496,.T.);
#1021=EDGE_CURVE('',#1251,#1250,#1497,.F.);
#1022=EDGE_CURVE('',#1196,#1251,#1498,.T.);
#1023=EDGE_CURVE('',#1252,#1251,#100,.T.);
#1024=EDGE_CURVE('',#1194,#1252,#1499,.T.);
#1025=EDGE_CURVE('',#1253,#1252,#1500,.T.);
#1026=EDGE_CURVE('',#1192,#1253,#1501,.T.);
#1027=EDGE_CURVE('',#1254,#1253,#1502,.F.);
#1028=EDGE_CURVE('',#1190,#1254,#1503,.T.);
#1029=EDGE_CURVE('',#1255,#1254,#1504,.F.);
#1030=EDGE_CURVE('',#1188,#1255,#1505,.T.);
#1031=EDGE_CURVE('',#1256,#1255,#101,.T.);
#1032=EDGE_CURVE('',#1186,#1256,#1506,.T.);
#1033=EDGE_CURVE('',#1257,#1256,#1507,.T.);
#1034=EDGE_CURVE('',#1184,#1257,#1508,.T.);
#1035=EDGE_CURVE('',#1258,#1257,#1509,.F.);
#1036=EDGE_CURVE('',#1182,#1258,#1510,.T.);
#1037=EDGE_CURVE('',#1259,#1258,#1511,.F.);
#1038=EDGE_CURVE('',#1180,#1259,#1512,.T.);
#1039=EDGE_CURVE('',#1260,#1259,#102,.T.);
#1040=EDGE_CURVE('',#1178,#1260,#1513,.T.);
#1041=EDGE_CURVE('',#1261,#1260,#1514,.T.);
#1042=EDGE_CURVE('',#1176,#1261,#1515,.T.);
#1043=EDGE_CURVE('',#1262,#1261,#1516,.F.);
#1044=EDGE_CURVE('',#1174,#1262,#1517,.T.);
#1045=EDGE_CURVE('',#1263,#1262,#1518,.F.);
#1046=EDGE_CURVE('',#1172,#1263,#1519,.T.);
#1047=EDGE_CURVE('',#1264,#1263,#103,.T.);
#1048=EDGE_CURVE('',#1170,#1264,#1520,.T.);
#1049=EDGE_CURVE('',#1265,#1264,#1521,.T.);
#1050=EDGE_CURVE('',#1168,#1265,#1522,.T.);
#1051=EDGE_CURVE('',#1266,#1265,#1523,.F.);
#1052=EDGE_CURVE('',#1166,#1266,#1524,.T.);
#1053=EDGE_CURVE('',#1267,#1266,#1525,.F.);
#1054=EDGE_CURVE('',#1164,#1267,#1526,.T.);
#1055=EDGE_CURVE('',#1268,#1267,#104,.T.);
#1056=EDGE_CURVE('',#1162,#1268,#1527,.T.);
#1057=EDGE_CURVE('',#1269,#1268,#1528,.T.);
#1058=EDGE_CURVE('',#1160,#1269,#1529,.T.);
#1059=EDGE_CURVE('',#1270,#1269,#1530,.F.);
#1060=EDGE_CURVE('',#1158,#1270,#1531,.T.);
#1061=EDGE_CURVE('',#1271,#1270,#1532,.F.);
#1062=EDGE_CURVE('',#1156,#1271,#1533,.T.);
#1063=EDGE_CURVE('',#1272,#1271,#105,.T.);
#1064=EDGE_CURVE('',#1154,#1272,#1534,.T.);
#1065=EDGE_CURVE('',#1273,#1272,#1535,.T.);
#1066=EDGE_CURVE('',#1152,#1273,#1536,.T.);
#1067=EDGE_CURVE('',#1274,#1273,#1537,.F.);
#1068=EDGE_CURVE('',#1150,#1274,#1538,.T.);
#1069=EDGE_CURVE('',#1275,#1274,#1539,.F.);
#1070=EDGE_CURVE('',#1148,#1275,#1540,.T.);
#1071=EDGE_CURVE('',#1276,#1275,#106,.T.);
#1072=EDGE_CURVE('',#1146,#1276,#1541,.T.);
#1073=EDGE_CURVE('',#1277,#1276,#1542,.T.);
#1074=EDGE_CURVE('',#1144,#1277,#1543,.T.);
#1075=EDGE_CURVE('',#1278,#1277,#1544,.F.);
#1076=EDGE_CURVE('',#1142,#1278,#1545,.T.);
#1077=EDGE_CURVE('',#1279,#1278,#1546,.F.);
#1078=EDGE_CURVE('',#1140,#1279,#1547,.T.);
#1079=EDGE_CURVE('',#1280,#1279,#107,.T.);
#1080=EDGE_CURVE('',#1138,#1280,#1548,.T.);
#1081=EDGE_CURVE('',#1281,#1280,#1549,.T.);
#1082=EDGE_CURVE('',#1136,#1281,#1550,.T.);
#1083=EDGE_CURVE('',#1282,#1281,#1551,.F.);
#1084=EDGE_CURVE('',#1134,#1282,#1552,.T.);
#1085=EDGE_CURVE('',#1283,#1282,#1553,.F.);
#1086=EDGE_CURVE('',#1132,#1283,#1554,.T.);
#1087=EDGE_CURVE('',#1284,#1283,#108,.T.);
#1088=EDGE_CURVE('',#1130,#1284,#1555,.T.);
#1089=EDGE_CURVE('',#1285,#1284,#1556,.T.);
#1090=EDGE_CURVE('',#1128,#1285,#1557,.T.);
#1091=EDGE_CURVE('',#1223,#1285,#1558,.F.);
#1092=EDGE_CURVE('',#1286,#1286,#109,.T.);
#1093=VERTEX_POINT('',#2985);
#1094=VERTEX_POINT('',#2986);
#1095=VERTEX_POINT('',#2988);
#1096=VERTEX_POINT('',#2990);
#1097=VERTEX_POINT('',#2994);
#1098=VERTEX_POINT('',#2996);
#1099=VERTEX_POINT('',#3000);
#1100=VERTEX_POINT('',#3002);
#1101=VERTEX_POINT('',#3006);
#1102=VERTEX_POINT('',#3008);
#1103=VERTEX_POINT('',#3012);
#1104=VERTEX_POINT('',#3014);
#1105=VERTEX_POINT('',#3018);
#1106=VERTEX_POINT('',#3020);
#1107=VERTEX_POINT('',#3024);
#1108=VERTEX_POINT('',#3026);
#1109=VERTEX_POINT('',#3030);
#1110=VERTEX_POINT('',#3032);
#1111=VERTEX_POINT('',#3036);
#1112=VERTEX_POINT('',#3038);
#1113=VERTEX_POINT('',#3042);
#1114=VERTEX_POINT('',#3044);
#1115=VERTEX_POINT('',#3048);
#1116=VERTEX_POINT('',#3050);
#1117=VERTEX_POINT('',#3054);
#1118=VERTEX_POINT('',#3056);
#1119=VERTEX_POINT('',#3060);
#1120=VERTEX_POINT('',#3062);
#1121=VERTEX_POINT('',#3066);
#1122=VERTEX_POINT('',#3068);
#1123=VERTEX_POINT('',#3072);
#1124=VERTEX_POINT('',#3074);
#1125=VERTEX_POINT('',#3078);
#1126=VERTEX_POINT('',#3080);
#1127=VERTEX_POINT('',#3084);
#1128=VERTEX_POINT('',#3086);
#1129=VERTEX_POINT('',#3090);
#1130=VERTEX_POINT('',#3092);
#1131=VERTEX_POINT('',#3096);
#1132=VERTEX_POINT('',#3098);
#1133=VERTEX_POINT('',#3102);
#1134=VERTEX_POINT('',#3104);
#1135=VERTEX_POINT('',#3108);
#1136=VERTEX_POINT('',#3110);
#1137=VERTEX_POINT('',#3114);
#1138=VERTEX_POINT('',#3116);
#1139=VERTEX_POINT('',#3120);
#1140=VERTEX_POINT('',#3122);
#1141=VERTEX_POINT('',#3126);
#1142=VERTEX_POINT('',#3128);
#1143=VERTEX_POINT('',#3132);
#1144=VERTEX_POINT('',#3134);
#1145=VERTEX_POINT('',#3138);
#1146=VERTEX_POINT('',#3140);
#1147=VERTEX_POINT('',#3144);
#1148=VERTEX_POINT('',#3146);
#1149=VERTEX_POINT('',#3150);
#1150=VERTEX_POINT('',#3152);
#1151=VERTEX_POINT('',#3156);
#1152=VERTEX_POINT('',#3158);
#1153=VERTEX_POINT('',#3162);
#1154=VERTEX_POINT('',#3164);
#1155=VERTEX_POINT('',#3168);
#1156=VERTEX_POINT('',#3170);
#1157=VERTEX_POINT('',#3174);
#1158=VERTEX_POINT('',#3176);
#1159=VERTEX_POINT('',#3180);
#1160=VERTEX_POINT('',#3182);
#1161=VERTEX_POINT('',#3186);
#1162=VERTEX_POINT('',#3188);
#1163=VERTEX_POINT('',#3192);
#1164=VERTEX_POINT('',#3194);
#1165=VERTEX_POINT('',#3198);
#1166=VERTEX_POINT('',#3200);
#1167=VERTEX_POINT('',#3204);
#1168=VERTEX_POINT('',#3206);
#1169=VERTEX_POINT('',#3210);
#1170=VERTEX_POINT('',#3212);
#1171=VERTEX_POINT('',#3216);
#1172=VERTEX_POINT('',#3218);
#1173=VERTEX_POINT('',#3222);
#1174=VERTEX_POINT('',#3224);
#1175=VERTEX_POINT('',#3228);
#1176=VERTEX_POINT('',#3230);
#1177=VERTEX_POINT('',#3234);
#1178=VERTEX_POINT('',#3236);
#1179=VERTEX_POINT('',#3240);
#1180=VERTEX_POINT('',#3242);
#1181=VERTEX_POINT('',#3246);
#1182=VERTEX_POINT('',#3248);
#1183=VERTEX_POINT('',#3252);
#1184=VERTEX_POINT('',#3254);
#1185=VERTEX_POINT('',#3258);
#1186=VERTEX_POINT('',#3260);
#1187=VERTEX_POINT('',#3264);
#1188=VERTEX_POINT('',#3266);
#1189=VERTEX_POINT('',#3270);
#1190=VERTEX_POINT('',#3272);
#1191=VERTEX_POINT('',#3276);
#1192=VERTEX_POINT('',#3278);
#1193=VERTEX_POINT('',#3282);
#1194=VERTEX_POINT('',#3284);
#1195=VERTEX_POINT('',#3288);
#1196=VERTEX_POINT('',#3290);
#1197=VERTEX_POINT('',#3294);
#1198=VERTEX_POINT('',#3296);
#1199=VERTEX_POINT('',#3300);
#1200=VERTEX_POINT('',#3302);
#1201=VERTEX_POINT('',#3306);
#1202=VERTEX_POINT('',#3308);
#1203=VERTEX_POINT('',#3312);
#1204=VERTEX_POINT('',#3314);
#1205=VERTEX_POINT('',#3318);
#1206=VERTEX_POINT('',#3320);
#1207=VERTEX_POINT('',#3324);
#1208=VERTEX_POINT('',#3326);
#1209=VERTEX_POINT('',#3330);
#1210=VERTEX_POINT('',#3332);
#1211=VERTEX_POINT('',#3336);
#1212=VERTEX_POINT('',#3338);
#1213=VERTEX_POINT('',#3342);
#1214=VERTEX_POINT('',#3344);
#1215=VERTEX_POINT('',#3348);
#1216=VERTEX_POINT('',#3350);
#1217=VERTEX_POINT('',#3354);
#1218=VERTEX_POINT('',#3356);
#1219=VERTEX_POINT('',#3360);
#1220=VERTEX_POINT('',#3362);
#1221=VERTEX_POINT('',#3369);
#1222=VERTEX_POINT('',#3379);
#1223=VERTEX_POINT('',#3380);
#1224=VERTEX_POINT('',#3396);
#1225=VERTEX_POINT('',#3407);
#1226=VERTEX_POINT('',#3411);
#1227=VERTEX_POINT('',#3422);
#1228=VERTEX_POINT('',#3437);
#1229=VERTEX_POINT('',#3448);
#1230=VERTEX_POINT('',#3452);
#1231=VERTEX_POINT('',#3463);
#1232=VERTEX_POINT('',#3478);
#1233=VERTEX_POINT('',#3489);
#1234=VERTEX_POINT('',#3493);
#1235=VERTEX_POINT('',#3504);
#1236=VERTEX_POINT('',#3519);
#1237=VERTEX_POINT('',#3530);
#1238=VERTEX_POINT('',#3534);
#1239=VERTEX_POINT('',#3545);
#1240=VERTEX_POINT('',#3560);
#1241=VERTEX_POINT('',#3571);
#1242=VERTEX_POINT('',#3575);
#1243=VERTEX_POINT('',#3586);
#1244=VERTEX_POINT('',#3601);
#1245=VERTEX_POINT('',#3612);
#1246=VERTEX_POINT('',#3616);
#1247=VERTEX_POINT('',#3627);
#1248=VERTEX_POINT('',#3642);
#1249=VERTEX_POINT('',#3653);
#1250=VERTEX_POINT('',#3657);
#1251=VERTEX_POINT('',#3668);
#1252=VERTEX_POINT('',#3683);
#1253=VERTEX_POINT('',#3694);
#1254=VERTEX_POINT('',#3698);
#1255=VERTEX_POINT('',#3709);
#1256=VERTEX_POINT('',#3724);
#1257=VERTEX_POINT('',#3735);
#1258=VERTEX_POINT('',#3739);
#1259=VERTEX_POINT('',#3750);
#1260=VERTEX_POINT('',#3765);
#1261=VERTEX_POINT('',#3776);
#1262=VERTEX_POINT('',#3780);
#1263=VERTEX_POINT('',#3791);
#1264=VERTEX_POINT('',#3806);
#1265=VERTEX_POINT('',#3817);
#1266=VERTEX_POINT('',#3821);
#1267=VERTEX_POINT('',#3832);
#1268=VERTEX_POINT('',#3847);
#1269=VERTEX_POINT('',#3858);
#1270=VERTEX_POINT('',#3862);
#1271=VERTEX_POINT('',#3873);
#1272=VERTEX_POINT('',#3888);
#1273=VERTEX_POINT('',#3899);
#1274=VERTEX_POINT('',#3903);
#1275=VERTEX_POINT('',#3914);
#1276=VERTEX_POINT('',#3929);
#1277=VERTEX_POINT('',#3940);
#1278=VERTEX_POINT('',#3944);
#1279=VERTEX_POINT('',#3955);
#1280=VERTEX_POINT('',#3970);
#1281=VERTEX_POINT('',#3981);
#1282=VERTEX_POINT('',#3985);
#1283=VERTEX_POINT('',#3996);
#1284=VERTEX_POINT('',#4011);
#1285=VERTEX_POINT('',#4022);
#1286=VERTEX_POINT('',#4028);
#1287=LINE('',#2984,#1559);
#1288=LINE('',#2987,#1560);
#1289=LINE('',#2989,#1561);
#1290=LINE('',#2991,#1562);
#1291=LINE('',#2993,#1563);
#1292=LINE('',#2995,#1564);
#1293=LINE('',#2997,#1565);
#1294=LINE('',#3001,#1566);
#1295=LINE('',#3005,#1567);
#1296=LINE('',#3007,#1568);
#1297=LINE('',#3009,#1569);
#1298=LINE('',#3011,#1570);
#1299=LINE('',#3013,#1571);
#1300=LINE('',#3015,#1572);
#1301=LINE('',#3017,#1573);
#1302=LINE('',#3019,#1574);
#1303=LINE('',#3021,#1575);
#1304=LINE('',#3025,#1576);
#1305=LINE('',#3029,#1577);
#1306=LINE('',#3031,#1578);
#1307=LINE('',#3033,#1579);
#1308=LINE('',#3035,#1580);
#1309=LINE('',#3037,#1581);
#1310=LINE('',#3039,#1582);
#1311=LINE('',#3041,#1583);
#1312=LINE('',#3043,#1584);
#1313=LINE('',#3045,#1585);
#1314=LINE('',#3049,#1586);
#1315=LINE('',#3053,#1587);
#1316=LINE('',#3055,#1588);
#1317=LINE('',#3057,#1589);
#1318=LINE('',#3059,#1590);
#1319=LINE('',#3061,#1591);
#1320=LINE('',#3063,#1592);
#1321=LINE('',#3065,#1593);
#1322=LINE('',#3067,#1594);
#1323=LINE('',#3069,#1595);
#1324=LINE('',#3073,#1596);
#1325=LINE('',#3077,#1597);
#1326=LINE('',#3079,#1598);
#1327=LINE('',#3081,#1599);
#1328=LINE('',#3083,#1600);
#1329=LINE('',#3085,#1601);
#1330=LINE('',#3087,#1602);
#1331=LINE('',#3089,#1603);
#1332=LINE('',#3091,#1604);
#1333=LINE('',#3093,#1605);
#1334=LINE('',#3097,#1606);
#1335=LINE('',#3101,#1607);
#1336=LINE('',#3103,#1608);
#1337=LINE('',#3105,#1609);
#1338=LINE('',#3107,#1610);
#1339=LINE('',#3109,#1611);
#1340=LINE('',#3111,#1612);
#1341=LINE('',#3113,#1613);
#1342=LINE('',#3115,#1614);
#1343=LINE('',#3117,#1615);
#1344=LINE('',#3121,#1616);
#1345=LINE('',#3125,#1617);
#1346=LINE('',#3127,#1618);
#1347=LINE('',#3129,#1619);
#1348=LINE('',#3131,#1620);
#1349=LINE('',#3133,#1621);
#1350=LINE('',#3135,#1622);
#1351=LINE('',#3137,#1623);
#1352=LINE('',#3139,#1624);
#1353=LINE('',#3141,#1625);
#1354=LINE('',#3145,#1626);
#1355=LINE('',#3149,#1627);
#1356=LINE('',#3151,#1628);
#1357=LINE('',#3153,#1629);
#1358=LINE('',#3155,#1630);
#1359=LINE('',#3157,#1631);
#1360=LINE('',#3159,#1632);
#1361=LINE('',#3161,#1633);
#1362=LINE('',#3163,#1634);
#1363=LINE('',#3165,#1635);
#1364=LINE('',#3169,#1636);
#1365=LINE('',#3173,#1637);
#1366=LINE('',#3175,#1638);
#1367=LINE('',#3177,#1639);
#1368=LINE('',#3179,#1640);
#1369=LINE('',#3181,#1641);
#1370=LINE('',#3183,#1642);
#1371=LINE('',#3185,#1643);
#1372=LINE('',#3187,#1644);
#1373=LINE('',#3189,#1645);
#1374=LINE('',#3193,#1646);
#1375=LINE('',#3197,#1647);
#1376=LINE('',#3199,#1648);
#1377=LINE('',#3201,#1649);
#1378=LINE('',#3203,#1650);
#1379=LINE('',#3205,#1651);
#1380=LINE('',#3207,#1652);
#1381=LINE('',#3209,#1653);
#1382=LINE('',#3211,#1654);
#1383=LINE('',#3213,#1655);
#1384=LINE('',#3217,#1656);
#1385=LINE('',#3221,#1657);
#1386=LINE('',#3223,#1658);
#1387=LINE('',#3225,#1659);
#1388=LINE('',#3227,#1660);
#1389=LINE('',#3229,#1661);
#1390=LINE('',#3231,#1662);
#1391=LINE('',#3233,#1663);
#1392=LINE('',#3235,#1664);
#1393=LINE('',#3237,#1665);
#1394=LINE('',#3241,#1666);
#1395=LINE('',#3245,#1667);
#1396=LINE('',#3247,#1668);
#1397=LINE('',#3249,#1669);
#1398=LINE('',#3251,#1670);
#1399=LINE('',#3253,#1671);
#1400=LINE('',#3255,#1672);
#1401=LINE('',#3257,#1673);
#1402=LINE('',#3259,#1674);
#1403=LINE('',#3261,#1675);
#1404=LINE('',#3265,#1676);
#1405=LINE('',#3269,#1677);
#1406=LINE('',#3271,#1678);
#1407=LINE('',#3273,#1679);
#1408=LINE('',#3275,#1680);
#1409=LINE('',#3277,#1681);
#1410=LINE('',#3279,#1682);
#1411=LINE('',#3281,#1683);
#1412=LINE('',#3283,#1684);
#1413=LINE('',#3285,#1685);
#1414=LINE('',#3289,#1686);
#1415=LINE('',#3293,#1687);
#1416=LINE('',#3295,#1688);
#1417=LINE('',#3297,#1689);
#1418=LINE('',#3299,#1690);
#1419=LINE('',#3301,#1691);
#1420=LINE('',#3303,#1692);
#1421=LINE('',#3305,#1693);
#1422=LINE('',#3307,#1694);
#1423=LINE('',#3309,#1695);
#1424=LINE('',#3313,#1696);
#1425=LINE('',#3317,#1697);
#1426=LINE('',#3319,#1698);
#1427=LINE('',#3321,#1699);
#1428=LINE('',#3323,#1700);
#1429=LINE('',#3325,#1701);
#1430=LINE('',#3327,#1702);
#1431=LINE('',#3329,#1703);
#1432=LINE('',#3331,#1704);
#1433=LINE('',#3333,#1705);
#1434=LINE('',#3337,#1706);
#1435=LINE('',#3341,#1707);
#1436=LINE('',#3343,#1708);
#1437=LINE('',#3345,#1709);
#1438=LINE('',#3347,#1710);
#1439=LINE('',#3349,#1711);
#1440=LINE('',#3351,#1712);
#1441=LINE('',#3353,#1713);
#1442=LINE('',#3355,#1714);
#1443=LINE('',#3357,#1715);
#1444=LINE('',#3361,#1716);
#1445=LINE('',#3365,#1717);
#1446=LINE('',#3366,#1718);
#1447=LINE('',#3378,#1719);
#1448=LINE('',#3381,#1720);
#1449=LINE('',#3382,#1721);
#1450=LINE('',#3397,#1722);
#1451=LINE('',#3406,#1723);
#1452=LINE('',#3408,#1724);
#1453=LINE('',#3410,#1725);
#1454=LINE('',#3412,#1726);
#1455=LINE('',#3421,#1727);
#1456=LINE('',#3423,#1728);
#1457=LINE('',#3438,#1729);
#1458=LINE('',#3447,#1730);
#1459=LINE('',#3449,#1731);
#1460=LINE('',#3451,#1732);
#1461=LINE('',#3453,#1733);
#1462=LINE('',#3462,#1734);
#1463=LINE('',#3464,#1735);
#1464=LINE('',#3479,#1736);
#1465=LINE('',#3488,#1737);
#1466=LINE('',#3490,#1738);
#1467=LINE('',#3492,#1739);
#1468=LINE('',#3494,#1740);
#1469=LINE('',#3503,#1741);
#1470=LINE('',#3505,#1742);
#1471=LINE('',#3520,#1743);
#1472=LINE('',#3529,#1744);
#1473=LINE('',#3531,#1745);
#1474=LINE('',#3533,#1746);
#1475=LINE('',#3535,#1747);
#1476=LINE('',#3544,#1748);
#1477=LINE('',#3546,#1749);
#1478=LINE('',#3561,#1750);
#1479=LINE('',#3570,#1751);
#1480=LINE('',#3572,#1752);
#1481=LINE('',#3574,#1753);
#1482=LINE('',#3576,#1754);
#1483=LINE('',#3585,#1755);
#1484=LINE('',#3587,#1756);
#1485=LINE('',#3602,#1757);
#1486=LINE('',#3611,#1758);
#1487=LINE('',#3613,#1759);
#1488=LINE('',#3615,#1760);
#1489=LINE('',#3617,#1761);
#1490=LINE('',#3626,#1762);
#1491=LINE('',#3628,#1763);
#1492=LINE('',#3643,#1764);
#1493=LINE('',#3652,#1765);
#1494=LINE('',#3654,#1766);
#1495=LINE('',#3656,#1767);
#1496=LINE('',#3658,#1768);
#1497=LINE('',#3667,#1769);
#1498=LINE('',#3669,#1770);
#1499=LINE('',#3684,#1771);
#1500=LINE('',#3693,#1772);
#1501=LINE('',#3695,#1773);
#1502=LINE('',#3697,#1774);
#1503=LINE('',#3699,#1775);
#1504=LINE('',#3708,#1776);
#1505=LINE('',#3710,#1777);
#1506=LINE('',#3725,#1778);
#1507=LINE('',#3734,#1779);
#1508=LINE('',#3736,#1780);
#1509=LINE('',#3738,#1781);
#1510=LINE('',#3740,#1782);
#1511=LINE('',#3749,#1783);
#1512=LINE('',#3751,#1784);
#1513=LINE('',#3766,#1785);
#1514=LINE('',#3775,#1786);
#1515=LINE('',#3777,#1787);
#1516=LINE('',#3779,#1788);
#1517=LINE('',#3781,#1789);
#1518=LINE('',#3790,#1790);
#1519=LINE('',#3792,#1791);
#1520=LINE('',#3807,#1792);
#1521=LINE('',#3816,#1793);
#1522=LINE('',#3818,#1794);
#1523=LINE('',#3820,#1795);
#1524=LINE('',#3822,#1796);
#1525=LINE('',#3831,#1797);
#1526=LINE('',#3833,#1798);
#1527=LINE('',#3848,#1799);
#1528=LINE('',#3857,#1800);
#1529=LINE('',#3859,#1801);
#1530=LINE('',#3861,#1802);
#1531=LINE('',#3863,#1803);
#1532=LINE('',#3872,#1804);
#1533=LINE('',#3874,#1805);
#1534=LINE('',#3889,#1806);
#1535=LINE('',#3898,#1807);
#1536=LINE('',#3900,#1808);
#1537=LINE('',#3902,#1809);
#1538=LINE('',#3904,#1810);
#1539=LINE('',#3913,#1811);
#1540=LINE('',#3915,#1812);
#1541=LINE('',#3930,#1813);
#1542=LINE('',#3939,#1814);
#1543=LINE('',#3941,#1815);
#1544=LINE('',#3943,#1816);
#1545=LINE('',#3945,#1817);
#1546=LINE('',#3954,#1818);
#1547=LINE('',#3956,#1819);
#1548=LINE('',#3971,#1820);
#1549=LINE('',#3980,#1821);
#1550=LINE('',#3982,#1822);
#1551=LINE('',#3984,#1823);
#1552=LINE('',#3986,#1824);
#1553=LINE('',#3995,#1825);
#1554=LINE('',#3997,#1826);
#1555=LINE('',#4012,#1827);
#1556=LINE('',#4021,#1828);
#1557=LINE('',#4023,#1829);
#1558=LINE('',#4025,#1830);
#1559=VECTOR('',#2446,1.);
#1560=VECTOR('',#2447,1.);
#1561=VECTOR('',#2448,1.);
#1562=VECTOR('',#2449,1.);
#1563=VECTOR('',#2452,1.);
#1564=VECTOR('',#2453,1.);
#1565=VECTOR('',#2454,1.);
#1566=VECTOR('',#2459,1.);
#1567=VECTOR('',#2464,1.);
#1568=VECTOR('',#2465,1.);
#1569=VECTOR('',#2466,1.);
#1570=VECTOR('',#2469,1.);
#1571=VECTOR('',#2470,1.);
#1572=VECTOR('',#2471,1.);
#1573=VECTOR('',#2474,1.);
#1574=VECTOR('',#2475,1.);
#1575=VECTOR('',#2476,1.);
#1576=VECTOR('',#2481,1.);
#1577=VECTOR('',#2486,1.);
#1578=VECTOR('',#2487,1.);
#1579=VECTOR('',#2488,1.);
#1580=VECTOR('',#2491,1.);
#1581=VECTOR('',#2492,1.);
#1582=VECTOR('',#2493,1.);
#1583=VECTOR('',#2496,1.);
#1584=VECTOR('',#2497,1.);
#1585=VECTOR('',#2498,1.);
#1586=VECTOR('',#2503,1.);
#1587=VECTOR('',#2508,1.);
#1588=VECTOR('',#2509,1.);
#1589=VECTOR('',#2510,1.);
#1590=VECTOR('',#2513,1.);
#1591=VECTOR('',#2514,1.);
#1592=VECTOR('',#2515,1.);
#1593=VECTOR('',#2518,1.);
#1594=VECTOR('',#2519,1.);
#1595=VECTOR('',#2520,1.);
#1596=VECTOR('',#2525,1.);
#1597=VECTOR('',#2530,1.);
#1598=VECTOR('',#2531,1.);
#1599=VECTOR('',#2532,1.);
#1600=VECTOR('',#2535,1.);
#1601=VECTOR('',#2536,1.);
#1602=VECTOR('',#2537,1.);
#1603=VECTOR('',#2540,1.);
#1604=VECTOR('',#2541,1.);
#1605=VECTOR('',#2542,1.);
#1606=VECTOR('',#2547,1.);
#1607=VECTOR('',#2552,1.);
#1608=VECTOR('',#2553,1.);
#1609=VECTOR('',#2554,1.);
#1610=VECTOR('',#2557,1.);
#1611=VECTOR('',#2558,1.);
#1612=VECTOR('',#2559,1.);
#1613=VECTOR('',#2562,1.);
#1614=VECTOR('',#2563,1.);
#1615=VECTOR('',#2564,1.);
#1616=VECTOR('',#2569,1.);
#1617=VECTOR('',#2574,1.);
#1618=VECTOR('',#2575,1.);
#1619=VECTOR('',#2576,1.);
#1620=VECTOR('',#2579,1.);
#1621=VECTOR('',#2580,1.);
#1622=VECTOR('',#2581,1.);
#1623=VECTOR('',#2584,1.);
#1624=VECTOR('',#2585,1.);
#1625=VECTOR('',#2586,1.);
#1626=VECTOR('',#2591,1.);
#1627=VECTOR('',#2596,1.);
#1628=VECTOR('',#2597,1.);
#1629=VECTOR('',#2598,1.);
#1630=VECTOR('',#2601,1.);
#1631=VECTOR('',#2602,1.);
#1632=VECTOR('',#2603,1.);
#1633=VECTOR('',#2606,1.);
#1634=VECTOR('',#2607,1.);
#1635=VECTOR('',#2608,1.);
#1636=VECTOR('',#2613,1.);
#1637=VECTOR('',#2618,1.);
#1638=VECTOR('',#2619,1.);
#1639=VECTOR('',#2620,1.);
#1640=VECTOR('',#2623,1.);
#1641=VECTOR('',#2624,1.);
#1642=VECTOR('',#2625,1.);
#1643=VECTOR('',#2628,1.);
#1644=VECTOR('',#2629,1.);
#1645=VECTOR('',#2630,1.);
#1646=VECTOR('',#2635,1.);
#1647=VECTOR('',#2640,1.);
#1648=VECTOR('',#2641,1.);
#1649=VECTOR('',#2642,1.);
#1650=VECTOR('',#2645,1.);
#1651=VECTOR('',#2646,1.);
#1652=VECTOR('',#2647,1.);
#1653=VECTOR('',#2650,1.);
#1654=VECTOR('',#2651,1.);
#1655=VECTOR('',#2652,1.);
#1656=VECTOR('',#2657,1.);
#1657=VECTOR('',#2662,1.);
#1658=VECTOR('',#2663,1.);
#1659=VECTOR('',#2664,1.);
#1660=VECTOR('',#2667,1.);
#1661=VECTOR('',#2668,1.);
#1662=VECTOR('',#2669,1.);
#1663=VECTOR('',#2672,1.);
#1664=VECTOR('',#2673,1.);
#1665=VECTOR('',#2674,1.);
#1666=VECTOR('',#2679,1.);
#1667=VECTOR('',#2684,1.);
#1668=VECTOR('',#2685,1.);
#1669=VECTOR('',#2686,1.);
#1670=VECTOR('',#2689,1.);
#1671=VECTOR('',#2690,1.);
#1672=VECTOR('',#2691,1.);
#1673=VECTOR('',#2694,1.);
#1674=VECTOR('',#2695,1.);
#1675=VECTOR('',#2696,1.);
#1676=VECTOR('',#2701,1.);
#1677=VECTOR('',#2706,1.);
#1678=VECTOR('',#2707,1.);
#1679=VECTOR('',#2708,1.);
#1680=VECTOR('',#2711,1.);
#1681=VECTOR('',#2712,1.);
#1682=VECTOR('',#2713,1.);
#1683=VECTOR('',#2716,1.);
#1684=VECTOR('',#2717,1.);
#1685=VECTOR('',#2718,1.);
#1686=VECTOR('',#2723,1.);
#1687=VECTOR('',#2728,1.);
#1688=VECTOR('',#2729,1.);
#1689=VECTOR('',#2730,1.);
#1690=VECTOR('',#2733,1.);
#1691=VECTOR('',#2734,1.);
#1692=VECTOR('',#2735,1.);
#1693=VECTOR('',#2738,1.);
#1694=VECTOR('',#2739,1.);
#1695=VECTOR('',#2740,1.);
#1696=VECTOR('',#2745,1.);
#1697=VECTOR('',#2750,1.);
#1698=VECTOR('',#2751,1.);
#1699=VECTOR('',#2752,1.);
#1700=VECTOR('',#2755,1.);
#1701=VECTOR('',#2756,1.);
#1702=VECTOR('',#2757,1.);
#1703=VECTOR('',#2760,1.);
#1704=VECTOR('',#2761,1.);
#1705=VECTOR('',#2762,1.);
#1706=VECTOR('',#2767,1.);
#1707=VECTOR('',#2772,1.);
#1708=VECTOR('',#2773,1.);
#1709=VECTOR('',#2774,1.);
#1710=VECTOR('',#2777,1.);
#1711=VECTOR('',#2778,1.);
#1712=VECTOR('',#2779,1.);
#1713=VECTOR('',#2782,1.);
#1714=VECTOR('',#2783,1.);
#1715=VECTOR('',#2784,1.);
#1716=VECTOR('',#2789,1.);
#1717=VECTOR('',#2794,1.);
#1718=VECTOR('',#2795,1.);
#1719=VECTOR('',#2800,1.);
#1720=VECTOR('',#2801,1.);
#1721=VECTOR('',#2802,1.);
#1722=VECTOR('',#2805,1.);
#1723=VECTOR('',#2806,1.);
#1724=VECTOR('',#2807,1.);
#1725=VECTOR('',#2810,1.);
#1726=VECTOR('',#2811,1.);
#1727=VECTOR('',#2812,1.);
#1728=VECTOR('',#2813,1.);
#1729=VECTOR('',#2816,1.);
#1730=VECTOR('',#2817,1.);
#1731=VECTOR('',#2818,1.);
#1732=VECTOR('',#2821,1.);
#1733=VECTOR('',#2822,1.);
#1734=VECTOR('',#2823,1.);
#1735=VECTOR('',#2824,1.);
#1736=VECTOR('',#2827,1.);
#1737=VECTOR('',#2828,1.);
#1738=VECTOR('',#2829,1.);
#1739=VECTOR('',#2832,1.);
#1740=VECTOR('',#2833,1.);
#1741=VECTOR('',#2834,1.);
#1742=VECTOR('',#2835,1.);
#1743=VECTOR('',#2838,1.);
#1744=VECTOR('',#2839,1.);
#1745=VECTOR('',#2840,1.);
#1746=VECTOR('',#2843,1.);
#1747=VECTOR('',#2844,1.);
#1748=VECTOR('',#2845,1.);
#1749=VECTOR('',#2846,1.);
#1750=VECTOR('',#2849,1.);
#1751=VECTOR('',#2850,1.);
#1752=VECTOR('',#2851,1.);
#1753=VECTOR('',#2854,1.);
#1754=VECTOR('',#2855,1.);
#1755=VECTOR('',#2856,1.);
#1756=VECTOR('',#2857,1.);
#1757=VECTOR('',#2860,1.);
#1758=VECTOR('',#2861,1.);
#1759=VECTOR('',#2862,1.);
#1760=VECTOR('',#2865,1.);
#1761=VECTOR('',#2866,1.);
#1762=VECTOR('',#2867,1.);
#1763=VECTOR('',#2868,1.);
#1764=VECTOR('',#2871,1.);
#1765=VECTOR('',#2872,1.);
#1766=VECTOR('',#2873,1.);
#1767=VECTOR('',#2876,1.);
#1768=VECTOR('',#2877,1.);
#1769=VECTOR('',#2878,1.);
#1770=VECTOR('',#2879,1.);
#1771=VECTOR('',#2882,1.);
#1772=VECTOR('',#2883,1.);
#1773=VECTOR('',#2884,1.);
#1774=VECTOR('',#2887,1.);
#1775=VECTOR('',#2888,1.);
#1776=VECTOR('',#2889,1.);
#1777=VECTOR('',#2890,1.);
#1778=VECTOR('',#2893,1.);
#1779=VECTOR('',#2894,1.);
#1780=VECTOR('',#2895,1.);
#1781=VECTOR('',#2898,1.);
#1782=VECTOR('',#2899,1.);
#1783=VECTOR('',#2900,1.);
#1784=VECTOR('',#2901,1.);
#1785=VECTOR('',#2904,1.);
#1786=VECTOR('',#2905,1.);
#1787=VECTOR('',#2906,1.);
#1788=VECTOR('',#2909,1.);
#1789=VECTOR('',#2910,1.);
#1790=VECTOR('',#2911,1.);
#1791=VECTOR('',#2912,1.);
#1792=VECTOR('',#2915,1.);
#1793=VECTOR('',#2916,1.);
#1794=VECTOR('',#2917,1.);
#1795=VECTOR('',#2920,1.);
#1796=VECTOR('',#2921,1.);
#1797=VECTOR('',#2922,1.);
#1798=VECTOR('',#2923,1.);
#1799=VECTOR('',#2926,1.);
#1800=VECTOR('',#2927,1.);
#1801=VECTOR('',#2928,1.);
#1802=VECTOR('',#2931,1.);
#1803=VECTOR('',#2932,1.);
#1804=VECTOR('',#2933,1.);
#1805=VECTOR('',#2934,1.);
#1806=VECTOR('',#2937,1.);
#1807=VECTOR('',#2938,1.);
#1808=VECTOR('',#2939,1.);
#1809=VECTOR('',#2942,1.);
#1810=VECTOR('',#2943,1.);
#1811=VECTOR('',#2944,1.);
#1812=VECTOR('',#2945,1.);
#1813=VECTOR('',#2948,1.);
#1814=VECTOR('',#2949,1.);
#1815=VECTOR('',#2950,1.);
#1816=VECTOR('',#2953,1.);
#1817=VECTOR('',#2954,1.);
#1818=VECTOR('',#2955,1.);
#1819=VECTOR('',#2956,1.);
#1820=VECTOR('',#2959,1.);
#1821=VECTOR('',#2960,1.);
#1822=VECTOR('',#2961,1.);
#1823=VECTOR('',#2964,1.);
#1824=VECTOR('',#2965,1.);
#1825=VECTOR('',#2966,1.);
#1826=VECTOR('',#2967,1.);
#1827=VECTOR('',#2970,1.);
#1828=VECTOR('',#2971,1.);
#1829=VECTOR('',#2972,1.);
#1830=VECTOR('',#2975,1.);
#1831=EDGE_LOOP('',(#127,#128,#129,#130));
#1832=EDGE_LOOP('',(#131,#132,#133,#134));
#1833=EDGE_LOOP('',(#135,#136,#137,#138));
#1834=EDGE_LOOP('',(#139,#140,#141,#142));
#1835=EDGE_LOOP('',(#143,#144,#145,#146));
#1836=EDGE_LOOP('',(#147,#148,#149,#150));
#1837=EDGE_LOOP('',(#151,#152,#153,#154));
#1838=EDGE_LOOP('',(#155,#156,#157,#158));
#1839=EDGE_LOOP('',(#159,#160,#161,#162));
#1840=EDGE_LOOP('',(#163,#164,#165,#166));
#1841=EDGE_LOOP('',(#167,#168,#169,#170));
#1842=EDGE_LOOP('',(#171,#172,#173,#174));
#1843=EDGE_LOOP('',(#175,#176,#177,#178));
#1844=EDGE_LOOP('',(#179,#180,#181,#182));
#1845=EDGE_LOOP('',(#183,#184,#185,#186));
#1846=EDGE_LOOP('',(#187,#188,#189,#190));
#1847=EDGE_LOOP('',(#191,#192,#193,#194));
#1848=EDGE_LOOP('',(#195,#196,#197,#198));
#1849=EDGE_LOOP('',(#199,#200,#201,#202));
#1850=EDGE_LOOP('',(#203,#204,#205,#206));
#1851=EDGE_LOOP('',(#207,#208,#209,#210));
#1852=EDGE_LOOP('',(#211,#212,#213,#214));
#1853=EDGE_LOOP('',(#215,#216,#217,#218));
#1854=EDGE_LOOP('',(#219,#220,#221,#222));
#1855=EDGE_LOOP('',(#223,#224,#225,#226));
#1856=EDGE_LOOP('',(#227,#228,#229,#230));
#1857=EDGE_LOOP('',(#231,#232,#233,#234));
#1858=EDGE_LOOP('',(#235,#236,#237,#238));
#1859=EDGE_LOOP('',(#239,#240,#241,#242));
#1860=EDGE_LOOP('',(#243,#244,#245,#246));
#1861=EDGE_LOOP('',(#247,#248,#249,#250));
#1862=EDGE_LOOP('',(#251,#252,#253,#254));
#1863=EDGE_LOOP('',(#255,#256,#257,#258));
#1864=EDGE_LOOP('',(#259,#260,#261,#262));
#1865=EDGE_LOOP('',(#263,#264,#265,#266));
#1866=EDGE_LOOP('',(#267,#268,#269,#270));
#1867=EDGE_LOOP('',(#271,#272,#273,#274));
#1868=EDGE_LOOP('',(#275,#276,#277,#278));
#1869=EDGE_LOOP('',(#279,#280,#281,#282));
#1870=EDGE_LOOP('',(#283,#284,#285,#286));
#1871=EDGE_LOOP('',(#287,#288,#289,#290));
#1872=EDGE_LOOP('',(#291,#292,#293,#294));
#1873=EDGE_LOOP('',(#295,#296,#297,#298));
#1874=EDGE_LOOP('',(#299,#300,#301,#302));
#1875=EDGE_LOOP('',(#303,#304,#305,#306));
#1876=EDGE_LOOP('',(#307,#308,#309,#310));
#1877=EDGE_LOOP('',(#311,#312,#313,#314));
#1878=EDGE_LOOP('',(#315,#316,#317,#318));
#1879=EDGE_LOOP('',(#319,#320,#321,#322));
#1880=EDGE_LOOP('',(#323,#324,#325,#326));
#1881=EDGE_LOOP('',(#327,#328,#329,#330));
#1882=EDGE_LOOP('',(#331,#332,#333,#334));
#1883=EDGE_LOOP('',(#335,#336,#337,#338));
#1884=EDGE_LOOP('',(#339,#340,#341,#342));
#1885=EDGE_LOOP('',(#343,#344,#345,#346));
#1886=EDGE_LOOP('',(#347,#348,#349,#350));
#1887=EDGE_LOOP('',(#351,#352,#353,#354));
#1888=EDGE_LOOP('',(#355,#356,#357,#358));
#1889=EDGE_LOOP('',(#359,#360,#361,#362));
#1890=EDGE_LOOP('',(#363,#364,#365,#366));
#1891=EDGE_LOOP('',(#367,#368,#369,#370));
#1892=EDGE_LOOP('',(#371,#372,#373,#374));
#1893=EDGE_LOOP('',(#375,#376,#377,#378));
#1894=EDGE_LOOP('',(#379,#380,#381,#382));
#1895=EDGE_LOOP('',(#383));
#1896=EDGE_LOOP('',(#384,#385,#386,#387,#388,#389,#390,#391,#392,#393,#394,
#395,#396,#397,#398,#399,#400,#401,#402,#403,#404,#405,#406,#407,#408,#409,
#410,#411,#412,#413,#414,#415,#416,#417,#418,#419,#420,#421,#422,#423,#424,
#425,#426,#427,#428,#429,#430,#431,#432,#433,#434,#435,#436,#437,#438,#439,
#440,#441,#442,#443,#444,#445,#446,#447));
#1897=EDGE_LOOP('',(#448,#449,#450,#451));
#1898=EDGE_LOOP('',(#452,#453,#454,#455));
#1899=EDGE_LOOP('',(#456,#457,#458,#459));
#1900=EDGE_LOOP('',(#460,#461,#462,#463));
#1901=EDGE_LOOP('',(#464,#465,#466,#467));
#1902=EDGE_LOOP('',(#468,#469,#470,#471));
#1903=EDGE_LOOP('',(#472,#473,#474,#475));
#1904=EDGE_LOOP('',(#476,#477,#478,#479));
#1905=EDGE_LOOP('',(#480,#481,#482,#483));
#1906=EDGE_LOOP('',(#484,#485,#486,#487));
#1907=EDGE_LOOP('',(#488,#489,#490,#491));
#1908=EDGE_LOOP('',(#492,#493,#494,#495));
#1909=EDGE_LOOP('',(#496,#497,#498,#499));
#1910=EDGE_LOOP('',(#500,#501,#502,#503));
#1911=EDGE_LOOP('',(#504,#505,#506,#507));
#1912=EDGE_LOOP('',(#508,#509,#510,#511));
#1913=EDGE_LOOP('',(#512,#513,#514,#515));
#1914=EDGE_LOOP('',(#516,#517,#518,#519));
#1915=EDGE_LOOP('',(#520,#521,#522,#523));
#1916=EDGE_LOOP('',(#524,#525,#526,#527));
#1917=EDGE_LOOP('',(#528,#529,#530,#531));
#1918=EDGE_LOOP('',(#532,#533,#534,#535));
#1919=EDGE_LOOP('',(#536,#537,#538,#539));
#1920=EDGE_LOOP('',(#540,#541,#542,#543));
#1921=EDGE_LOOP('',(#544,#545,#546,#547));
#1922=EDGE_LOOP('',(#548,#549,#550,#551));
#1923=EDGE_LOOP('',(#552,#553,#554,#555));
#1924=EDGE_LOOP('',(#556,#557,#558,#559));
#1925=EDGE_LOOP('',(#560,#561,#562,#563));
#1926=EDGE_LOOP('',(#564,#565,#566,#567));
#1927=EDGE_LOOP('',(#568,#569,#570,#571));
#1928=EDGE_LOOP('',(#572,#573,#574,#575));
#1929=EDGE_LOOP('',(#576,#577,#578,#579));
#1930=EDGE_LOOP('',(#580,#581,#582,#583));
#1931=EDGE_LOOP('',(#584,#585,#586,#587));
#1932=EDGE_LOOP('',(#588,#589,#590,#591));
#1933=EDGE_LOOP('',(#592,#593,#594,#595));
#1934=EDGE_LOOP('',(#596,#597,#598,#599));
#1935=EDGE_LOOP('',(#600,#601,#602,#603));
#1936=EDGE_LOOP('',(#604,#605,#606,#607));
#1937=EDGE_LOOP('',(#608,#609,#610,#611));
#1938=EDGE_LOOP('',(#612,#613,#614,#615));
#1939=EDGE_LOOP('',(#616,#617,#618,#619));
#1940=EDGE_LOOP('',(#620,#621,#622,#623));
#1941=EDGE_LOOP('',(#624,#625,#626,#627));
#1942=EDGE_LOOP('',(#628,#629,#630,#631));
#1943=EDGE_LOOP('',(#632,#633,#634,#635));
#1944=EDGE_LOOP('',(#636,#637,#638,#639));
#1945=EDGE_LOOP('',(#640,#641,#642,#643));
#1946=EDGE_LOOP('',(#644,#645,#646,#647));
#1947=EDGE_LOOP('',(#648,#649,#650,#651));
#1948=EDGE_LOOP('',(#652,#653,#654,#655));
#1949=EDGE_LOOP('',(#656,#657,#658,#659));
#1950=EDGE_LOOP('',(#660,#661,#662,#663));
#1951=EDGE_LOOP('',(#664,#665,#666,#667));
#1952=EDGE_LOOP('',(#668,#669,#670,#671));
#1953=EDGE_LOOP('',(#672,#673,#674,#675));
#1954=EDGE_LOOP('',(#676,#677,#678,#679));
#1955=EDGE_LOOP('',(#680,#681,#682,#683));
#1956=EDGE_LOOP('',(#684,#685,#686,#687));
#1957=EDGE_LOOP('',(#688,#689,#690,#691));
#1958=EDGE_LOOP('',(#692,#693,#694,#695));
#1959=EDGE_LOOP('',(#696,#697,#698,#699));
#1960=EDGE_LOOP('',(#700,#701,#702,#703));
#1961=EDGE_LOOP('',(#704));
#1962=EDGE_LOOP('',(#705,#706,#707,#708,#709,#710,#711,#712,#713,#714,#715,
#716,#717,#718,#719,#720,#721,#722,#723,#724,#725,#726,#727,#728,#729,#730,
#731,#732,#733,#734,#735,#736,#737,#738,#739,#740,#741,#742,#743,#744,#745,
#746,#747,#748,#749,#750,#751,#752,#753,#754,#755,#756,#757,#758,#759,#760,
#761,#762,#763,#764,#765,#766,#767,#768));
#1963=EDGE_LOOP('',(#769));
#1964=EDGE_LOOP('',(#770));
#1965=FACE_BOUND('',#1831,.T.);
#1966=FACE_BOUND('',#1832,.T.);
#1967=FACE_BOUND('',#1833,.T.);
#1968=FACE_BOUND('',#1834,.T.);
#1969=FACE_BOUND('',#1835,.T.);
#1970=FACE_BOUND('',#1836,.T.);
#1971=FACE_BOUND('',#1837,.T.);
#1972=FACE_BOUND('',#1838,.T.);
#1973=FACE_BOUND('',#1839,.T.);
#1974=FACE_BOUND('',#1840,.T.);
#1975=FACE_BOUND('',#1841,.T.);
#1976=FACE_BOUND('',#1842,.T.);
#1977=FACE_BOUND('',#1843,.T.);
#1978=FACE_BOUND('',#1844,.T.);
#1979=FACE_BOUND('',#1845,.T.);
#1980=FACE_BOUND('',#1846,.T.);
#1981=FACE_BOUND('',#1847,.T.);
#1982=FACE_BOUND('',#1848,.T.);
#1983=FACE_BOUND('',#1849,.T.);
#1984=FACE_BOUND('',#1850,.T.);
#1985=FACE_BOUND('',#1851,.T.);
#1986=FACE_BOUND('',#1852,.T.);
#1987=FACE_BOUND('',#1853,.T.);
#1988=FACE_BOUND('',#1854,.T.);
#1989=FACE_BOUND('',#1855,.T.);
#1990=FACE_BOUND('',#1856,.T.);
#1991=FACE_BOUND('',#1857,.T.);
#1992=FACE_BOUND('',#1858,.T.);
#1993=FACE_BOUND('',#1859,.T.);
#1994=FACE_BOUND('',#1860,.T.);
#1995=FACE_BOUND('',#1861,.T.);
#1996=FACE_BOUND('',#1862,.T.);
#1997=FACE_BOUND('',#1863,.T.);
#1998=FACE_BOUND('',#1864,.T.);
#1999=FACE_BOUND('',#1865,.T.);
#2000=FACE_BOUND('',#1866,.T.);
#2001=FACE_BOUND('',#1867,.T.);
#2002=FACE_BOUND('',#1868,.T.);
#2003=FACE_BOUND('',#1869,.T.);
#2004=FACE_BOUND('',#1870,.T.);
#2005=FACE_BOUND('',#1871,.T.);
#2006=FACE_BOUND('',#1872,.T.);
#2007=FACE_BOUND('',#1873,.T.);
#2008=FACE_BOUND('',#1874,.T.);
#2009=FACE_BOUND('',#1875,.T.);
#2010=FACE_BOUND('',#1876,.T.);
#2011=FACE_BOUND('',#1877,.T.);
#2012=FACE_BOUND('',#1878,.T.);
#2013=FACE_BOUND('',#1879,.T.);
#2014=FACE_BOUND('',#1880,.T.);
#2015=FACE_BOUND('',#1881,.T.);
#2016=FACE_BOUND('',#1882,.T.);
#2017=FACE_BOUND('',#1883,.T.);
#2018=FACE_BOUND('',#1884,.T.);
#2019=FACE_BOUND('',#1885,.T.);
#2020=FACE_BOUND('',#1886,.T.);
#2021=FACE_BOUND('',#1887,.T.);
#2022=FACE_BOUND('',#1888,.T.);
#2023=FACE_BOUND('',#1889,.T.);
#2024=FACE_BOUND('',#1890,.T.);
#2025=FACE_BOUND('',#1891,.T.);
#2026=FACE_BOUND('',#1892,.T.);
#2027=FACE_BOUND('',#1893,.T.);
#2028=FACE_BOUND('',#1894,.T.);
#2029=FACE_BOUND('',#1895,.T.);
#2030=FACE_BOUND('',#1896,.T.);
#2031=FACE_BOUND('',#1897,.T.);
#2032=FACE_BOUND('',#1898,.T.);
#2033=FACE_BOUND('',#1899,.T.);
#2034=FACE_BOUND('',#1900,.T.);
#2035=FACE_BOUND('',#1901,.T.);
#2036=FACE_BOUND('',#1902,.T.);
#2037=FACE_BOUND('',#1903,.T.);
#2038=FACE_BOUND('',#1904,.T.);
#2039=FACE_BOUND('',#1905,.T.);
#2040=FACE_BOUND('',#1906,.T.);
#2041=FACE_BOUND('',#1907,.T.);
#2042=FACE_BOUND('',#1908,.T.);
#2043=FACE_BOUND('',#1909,.T.);
#2044=FACE_BOUND('',#1910,.T.);
#2045=FACE_BOUND('',#1911,.T.);
#2046=FACE_BOUND('',#1912,.T.);
#2047=FACE_BOUND('',#1913,.T.);
#2048=FACE_BOUND('',#1914,.T.);
#2049=FACE_BOUND('',#1915,.T.);
#2050=FACE_BOUND('',#1916,.T.);
#2051=FACE_BOUND('',#1917,.T.);
#2052=FACE_BOUND('',#1918,.T.);
#2053=FACE_BOUND('',#1919,.T.);
#2054=FACE_BOUND('',#1920,.T.);
#2055=FACE_BOUND('',#1921,.T.);
#2056=FACE_BOUND('',#1922,.T.);
#2057=FACE_BOUND('',#1923,.T.);
#2058=FACE_BOUND('',#1924,.T.);
#2059=FACE_BOUND('',#1925,.T.);
#2060=FACE_BOUND('',#1926,.T.);
#2061=FACE_BOUND('',#1927,.T.);
#2062=FACE_BOUND('',#1928,.T.);
#2063=FACE_BOUND('',#1929,.T.);
#2064=FACE_BOUND('',#1930,.T.);
#2065=FACE_BOUND('',#1931,.T.);
#2066=FACE_BOUND('',#1932,.T.);
#2067=FACE_BOUND('',#1933,.T.);
#2068=FACE_BOUND('',#1934,.T.);
#2069=FACE_BOUND('',#1935,.T.);
#2070=FACE_BOUND('',#1936,.T.);
#2071=FACE_BOUND('',#1937,.T.);
#2072=FACE_BOUND('',#1938,.T.);
#2073=FACE_BOUND('',#1939,.T.);
#2074=FACE_BOUND('',#1940,.T.);
#2075=FACE_BOUND('',#1941,.T.);
#2076=FACE_BOUND('',#1942,.T.);
#2077=FACE_BOUND('',#1943,.T.);
#2078=FACE_BOUND('',#1944,.T.);
#2079=FACE_BOUND('',#1945,.T.);
#2080=FACE_BOUND('',#1946,.T.);
#2081=FACE_BOUND('',#1947,.T.);
#2082=FACE_BOUND('',#1948,.T.);
#2083=FACE_BOUND('',#1949,.T.);
#2084=FACE_BOUND('',#1950,.T.);
#2085=FACE_BOUND('',#1951,.T.);
#2086=FACE_BOUND('',#1952,.T.);
#2087=FACE_BOUND('',#1953,.T.);
#2088=FACE_BOUND('',#1954,.T.);
#2089=FACE_BOUND('',#1955,.T.);
#2090=FACE_BOUND('',#1956,.T.);
#2091=FACE_BOUND('',#1957,.T.);
#2092=FACE_BOUND('',#1958,.T.);
#2093=FACE_BOUND('',#1959,.T.);
#2094=FACE_BOUND('',#1960,.T.);
#2095=FACE_BOUND('',#1961,.T.);
#2096=FACE_BOUND('',#1962,.T.);
#2097=FACE_BOUND('',#1963,.T.);
#2098=FACE_BOUND('',#1964,.T.);
#2099=PLANE('',#2309);
#2100=PLANE('',#2310);
#2101=PLANE('',#2314);
#2102=PLANE('',#2315);
#2103=PLANE('',#2316);
#2104=PLANE('',#2320);
#2105=PLANE('',#2321);
#2106=PLANE('',#2322);
#2107=PLANE('',#2326);
#2108=PLANE('',#2327);
#2109=PLANE('',#2328);
#2110=PLANE('',#2332);
#2111=PLANE('',#2333);
#2112=PLANE('',#2334);
#2113=PLANE('',#2338);
#2114=PLANE('',#2339);
#2115=PLANE('',#2340);
#2116=PLANE('',#2344);
#2117=PLANE('',#2345);
#2118=PLANE('',#2346);
#2119=PLANE('',#2350);
#2120=PLANE('',#2351);
#2121=PLANE('',#2352);
#2122=PLANE('',#2356);
#2123=PLANE('',#2357);
#2124=PLANE('',#2358);
#2125=PLANE('',#2362);
#2126=PLANE('',#2363);
#2127=PLANE('',#2364);
#2128=PLANE('',#2368);
#2129=PLANE('',#2369);
#2130=PLANE('',#2370);
#2131=PLANE('',#2374);
#2132=PLANE('',#2375);
#2133=PLANE('',#2376);
#2134=PLANE('',#2380);
#2135=PLANE('',#2381);
#2136=PLANE('',#2382);
#2137=PLANE('',#2386);
#2138=PLANE('',#2387);
#2139=PLANE('',#2388);
#2140=PLANE('',#2392);
#2141=PLANE('',#2393);
#2142=PLANE('',#2394);
#2143=PLANE('',#2398);
#2144=PLANE('',#2399);
#2145=PLANE('',#2400);
#2146=PLANE('',#2404);
#2147=PLANE('',#2405);
#2148=PLANE('',#2408);
#2149=PLANE('',#2410);
#2150=PLANE('',#2412);
#2151=PLANE('',#2414);
#2152=PLANE('',#2416);
#2153=PLANE('',#2418);
#2154=PLANE('',#2420);
#2155=PLANE('',#2422);
#2156=PLANE('',#2424);
#2157=PLANE('',#2426);
#2158=PLANE('',#2428);
#2159=PLANE('',#2430);
#2160=PLANE('',#2432);
#2161=PLANE('',#2434);
#2162=PLANE('',#2436);
#2163=PLANE('',#2438);
#2164=PLANE('',#2439);
#2165=ADVANCED_FACE('',(#1965),#2099,.F.);
#2166=ADVANCED_FACE('',(#1966),#2100,.F.);
#2167=ADVANCED_FACE('',(#1967),#110,.T.);
#2168=ADVANCED_FACE('',(#1968),#2101,.T.);
#2169=ADVANCED_FACE('',(#1969),#2102,.F.);
#2170=ADVANCED_FACE('',(#1970),#2103,.F.);
#2171=ADVANCED_FACE('',(#1971),#111,.T.);
#2172=ADVANCED_FACE('',(#1972),#2104,.T.);
#2173=ADVANCED_FACE('',(#1973),#2105,.F.);
#2174=ADVANCED_FACE('',(#1974),#2106,.F.);
#2175=ADVANCED_FACE('',(#1975),#112,.T.);
#2176=ADVANCED_FACE('',(#1976),#2107,.T.);
#2177=ADVANCED_FACE('',(#1977),#2108,.F.);
#2178=ADVANCED_FACE('',(#1978),#2109,.F.);
#2179=ADVANCED_FACE('',(#1979),#113,.T.);
#2180=ADVANCED_FACE('',(#1980),#2110,.T.);
#2181=ADVANCED_FACE('',(#1981),#2111,.T.);
#2182=ADVANCED_FACE('',(#1982),#2112,.F.);
#2183=ADVANCED_FACE('',(#1983),#114,.T.);
#2184=ADVANCED_FACE('',(#1984),#2113,.T.);
#2185=ADVANCED_FACE('',(#1985),#2114,.F.);
#2186=ADVANCED_FACE('',(#1986),#2115,.F.);
#2187=ADVANCED_FACE('',(#1987),#115,.T.);
#2188=ADVANCED_FACE('',(#1988),#2116,.T.);
#2189=ADVANCED_FACE('',(#1989),#2117,.F.);
#2190=ADVANCED_FACE('',(#1990),#2118,.F.);
#2191=ADVANCED_FACE('',(#1991),#116,.T.);
#2192=ADVANCED_FACE('',(#1992),#2119,.T.);
#2193=ADVANCED_FACE('',(#1993),#2120,.F.);
#2194=ADVANCED_FACE('',(#1994),#2121,.F.);
#2195=ADVANCED_FACE('',(#1995),#117,.T.);
#2196=ADVANCED_FACE('',(#1996),#2122,.T.);
#2197=ADVANCED_FACE('',(#1997),#2123,.F.);
#2198=ADVANCED_FACE('',(#1998),#2124,.F.);
#2199=ADVANCED_FACE('',(#1999),#118,.T.);
#2200=ADVANCED_FACE('',(#2000),#2125,.T.);
#2201=ADVANCED_FACE('',(#2001),#2126,.F.);
#2202=ADVANCED_FACE('',(#2002),#2127,.F.);
#2203=ADVANCED_FACE('',(#2003),#119,.T.);
#2204=ADVANCED_FACE('',(#2004),#2128,.T.);
#2205=ADVANCED_FACE('',(#2005),#2129,.F.);
#2206=ADVANCED_FACE('',(#2006),#2130,.F.);
#2207=ADVANCED_FACE('',(#2007),#120,.T.);
#2208=ADVANCED_FACE('',(#2008),#2131,.T.);
#2209=ADVANCED_FACE('',(#2009),#2132,.F.);
#2210=ADVANCED_FACE('',(#2010),#2133,.F.);
#2211=ADVANCED_FACE('',(#2011),#121,.T.);
#2212=ADVANCED_FACE('',(#2012),#2134,.T.);
#2213=ADVANCED_FACE('',(#2013),#2135,.F.);
#2214=ADVANCED_FACE('',(#2014),#2136,.F.);
#2215=ADVANCED_FACE('',(#2015),#122,.T.);
#2216=ADVANCED_FACE('',(#2016),#2137,.T.);
#2217=ADVANCED_FACE('',(#2017),#2138,.F.);
#2218=ADVANCED_FACE('',(#2018),#2139,.F.);
#2219=ADVANCED_FACE('',(#2019),#123,.T.);
#2220=ADVANCED_FACE('',(#2020),#2140,.T.);
#2221=ADVANCED_FACE('',(#2021),#2141,.F.);
#2222=ADVANCED_FACE('',(#2022),#2142,.F.);
#2223=ADVANCED_FACE('',(#2023),#124,.T.);
#2224=ADVANCED_FACE('',(#2024),#2143,.T.);
#2225=ADVANCED_FACE('',(#2025),#2144,.T.);
#2226=ADVANCED_FACE('',(#2026),#2145,.F.);
#2227=ADVANCED_FACE('',(#2027),#125,.T.);
#2228=ADVANCED_FACE('',(#2028),#2146,.T.);
#2229=ADVANCED_FACE('',(#2029,#2030),#2147,.F.);
#2230=ADVANCED_FACE('',(#2031),#12,.T.);
#2231=ADVANCED_FACE('',(#2032),#13,.T.);
#2232=ADVANCED_FACE('',(#2033),#14,.T.);
#2233=ADVANCED_FACE('',(#2034),#2148,.T.);
#2234=ADVANCED_FACE('',(#2035),#15,.T.);
#2235=ADVANCED_FACE('',(#2036),#16,.T.);
#2236=ADVANCED_FACE('',(#2037),#17,.T.);
#2237=ADVANCED_FACE('',(#2038),#2149,.T.);
#2238=ADVANCED_FACE('',(#2039),#18,.T.);
#2239=ADVANCED_FACE('',(#2040),#19,.T.);
#2240=ADVANCED_FACE('',(#2041),#20,.T.);
#2241=ADVANCED_FACE('',(#2042),#2150,.T.);
#2242=ADVANCED_FACE('',(#2043),#21,.T.);
#2243=ADVANCED_FACE('',(#2044),#22,.T.);
#2244=ADVANCED_FACE('',(#2045),#23,.T.);
#2245=ADVANCED_FACE('',(#2046),#2151,.T.);
#2246=ADVANCED_FACE('',(#2047),#24,.T.);
#2247=ADVANCED_FACE('',(#2048),#25,.T.);
#2248=ADVANCED_FACE('',(#2049),#26,.T.);
#2249=ADVANCED_FACE('',(#2050),#2152,.F.);
#2250=ADVANCED_FACE('',(#2051),#27,.T.);
#2251=ADVANCED_FACE('',(#2052),#28,.T.);
#2252=ADVANCED_FACE('',(#2053),#29,.T.);
#2253=ADVANCED_FACE('',(#2054),#2153,.T.);
#2254=ADVANCED_FACE('',(#2055),#30,.T.);
#2255=ADVANCED_FACE('',(#2056),#31,.T.);
#2256=ADVANCED_FACE('',(#2057),#32,.T.);
#2257=ADVANCED_FACE('',(#2058),#2154,.T.);
#2258=ADVANCED_FACE('',(#2059),#33,.T.);
#2259=ADVANCED_FACE('',(#2060),#34,.T.);
#2260=ADVANCED_FACE('',(#2061),#35,.T.);
#2261=ADVANCED_FACE('',(#2062),#2155,.T.);
#2262=ADVANCED_FACE('',(#2063),#36,.T.);
#2263=ADVANCED_FACE('',(#2064),#37,.T.);
#2264=ADVANCED_FACE('',(#2065),#38,.T.);
#2265=ADVANCED_FACE('',(#2066),#2156,.T.);
#2266=ADVANCED_FACE('',(#2067),#39,.T.);
#2267=ADVANCED_FACE('',(#2068),#40,.T.);
#2268=ADVANCED_FACE('',(#2069),#41,.T.);
#2269=ADVANCED_FACE('',(#2070),#2157,.T.);
#2270=ADVANCED_FACE('',(#2071),#42,.T.);
#2271=ADVANCED_FACE('',(#2072),#43,.T.);
#2272=ADVANCED_FACE('',(#2073),#44,.T.);
#2273=ADVANCED_FACE('',(#2074),#2158,.T.);
#2274=ADVANCED_FACE('',(#2075),#45,.T.);
#2275=ADVANCED_FACE('',(#2076),#46,.T.);
#2276=ADVANCED_FACE('',(#2077),#47,.T.);
#2277=ADVANCED_FACE('',(#2078),#2159,.T.);
#2278=ADVANCED_FACE('',(#2079),#48,.T.);
#2279=ADVANCED_FACE('',(#2080),#49,.T.);
#2280=ADVANCED_FACE('',(#2081),#50,.T.);
#2281=ADVANCED_FACE('',(#2082),#2160,.T.);
#2282=ADVANCED_FACE('',(#2083),#51,.T.);
#2283=ADVANCED_FACE('',(#2084),#52,.T.);
#2284=ADVANCED_FACE('',(#2085),#53,.T.);
#2285=ADVANCED_FACE('',(#2086),#2161,.T.);
#2286=ADVANCED_FACE('',(#2087),#54,.T.);
#2287=ADVANCED_FACE('',(#2088),#55,.T.);
#2288=ADVANCED_FACE('',(#2089),#56,.T.);
#2289=ADVANCED_FACE('',(#2090),#2162,.T.);
#2290=ADVANCED_FACE('',(#2091),#57,.T.);
#2291=ADVANCED_FACE('',(#2092),#58,.T.);
#2292=ADVANCED_FACE('',(#2093),#59,.T.);
#2293=ADVANCED_FACE('',(#2094),#2163,.F.);
#2294=ADVANCED_FACE('',(#2095,#2096),#2164,.T.);
#2295=ADVANCED_FACE('',(#2097,#2098),#126,.F.);
#2296=CLOSED_SHELL('',(#2165,#2166,#2167,#2168,#2169,#2170,#2171,#2172,
#2173,#2174,#2175,#2176,#2177,#2178,#2179,#2180,#2181,#2182,#2183,#2184,
#2185,#2186,#2187,#2188,#2189,#2190,#2191,#2192,#2193,#2194,#2195,#2196,
#2197,#2198,#2199,#2200,#2201,#2202,#2203,#2204,#2205,#2206,#2207,#2208,
#2209,#2210,#2211,#2212,#2213,#2214,#2215,#2216,#2217,#2218,#2219,#2220,
#2221,#2222,#2223,#2224,#2225,#2226,#2227,#2228,#2229,#2230,#2231,#2232,
#2233,#2234,#2235,#2236,#2237,#2238,#2239,#2240,#2241,#2242,#2243,#2244,
#2245,#2246,#2247,#2248,#2249,#2250,#2251,#2252,#2253,#2254,#2255,#2256,
#2257,#2258,#2259,#2260,#2261,#2262,#2263,#2264,#2265,#2266,#2267,#2268,
#2269,#2270,#2271,#2272,#2273,#2274,#2275,#2276,#2277,#2278,#2279,#2280,
#2281,#2282,#2283,#2284,#2285,#2286,#2287,#2288,#2289,#2290,#2291,#2292,
#2293,#2294,#2295));
#2297=STYLED_ITEM('',(#2298),#2305);
#2298=PRESENTATION_STYLE_ASSIGNMENT((#2299));
#2299=SURFACE_STYLE_USAGE(.BOTH.,#2300);
#2300=SURFACE_SIDE_STYLE('',(#2301));
#2301=SURFACE_STYLE_FILL_AREA(#2302);
#2302=FILL_AREA_STYLE('',(#2303));
#2303=FILL_AREA_STYLE_COLOUR('',#2304);
#2304=COLOUR_RGB('',0.615686274509804,0.811764705882353,0.929411764705882);
#2305=MANIFOLD_SOLID_BREP('Part 1',#2296);
#2306=SHAPE_DEFINITION_REPRESENTATION(#4036,#2307);
#2307=SHAPE_REPRESENTATION('Part 1',(#2308),#4031);
#2308=AXIS2_PLACEMENT_3D('',#2982,#2442,#2443);
#2309=AXIS2_PLACEMENT_3D('',#2983,#2444,#2445);
#2310=AXIS2_PLACEMENT_3D('',#2992,#2450,#2451);
#2311=AXIS2_PLACEMENT_3D('',#2998,#2455,#2456);
#2312=AXIS2_PLACEMENT_3D('',#2999,#2457,#2458);
#2313=AXIS2_PLACEMENT_3D('',#3003,#2460,#2461);
#2314=AXIS2_PLACEMENT_3D('',#3004,#2462,#2463);
#2315=AXIS2_PLACEMENT_3D('',#3010,#2467,#2468);
#2316=AXIS2_PLACEMENT_3D('',#3016,#2472,#2473);
#2317=AXIS2_PLACEMENT_3D('',#3022,#2477,#2478);
#2318=AXIS2_PLACEMENT_3D('',#3023,#2479,#2480);
#2319=AXIS2_PLACEMENT_3D('',#3027,#2482,#2483);
#2320=AXIS2_PLACEMENT_3D('',#3028,#2484,#2485);
#2321=AXIS2_PLACEMENT_3D('',#3034,#2489,#2490);
#2322=AXIS2_PLACEMENT_3D('',#3040,#2494,#2495);
#2323=AXIS2_PLACEMENT_3D('',#3046,#2499,#2500);
#2324=AXIS2_PLACEMENT_3D('',#3047,#2501,#2502);
#2325=AXIS2_PLACEMENT_3D('',#3051,#2504,#2505);
#2326=AXIS2_PLACEMENT_3D('',#3052,#2506,#2507);
#2327=AXIS2_PLACEMENT_3D('',#3058,#2511,#2512);
#2328=AXIS2_PLACEMENT_3D('',#3064,#2516,#2517);
#2329=AXIS2_PLACEMENT_3D('',#3070,#2521,#2522);
#2330=AXIS2_PLACEMENT_3D('',#3071,#2523,#2524);
#2331=AXIS2_PLACEMENT_3D('',#3075,#2526,#2527);
#2332=AXIS2_PLACEMENT_3D('',#3076,#2528,#2529);
#2333=AXIS2_PLACEMENT_3D('',#3082,#2533,#2534);
#2334=AXIS2_PLACEMENT_3D('',#3088,#2538,#2539);
#2335=AXIS2_PLACEMENT_3D('',#3094,#2543,#2544);
#2336=AXIS2_PLACEMENT_3D('',#3095,#2545,#2546);
#2337=AXIS2_PLACEMENT_3D('',#3099,#2548,#2549);
#2338=AXIS2_PLACEMENT_3D('',#3100,#2550,#2551);
#2339=AXIS2_PLACEMENT_3D('',#3106,#2555,#2556);
#2340=AXIS2_PLACEMENT_3D('',#3112,#2560,#2561);
#2341=AXIS2_PLACEMENT_3D('',#3118,#2565,#2566);
#2342=AXIS2_PLACEMENT_3D('',#3119,#2567,#2568);
#2343=AXIS2_PLACEMENT_3D('',#3123,#2570,#2571);
#2344=AXIS2_PLACEMENT_3D('',#3124,#2572,#2573);
#2345=AXIS2_PLACEMENT_3D('',#3130,#2577,#2578);
#2346=AXIS2_PLACEMENT_3D('',#3136,#2582,#2583);
#2347=AXIS2_PLACEMENT_3D('',#3142,#2587,#2588);
#2348=AXIS2_PLACEMENT_3D('',#3143,#2589,#2590);
#2349=AXIS2_PLACEMENT_3D('',#3147,#2592,#2593);
#2350=AXIS2_PLACEMENT_3D('',#3148,#2594,#2595);
#2351=AXIS2_PLACEMENT_3D('',#3154,#2599,#2600);
#2352=AXIS2_PLACEMENT_3D('',#3160,#2604,#2605);
#2353=AXIS2_PLACEMENT_3D('',#3166,#2609,#2610);
#2354=AXIS2_PLACEMENT_3D('',#3167,#2611,#2612);
#2355=AXIS2_PLACEMENT_3D('',#3171,#2614,#2615);
#2356=AXIS2_PLACEMENT_3D('',#3172,#2616,#2617);
#2357=AXIS2_PLACEMENT_3D('',#3178,#2621,#2622);
#2358=AXIS2_PLACEMENT_3D('',#3184,#2626,#2627);
#2359=AXIS2_PLACEMENT_3D('',#3190,#2631,#2632);
#2360=AXIS2_PLACEMENT_3D('',#3191,#2633,#2634);
#2361=AXIS2_PLACEMENT_3D('',#3195,#2636,#2637);
#2362=AXIS2_PLACEMENT_3D('',#3196,#2638,#2639);
#2363=AXIS2_PLACEMENT_3D('',#3202,#2643,#2644);
#2364=AXIS2_PLACEMENT_3D('',#3208,#2648,#2649);
#2365=AXIS2_PLACEMENT_3D('',#3214,#2653,#2654);
#2366=AXIS2_PLACEMENT_3D('',#3215,#2655,#2656);
#2367=AXIS2_PLACEMENT_3D('',#3219,#2658,#2659);
#2368=AXIS2_PLACEMENT_3D('',#3220,#2660,#2661);
#2369=AXIS2_PLACEMENT_3D('',#3226,#2665,#2666);
#2370=AXIS2_PLACEMENT_3D('',#3232,#2670,#2671);
#2371=AXIS2_PLACEMENT_3D('',#3238,#2675,#2676);
#2372=AXIS2_PLACEMENT_3D('',#3239,#2677,#2678);
#2373=AXIS2_PLACEMENT_3D('',#3243,#2680,#2681);
#2374=AXIS2_PLACEMENT_3D('',#3244,#2682,#2683);
#2375=AXIS2_PLACEMENT_3D('',#3250,#2687,#2688);
#2376=AXIS2_PLACEMENT_3D('',#3256,#2692,#2693);
#2377=AXIS2_PLACEMENT_3D('',#3262,#2697,#2698);
#2378=AXIS2_PLACEMENT_3D('',#3263,#2699,#2700);
#2379=AXIS2_PLACEMENT_3D('',#3267,#2702,#2703);
#2380=AXIS2_PLACEMENT_3D('',#3268,#2704,#2705);
#2381=AXIS2_PLACEMENT_3D('',#3274,#2709,#2710);
#2382=AXIS2_PLACEMENT_3D('',#3280,#2714,#2715);
#2383=AXIS2_PLACEMENT_3D('',#3286,#2719,#2720);
#2384=AXIS2_PLACEMENT_3D('',#3287,#2721,#2722);
#2385=AXIS2_PLACEMENT_3D('',#3291,#2724,#2725);
#2386=AXIS2_PLACEMENT_3D('',#3292,#2726,#2727);
#2387=AXIS2_PLACEMENT_3D('',#3298,#2731,#2732);
#2388=AXIS2_PLACEMENT_3D('',#3304,#2736,#2737);
#2389=AXIS2_PLACEMENT_3D('',#3310,#2741,#2742);
#2390=AXIS2_PLACEMENT_3D('',#3311,#2743,#2744);
#2391=AXIS2_PLACEMENT_3D('',#3315,#2746,#2747);
#2392=AXIS2_PLACEMENT_3D('',#3316,#2748,#2749);
#2393=AXIS2_PLACEMENT_3D('',#3322,#2753,#2754);
#2394=AXIS2_PLACEMENT_3D('',#3328,#2758,#2759);
#2395=AXIS2_PLACEMENT_3D('',#3334,#2763,#2764);
#2396=AXIS2_PLACEMENT_3D('',#3335,#2765,#2766);
#2397=AXIS2_PLACEMENT_3D('',#3339,#2768,#2769);
#2398=AXIS2_PLACEMENT_3D('',#3340,#2770,#2771);
#2399=AXIS2_PLACEMENT_3D('',#3346,#2775,#2776);
#2400=AXIS2_PLACEMENT_3D('',#3352,#2780,#2781);
#2401=AXIS2_PLACEMENT_3D('',#3358,#2785,#2786);
#2402=AXIS2_PLACEMENT_3D('',#3359,#2787,#2788);
#2403=AXIS2_PLACEMENT_3D('',#3363,#2790,#2791);
#2404=AXIS2_PLACEMENT_3D('',#3364,#2792,#2793);
#2405=AXIS2_PLACEMENT_3D('',#3367,#2796,#2797);
#2406=AXIS2_PLACEMENT_3D('',#3368,#2798,#2799);
#2407=AXIS2_PLACEMENT_3D('',#3395,#2803,#2804);
#2408=AXIS2_PLACEMENT_3D('',#3409,#2808,#2809);
#2409=AXIS2_PLACEMENT_3D('',#3436,#2814,#2815);
#2410=AXIS2_PLACEMENT_3D('',#3450,#2819,#2820);
#2411=AXIS2_PLACEMENT_3D('',#3477,#2825,#2826);
#2412=AXIS2_PLACEMENT_3D('',#3491,#2830,#2831);
#2413=AXIS2_PLACEMENT_3D('',#3518,#2836,#2837);
#2414=AXIS2_PLACEMENT_3D('',#3532,#2841,#2842);
#2415=AXIS2_PLACEMENT_3D('',#3559,#2847,#2848);
#2416=AXIS2_PLACEMENT_3D('',#3573,#2852,#2853);
#2417=AXIS2_PLACEMENT_3D('',#3600,#2858,#2859);
#2418=AXIS2_PLACEMENT_3D('',#3614,#2863,#2864);
#2419=AXIS2_PLACEMENT_3D('',#3641,#2869,#2870);
#2420=AXIS2_PLACEMENT_3D('',#3655,#2874,#2875);
#2421=AXIS2_PLACEMENT_3D('',#3682,#2880,#2881);
#2422=AXIS2_PLACEMENT_3D('',#3696,#2885,#2886);
#2423=AXIS2_PLACEMENT_3D('',#3723,#2891,#2892);
#2424=AXIS2_PLACEMENT_3D('',#3737,#2896,#2897);
#2425=AXIS2_PLACEMENT_3D('',#3764,#2902,#2903);
#2426=AXIS2_PLACEMENT_3D('',#3778,#2907,#2908);
#2427=AXIS2_PLACEMENT_3D('',#3805,#2913,#2914);
#2428=AXIS2_PLACEMENT_3D('',#3819,#2918,#2919);
#2429=AXIS2_PLACEMENT_3D('',#3846,#2924,#2925);
#2430=AXIS2_PLACEMENT_3D('',#3860,#2929,#2930);
#2431=AXIS2_PLACEMENT_3D('',#3887,#2935,#2936);
#2432=AXIS2_PLACEMENT_3D('',#3901,#2940,#2941);
#2433=AXIS2_PLACEMENT_3D('',#3928,#2946,#2947);
#2434=AXIS2_PLACEMENT_3D('',#3942,#2951,#2952);
#2435=AXIS2_PLACEMENT_3D('',#3969,#2957,#2958);
#2436=AXIS2_PLACEMENT_3D('',#3983,#2962,#2963);
#2437=AXIS2_PLACEMENT_3D('',#4010,#2968,#2969);
#2438=AXIS2_PLACEMENT_3D('',#4024,#2973,#2974);
#2439=AXIS2_PLACEMENT_3D('',#4026,#2976,#2977);
#2440=AXIS2_PLACEMENT_3D('',#4027,#2978,#2979);
#2441=AXIS2_PLACEMENT_3D('',#4029,#2980,#2981);
#2442=DIRECTION('',(0.,0.,1.));
#2443=DIRECTION('',(1.,0.,0.));
#2444=DIRECTION('',(-1.,0.,0.));
#2445=DIRECTION('',(0.,0.,1.));
#2446=DIRECTION('',(0.,0.,1.));
#2447=DIRECTION('',(0.,1.,0.));
#2448=DIRECTION('',(0.,0.,1.));
#2449=DIRECTION('',(0.,1.,0.));
#2450=DIRECTION('',(-0.316227766016839,0.,-0.948683298050514));
#2451=DIRECTION('',(-0.948683298050514,0.,0.316227766016839));
#2452=DIRECTION('',(-0.948683298050514,0.,0.316227766016839));
#2453=DIRECTION('',(0.,1.,0.));
#2454=DIRECTION('',(-0.948683298050514,0.,0.316227766016839));
#2455=DIRECTION('',(0.,1.,0.));
#2456=DIRECTION('',(0.,0.,1.));
#2457=DIRECTION('',(0.,-1.,0.));
#2458=DIRECTION('',(0.,0.,-1.));
#2459=DIRECTION('',(0.,1.,0.));
#2460=DIRECTION('',(0.,-1.,0.));
#2461=DIRECTION('',(0.,0.,-1.));
#2462=DIRECTION('',(0.65520174136013,0.,-0.755453954995706));
#2463=DIRECTION('',(-0.755453954995706,0.,-0.65520174136013));
#2464=DIRECTION('',(-0.755453954995705,0.,-0.65520174136013));
#2465=DIRECTION('',(0.,1.,0.));
#2466=DIRECTION('',(-0.755453954995705,0.,-0.65520174136013));
#2467=DIRECTION('',(-0.923879532511287,0.,-0.38268343236509));
#2468=DIRECTION('',(-0.38268343236509,0.,0.923879532511287));
#2469=DIRECTION('',(-0.38268343236509,0.,0.923879532511287));
#2470=DIRECTION('',(0.,1.,0.));
#2471=DIRECTION('',(-0.38268343236509,0.,0.923879532511287));
#2472=DIRECTION('',(0.0708890200906786,0.,-0.997484208812642));
#2473=DIRECTION('',(-0.997484208812643,0.,-0.0708890200906786));
#2474=DIRECTION('',(-0.997484208812643,0.,-0.0708890200906786));
#2475=DIRECTION('',(0.,1.,0.));
#2476=DIRECTION('',(-0.997484208812643,0.,-0.0708890200906786));
#2477=DIRECTION('',(0.,1.,0.));
#2478=DIRECTION('',(0.,0.,1.));
#2479=DIRECTION('',(0.,-1.,0.));
#2480=DIRECTION('',(0.,0.,-1.));
#2481=DIRECTION('',(0.,1.,0.));
#2482=DIRECTION('',(0.,-1.,0.));
#2483=DIRECTION('',(0.,0.,-1.));
#2484=DIRECTION('',(0.894427190999916,0.,-0.447213595499958));
#2485=DIRECTION('',(-0.447213595499958,0.,-0.894427190999916));
#2486=DIRECTION('',(-0.447213595499958,0.,-0.894427190999916));
#2487=DIRECTION('',(0.,1.,0.));
#2488=DIRECTION('',(-0.447213595499958,0.,-0.894427190999916));
#2489=DIRECTION('',(-0.707106781186548,0.,-0.707106781186548));
#2490=DIRECTION('',(-0.707106781186548,0.,0.707106781186548));
#2491=DIRECTION('',(-0.707106781186548,0.,0.707106781186548));
#2492=DIRECTION('',(0.,1.,0.));
#2493=DIRECTION('',(-0.707106781186548,0.,0.707106781186548));
#2494=DIRECTION('',(0.447213595499958,0.,-0.894427190999916));
#2495=DIRECTION('',(-0.894427190999916,0.,-0.447213595499958));
#2496=DIRECTION('',(-0.894427190999916,0.,-0.447213595499958));
#2497=DIRECTION('',(0.,1.,0.));
#2498=DIRECTION('',(-0.894427190999916,0.,-0.447213595499958));
#2499=DIRECTION('',(0.,1.,0.));
#2500=DIRECTION('',(0.,0.,1.));
#2501=DIRECTION('',(0.,-1.,0.));
#2502=DIRECTION('',(0.,0.,-1.));
#2503=DIRECTION('',(0.,1.,0.));
#2504=DIRECTION('',(0.,-1.,0.));
#2505=DIRECTION('',(0.,0.,-1.));
#2506=DIRECTION('',(0.997484208812642,0.,-0.0708890200906793));
#2507=DIRECTION('',(-0.0708890200906793,0.,-0.997484208812643));
#2508=DIRECTION('',(-0.0708890200906793,0.,-0.997484208812643));
#2509=DIRECTION('',(0.,1.,0.));
#2510=DIRECTION('',(-0.0708890200906793,0.,-0.997484208812643));
#2511=DIRECTION('',(-0.38268343236509,0.,-0.923879532511287));
#2512=DIRECTION('',(-0.923879532511287,0.,0.38268343236509));
#2513=DIRECTION('',(-0.923879532511287,0.,0.38268343236509));
#2514=DIRECTION('',(0.,1.,0.));
#2515=DIRECTION('',(-0.923879532511287,0.,0.38268343236509));
#2516=DIRECTION('',(0.755453954995706,0.,-0.65520174136013));
#2517=DIRECTION('',(-0.65520174136013,0.,-0.755453954995706));
#2518=DIRECTION('',(-0.65520174136013,0.,-0.755453954995705));
#2519=DIRECTION('',(0.,1.,0.));
#2520=DIRECTION('',(-0.65520174136013,0.,-0.755453954995705));
#2521=DIRECTION('',(0.,1.,0.));
#2522=DIRECTION('',(0.,0.,1.));
#2523=DIRECTION('',(0.,-1.,0.));
#2524=DIRECTION('',(0.,0.,-1.));
#2525=DIRECTION('',(0.,1.,0.));
#2526=DIRECTION('',(0.,-1.,0.));
#2527=DIRECTION('',(0.,0.,-1.));
#2528=DIRECTION('',(0.948683298050514,0.,0.316227766016838));
#2529=DIRECTION('',(0.316227766016838,0.,-0.948683298050514));
#2530=DIRECTION('',(0.316227766016838,0.,-0.948683298050514));
#2531=DIRECTION('',(0.,1.,0.));
#2532=DIRECTION('',(0.316227766016838,0.,-0.948683298050514));
#2533=DIRECTION('',(0.,0.,1.));
#2534=DIRECTION('',(1.,0.,0.));
#2535=DIRECTION('',(1.,0.,0.));
#2536=DIRECTION('',(0.,1.,0.));
#2537=DIRECTION('',(1.,0.,0.));
#2538=DIRECTION('',(0.948683298050514,0.,-0.316227766016838));
#2539=DIRECTION('',(-0.316227766016838,0.,-0.948683298050514));
#2540=DIRECTION('',(-0.316227766016838,0.,-0.948683298050514));
#2541=DIRECTION('',(0.,1.,0.));
#2542=DIRECTION('',(-0.316227766016838,0.,-0.948683298050514));
#2543=DIRECTION('',(0.,1.,0.));
#2544=DIRECTION('',(0.,0.,1.));
#2545=DIRECTION('',(0.,-1.,0.));
#2546=DIRECTION('',(0.,0.,-1.));
#2547=DIRECTION('',(0.,1.,0.));
#2548=DIRECTION('',(0.,-1.,0.));
#2549=DIRECTION('',(0.,0.,-1.));
#2550=DIRECTION('',(0.755453954995706,0.,0.65520174136013));
#2551=DIRECTION('',(0.65520174136013,0.,-0.755453954995706));
#2552=DIRECTION('',(0.65520174136013,0.,-0.755453954995706));
#2553=DIRECTION('',(0.,1.,0.));
#2554=DIRECTION('',(0.65520174136013,0.,-0.755453954995706));
#2555=DIRECTION('',(0.38268343236509,0.,-0.923879532511287));
#2556=DIRECTION('',(-0.923879532511287,0.,-0.38268343236509));
#2557=DIRECTION('',(-0.923879532511287,0.,-0.38268343236509));
#2558=DIRECTION('',(0.,1.,0.));
#2559=DIRECTION('',(-0.923879532511287,0.,-0.38268343236509));
#2560=DIRECTION('',(0.997484208812642,0.,0.0708890200906786));
#2561=DIRECTION('',(0.0708890200906787,0.,-0.997484208812643));
#2562=DIRECTION('',(0.0708890200906787,0.,-0.997484208812643));
#2563=DIRECTION('',(0.,1.,0.));
#2564=DIRECTION('',(0.0708890200906787,0.,-0.997484208812643));
#2565=DIRECTION('',(0.,1.,0.));
#2566=DIRECTION('',(0.,0.,1.));
#2567=DIRECTION('',(0.,-1.,0.));
#2568=DIRECTION('',(0.,0.,-1.));
#2569=DIRECTION('',(0.,1.,0.));
#2570=DIRECTION('',(0.,-1.,0.));
#2571=DIRECTION('',(0.,0.,-1.));
#2572=DIRECTION('',(0.447213595499958,0.,0.894427190999916));
#2573=DIRECTION('',(0.894427190999916,0.,-0.447213595499958));
#2574=DIRECTION('',(0.894427190999916,0.,-0.447213595499958));
#2575=DIRECTION('',(0.,1.,0.));
#2576=DIRECTION('',(0.894427190999916,0.,-0.447213595499958));
#2577=DIRECTION('',(0.707106781186548,0.,-0.707106781186548));
#2578=DIRECTION('',(-0.707106781186548,0.,-0.707106781186548));
#2579=DIRECTION('',(-0.707106781186548,0.,-0.707106781186548));
#2580=DIRECTION('',(0.,1.,0.));
#2581=DIRECTION('',(-0.707106781186548,0.,-0.707106781186548));
#2582=DIRECTION('',(0.894427190999916,0.,0.447213595499958));
#2583=DIRECTION('',(0.447213595499958,0.,-0.894427190999916));
#2584=DIRECTION('',(0.447213595499958,0.,-0.894427190999916));
#2585=DIRECTION('',(0.,1.,0.));
#2586=DIRECTION('',(0.447213595499958,0.,-0.894427190999916));
#2587=DIRECTION('',(0.,1.,0.));
#2588=DIRECTION('',(0.,0.,1.));
#2589=DIRECTION('',(0.,-1.,0.));
#2590=DIRECTION('',(0.,0.,-1.));
#2591=DIRECTION('',(0.,1.,0.));
#2592=DIRECTION('',(0.,-1.,0.));
#2593=DIRECTION('',(0.,0.,-1.));
#2594=DIRECTION('',(0.0708890200906786,0.,0.997484208812642));
#2595=DIRECTION('',(0.997484208812643,0.,-0.0708890200906787));
#2596=DIRECTION('',(0.997484208812643,0.,-0.0708890200906787));
#2597=DIRECTION('',(0.,1.,0.));
#2598=DIRECTION('',(0.997484208812643,0.,-0.0708890200906787));
#2599=DIRECTION('',(0.923879532511287,0.,-0.38268343236509));
#2600=DIRECTION('',(-0.38268343236509,0.,-0.923879532511287));
#2601=DIRECTION('',(-0.38268343236509,0.,-0.923879532511287));
#2602=DIRECTION('',(0.,1.,0.));
#2603=DIRECTION('',(-0.38268343236509,0.,-0.923879532511287));
#2604=DIRECTION('',(0.65520174136013,0.,0.755453954995706));
#2605=DIRECTION('',(0.755453954995706,0.,-0.65520174136013));
#2606=DIRECTION('',(0.755453954995706,0.,-0.65520174136013));
#2607=DIRECTION('',(0.,1.,0.));
#2608=DIRECTION('',(0.755453954995706,0.,-0.65520174136013));
#2609=DIRECTION('',(0.,1.,0.));
#2610=DIRECTION('',(0.,0.,1.));
#2611=DIRECTION('',(0.,-1.,0.));
#2612=DIRECTION('',(0.,0.,-1.));
#2613=DIRECTION('',(0.,1.,0.));
#2614=DIRECTION('',(0.,-1.,0.));
#2615=DIRECTION('',(0.,0.,-1.));
#2616=DIRECTION('',(-0.316227766016838,0.,0.948683298050514));
#2617=DIRECTION('',(0.948683298050514,0.,0.316227766016838));
#2618=DIRECTION('',(0.948683298050514,0.,0.316227766016838));
#2619=DIRECTION('',(0.,1.,0.));
#2620=DIRECTION('',(0.948683298050514,0.,0.316227766016838));
#2621=DIRECTION('',(1.,0.,0.));
#2622=DIRECTION('',(0.,0.,-1.));
#2623=DIRECTION('',(0.,0.,-1.));
#2624=DIRECTION('',(0.,1.,0.));
#2625=DIRECTION('',(0.,0.,-1.));
#2626=DIRECTION('',(0.316227766016838,0.,0.948683298050514));
#2627=DIRECTION('',(0.948683298050514,0.,-0.316227766016838));
#2628=DIRECTION('',(0.948683298050514,0.,-0.316227766016838));
#2629=DIRECTION('',(0.,1.,0.));
#2630=DIRECTION('',(0.948683298050514,0.,-0.316227766016838));
#2631=DIRECTION('',(0.,1.,0.));
#2632=DIRECTION('',(0.,0.,1.));
#2633=DIRECTION('',(0.,-1.,0.));
#2634=DIRECTION('',(0.,0.,-1.));
#2635=DIRECTION('',(0.,1.,0.));
#2636=DIRECTION('',(0.,-1.,0.));
#2637=DIRECTION('',(0.,0.,-1.));
#2638=DIRECTION('',(-0.65520174136013,0.,0.755453954995706));
#2639=DIRECTION('',(0.755453954995706,0.,0.65520174136013));
#2640=DIRECTION('',(0.755453954995706,0.,0.65520174136013));
#2641=DIRECTION('',(0.,1.,0.));
#2642=DIRECTION('',(0.755453954995706,0.,0.65520174136013));
#2643=DIRECTION('',(0.923879532511287,0.,0.38268343236509));
#2644=DIRECTION('',(0.38268343236509,0.,-0.923879532511287));
#2645=DIRECTION('',(0.38268343236509,0.,-0.923879532511287));
#2646=DIRECTION('',(0.,1.,0.));
#2647=DIRECTION('',(0.38268343236509,0.,-0.923879532511287));
#2648=DIRECTION('',(-0.0708890200906786,0.,0.997484208812642));
#2649=DIRECTION('',(0.997484208812643,0.,0.0708890200906786));
#2650=DIRECTION('',(0.997484208812643,0.,0.0708890200906786));
#2651=DIRECTION('',(0.,1.,0.));
#2652=DIRECTION('',(0.997484208812643,0.,0.0708890200906786));
#2653=DIRECTION('',(0.,1.,0.));
#2654=DIRECTION('',(0.,0.,1.));
#2655=DIRECTION('',(0.,-1.,0.));
#2656=DIRECTION('',(0.,0.,-1.));
#2657=DIRECTION('',(0.,1.,0.));
#2658=DIRECTION('',(0.,-1.,0.));
#2659=DIRECTION('',(0.,0.,-1.));
#2660=DIRECTION('',(-0.894427190999916,0.,0.447213595499958));
#2661=DIRECTION('',(0.447213595499958,0.,0.894427190999916));
#2662=DIRECTION('',(0.447213595499958,0.,0.894427190999916));
#2663=DIRECTION('',(0.,1.,0.));
#2664=DIRECTION('',(0.447213595499958,0.,0.894427190999916));
#2665=DIRECTION('',(0.707106781186548,0.,0.707106781186548));
#2666=DIRECTION('',(0.707106781186548,0.,-0.707106781186548));
#2667=DIRECTION('',(0.707106781186548,0.,-0.707106781186548));
#2668=DIRECTION('',(0.,1.,0.));
#2669=DIRECTION('',(0.707106781186548,0.,-0.707106781186548));
#2670=DIRECTION('',(-0.447213595499958,0.,0.894427190999916));
#2671=DIRECTION('',(0.894427190999916,0.,0.447213595499958));
#2672=DIRECTION('',(0.894427190999916,0.,0.447213595499958));
#2673=DIRECTION('',(0.,1.,0.));
#2674=DIRECTION('',(0.894427190999916,0.,0.447213595499958));
#2675=DIRECTION('',(0.,1.,0.));
#2676=DIRECTION('',(0.,0.,1.));
#2677=DIRECTION('',(0.,-1.,0.));
#2678=DIRECTION('',(0.,0.,-1.));
#2679=DIRECTION('',(0.,1.,0.));
#2680=DIRECTION('',(0.,-1.,0.));
#2681=DIRECTION('',(0.,0.,-1.));
#2682=DIRECTION('',(-0.997484208812642,0.,0.0708890200906786));
#2683=DIRECTION('',(0.0708890200906787,0.,0.997484208812643));
#2684=DIRECTION('',(0.0708890200906787,0.,0.997484208812643));
#2685=DIRECTION('',(0.,1.,0.));
#2686=DIRECTION('',(0.0708890200906787,0.,0.997484208812643));
#2687=DIRECTION('',(0.38268343236509,0.,0.923879532511287));
#2688=DIRECTION('',(0.923879532511287,0.,-0.38268343236509));
#2689=DIRECTION('',(0.923879532511287,0.,-0.38268343236509));
#2690=DIRECTION('',(0.,1.,0.));
#2691=DIRECTION('',(0.923879532511287,0.,-0.38268343236509));
#2692=DIRECTION('',(-0.755453954995706,0.,0.65520174136013));
#2693=DIRECTION('',(0.65520174136013,0.,0.755453954995706));
#2694=DIRECTION('',(0.65520174136013,0.,0.755453954995706));
#2695=DIRECTION('',(0.,1.,0.));
#2696=DIRECTION('',(0.65520174136013,0.,0.755453954995706));
#2697=DIRECTION('',(0.,1.,0.));
#2698=DIRECTION('',(0.,0.,1.));
#2699=DIRECTION('',(0.,-1.,0.));
#2700=DIRECTION('',(0.,0.,-1.));
#2701=DIRECTION('',(0.,1.,0.));
#2702=DIRECTION('',(0.,-1.,0.));
#2703=DIRECTION('',(0.,0.,-1.));
#2704=DIRECTION('',(-0.948683298050514,0.,-0.316227766016838));
#2705=DIRECTION('',(-0.316227766016838,0.,0.948683298050514));
#2706=DIRECTION('',(-0.316227766016838,0.,0.948683298050514));
#2707=DIRECTION('',(0.,1.,0.));
#2708=DIRECTION('',(-0.316227766016838,0.,0.948683298050514));
#2709=DIRECTION('',(0.,0.,1.));
#2710=DIRECTION('',(1.,0.,0.));
#2711=DIRECTION('',(1.,0.,0.));
#2712=DIRECTION('',(0.,1.,0.));
#2713=DIRECTION('',(1.,0.,0.));
#2714=DIRECTION('',(-0.948683298050514,0.,0.316227766016839));
#2715=DIRECTION('',(0.316227766016839,0.,0.948683298050514));
#2716=DIRECTION('',(0.316227766016839,0.,0.948683298050514));
#2717=DIRECTION('',(0.,1.,0.));
#2718=DIRECTION('',(0.316227766016839,0.,0.948683298050514));
#2719=DIRECTION('',(0.,1.,0.));
#2720=DIRECTION('',(0.,0.,1.));
#2721=DIRECTION('',(0.,-1.,0.));
#2722=DIRECTION('',(0.,0.,-1.));
#2723=DIRECTION('',(0.,1.,0.));
#2724=DIRECTION('',(0.,-1.,0.));
#2725=DIRECTION('',(0.,0.,-1.));
#2726=DIRECTION('',(-0.755453954995706,0.,-0.655201741360129));
#2727=DIRECTION('',(-0.655201741360129,0.,0.755453954995706));
#2728=DIRECTION('',(-0.65520174136013,0.,0.755453954995706));
#2729=DIRECTION('',(0.,1.,0.));
#2730=DIRECTION('',(-0.65520174136013,0.,0.755453954995706));
#2731=DIRECTION('',(-0.38268343236509,0.,0.923879532511287));
#2732=DIRECTION('',(0.923879532511287,0.,0.38268343236509));
#2733=DIRECTION('',(0.923879532511287,0.,0.38268343236509));
#2734=DIRECTION('',(0.,1.,0.));
#2735=DIRECTION('',(0.923879532511287,0.,0.38268343236509));
#2736=DIRECTION('',(-0.997484208812642,0.,-0.0708890200906786));
#2737=DIRECTION('',(-0.0708890200906786,0.,0.997484208812643));
#2738=DIRECTION('',(-0.0708890200906786,0.,0.997484208812643));
#2739=DIRECTION('',(0.,1.,0.));
#2740=DIRECTION('',(-0.0708890200906786,0.,0.997484208812643));
#2741=DIRECTION('',(0.,1.,0.));
#2742=DIRECTION('',(0.,0.,1.));
#2743=DIRECTION('',(0.,-1.,0.));
#2744=DIRECTION('',(0.,0.,-1.));
#2745=DIRECTION('',(0.,1.,0.));
#2746=DIRECTION('',(0.,-1.,0.));
#2747=DIRECTION('',(0.,0.,-1.));
#2748=DIRECTION('',(-0.447213595499958,0.,-0.894427190999916));
#2749=DIRECTION('',(-0.894427190999916,0.,0.447213595499958));
#2750=DIRECTION('',(-0.894427190999916,0.,0.447213595499958));
#2751=DIRECTION('',(0.,1.,0.));
#2752=DIRECTION('',(-0.894427190999916,0.,0.447213595499958));
#2753=DIRECTION('',(-0.707106781186547,0.,0.707106781186548));
#2754=DIRECTION('',(0.707106781186548,0.,0.707106781186547));
#2755=DIRECTION('',(0.707106781186548,0.,0.707106781186547));
#2756=DIRECTION('',(0.,1.,0.));
#2757=DIRECTION('',(0.707106781186548,0.,0.707106781186547));
#2758=DIRECTION('',(-0.894427190999916,0.,-0.447213595499957));
#2759=DIRECTION('',(-0.447213595499957,0.,0.894427190999917));
#2760=DIRECTION('',(-0.447213595499957,0.,0.894427190999916));
#2761=DIRECTION('',(0.,1.,0.));
#2762=DIRECTION('',(-0.447213595499957,0.,0.894427190999916));
#2763=DIRECTION('',(0.,1.,0.));
#2764=DIRECTION('',(0.,0.,1.));
#2765=DIRECTION('',(0.,-1.,0.));
#2766=DIRECTION('',(0.,0.,-1.));
#2767=DIRECTION('',(0.,1.,0.));
#2768=DIRECTION('',(0.,-1.,0.));
#2769=DIRECTION('',(0.,0.,-1.));
#2770=DIRECTION('',(-0.0708890200906793,0.,-0.997484208812642));
#2771=DIRECTION('',(-0.997484208812643,0.,0.0708890200906793));
#2772=DIRECTION('',(-0.997484208812643,0.,0.0708890200906793));
#2773=DIRECTION('',(0.,1.,0.));
#2774=DIRECTION('',(-0.997484208812643,0.,0.0708890200906793));
#2775=DIRECTION('',(0.923879532511287,0.,-0.38268343236509));
#2776=DIRECTION('',(-0.38268343236509,0.,-0.923879532511287));
#2777=DIRECTION('',(-0.38268343236509,0.,-0.923879532511287));
#2778=DIRECTION('',(0.,1.,0.));
#2779=DIRECTION('',(-0.38268343236509,0.,-0.923879532511287));
#2780=DIRECTION('',(-0.65520174136013,0.,-0.755453954995706));
#2781=DIRECTION('',(-0.755453954995706,0.,0.65520174136013));
#2782=DIRECTION('',(-0.755453954995705,0.,0.65520174136013));
#2783=DIRECTION('',(0.,1.,0.));
#2784=DIRECTION('',(-0.755453954995705,0.,0.65520174136013));
#2785=DIRECTION('',(0.,1.,0.));
#2786=DIRECTION('',(0.,0.,1.));
#2787=DIRECTION('',(0.,-1.,0.));
#2788=DIRECTION('',(0.,0.,-1.));
#2789=DIRECTION('',(0.,1.,0.));
#2790=DIRECTION('',(0.,-1.,0.));
#2791=DIRECTION('',(0.,0.,-1.));
#2792=DIRECTION('',(0.316227766016838,0.,-0.948683298050514));
#2793=DIRECTION('',(-0.948683298050514,0.,-0.316227766016838));
#2794=DIRECTION('',(-0.948683298050514,0.,-0.316227766016838));
#2795=DIRECTION('',(-0.948683298050514,0.,-0.316227766016838));
#2796=DIRECTION('',(0.,-1.,0.));
#2797=DIRECTION('',(1.,0.,0.));
#2798=DIRECTION('',(0.,-1.,0.));
#2799=DIRECTION('',(0.,0.,-1.));
#2800=DIRECTION('',(0.336336396998156,0.,-0.941741911594837));
#2801=DIRECTION('',(-0.0867136455566279,-0.809327358528525,-0.580921656001496));
#2802=DIRECTION('',(-0.0577585089923058,-0.770113453230744,-0.635286725653861));
#2803=DIRECTION('',(0.,-1.,0.));
#2804=DIRECTION('',(0.,0.,-1.));
#2805=DIRECTION('',(-0.142196130934657,-0.809327358528525,-0.569885503486844));
#2806=DIRECTION('',(-0.671123340356361,0.,-0.741345710197962));
#2807=DIRECTION('',(-0.189751800422839,-0.770113453230745,-0.60903162757718));
#2808=DIRECTION('',(0.295202475374454,-0.636349057050338,0.712681819695115));
#2809=DIRECTION('',(0.,-0.745924140060691,-0.666030913152475));
#2810=DIRECTION('',(0.923879532511286,0.,-0.382683432365092));
#2811=DIRECTION('',(-0.29647560899556,-0.770113453230744,-0.56482517863825));
#2812=DIRECTION('',(-0.0496547139059867,0.,-0.998766443863086));
#2813=DIRECTION('',(-0.302422055573072,-0.809327358528525,-0.503517752457844));
#2814=DIRECTION('',(0.,-1.,0.));
#2815=DIRECTION('',(0.,0.,-1.));
#2816=DIRECTION('',(-0.349457835502278,-0.809327358528525,-0.472089449091274));
#2817=DIRECTION('',(-0.903737838893539,0.,-0.428086344739044));
#2818=DIRECTION('',(-0.40837411832796,-0.770113453230744,-0.490056985087326));
#2819=DIRECTION('',(0.545463049890249,-0.636349057050338,0.545463049890249));
#2820=DIRECTION('',(0.,-0.650805817854779,-0.759244221213683));
#2821=DIRECTION('',(0.707106781186548,0.,-0.707106781186547));
#2822=DIRECTION('',(-0.490056985087327,-0.770113453230744,-0.408374118327959));
#2823=DIRECTION('',(-0.428086344739045,0.,-0.903737838893539));
#2824=DIRECTION('',(-0.472089449091275,-0.809327358528525,-0.349457835502277));
#2825=DIRECTION('',(0.,-1.,0.));
#2826=DIRECTION('',(0.,0.,-1.));
#2827=DIRECTION('',(-0.503517752457844,-0.809327358528525,-0.302422055573071));
#2828=DIRECTION('',(-0.998766443863086,0.,-0.0496547139059867));
#2829=DIRECTION('',(-0.56482517863825,-0.770113453230744,-0.296475608995559));
#2830=DIRECTION('',(0.712681819695115,-0.636349057050338,0.295202475374454));
#2831=DIRECTION('',(0.666030913152475,0.745924140060691,0.));
#2832=DIRECTION('',(0.382683432365091,0.,-0.923879532511286));
#2833=DIRECTION('',(-0.60903162757718,-0.770113453230744,-0.189751800422838));
#2834=DIRECTION('',(-0.741345710197962,0.,-0.671123340356361));
#2835=DIRECTION('',(-0.569885503486844,-0.809327358528525,-0.142196130934657));
#2836=DIRECTION('',(0.,-1.,0.));
#2837=DIRECTION('',(0.,0.,-1.));
#2838=DIRECTION('',(-0.580921656001496,-0.809327358528525,-0.0867136455566277));
#2839=DIRECTION('',(-0.941741911594837,0.,0.336336396998157));
#2840=DIRECTION('',(-0.635286725653861,-0.770113453230744,-0.0577585089923057));
#2841=DIRECTION('',(0.771401242928183,-0.636349057050338,0.));
#2842=DIRECTION('',(0.636349057050338,0.771401242928183,0.));
#2843=DIRECTION('',(0.,0.,-1.));
#2844=DIRECTION('',(-0.635286725653861,-0.770113453230744,0.0577585089923061));
#2845=DIRECTION('',(-0.941741911594837,0.,-0.336336396998156));
#2846=DIRECTION('',(-0.580921656001496,-0.809327358528525,0.0867136455566278));
#2847=DIRECTION('',(0.,-1.,0.));
#2848=DIRECTION('',(0.,0.,-1.));
#2849=DIRECTION('',(-0.569885503486844,-0.809327358528525,0.142196130934658));
#2850=DIRECTION('',(-0.741345710197962,0.,0.671123340356361));
#2851=DIRECTION('',(-0.60903162757718,-0.770113453230744,0.189751800422839));
#2852=DIRECTION('',(-0.712681819695115,0.636349057050338,0.295202475374454));
#2853=DIRECTION('',(-0.666030913152475,-0.745924140060691,0.));
#2854=DIRECTION('',(-0.382683432365092,0.,-0.923879532511286));
#2855=DIRECTION('',(-0.564825178638249,-0.770113453230744,0.29647560899556));
#2856=DIRECTION('',(-0.998766443863086,0.,0.0496547139059867));
#2857=DIRECTION('',(-0.503517752457844,-0.809327358528525,0.302422055573071));
#2858=DIRECTION('',(0.,-1.,0.));
#2859=DIRECTION('',(0.,0.,-1.));
#2860=DIRECTION('',(-0.472089449091274,-0.809327358528525,0.349457835502278));
#2861=DIRECTION('',(-0.428086344739044,0.,0.903737838893539));
#2862=DIRECTION('',(-0.490056985087327,-0.770113453230744,0.408374118327959));
#2863=DIRECTION('',(0.545463049890249,-0.636349057050338,-0.54546304989025));
#2864=DIRECTION('',(0.,0.650805817854779,-0.759244221213683));
#2865=DIRECTION('',(-0.707106781186548,0.,-0.707106781186547));
#2866=DIRECTION('',(-0.40837411832796,-0.770113453230744,0.490056985087327));
#2867=DIRECTION('',(-0.903737838893539,0.,0.428086344739044));
#2868=DIRECTION('',(-0.349457835502278,-0.809327358528525,0.472089449091274));
#2869=DIRECTION('',(0.,-1.,0.));
#2870=DIRECTION('',(0.,0.,-1.));
#2871=DIRECTION('',(-0.302422055573071,-0.809327358528525,0.503517752457844));
#2872=DIRECTION('',(-0.0496547139059855,0.,0.998766443863086));
#2873=DIRECTION('',(-0.296475608995559,-0.770113453230744,0.56482517863825));
#2874=DIRECTION('',(0.295202475374454,-0.636349057050338,-0.712681819695115));
#2875=DIRECTION('',(0.,0.745924140060691,-0.666030913152475));
#2876=DIRECTION('',(-0.923879532511286,0.,-0.382683432365091));
#2877=DIRECTION('',(-0.189751800422838,-0.770113453230744,0.609031627577181));
#2878=DIRECTION('',(-0.671123340356361,0.,0.741345710197962));
#2879=DIRECTION('',(-0.142196130934657,-0.809327358528525,0.569885503486845));
#2880=DIRECTION('',(0.,-1.,0.));
#2881=DIRECTION('',(0.,0.,-1.));
#2882=DIRECTION('',(-0.0867136455566277,-0.809327358528525,0.580921656001495));
#2883=DIRECTION('',(0.336336396998157,0.,0.941741911594837));
#2884=DIRECTION('',(-0.0577585089923058,-0.770113453230744,0.635286725653861));
#2885=DIRECTION('',(0.,-0.636349057050338,-0.771401242928183));
#2886=DIRECTION('',(0.,0.771401242928183,-0.636349057050338));
#2887=DIRECTION('',(-1.,0.,0.));
#2888=DIRECTION('',(0.057758508992306,-0.770113453230744,0.635286725653861));
#2889=DIRECTION('',(-0.336336396998156,0.,0.941741911594837));
#2890=DIRECTION('',(0.0867136455566279,-0.809327358528525,0.580921656001496));
#2891=DIRECTION('',(0.,-1.,0.));
#2892=DIRECTION('',(0.,0.,-1.));
#2893=DIRECTION('',(0.142196130934657,-0.809327358528525,0.569885503486844));
#2894=DIRECTION('',(0.671123340356361,0.,0.741345710197962));
#2895=DIRECTION('',(0.189751800422838,-0.770113453230744,0.609031627577181));
#2896=DIRECTION('',(-0.295202475374454,-0.636349057050338,-0.712681819695115));
#2897=DIRECTION('',(0.,0.745924140060691,-0.666030913152475));
#2898=DIRECTION('',(-0.923879532511286,0.,0.382683432365091));
#2899=DIRECTION('',(0.296475608995559,-0.770113453230744,0.56482517863825));
#2900=DIRECTION('',(0.0496547139059854,0.,0.998766443863086));
#2901=DIRECTION('',(0.30242205557307,-0.809327358528525,0.503517752457845));
#2902=DIRECTION('',(0.,-1.,0.));
#2903=DIRECTION('',(0.,0.,-1.));
#2904=DIRECTION('',(0.349457835502278,-0.809327358528525,0.472089449091274));
#2905=DIRECTION('',(0.903737838893539,0.,0.428086344739044));
#2906=DIRECTION('',(0.408374118327959,-0.770113453230744,0.490056985087327));
#2907=DIRECTION('',(-0.545463049890249,-0.636349057050338,-0.545463049890249));
#2908=DIRECTION('',(0.,0.650805817854779,-0.759244221213683));
#2909=DIRECTION('',(-0.707106781186548,0.,0.707106781186547));
#2910=DIRECTION('',(0.490056985087327,-0.770113453230744,0.408374118327959));
#2911=DIRECTION('',(0.428086344739044,0.,0.903737838893539));
#2912=DIRECTION('',(0.472089449091274,-0.809327358528525,0.349457835502278));
#2913=DIRECTION('',(0.,-1.,0.));
#2914=DIRECTION('',(0.,0.,-1.));
#2915=DIRECTION('',(0.503517752457844,-0.809327358528525,0.302422055573071));
#2916=DIRECTION('',(0.998766443863086,0.,0.0496547139059854));
#2917=DIRECTION('',(0.56482517863825,-0.770113453230744,0.296475608995559));
#2918=DIRECTION('',(-0.712681819695115,-0.636349057050338,-0.295202475374454));
#2919=DIRECTION('',(0.666030913152475,-0.745924140060691,0.));
#2920=DIRECTION('',(-0.382683432365091,0.,0.923879532511286));
#2921=DIRECTION('',(0.609031627577181,-0.770113453230744,0.189751800422838));
#2922=DIRECTION('',(0.741345710197962,0.,0.671123340356361));
#2923=DIRECTION('',(0.569885503486845,-0.809327358528525,0.142196130934656));
#2924=DIRECTION('',(0.,-1.,0.));
#2925=DIRECTION('',(0.,0.,-1.));
#2926=DIRECTION('',(0.580921656001495,-0.809327358528525,0.0867136455566277));
#2927=DIRECTION('',(0.941741911594837,0.,-0.336336396998156));
#2928=DIRECTION('',(0.635286725653861,-0.770113453230744,0.0577585089923058));
#2929=DIRECTION('',(-0.771401242928183,-0.636349057050338,0.));
#2930=DIRECTION('',(0.636349057050338,-0.771401242928183,0.));
#2931=DIRECTION('',(0.,0.,1.));
#2932=DIRECTION('',(0.635286725653861,-0.770113453230744,-0.057758508992306));
#2933=DIRECTION('',(0.941741911594837,0.,0.336336396998156));
#2934=DIRECTION('',(0.580921656001495,-0.809327358528525,-0.0867136455566285));
#2935=DIRECTION('',(0.,-1.,0.));
#2936=DIRECTION('',(0.,0.,-1.));
#2937=DIRECTION('',(0.569885503486844,-0.809327358528525,-0.142196130934657));
#2938=DIRECTION('',(0.741345710197962,0.,-0.671123340356361));
#2939=DIRECTION('',(0.609031627577181,-0.770113453230744,-0.189751800422838));
#2940=DIRECTION('',(-0.712681819695115,-0.636349057050338,0.295202475374454));
#2941=DIRECTION('',(0.666030913152475,-0.745924140060691,0.));
#2942=DIRECTION('',(0.382683432365091,0.,0.923879532511286));
#2943=DIRECTION('',(0.56482517863825,-0.770113453230744,-0.29647560899556));
#2944=DIRECTION('',(0.998766443863086,0.,-0.0496547139059854));
#2945=DIRECTION('',(0.503517752457845,-0.809327358528525,-0.30242205557307));
#2946=DIRECTION('',(0.,-1.,0.));
#2947=DIRECTION('',(0.,0.,-1.));
#2948=DIRECTION('',(0.472089449091274,-0.809327358528525,-0.349457835502278));
#2949=DIRECTION('',(0.428086344739044,0.,-0.903737838893539));
#2950=DIRECTION('',(0.490056985087327,-0.770113453230744,-0.408374118327959));
#2951=DIRECTION('',(-0.545463049890249,-0.636349057050338,0.545463049890249));
#2952=DIRECTION('',(0.,-0.650805817854779,-0.759244221213683));
#2953=DIRECTION('',(0.707106781186547,0.,0.707106781186548));
#2954=DIRECTION('',(0.408374118327959,-0.770113453230744,-0.490056985087327));
#2955=DIRECTION('',(0.903737838893539,0.,-0.428086344739044));
#2956=DIRECTION('',(0.349457835502278,-0.809327358528525,-0.472089449091274));
#2957=DIRECTION('',(0.,-1.,0.));
#2958=DIRECTION('',(0.,0.,-1.));
#2959=DIRECTION('',(0.302422055573071,-0.809327358528525,-0.503517752457844));
#2960=DIRECTION('',(0.0496547139059854,0.,-0.998766443863086));
#2961=DIRECTION('',(0.296475608995559,-0.770113453230744,-0.56482517863825));
#2962=DIRECTION('',(-0.295202475374454,-0.636349057050338,0.712681819695115));
#2963=DIRECTION('',(0.,-0.745924140060691,-0.666030913152475));
#2964=DIRECTION('',(0.923879532511286,0.,0.382683432365091));
#2965=DIRECTION('',(0.189751800422838,-0.770113453230744,-0.60903162757718));
#2966=DIRECTION('',(0.671123340356361,0.,-0.741345710197962));
#2967=DIRECTION('',(0.142196130934658,-0.809327358528525,-0.569885503486844));
#2968=DIRECTION('',(0.,-1.,0.));
#2969=DIRECTION('',(0.,0.,-1.));
#2970=DIRECTION('',(0.0867136455566278,-0.809327358528525,-0.580921656001496));
#2971=DIRECTION('',(-0.336336396998156,0.,-0.941741911594837));
#2972=DIRECTION('',(0.0577585089923059,-0.770113453230744,-0.635286725653861));
#2973=DIRECTION('',(0.,0.636349057050338,-0.771401242928183));
#2974=DIRECTION('',(0.,0.771401242928183,0.636349057050338));
#2975=DIRECTION('',(1.,0.,0.));
#2976=DIRECTION('',(0.,-1.,0.));
#2977=DIRECTION('',(1.,0.,0.));
#2978=DIRECTION('',(0.,-1.,0.));
#2979=DIRECTION('',(0.,0.,-1.));
#2980=DIRECTION('',(0.,-1.,0.));
#2981=DIRECTION('',(0.,0.,-1.));
#2982=CARTESIAN_POINT('',(0.,0.,0.));
#2983=CARTESIAN_POINT('',(0.0718589691293136,-0.015,0.003));
#2984=CARTESIAN_POINT('',(0.0718589691293136,0.,0.003));
#2985=CARTESIAN_POINT('',(0.0718589691293136,0.,-0.006));
#2986=CARTESIAN_POINT('',(0.0718589691293136,0.,0.006));
#2987=CARTESIAN_POINT('',(0.0718589691293136,-0.015,0.006));
#2988=CARTESIAN_POINT('',(0.0718589691293136,-0.015,0.006));
#2989=CARTESIAN_POINT('',(0.0718589691293136,-0.015,0.003));
#2990=CARTESIAN_POINT('',(0.0718589691293136,-0.015,-0.006));
#2991=CARTESIAN_POINT('',(0.0718589691293136,-0.015,-0.006));
#2992=CARTESIAN_POINT('',(0.0673589691293136,-0.015,0.0075));
#2993=CARTESIAN_POINT('',(0.0673589691293136,0.,0.0075));
#2994=CARTESIAN_POINT('',(0.0628589691293136,0.,0.009));
#2995=CARTESIAN_POINT('',(0.0628589691293136,-0.015,0.009));
#2996=CARTESIAN_POINT('',(0.0628589691293136,-0.015,0.009));
#2997=CARTESIAN_POINT('',(0.0673589691293136,-0.015,0.0075));
#2998=CARTESIAN_POINT('',(-1.62370117351429E-15,-0.015,-3.66026653431107E-16));
#2999=CARTESIAN_POINT('',(-1.62370117351429E-15,0.,-3.66026653431107E-16));
#3000=CARTESIAN_POINT('',(0.0615182659046175,0.,0.0157401702687353));
#3001=CARTESIAN_POINT('',(0.0615182659046175,-0.015,0.0157401702687353));
#3002=CARTESIAN_POINT('',(0.0615182659046175,-0.015,0.0157401702687353));
#3003=CARTESIAN_POINT('',(-1.62370117351429E-15,-0.015,-3.66026653431107E-16));
#3004=CARTESIAN_POINT('',(0.0651016986523706,-0.015,0.0188480650131452));
#3005=CARTESIAN_POINT('',(0.0651016986523706,0.,0.0188480650131452));
#3006=CARTESIAN_POINT('',(0.0686851314001238,0.,0.0219559597575551));
#3007=CARTESIAN_POINT('',(0.0686851314001238,-0.015,0.0219559597575551));
#3008=CARTESIAN_POINT('',(0.0686851314001238,-0.015,0.0219559597575551));
#3009=CARTESIAN_POINT('',(0.0651016986523706,-0.015,0.0188480650131452));
#3010=CARTESIAN_POINT('',(0.065240980508838,-0.015,0.0302708755501566));
#3011=CARTESIAN_POINT('',(0.065240980508838,0.,0.0302708755501566));
#3012=CARTESIAN_POINT('',(0.0640929302117427,0.,0.0330425141476905));
#3013=CARTESIAN_POINT('',(0.0640929302117427,-0.015,0.0330425141476905));
#3014=CARTESIAN_POINT('',(0.0640929302117427,-0.015,0.0330425141476905));
#3015=CARTESIAN_POINT('',(0.065240980508838,-0.015,0.0302708755501566));
#3016=CARTESIAN_POINT('',(0.0593614471668943,-0.015,0.0327062580008145));
#3017=CARTESIAN_POINT('',(0.0593614471668943,0.,0.0327062580008145));
#3018=CARTESIAN_POINT('',(0.0546299641220458,0.,0.0323700018539385));
#3019=CARTESIAN_POINT('',(0.0546299641220458,-0.015,0.0323700018539385));
#3020=CARTESIAN_POINT('',(0.0546299641220458,-0.015,0.0323700018539385));
#3021=CARTESIAN_POINT('',(0.0593614471668943,-0.015,0.0327062580008145));
#3022=CARTESIAN_POINT('',(-1.52655665885959E-15,-0.015,-1.01307850997045E-15));
#3023=CARTESIAN_POINT('',(-1.52655665885959E-15,0.,-1.01307850997045E-15));
#3024=CARTESIAN_POINT('',(0.0508119643604124,0.,0.0380840422990546));
#3025=CARTESIAN_POINT('',(0.0508119643604124,-0.015,0.0380840422990546));
#3026=CARTESIAN_POINT('',(0.0508119643604124,-0.015,0.0380840422990546));
#3027=CARTESIAN_POINT('',(-1.52655665885959E-15,-0.015,-1.01307850997045E-15));
#3028=CARTESIAN_POINT('',(0.0529332847039721,-0.015,0.0423266829861739));
#3029=CARTESIAN_POINT('',(0.0529332847039721,0.,0.0423266829861739));
#3030=CARTESIAN_POINT('',(0.0550546050475317,0.,0.0465693236732931));
#3031=CARTESIAN_POINT('',(0.0550546050475317,-0.015,0.0465693236732931));
#3032=CARTESIAN_POINT('',(0.0550546050475317,-0.015,0.0465693236732931));
#3033=CARTESIAN_POINT('',(0.0529332847039721,-0.015,0.0423266829861739));
#3034=CARTESIAN_POINT('',(0.0486906440168528,-0.015,0.0529332847039721));
#3035=CARTESIAN_POINT('',(0.0486906440168528,0.,0.0529332847039721));
#3036=CARTESIAN_POINT('',(0.0465693236732931,0.,0.0550546050475317));
#3037=CARTESIAN_POINT('',(0.0465693236732931,-0.015,0.0550546050475317));
#3038=CARTESIAN_POINT('',(0.0465693236732931,-0.015,0.0550546050475317));
#3039=CARTESIAN_POINT('',(0.0486906440168528,-0.015,0.0529332847039721));
#3040=CARTESIAN_POINT('',(0.0423266829861739,-0.015,0.0529332847039721));
#3041=CARTESIAN_POINT('',(0.0423266829861739,0.,0.0529332847039721));
#3042=CARTESIAN_POINT('',(0.0380840422990546,0.,0.0508119643604124));
#3043=CARTESIAN_POINT('',(0.0380840422990546,-0.015,0.0508119643604124));
#3044=CARTESIAN_POINT('',(0.0380840422990546,-0.015,0.0508119643604124));
#3045=CARTESIAN_POINT('',(0.0423266829861739,-0.015,0.0529332847039721));
#3046=CARTESIAN_POINT('',(6.59194920871187E-17,-0.015,5.89805981832114E-17));
#3047=CARTESIAN_POINT('',(6.59194920871187E-17,0.,5.89805981832114E-17));
#3048=CARTESIAN_POINT('',(0.0323700018539386,0.,0.0546299641220458));
#3049=CARTESIAN_POINT('',(0.0323700018539386,-0.015,0.0546299641220458));
#3050=CARTESIAN_POINT('',(0.0323700018539385,-0.015,0.0546299641220458));
#3051=CARTESIAN_POINT('',(6.59194920871187E-17,-0.015,5.89805981832114E-17));
#3052=CARTESIAN_POINT('',(0.0327062580008146,-0.015,0.0593614471668943));
#3053=CARTESIAN_POINT('',(0.0327062580008146,0.,0.0593614471668943));
#3054=CARTESIAN_POINT('',(0.0330425141476905,0.,0.0640929302117427));
#3055=CARTESIAN_POINT('',(0.0330425141476905,-0.015,0.0640929302117427));
#3056=CARTESIAN_POINT('',(0.0330425141476905,-0.015,0.0640929302117427));
#3057=CARTESIAN_POINT('',(0.0327062580008146,-0.015,0.0593614471668943));
#3058=CARTESIAN_POINT('',(0.024727598355089,-0.015,0.0675370811030285));
#3059=CARTESIAN_POINT('',(0.024727598355089,0.,0.0675370811030285));
#3060=CARTESIAN_POINT('',(0.0219559597575551,0.,0.0686851314001237));
#3061=CARTESIAN_POINT('',(0.0219559597575551,-0.015,0.0686851314001237));
#3062=CARTESIAN_POINT('',(0.0219559597575551,-0.015,0.0686851314001237));
#3063=CARTESIAN_POINT('',(0.024727598355089,-0.015,0.0675370811030285));
#3064=CARTESIAN_POINT('',(0.0188480650131453,-0.015,0.0651016986523706));
#3065=CARTESIAN_POINT('',(0.0188480650131453,0.,0.0651016986523706));
#3066=CARTESIAN_POINT('',(0.0157401702687354,0.,0.0615182659046175));
#3067=CARTESIAN_POINT('',(0.0157401702687354,-0.015,0.0615182659046175));
#3068=CARTESIAN_POINT('',(0.0157401702687354,-0.015,0.0615182659046175));
#3069=CARTESIAN_POINT('',(0.0188480650131453,-0.015,0.0651016986523706));
#3070=CARTESIAN_POINT('',(-3.62557206479152E-16,-0.015,-1.75900960464049E-15));
#3071=CARTESIAN_POINT('',(-3.62557206479152E-16,0.,-1.75900960464049E-15));
#3072=CARTESIAN_POINT('',(0.009,0.,0.0628589691293136));
#3073=CARTESIAN_POINT('',(0.009,-0.015,0.0628589691293136));
#3074=CARTESIAN_POINT('',(0.009,-0.015,0.0628589691293136));
#3075=CARTESIAN_POINT('',(-3.62557206479152E-16,-0.015,-1.75900960464049E-15));
#3076=CARTESIAN_POINT('',(0.0075,-0.015,0.0673589691293136));
#3077=CARTESIAN_POINT('',(0.0075,0.,0.0673589691293136));
#3078=CARTESIAN_POINT('',(0.006,0.,0.0718589691293136));
#3079=CARTESIAN_POINT('',(0.006,-0.015,0.0718589691293136));
#3080=CARTESIAN_POINT('',(0.006,-0.015,0.0718589691293136));
#3081=CARTESIAN_POINT('',(0.0075,-0.015,0.0673589691293136));
#3082=CARTESIAN_POINT('',(0.003,-0.015,0.0718589691293136));
#3083=CARTESIAN_POINT('',(0.003,0.,0.0718589691293136));
#3084=CARTESIAN_POINT('',(-0.006,0.,0.0718589691293136));
#3085=CARTESIAN_POINT('',(-0.006,-0.015,0.0718589691293136));
#3086=CARTESIAN_POINT('',(-0.006,-0.015,0.0718589691293136));
#3087=CARTESIAN_POINT('',(0.003,-0.015,0.0718589691293136));
#3088=CARTESIAN_POINT('',(-0.0075,-0.015,0.0673589691293136));
#3089=CARTESIAN_POINT('',(-0.0075,0.,0.0673589691293136));
#3090=CARTESIAN_POINT('',(-0.009,0.,0.0628589691293136));
#3091=CARTESIAN_POINT('',(-0.009,-0.015,0.0628589691293136));
#3092=CARTESIAN_POINT('',(-0.009,-0.015,0.0628589691293136));
#3093=CARTESIAN_POINT('',(-0.0075,-0.015,0.0673589691293136));
#3094=CARTESIAN_POINT('',(3.57353036051223E-16,-0.015,-1.76247905159244E-15));
#3095=CARTESIAN_POINT('',(3.57353036051223E-16,0.,-1.76247905159244E-15));
#3096=CARTESIAN_POINT('',(-0.0157401702687354,0.,0.0615182659046175));
#3097=CARTESIAN_POINT('',(-0.0157401702687354,-0.015,0.0615182659046175));
#3098=CARTESIAN_POINT('',(-0.0157401702687354,-0.015,0.0615182659046175));
#3099=CARTESIAN_POINT('',(3.57353036051223E-16,-0.015,-1.76247905159244E-15));
#3100=CARTESIAN_POINT('',(-0.0188480650131452,-0.015,0.0651016986523706));
#3101=CARTESIAN_POINT('',(-0.0188480650131452,0.,0.0651016986523706));
#3102=CARTESIAN_POINT('',(-0.021955959757555,0.,0.0686851314001238));
#3103=CARTESIAN_POINT('',(-0.021955959757555,-0.015,0.0686851314001238));
#3104=CARTESIAN_POINT('',(-0.021955959757555,-0.015,0.0686851314001238));
#3105=CARTESIAN_POINT('',(-0.0188480650131452,-0.015,0.0651016986523706));
#3106=CARTESIAN_POINT('',(-0.0302708755501566,-0.015,0.065240980508838));
#3107=CARTESIAN_POINT('',(-0.0302708755501566,0.,0.065240980508838));
#3108=CARTESIAN_POINT('',(-0.0330425141476905,0.,0.0640929302117427));
#3109=CARTESIAN_POINT('',(-0.0330425141476905,-0.015,0.0640929302117427));
#3110=CARTESIAN_POINT('',(-0.0330425141476905,-0.015,0.0640929302117427));
#3111=CARTESIAN_POINT('',(-0.0302708755501566,-0.015,0.065240980508838));
#3112=CARTESIAN_POINT('',(-0.0327062580008145,-0.015,0.0593614471668943));
#3113=CARTESIAN_POINT('',(-0.0327062580008145,0.,0.0593614471668943));
#3114=CARTESIAN_POINT('',(-0.0323700018539386,0.,0.0546299641220458));
#3115=CARTESIAN_POINT('',(-0.0323700018539386,-0.015,0.0546299641220458));
#3116=CARTESIAN_POINT('',(-0.0323700018539385,-0.015,0.0546299641220458));
#3117=CARTESIAN_POINT('',(-0.0327062580008145,-0.015,0.0593614471668943));
#3118=CARTESIAN_POINT('',(-1.04083408558608E-16,-0.015,1.04083408558608E-16));
#3119=CARTESIAN_POINT('',(-1.04083408558608E-16,0.,1.04083408558608E-16));
#3120=CARTESIAN_POINT('',(-0.0380840422990546,0.,0.0508119643604124));
#3121=CARTESIAN_POINT('',(-0.0380840422990546,-0.015,0.0508119643604124));
#3122=CARTESIAN_POINT('',(-0.0380840422990546,-0.015,0.0508119643604124));
#3123=CARTESIAN_POINT('',(-1.04083408558608E-16,-0.015,1.04083408558608E-16));
#3124=CARTESIAN_POINT('',(-0.0423266829861739,-0.015,0.0529332847039721));
#3125=CARTESIAN_POINT('',(-0.0423266829861739,0.,0.0529332847039721));
#3126=CARTESIAN_POINT('',(-0.0465693236732931,0.,0.0550546050475317));
#3127=CARTESIAN_POINT('',(-0.0465693236732931,-0.015,0.0550546050475317));
#3128=CARTESIAN_POINT('',(-0.0465693236732931,-0.015,0.0550546050475317));
#3129=CARTESIAN_POINT('',(-0.0423266829861739,-0.015,0.0529332847039721));
#3130=CARTESIAN_POINT('',(-0.0529332847039721,-0.015,0.0486906440168528));
#3131=CARTESIAN_POINT('',(-0.0529332847039721,0.,0.0486906440168528));
#3132=CARTESIAN_POINT('',(-0.0550546050475317,0.,0.0465693236732931));
#3133=CARTESIAN_POINT('',(-0.0550546050475317,-0.015,0.0465693236732931));
#3134=CARTESIAN_POINT('',(-0.0550546050475317,-0.015,0.0465693236732931));
#3135=CARTESIAN_POINT('',(-0.0529332847039721,-0.015,0.0486906440168528));
#3136=CARTESIAN_POINT('',(-0.0529332847039721,-0.015,0.0423266829861739));
#3137=CARTESIAN_POINT('',(-0.0529332847039721,0.,0.0423266829861739));
#3138=CARTESIAN_POINT('',(-0.0508119643604124,0.,0.0380840422990546));
#3139=CARTESIAN_POINT('',(-0.0508119643604124,-0.015,0.0380840422990546));
#3140=CARTESIAN_POINT('',(-0.0508119643604124,-0.015,0.0380840422990546));
#3141=CARTESIAN_POINT('',(-0.0529332847039721,-0.015,0.0423266829861739));
#3142=CARTESIAN_POINT('',(-6.59194920871187E-17,-0.015,1.11022302462516E-16));
#3143=CARTESIAN_POINT('',(-6.59194920871187E-17,0.,1.11022302462516E-16));
#3144=CARTESIAN_POINT('',(-0.0546299641220459,0.,0.0323700018539385));
#3145=CARTESIAN_POINT('',(-0.0546299641220459,-0.015,0.0323700018539385));
#3146=CARTESIAN_POINT('',(-0.0546299641220459,-0.015,0.0323700018539385));
#3147=CARTESIAN_POINT('',(-6.59194920871187E-17,-0.015,1.11022302462516E-16));
#3148=CARTESIAN_POINT('',(-0.0593614471668943,-0.015,0.0327062580008145));
#3149=CARTESIAN_POINT('',(-0.0593614471668943,0.,0.0327062580008145));
#3150=CARTESIAN_POINT('',(-0.0640929302117427,0.,0.0330425141476905));
#3151=CARTESIAN_POINT('',(-0.0640929302117427,-0.015,0.0330425141476905));
#3152=CARTESIAN_POINT('',(-0.0640929302117427,-0.015,0.0330425141476905));
#3153=CARTESIAN_POINT('',(-0.0593614471668943,-0.015,0.0327062580008145));
#3154=CARTESIAN_POINT('',(-0.0675370811030285,-0.015,0.0247275983550889));
#3155=CARTESIAN_POINT('',(-0.0675370811030285,0.,0.0247275983550889));
#3156=CARTESIAN_POINT('',(-0.0686851314001238,0.,0.0219559597575551));
#3157=CARTESIAN_POINT('',(-0.0686851314001238,-0.015,0.0219559597575551));
#3158=CARTESIAN_POINT('',(-0.0686851314001238,-0.015,0.0219559597575551));
#3159=CARTESIAN_POINT('',(-0.0675370811030285,-0.015,0.0247275983550889));
#3160=CARTESIAN_POINT('',(-0.0651016986523706,-0.015,0.0188480650131452));
#3161=CARTESIAN_POINT('',(-0.0651016986523706,0.,0.0188480650131452));
#3162=CARTESIAN_POINT('',(-0.0615182659046175,0.,0.0157401702687353));
#3163=CARTESIAN_POINT('',(-0.0615182659046175,-0.015,0.0157401702687353));
#3164=CARTESIAN_POINT('',(-0.0615182659046175,-0.015,0.0157401702687353));
#3165=CARTESIAN_POINT('',(-0.0651016986523706,-0.015,0.0188480650131452));
#3166=CARTESIAN_POINT('',(-9.54097911787244E-16,-0.015,3.15719672627779E-16));
#3167=CARTESIAN_POINT('',(-9.54097911787244E-16,0.,3.15719672627779E-16));
#3168=CARTESIAN_POINT('',(-0.0628589691293136,0.,0.009));
#3169=CARTESIAN_POINT('',(-0.0628589691293136,-0.015,0.009));
#3170=CARTESIAN_POINT('',(-0.0628589691293136,-0.015,0.009));
#3171=CARTESIAN_POINT('',(-9.54097911787244E-16,-0.015,3.15719672627779E-16));
#3172=CARTESIAN_POINT('',(-0.0673589691293136,-0.015,0.0075));
#3173=CARTESIAN_POINT('',(-0.0673589691293136,0.,0.0075));
#3174=CARTESIAN_POINT('',(-0.0718589691293136,0.,0.006));
#3175=CARTESIAN_POINT('',(-0.0718589691293136,-0.015,0.006));
#3176=CARTESIAN_POINT('',(-0.0718589691293136,-0.015,0.006));
#3177=CARTESIAN_POINT('',(-0.0673589691293136,-0.015,0.0075));
#3178=CARTESIAN_POINT('',(-0.0718589691293136,-0.015,-0.003));
#3179=CARTESIAN_POINT('',(-0.0718589691293136,0.,-0.003));
#3180=CARTESIAN_POINT('',(-0.0718589691293136,0.,-0.006));
#3181=CARTESIAN_POINT('',(-0.0718589691293136,-0.015,-0.006));
#3182=CARTESIAN_POINT('',(-0.0718589691293136,-0.015,-0.006));
#3183=CARTESIAN_POINT('',(-0.0718589691293136,-0.015,-0.003));
#3184=CARTESIAN_POINT('',(-0.0673589691293136,-0.015,-0.0075));
#3185=CARTESIAN_POINT('',(-0.0673589691293136,0.,-0.0075));
#3186=CARTESIAN_POINT('',(-0.0628589691293136,0.,-0.009));
#3187=CARTESIAN_POINT('',(-0.0628589691293136,-0.015,-0.009));
#3188=CARTESIAN_POINT('',(-0.0628589691293136,-0.015,-0.009));
#3189=CARTESIAN_POINT('',(-0.0673589691293136,-0.015,-0.0075));
#3190=CARTESIAN_POINT('',(-9.08995101411847E-16,-0.015,-3.20056481317721E-16));
#3191=CARTESIAN_POINT('',(-9.08995101411847E-16,0.,-3.20056481317721E-16));
#3192=CARTESIAN_POINT('',(-0.0615182659046175,0.,-0.0157401702687353));
#3193=CARTESIAN_POINT('',(-0.0615182659046175,-0.015,-0.0157401702687353));
#3194=CARTESIAN_POINT('',(-0.0615182659046175,-0.015,-0.0157401702687353));
#3195=CARTESIAN_POINT('',(-9.08995101411847E-16,-0.015,-3.20056481317721E-16));
#3196=CARTESIAN_POINT('',(-0.0651016986523706,-0.015,-0.0188480650131452));
#3197=CARTESIAN_POINT('',(-0.0651016986523706,0.,-0.0188480650131452));
#3198=CARTESIAN_POINT('',(-0.0686851314001238,0.,-0.0219559597575551));
#3199=CARTESIAN_POINT('',(-0.0686851314001238,-0.015,-0.0219559597575551));
#3200=CARTESIAN_POINT('',(-0.0686851314001238,-0.015,-0.0219559597575551));
#3201=CARTESIAN_POINT('',(-0.0651016986523706,-0.015,-0.0188480650131452));
#3202=CARTESIAN_POINT('',(-0.065240980508838,-0.015,-0.0302708755501566));
#3203=CARTESIAN_POINT('',(-0.065240980508838,0.,-0.0302708755501566));
#3204=CARTESIAN_POINT('',(-0.0640929302117427,0.,-0.0330425141476905));
#3205=CARTESIAN_POINT('',(-0.0640929302117427,-0.015,-0.0330425141476905));
#3206=CARTESIAN_POINT('',(-0.0640929302117427,-0.015,-0.0330425141476905));
#3207=CARTESIAN_POINT('',(-0.065240980508838,-0.015,-0.0302708755501566));
#3208=CARTESIAN_POINT('',(-0.0593614471668943,-0.015,-0.0327062580008145));
#3209=CARTESIAN_POINT('',(-0.0593614471668943,0.,-0.0327062580008145));
#3210=CARTESIAN_POINT('',(-0.0546299641220459,0.,-0.0323700018539385));
#3211=CARTESIAN_POINT('',(-0.0546299641220459,-0.015,-0.0323700018539385));
#3212=CARTESIAN_POINT('',(-0.0546299641220459,-0.015,-0.0323700018539385));
#3213=CARTESIAN_POINT('',(-0.0593614471668943,-0.015,-0.0327062580008145));
#3214=CARTESIAN_POINT('',(1.38777878078145E-17,-0.015,-7.63278329429795E-17));
#3215=CARTESIAN_POINT('',(1.38777878078145E-17,0.,-7.63278329429795E-17));
#3216=CARTESIAN_POINT('',(-0.0508119643604124,0.,-0.0380840422990546));
#3217=CARTESIAN_POINT('',(-0.0508119643604124,-0.015,-0.0380840422990546));
#3218=CARTESIAN_POINT('',(-0.0508119643604124,-0.015,-0.0380840422990546));
#3219=CARTESIAN_POINT('',(1.38777878078145E-17,-0.015,-7.63278329429795E-17));
#3220=CARTESIAN_POINT('',(-0.0529332847039721,-0.015,-0.0423266829861739));
#3221=CARTESIAN_POINT('',(-0.0529332847039721,0.,-0.0423266829861739));
#3222=CARTESIAN_POINT('',(-0.0550546050475317,0.,-0.0465693236732931));
#3223=CARTESIAN_POINT('',(-0.0550546050475317,-0.015,-0.0465693236732931));
#3224=CARTESIAN_POINT('',(-0.0550546050475317,-0.015,-0.0465693236732931));
#3225=CARTESIAN_POINT('',(-0.0529332847039721,-0.015,-0.0423266829861739));
#3226=CARTESIAN_POINT('',(-0.0486906440168528,-0.015,-0.0529332847039721));
#3227=CARTESIAN_POINT('',(-0.0486906440168528,0.,-0.0529332847039721));
#3228=CARTESIAN_POINT('',(-0.0465693236732931,0.,-0.0550546050475317));
#3229=CARTESIAN_POINT('',(-0.0465693236732931,-0.015,-0.0550546050475317));
#3230=CARTESIAN_POINT('',(-0.0465693236732931,-0.015,-0.0550546050475317));
#3231=CARTESIAN_POINT('',(-0.0486906440168528,-0.015,-0.0529332847039721));
#3232=CARTESIAN_POINT('',(-0.0423266829861739,-0.015,-0.0529332847039721));
#3233=CARTESIAN_POINT('',(-0.0423266829861739,0.,-0.0529332847039721));
#3234=CARTESIAN_POINT('',(-0.0380840422990546,0.,-0.0508119643604124));
#3235=CARTESIAN_POINT('',(-0.0380840422990546,-0.015,-0.0508119643604124));
#3236=CARTESIAN_POINT('',(-0.0380840422990546,-0.015,-0.0508119643604124));
#3237=CARTESIAN_POINT('',(-0.0423266829861739,-0.015,-0.0529332847039721));
#3238=CARTESIAN_POINT('',(-1.38777878078145E-16,-0.015,-4.85722573273506E-17));
#3239=CARTESIAN_POINT('',(-1.38777878078145E-16,0.,-4.85722573273506E-17));
#3240=CARTESIAN_POINT('',(-0.0323700018539385,0.,-0.0546299641220459));
#3241=CARTESIAN_POINT('',(-0.0323700018539385,-0.015,-0.0546299641220459));
#3242=CARTESIAN_POINT('',(-0.0323700018539385,-0.015,-0.0546299641220459));
#3243=CARTESIAN_POINT('',(-1.38777878078145E-16,-0.015,-4.85722573273506E-17));
#3244=CARTESIAN_POINT('',(-0.0327062580008145,-0.015,-0.0593614471668943));
#3245=CARTESIAN_POINT('',(-0.0327062580008145,0.,-0.0593614471668943));
#3246=CARTESIAN_POINT('',(-0.0330425141476905,0.,-0.0640929302117427));
#3247=CARTESIAN_POINT('',(-0.0330425141476905,-0.015,-0.0640929302117427));
#3248=CARTESIAN_POINT('',(-0.0330425141476905,-0.015,-0.0640929302117427));
#3249=CARTESIAN_POINT('',(-0.0327062580008145,-0.015,-0.0593614471668943));
#3250=CARTESIAN_POINT('',(-0.0247275983550889,-0.015,-0.0675370811030285));
#3251=CARTESIAN_POINT('',(-0.0247275983550889,0.,-0.0675370811030285));
#3252=CARTESIAN_POINT('',(-0.0219559597575551,0.,-0.0686851314001238));
#3253=CARTESIAN_POINT('',(-0.0219559597575551,-0.015,-0.0686851314001238));
#3254=CARTESIAN_POINT('',(-0.0219559597575551,-0.015,-0.0686851314001238));
#3255=CARTESIAN_POINT('',(-0.0247275983550889,-0.015,-0.0675370811030285));
#3256=CARTESIAN_POINT('',(-0.0188480650131452,-0.015,-0.0651016986523706));
#3257=CARTESIAN_POINT('',(-0.0188480650131452,0.,-0.0651016986523706));
#3258=CARTESIAN_POINT('',(-0.0157401702687353,0.,-0.0615182659046175));
#3259=CARTESIAN_POINT('',(-0.0157401702687353,-0.015,-0.0615182659046175));
#3260=CARTESIAN_POINT('',(-0.0157401702687353,-0.015,-0.0615182659046175));
#3261=CARTESIAN_POINT('',(-0.0188480650131452,-0.015,-0.0651016986523706));
#3262=CARTESIAN_POINT('',(2.81025203108243E-16,-0.015,7.52869988573934E-16));
#3263=CARTESIAN_POINT('',(2.81025203108243E-16,0.,7.52869988573934E-16));
#3264=CARTESIAN_POINT('',(-0.009,0.,-0.0628589691293136));
#3265=CARTESIAN_POINT('',(-0.009,-0.015,-0.0628589691293136));
#3266=CARTESIAN_POINT('',(-0.009,-0.015,-0.0628589691293136));
#3267=CARTESIAN_POINT('',(2.81025203108243E-16,-0.015,7.52869988573934E-16));
#3268=CARTESIAN_POINT('',(-0.0075,-0.015,-0.0673589691293136));
#3269=CARTESIAN_POINT('',(-0.0075,0.,-0.0673589691293136));
#3270=CARTESIAN_POINT('',(-0.006,0.,-0.0718589691293136));
#3271=CARTESIAN_POINT('',(-0.006,-0.015,-0.0718589691293136));
#3272=CARTESIAN_POINT('',(-0.006,-0.015,-0.0718589691293136));
#3273=CARTESIAN_POINT('',(-0.0075,-0.015,-0.0673589691293136));
#3274=CARTESIAN_POINT('',(0.003,-0.015,-0.0718589691293136));
#3275=CARTESIAN_POINT('',(0.003,0.,-0.0718589691293136));
#3276=CARTESIAN_POINT('',(0.006,0.,-0.0718589691293136));
#3277=CARTESIAN_POINT('',(0.006,-0.015,-0.0718589691293136));
#3278=CARTESIAN_POINT('',(0.006,-0.015,-0.0718589691293136));
#3279=CARTESIAN_POINT('',(0.003,-0.015,-0.0718589691293136));
#3280=CARTESIAN_POINT('',(0.0075,-0.015,-0.0673589691293136));
#3281=CARTESIAN_POINT('',(0.0075,0.,-0.0673589691293136));
#3282=CARTESIAN_POINT('',(0.009,0.,-0.0628589691293136));
#3283=CARTESIAN_POINT('',(0.009,-0.015,-0.0628589691293136));
#3284=CARTESIAN_POINT('',(0.009,-0.015,-0.0628589691293136));
#3285=CARTESIAN_POINT('',(0.0075,-0.015,-0.0673589691293136));
#3286=CARTESIAN_POINT('',(3.26128013483639E-16,-0.015,-9.67975699595058E-16));
#3287=CARTESIAN_POINT('',(3.26128013483639E-16,0.,-9.67975699595058E-16));
#3288=CARTESIAN_POINT('',(0.0157401702687353,0.,-0.0615182659046175));
#3289=CARTESIAN_POINT('',(0.0157401702687353,-0.015,-0.0615182659046175));
#3290=CARTESIAN_POINT('',(0.0157401702687353,-0.015,-0.0615182659046175));
#3291=CARTESIAN_POINT('',(3.26128013483639E-16,-0.015,-9.67975699595058E-16));
#3292=CARTESIAN_POINT('',(0.0188480650131452,-0.015,-0.0651016986523706));
#3293=CARTESIAN_POINT('',(0.0188480650131452,0.,-0.0651016986523706));
#3294=CARTESIAN_POINT('',(0.021955959757555,0.,-0.0686851314001238));
#3295=CARTESIAN_POINT('',(0.021955959757555,-0.015,-0.0686851314001238));
#3296=CARTESIAN_POINT('',(0.021955959757555,-0.015,-0.0686851314001238));
#3297=CARTESIAN_POINT('',(0.0188480650131452,-0.015,-0.0651016986523706));
#3298=CARTESIAN_POINT('',(0.0302708755501566,-0.015,-0.065240980508838));
#3299=CARTESIAN_POINT('',(0.0302708755501566,0.,-0.065240980508838));
#3300=CARTESIAN_POINT('',(0.0330425141476905,0.,-0.0640929302117427));
#3301=CARTESIAN_POINT('',(0.0330425141476905,-0.015,-0.0640929302117427));
#3302=CARTESIAN_POINT('',(0.0330425141476905,-0.015,-0.0640929302117427));
#3303=CARTESIAN_POINT('',(0.0302708755501566,-0.015,-0.065240980508838));
#3304=CARTESIAN_POINT('',(0.0327062580008145,-0.015,-0.0593614471668943));
#3305=CARTESIAN_POINT('',(0.0327062580008145,0.,-0.0593614471668943));
#3306=CARTESIAN_POINT('',(0.0323700018539385,0.,-0.0546299641220459));
#3307=CARTESIAN_POINT('',(0.0323700018539385,-0.015,-0.0546299641220459));
#3308=CARTESIAN_POINT('',(0.0323700018539385,-0.015,-0.0546299641220459));
#3309=CARTESIAN_POINT('',(0.0327062580008145,-0.015,-0.0593614471668943));
#3310=CARTESIAN_POINT('',(1.21430643318376E-16,-0.015,-6.93889390390723E-17));
#3311=CARTESIAN_POINT('',(1.21430643318376E-16,0.,-6.93889390390723E-17));
#3312=CARTESIAN_POINT('',(0.0380840422990546,0.,-0.0508119643604124));
#3313=CARTESIAN_POINT('',(0.0380840422990546,-0.015,-0.0508119643604124));
#3314=CARTESIAN_POINT('',(0.0380840422990546,-0.015,-0.0508119643604125));
#3315=CARTESIAN_POINT('',(1.21430643318376E-16,-0.015,-6.93889390390723E-17));
#3316=CARTESIAN_POINT('',(0.0423266829861739,-0.015,-0.0529332847039721));
#3317=CARTESIAN_POINT('',(0.0423266829861739,0.,-0.0529332847039721));
#3318=CARTESIAN_POINT('',(0.0465693236732931,0.,-0.0550546050475317));
#3319=CARTESIAN_POINT('',(0.0465693236732931,-0.015,-0.0550546050475317));
#3320=CARTESIAN_POINT('',(0.0465693236732931,-0.015,-0.0550546050475317));
#3321=CARTESIAN_POINT('',(0.0423266829861739,-0.015,-0.0529332847039721));
#3322=CARTESIAN_POINT('',(0.0529332847039721,-0.015,-0.0486906440168528));
#3323=CARTESIAN_POINT('',(0.0529332847039721,0.,-0.0486906440168528));
#3324=CARTESIAN_POINT('',(0.0550546050475317,0.,-0.0465693236732931));
#3325=CARTESIAN_POINT('',(0.0550546050475317,-0.015,-0.0465693236732931));
#3326=CARTESIAN_POINT('',(0.0550546050475317,-0.015,-0.0465693236732931));
#3327=CARTESIAN_POINT('',(0.0529332847039721,-0.015,-0.0486906440168528));
#3328=CARTESIAN_POINT('',(0.0529332847039721,-0.015,-0.0423266829861739));
#3329=CARTESIAN_POINT('',(0.0529332847039721,0.,-0.0423266829861739));
#3330=CARTESIAN_POINT('',(0.0508119643604124,0.,-0.0380840422990546));
#3331=CARTESIAN_POINT('',(0.0508119643604124,-0.015,-0.0380840422990546));
#3332=CARTESIAN_POINT('',(0.0508119643604124,-0.015,-0.0380840422990546));
#3333=CARTESIAN_POINT('',(0.0529332847039721,-0.015,-0.0423266829861739));
#3334=CARTESIAN_POINT('',(1.07552855510562E-16,-0.015,-9.71445146547012E-17));
#3335=CARTESIAN_POINT('',(1.07552855510562E-16,0.,-9.71445146547012E-17));
#3336=CARTESIAN_POINT('',(0.0546299641220458,0.,-0.0323700018539386));
#3337=CARTESIAN_POINT('',(0.0546299641220458,-0.015,-0.0323700018539386));
#3338=CARTESIAN_POINT('',(0.0546299641220458,-0.015,-0.0323700018539386));
#3339=CARTESIAN_POINT('',(1.07552855510562E-16,-0.015,-9.71445146547012E-17));
#3340=CARTESIAN_POINT('',(0.0593614471668943,-0.015,-0.0327062580008146));
#3341=CARTESIAN_POINT('',(0.0593614471668943,0.,-0.0327062580008146));
#3342=CARTESIAN_POINT('',(0.0640929302117427,0.,-0.0330425141476905));
#3343=CARTESIAN_POINT('',(0.0640929302117427,-0.015,-0.0330425141476905));
#3344=CARTESIAN_POINT('',(0.0640929302117427,-0.015,-0.0330425141476905));
#3345=CARTESIAN_POINT('',(0.0593614471668943,-0.015,-0.0327062580008146));
#3346=CARTESIAN_POINT('',(0.0652409805088379,-0.015,-0.0302708755501566));
#3347=CARTESIAN_POINT('',(0.0652409805088379,0.,-0.0302708755501566));
#3348=CARTESIAN_POINT('',(0.0686851314001238,0.,-0.0219559597575551));
#3349=CARTESIAN_POINT('',(0.0686851314001238,-0.015,-0.0219559597575551));
#3350=CARTESIAN_POINT('',(0.0686851314001238,-0.015,-0.0219559597575551));
#3351=CARTESIAN_POINT('',(0.0652409805088379,-0.015,-0.0302708755501566));
#3352=CARTESIAN_POINT('',(0.0651016986523706,-0.015,-0.0188480650131453));
#3353=CARTESIAN_POINT('',(0.0651016986523706,0.,-0.0188480650131453));
#3354=CARTESIAN_POINT('',(0.0615182659046175,0.,-0.0157401702687354));
#3355=CARTESIAN_POINT('',(0.0615182659046175,-0.015,-0.0157401702687354));
#3356=CARTESIAN_POINT('',(0.0615182659046175,-0.015,-0.0157401702687354));
#3357=CARTESIAN_POINT('',(0.0651016986523706,-0.015,-0.0188480650131453));
#3358=CARTESIAN_POINT('',(-1.6757428777936E-15,-0.015,3.32199545649559E-16));
#3359=CARTESIAN_POINT('',(-1.6757428777936E-15,0.,3.32199545649559E-16));
#3360=CARTESIAN_POINT('',(0.0628589691293136,0.,-0.009));
#3361=CARTESIAN_POINT('',(0.0628589691293136,-0.015,-0.009));
#3362=CARTESIAN_POINT('',(0.0628589691293136,-0.015,-0.009));
#3363=CARTESIAN_POINT('',(-1.6757428777936E-15,-0.015,3.32199545649559E-16));
#3364=CARTESIAN_POINT('',(0.0673589691293136,-0.015,-0.0075));
#3365=CARTESIAN_POINT('',(0.0673589691293136,0.,-0.0075));
#3366=CARTESIAN_POINT('',(0.0673589691293136,-0.015,-0.0075));
#3367=CARTESIAN_POINT('',(0.,0.,-0.00515482202172279));
#3368=CARTESIAN_POINT('',(0.,0.,9.33180860950283E-19));
#3369=CARTESIAN_POINT('',(0.,0.,-0.01524));
#3370=CARTESIAN_POINT('',(0.009,-0.015,0.0628589691293136));
#3371=CARTESIAN_POINT('',(0.00525,-0.05,0.0377365538967193));
#3372=CARTESIAN_POINT('',(0.008,-0.015,0.0658589691293136));
#3373=CARTESIAN_POINT('',(0.004625,-0.05,0.0394865538967192));
#3374=CARTESIAN_POINT('',(0.007,-0.015,0.0688589691293137));
#3375=CARTESIAN_POINT('',(0.004,-0.05,0.0412365538967193));
#3376=CARTESIAN_POINT('',(0.006,-0.015,0.0718589691293136));
#3377=CARTESIAN_POINT('',(0.003375,-0.05,0.0429865538967193));
#3378=CARTESIAN_POINT('',(0.0043125,-0.05,0.0403615538967193));
#3379=CARTESIAN_POINT('',(0.00525,-0.05,0.0377365538967193));
#3380=CARTESIAN_POINT('',(0.003375,-0.05,0.0429865538967193));
#3381=CARTESIAN_POINT('',(0.007125,-0.0325,0.0502977615130165));
#3382=CARTESIAN_POINT('',(0.006,-0.015,0.0718589691293136));
#3383=CARTESIAN_POINT('',(0.0157401702687354,-0.015,0.0615182659046175));
#3384=CARTESIAN_POINT('',(0.00959078642514251,-0.05,0.0368731177926047));
#3385=CARTESIAN_POINT('',(0.014630003463975,-0.015,0.0618023151097872));
#3386=CARTESIAN_POINT('',(0.00887649960742483,-0.05,0.0370589055080227));
#3387=CARTESIAN_POINT('',(0.0135121461029836,-0.015,0.0620563055765039));
#3388=CARTESIAN_POINT('',(0.00815681305801664,-0.05,0.0372239321320936));
#3389=CARTESIAN_POINT('',(0.0112643247930647,-0.015,0.0625034250347064));
#3390=CARTESIAN_POINT('',(0.00670906947961237,-0.05,0.0375119062346327));
#3391=CARTESIAN_POINT('',(0.0101343613133864,-0.015,0.0626965539328525));
#3392=CARTESIAN_POINT('',(0.00598101285185936,-0.05,0.0376348536332886));
#3393=CARTESIAN_POINT('',(0.009,-0.015,0.0628589691293136));
#3394=CARTESIAN_POINT('',(0.00525,-0.05,0.0377365538967193));
#3395=CARTESIAN_POINT('',(4.70543742858709E-16,-0.05,1.64798730217797E-15));
#3396=CARTESIAN_POINT('',(0.00959078642514251,-0.05,0.0368731177926047));
#3397=CARTESIAN_POINT('',(0.0126654783469389,-0.0325,0.0491956918486111));
#3398=CARTESIAN_POINT('',(0.0219559597575551,-0.015,0.0686851314001238));
#3399=CARTESIAN_POINT('',(0.0133321485685179,-0.05,0.0410059539026045));
#3400=CARTESIAN_POINT('',(0.0198840299279486,-0.015,0.066296176234955));
#3401=CARTESIAN_POINT('',(0.0120850278540595,-0.05,0.0396283418659379));
#3402=CARTESIAN_POINT('',(0.0178121000983419,-0.015,0.0639072210697862));
#3403=CARTESIAN_POINT('',(0.0108379071396009,-0.05,0.0382507298292713));
#3404=CARTESIAN_POINT('',(0.0157401702687354,-0.015,0.0615182659046175));
#3405=CARTESIAN_POINT('',(0.00959078642514251,-0.05,0.0368731177926047));
#3406=CARTESIAN_POINT('',(0.0114614674968302,-0.05,0.0389395358476046));
#3407=CARTESIAN_POINT('',(0.0133321485685179,-0.05,0.0410059539026044));
#3408=CARTESIAN_POINT('',(0.0219559597575551,-0.015,0.0686851314001237));
#3409=CARTESIAN_POINT('',(0.0191814698275295,-0.0413482651935927,0.046308164603872));
#3410=CARTESIAN_POINT('',(0.0180092887018563,-0.05,0.0390686190262561));
#3411=CARTESIAN_POINT('',(0.0195683354129691,-0.05,0.0384228407341401));
#3412=CARTESIAN_POINT('',(0.0263054247803298,-0.0325,0.0512578854729414));
#3413=CARTESIAN_POINT('',(0.0323700018539385,-0.015,0.0546299641220458));
#3414=CARTESIAN_POINT('',(0.019291521516511,-0.05,0.0328549417527713));
#3415=CARTESIAN_POINT('',(0.0325941726185226,-0.015,0.0577842861519447));
#3416=CARTESIAN_POINT('',(0.0193837928153304,-0.05,0.0347109080798942));
#3417=CARTESIAN_POINT('',(0.0328183433831065,-0.015,0.0609386081818438));
#3418=CARTESIAN_POINT('',(0.0194760641141497,-0.05,0.0365668744070171));
#3419=CARTESIAN_POINT('',(0.0330425141476905,-0.015,0.0640929302117427));
#3420=CARTESIAN_POINT('',(0.0195683354129691,-0.05,0.0384228407341401));
#3421=CARTESIAN_POINT('',(0.01942992846474,-0.05,0.0356388912434557));
#3422=CARTESIAN_POINT('',(0.019291521516511,-0.05,0.0328549417527713));
#3423=CARTESIAN_POINT('',(0.0258307616852248,-0.0325,0.0437424529374085));
#3424=CARTESIAN_POINT('',(0.0380840422990546,-0.015,0.0508119643604124));
#3425=CARTESIAN_POINT('',(0.0229714625577525,-0.05,0.0303960837602112));
#3426=CARTESIAN_POINT('',(0.037167082835258,-0.015,0.0514992340506383));
#3427=CARTESIAN_POINT('',(0.0223826454671479,-0.05,0.0308410749589752));
#3428=CARTESIAN_POINT('',(0.0362315152427621,-0.015,0.0521616761360897));
#3429=CARTESIAN_POINT('',(0.0217808947492571,-0.05,0.0312689517982283));
#3430=CARTESIAN_POINT('',(0.0343259043507275,-0.015,0.0534349646263336));
#3431=CARTESIAN_POINT('',(0.0205535570068366,-0.05,0.0320890326592257));
#3432=CARTESIAN_POINT('',(0.0333558614489989,-0.015,0.0540458107653178));
#3433=CARTESIAN_POINT('',(0.0199279703224645,-0.05,0.0324812364536841));
#3434=CARTESIAN_POINT('',(0.0323700018539385,-0.015,0.0546299641220458));
#3435=CARTESIAN_POINT('',(0.019291521516511,-0.05,0.0328549417527713));
#3436=CARTESIAN_POINT('',(1.59941504485061E-15,-0.05,2.30024332914525E-15));
#3437=CARTESIAN_POINT('',(0.0229714625577525,-0.05,0.0303960837602112));
#3438=CARTESIAN_POINT('',(0.0305277524284036,-0.0325,0.0406040240603118));
#3439=CARTESIAN_POINT('',(0.0465693236732931,-0.015,0.0550546050475317));
#3440=CARTESIAN_POINT('',(0.0280095983737066,-0.05,0.0327825691467158));
#3441=CARTESIAN_POINT('',(0.0437408965485469,-0.015,0.0536403914851586));
#3442=CARTESIAN_POINT('',(0.0263302197683886,-0.05,0.0319870740178809));
#3443=CARTESIAN_POINT('',(0.0409124694238008,-0.015,0.0522261779227855));
#3444=CARTESIAN_POINT('',(0.0246508411630705,-0.05,0.0311915788890461));
#3445=CARTESIAN_POINT('',(0.0380840422990546,-0.015,0.0508119643604124));
#3446=CARTESIAN_POINT('',(0.0229714625577525,-0.05,0.0303960837602112));
#3447=CARTESIAN_POINT('',(0.0254905304657295,-0.05,0.0315893264534635));
#3448=CARTESIAN_POINT('',(0.0280095983737066,-0.05,0.0327825691467158));
#3449=CARTESIAN_POINT('',(0.0465693236732931,-0.015,0.0550546050475317));
#3450=CARTESIAN_POINT('',(0.0354427347542746,-0.0413482651935927,0.0354427347542746));
#3451=CARTESIAN_POINT('',(0.0315893264534636,-0.05,0.0292028410669589));
#3452=CARTESIAN_POINT('',(0.0327825691467159,-0.05,0.0280095983737066));
#3453=CARTESIAN_POINT('',(0.0439185870971237,-0.0325,0.0372894610234999));
#3454=CARTESIAN_POINT('',(0.0508119643604124,-0.015,0.0380840422990546));
#3455=CARTESIAN_POINT('',(0.0303960837602112,-0.05,0.0229714625577524));
#3456=CARTESIAN_POINT('',(0.0522261779227855,-0.015,0.0409124694238008));
#3457=CARTESIAN_POINT('',(0.0311915788890461,-0.05,0.0246508411630705));
#3458=CARTESIAN_POINT('',(0.0536403914851586,-0.015,0.043740896548547));
#3459=CARTESIAN_POINT('',(0.0319870740178809,-0.05,0.0263302197683885));
#3460=CARTESIAN_POINT('',(0.0550546050475317,-0.015,0.0465693236732931));
#3461=CARTESIAN_POINT('',(0.0327825691467159,-0.05,0.0280095983737066));
#3462=CARTESIAN_POINT('',(0.0315893264534636,-0.05,0.0254905304657295));
#3463=CARTESIAN_POINT('',(0.0303960837602112,-0.05,0.0229714625577524));
#3464=CARTESIAN_POINT('',(0.0406040240603119,-0.0325,0.0305277524284035));
#3465=CARTESIAN_POINT('',(0.0546299641220459,-0.015,0.0323700018539385));
#3466=CARTESIAN_POINT('',(0.0328549417527713,-0.05,0.019291521516511));
#3467=CARTESIAN_POINT('',(0.0540458107653178,-0.015,0.0333558614489989));
#3468=CARTESIAN_POINT('',(0.0324812364536841,-0.05,0.0199279703224645));
#3469=CARTESIAN_POINT('',(0.0534349646263336,-0.015,0.0343259043507274));
#3470=CARTESIAN_POINT('',(0.0320890326592257,-0.05,0.0205535570068366));
#3471=CARTESIAN_POINT('',(0.0521616761360897,-0.015,0.0362315152427621));
#3472=CARTESIAN_POINT('',(0.0312689517982283,-0.05,0.0217808947492571));
#3473=CARTESIAN_POINT('',(0.0514992340506383,-0.015,0.037167082835258));
#3474=CARTESIAN_POINT('',(0.0308410749589752,-0.05,0.0223826454671479));
#3475=CARTESIAN_POINT('',(0.0508119643604124,-0.015,0.0380840422990546));
#3476=CARTESIAN_POINT('',(0.0303960837602112,-0.05,0.0229714625577525));
#3477=CARTESIAN_POINT('',(3.18321757841744E-15,-0.05,2.16320017454308E-15));
#3478=CARTESIAN_POINT('',(0.0328549417527713,-0.05,0.019291521516511));
#3479=CARTESIAN_POINT('',(0.0437424529374085,-0.0325,0.0258307616852248));
#3480=CARTESIAN_POINT('',(0.0640929302117427,-0.015,0.0330425141476905));
#3481=CARTESIAN_POINT('',(0.0384228407341401,-0.05,0.019568335412969));
#3482=CARTESIAN_POINT('',(0.0609386081818438,-0.015,0.0328183433831065));
#3483=CARTESIAN_POINT('',(0.0365668744070171,-0.05,0.0194760641141497));
#3484=CARTESIAN_POINT('',(0.0577842861519447,-0.015,0.0325941726185226));
#3485=CARTESIAN_POINT('',(0.0347109080798942,-0.05,0.0193837928153304));
#3486=CARTESIAN_POINT('',(0.0546299641220458,-0.015,0.0323700018539385));
#3487=CARTESIAN_POINT('',(0.0328549417527713,-0.05,0.019291521516511));
#3488=CARTESIAN_POINT('',(0.0356388912434557,-0.05,0.01942992846474));
#3489=CARTESIAN_POINT('',(0.0384228407341401,-0.05,0.019568335412969));
#3490=CARTESIAN_POINT('',(0.0640929302117427,-0.015,0.0330425141476905));
#3491=CARTESIAN_POINT('',(0.046308164603872,-0.0413482651935927,0.0191814698275295));
#3492=CARTESIAN_POINT('',(0.0403601756104884,-0.05,0.0148911952796307));
#3493=CARTESIAN_POINT('',(0.0410059539026045,-0.05,0.0133321485685179));
#3494=CARTESIAN_POINT('',(0.0548455426513641,-0.0325,0.0176440541630364));
#3495=CARTESIAN_POINT('',(0.0615182659046175,-0.015,0.0157401702687353));
#3496=CARTESIAN_POINT('',(0.0368731177926047,-0.05,0.00959078642514249));
#3497=CARTESIAN_POINT('',(0.0639072210697862,-0.015,0.0178121000983419));
#3498=CARTESIAN_POINT('',(0.0382507298292713,-0.05,0.010837907139601));
#3499=CARTESIAN_POINT('',(0.066296176234955,-0.015,0.0198840299279485));
#3500=CARTESIAN_POINT('',(0.0396283418659378,-0.05,0.0120850278540594));
#3501=CARTESIAN_POINT('',(0.0686851314001238,-0.015,0.0219559597575551));
#3502=CARTESIAN_POINT('',(0.0410059539026045,-0.05,0.0133321485685179));
#3503=CARTESIAN_POINT('',(0.0389395358476046,-0.05,0.0114614674968302));
#3504=CARTESIAN_POINT('',(0.0368731177926047,-0.05,0.00959078642514249));
#3505=CARTESIAN_POINT('',(0.0491956918486111,-0.0325,0.0126654783469389));
#3506=CARTESIAN_POINT('',(0.0628589691293136,-0.015,0.009));
#3507=CARTESIAN_POINT('',(0.0377365538967193,-0.05,0.00525));
#3508=CARTESIAN_POINT('',(0.0626965539328525,-0.015,0.0101343613133864));
#3509=CARTESIAN_POINT('',(0.0376348536332886,-0.05,0.00598101285185938));
#3510=CARTESIAN_POINT('',(0.0625034250347064,-0.015,0.0112643247930647));
#3511=CARTESIAN_POINT('',(0.0375119062346327,-0.05,0.00670906947961236));
#3512=CARTESIAN_POINT('',(0.0620563055765039,-0.015,0.0135121461029836));
#3513=CARTESIAN_POINT('',(0.0372239321320936,-0.05,0.00815681305801664));
#3514=CARTESIAN_POINT('',(0.0618023151097872,-0.015,0.014630003463975));
#3515=CARTESIAN_POINT('',(0.0370589055080227,-0.05,0.00887649960742483));
#3516=CARTESIAN_POINT('',(0.0615182659046175,-0.015,0.0157401702687353));
#3517=CARTESIAN_POINT('',(0.0368731177926047,-0.05,0.0095907864251425));
#3518=CARTESIAN_POINT('',(1.85268467234323E-15,-0.05,4.83120488059541E-16));
#3519=CARTESIAN_POINT('',(0.0377365538967193,-0.05,0.00525));
#3520=CARTESIAN_POINT('',(0.0502977615130165,-0.0325,0.007125));
#3521=CARTESIAN_POINT('',(0.0718589691293136,-0.015,0.006));
#3522=CARTESIAN_POINT('',(0.0429865538967193,-0.05,0.003375));
#3523=CARTESIAN_POINT('',(0.0688589691293136,-0.015,0.007));
#3524=CARTESIAN_POINT('',(0.0412365538967192,-0.05,0.004));
#3525=CARTESIAN_POINT('',(0.0658589691293135,-0.015,0.008));
#3526=CARTESIAN_POINT('',(0.0394865538967193,-0.05,0.004625));
#3527=CARTESIAN_POINT('',(0.0628589691293136,-0.015,0.009));
#3528=CARTESIAN_POINT('',(0.0377365538967193,-0.05,0.00525));
#3529=CARTESIAN_POINT('',(0.0403615538967193,-0.05,0.0043125));
#3530=CARTESIAN_POINT('',(0.0429865538967193,-0.05,0.003375));
#3531=CARTESIAN_POINT('',(0.0718589691293136,-0.015,0.006));
#3532=CARTESIAN_POINT('',(0.0501235961770874,-0.0413482651935927,0.));
#3533=CARTESIAN_POINT('',(0.0429865538967193,-0.05,-0.0016875));
#3534=CARTESIAN_POINT('',(0.0429865538967193,-0.05,-0.003375));
#3535=CARTESIAN_POINT('',(0.0574227615130164,-0.0325,-0.0046875));
#3536=CARTESIAN_POINT('',(0.0628589691293136,-0.015,-0.009));
#3537=CARTESIAN_POINT('',(0.0377365538967193,-0.05,-0.00525));
#3538=CARTESIAN_POINT('',(0.0658589691293136,-0.015,-0.008));
#3539=CARTESIAN_POINT('',(0.0394865538967193,-0.05,-0.004625));
#3540=CARTESIAN_POINT('',(0.0688589691293137,-0.015,-0.007));
#3541=CARTESIAN_POINT('',(0.0412365538967193,-0.05,-0.004));
#3542=CARTESIAN_POINT('',(0.0718589691293136,-0.015,-0.006));
#3543=CARTESIAN_POINT('',(0.0429865538967193,-0.05,-0.003375));
#3544=CARTESIAN_POINT('',(0.0403615538967193,-0.05,-0.0043125));
#3545=CARTESIAN_POINT('',(0.0377365538967193,-0.05,-0.00525));
#3546=CARTESIAN_POINT('',(0.0502977615130165,-0.0325,-0.007125));
#3547=CARTESIAN_POINT('',(0.0615182659046175,-0.015,-0.0157401702687354));
#3548=CARTESIAN_POINT('',(0.0368731177926047,-0.05,-0.00959078642514251));
#3549=CARTESIAN_POINT('',(0.0618023151097872,-0.015,-0.0146300034639751));
#3550=CARTESIAN_POINT('',(0.0370589055080227,-0.05,-0.00887649960742482));
#3551=CARTESIAN_POINT('',(0.0620563055765039,-0.015,-0.0135121461029836));
#3552=CARTESIAN_POINT('',(0.0372239321320936,-0.05,-0.00815681305801664));
#3553=CARTESIAN_POINT('',(0.0625034250347064,-0.015,-0.0112643247930647));
#3554=CARTESIAN_POINT('',(0.0375119062346326,-0.05,-0.00670906947961237));
#3555=CARTESIAN_POINT('',(0.0626965539328525,-0.015,-0.0101343613133865));
#3556=CARTESIAN_POINT('',(0.0376348536332886,-0.05,-0.0059810128518594));
#3557=CARTESIAN_POINT('',(0.0628589691293136,-0.015,-0.009));
#3558=CARTESIAN_POINT('',(0.0377365538967193,-0.05,-0.00525));
#3559=CARTESIAN_POINT('',(1.85962356624714E-15,-0.05,-4.99166680212326E-16));
#3560=CARTESIAN_POINT('',(0.0368731177926047,-0.05,-0.0095907864251425));
#3561=CARTESIAN_POINT('',(0.0491956918486111,-0.0325,-0.0126654783469389));
#3562=CARTESIAN_POINT('',(0.0686851314001238,-0.015,-0.0219559597575551));
#3563=CARTESIAN_POINT('',(0.0410059539026045,-0.05,-0.0133321485685179));
#3564=CARTESIAN_POINT('',(0.066296176234955,-0.015,-0.0198840299279486));
#3565=CARTESIAN_POINT('',(0.0396283418659379,-0.05,-0.0120850278540594));
#3566=CARTESIAN_POINT('',(0.0639072210697862,-0.015,-0.0178121000983419));
#3567=CARTESIAN_POINT('',(0.0382507298292713,-0.05,-0.0108379071396009));
#3568=CARTESIAN_POINT('',(0.0615182659046175,-0.015,-0.0157401702687354));
#3569=CARTESIAN_POINT('',(0.0368731177926047,-0.05,-0.00959078642514251));
#3570=CARTESIAN_POINT('',(0.0389395358476046,-0.05,-0.0114614674968302));
#3571=CARTESIAN_POINT('',(0.0410059539026045,-0.05,-0.0133321485685179));
#3572=CARTESIAN_POINT('',(0.0686851314001238,-0.015,-0.0219559597575551));
#3573=CARTESIAN_POINT('',(0.046308164603872,-0.0413482651935927,-0.0191814698275295));
#3574=CARTESIAN_POINT('',(0.0390686190262561,-0.05,-0.0180092887018563));
#3575=CARTESIAN_POINT('',(0.0384228407341401,-0.05,-0.0195683354129691));
#3576=CARTESIAN_POINT('',(0.0512578854729414,-0.0325,-0.0263054247803298));
#3577=CARTESIAN_POINT('',(0.0546299641220458,-0.015,-0.0323700018539385));
#3578=CARTESIAN_POINT('',(0.0328549417527713,-0.05,-0.019291521516511));
#3579=CARTESIAN_POINT('',(0.0577842861519447,-0.015,-0.0325941726185226));
#3580=CARTESIAN_POINT('',(0.0347109080798942,-0.05,-0.0193837928153304));
#3581=CARTESIAN_POINT('',(0.0609386081818438,-0.015,-0.0328183433831065));
#3582=CARTESIAN_POINT('',(0.0365668744070171,-0.05,-0.0194760641141497));
#3583=CARTESIAN_POINT('',(0.0640929302117427,-0.015,-0.0330425141476905));
#3584=CARTESIAN_POINT('',(0.0384228407341401,-0.05,-0.0195683354129691));
#3585=CARTESIAN_POINT('',(0.0356388912434557,-0.05,-0.01942992846474));
#3586=CARTESIAN_POINT('',(0.0328549417527713,-0.05,-0.019291521516511));
#3587=CARTESIAN_POINT('',(0.0437424529374085,-0.0325,-0.0258307616852248));
#3588=CARTESIAN_POINT('',(0.0508119643604124,-0.015,-0.0380840422990546));
#3589=CARTESIAN_POINT('',(0.0303960837602112,-0.05,-0.0229714625577525));
#3590=CARTESIAN_POINT('',(0.0514992340506383,-0.015,-0.037167082835258));
#3591=CARTESIAN_POINT('',(0.0308410749589752,-0.05,-0.0223826454671479));
#3592=CARTESIAN_POINT('',(0.0521616761360897,-0.015,-0.0362315152427621));
#3593=CARTESIAN_POINT('',(0.0312689517982283,-0.05,-0.0217808947492571));
#3594=CARTESIAN_POINT('',(0.0534349646263336,-0.015,-0.0343259043507275));
#3595=CARTESIAN_POINT('',(0.0320890326592257,-0.05,-0.0205535570068366));
#3596=CARTESIAN_POINT('',(0.0540458107653177,-0.015,-0.0333558614489989));
#3597=CARTESIAN_POINT('',(0.0324812364536841,-0.05,-0.0199279703224645));
#3598=CARTESIAN_POINT('',(0.0546299641220458,-0.015,-0.0323700018539386));
#3599=CARTESIAN_POINT('',(0.0328549417527713,-0.05,-0.019291521516511));
#3600=CARTESIAN_POINT('',(2.45289899503121E-15,-0.05,-1.64972202565394E-15));
#3601=CARTESIAN_POINT('',(0.0303960837602112,-0.05,-0.0229714625577525));
#3602=CARTESIAN_POINT('',(0.0406040240603118,-0.0325,-0.0305277524284036));
#3603=CARTESIAN_POINT('',(0.0550546050475317,-0.015,-0.0465693236732931));
#3604=CARTESIAN_POINT('',(0.0327825691467158,-0.05,-0.0280095983737066));
#3605=CARTESIAN_POINT('',(0.0536403914851587,-0.015,-0.043740896548547));
#3606=CARTESIAN_POINT('',(0.0319870740178809,-0.05,-0.0263302197683886));
#3607=CARTESIAN_POINT('',(0.0522261779227855,-0.015,-0.0409124694238006));
#3608=CARTESIAN_POINT('',(0.0311915788890461,-0.05,-0.0246508411630705));
#3609=CARTESIAN_POINT('',(0.0508119643604124,-0.015,-0.0380840422990546));
#3610=CARTESIAN_POINT('',(0.0303960837602112,-0.05,-0.0229714625577525));
#3611=CARTESIAN_POINT('',(0.0315893264534635,-0.05,-0.0254905304657295));
#3612=CARTESIAN_POINT('',(0.0327825691467158,-0.05,-0.0280095983737066));
#3613=CARTESIAN_POINT('',(0.0550546050475317,-0.015,-0.0465693236732931));
#3614=CARTESIAN_POINT('',(0.0354427347542745,-0.0413482651935927,-0.0354427347542746));
#3615=CARTESIAN_POINT('',(0.0292028410669589,-0.05,-0.0315893264534636));
#3616=CARTESIAN_POINT('',(0.0280095983737066,-0.05,-0.0327825691467159));
#3617=CARTESIAN_POINT('',(0.0372894610234999,-0.0325,-0.0439185870971238));
#3618=CARTESIAN_POINT('',(0.0380840422990546,-0.015,-0.0508119643604124));
#3619=CARTESIAN_POINT('',(0.0229714625577524,-0.05,-0.0303960837602112));
#3620=CARTESIAN_POINT('',(0.0409124694238007,-0.015,-0.0522261779227855));
#3621=CARTESIAN_POINT('',(0.0246508411630705,-0.05,-0.0311915788890461));
#3622=CARTESIAN_POINT('',(0.043740896548547,-0.015,-0.0536403914851587));
#3623=CARTESIAN_POINT('',(0.0263302197683885,-0.05,-0.0319870740178809));
#3624=CARTESIAN_POINT('',(0.0465693236732931,-0.015,-0.0550546050475317));
#3625=CARTESIAN_POINT('',(0.0280095983737066,-0.05,-0.0327825691467159));
#3626=CARTESIAN_POINT('',(0.0254905304657295,-0.05,-0.0315893264534636));
#3627=CARTESIAN_POINT('',(0.0229714625577524,-0.05,-0.0303960837602112));
#3628=CARTESIAN_POINT('',(0.0305277524284035,-0.0325,-0.0406040240603119));
#3629=CARTESIAN_POINT('',(0.0323700018539385,-0.015,-0.0546299641220459));
#3630=CARTESIAN_POINT('',(0.019291521516511,-0.05,-0.0328549417527713));
#3631=CARTESIAN_POINT('',(0.0333558614489989,-0.015,-0.0540458107653178));
#3632=CARTESIAN_POINT('',(0.0199279703224645,-0.05,-0.0324812364536841));
#3633=CARTESIAN_POINT('',(0.0343259043507274,-0.015,-0.0534349646263336));
#3634=CARTESIAN_POINT('',(0.0205535570068366,-0.05,-0.0320890326592257));
#3635=CARTESIAN_POINT('',(0.0362315152427621,-0.015,-0.0521616761360897));
#3636=CARTESIAN_POINT('',(0.0217808947492571,-0.05,-0.0312689517982283));
#3637=CARTESIAN_POINT('',(0.037167082835258,-0.015,-0.0514992340506383));
#3638=CARTESIAN_POINT('',(0.0223826454671479,-0.05,-0.0308410749589752));
#3639=CARTESIAN_POINT('',(0.0380840422990546,-0.015,-0.0508119643604124));
#3640=CARTESIAN_POINT('',(0.0229714625577524,-0.05,-0.0303960837602112));
#3641=CARTESIAN_POINT('',(1.45716771982052E-15,-0.05,-2.11809736416768E-15));
#3642=CARTESIAN_POINT('',(0.019291521516511,-0.05,-0.0328549417527713));
#3643=CARTESIAN_POINT('',(0.0258307616852247,-0.0325,-0.0437424529374085));
#3644=CARTESIAN_POINT('',(0.0330425141476905,-0.015,-0.0640929302117427));
#3645=CARTESIAN_POINT('',(0.019568335412969,-0.05,-0.0384228407341401));
#3646=CARTESIAN_POINT('',(0.0328183433831065,-0.015,-0.0609386081818438));
#3647=CARTESIAN_POINT('',(0.0194760641141497,-0.05,-0.0365668744070171));
#3648=CARTESIAN_POINT('',(0.0325941726185225,-0.015,-0.0577842861519448));
#3649=CARTESIAN_POINT('',(0.0193837928153304,-0.05,-0.0347109080798942));
#3650=CARTESIAN_POINT('',(0.0323700018539385,-0.015,-0.0546299641220459));
#3651=CARTESIAN_POINT('',(0.019291521516511,-0.05,-0.0328549417527713));
#3652=CARTESIAN_POINT('',(0.01942992846474,-0.05,-0.0356388912434557));
#3653=CARTESIAN_POINT('',(0.019568335412969,-0.05,-0.0384228407341401));
#3654=CARTESIAN_POINT('',(0.0330425141476905,-0.015,-0.0640929302117427));
#3655=CARTESIAN_POINT('',(0.0191814698275295,-0.0413482651935927,-0.046308164603872));
#3656=CARTESIAN_POINT('',(0.0148911952796307,-0.05,-0.0403601756104884));
#3657=CARTESIAN_POINT('',(0.0133321485685179,-0.05,-0.0410059539026045));
#3658=CARTESIAN_POINT('',(0.0176440541630364,-0.0325,-0.0548455426513641));
#3659=CARTESIAN_POINT('',(0.0157401702687353,-0.015,-0.0615182659046175));
#3660=CARTESIAN_POINT('',(0.00959078642514247,-0.05,-0.0368731177926047));
#3661=CARTESIAN_POINT('',(0.0178121000983419,-0.015,-0.0639072210697862));
#3662=CARTESIAN_POINT('',(0.0108379071396009,-0.05,-0.0382507298292713));
#3663=CARTESIAN_POINT('',(0.0198840299279485,-0.015,-0.066296176234955));
#3664=CARTESIAN_POINT('',(0.0120850278540594,-0.05,-0.0396283418659379));
#3665=CARTESIAN_POINT('',(0.021955959757555,-0.015,-0.0686851314001238));
#3666=CARTESIAN_POINT('',(0.0133321485685179,-0.05,-0.0410059539026045));
#3667=CARTESIAN_POINT('',(0.0114614674968302,-0.05,-0.0389395358476046));
#3668=CARTESIAN_POINT('',(0.00959078642514246,-0.05,-0.0368731177926047));
#3669=CARTESIAN_POINT('',(0.0126654783469389,-0.0325,-0.0491956918486111));
#3670=CARTESIAN_POINT('',(0.009,-0.015,-0.0628589691293136));
#3671=CARTESIAN_POINT('',(0.00525,-0.05,-0.0377365538967193));
#3672=CARTESIAN_POINT('',(0.0101343613133864,-0.015,-0.0626965539328525));
#3673=CARTESIAN_POINT('',(0.00598101285185938,-0.05,-0.0376348536332886));
#3674=CARTESIAN_POINT('',(0.0112643247930647,-0.015,-0.0625034250347064));
#3675=CARTESIAN_POINT('',(0.00670906947961234,-0.05,-0.0375119062346327));
#3676=CARTESIAN_POINT('',(0.0135121461029836,-0.015,-0.062056305576504));
#3677=CARTESIAN_POINT('',(0.0081568130580166,-0.05,-0.0372239321320936));
#3678=CARTESIAN_POINT('',(0.014630003463975,-0.015,-0.0618023151097872));
#3679=CARTESIAN_POINT('',(0.00887649960742479,-0.05,-0.0370589055080227));
#3680=CARTESIAN_POINT('',(0.0157401702687353,-0.015,-0.0615182659046175));
#3681=CARTESIAN_POINT('',(0.00959078642514246,-0.05,-0.0368731177926047));
#3682=CARTESIAN_POINT('',(3.1485231088979E-16,-0.05,-9.33281230075522E-16));
#3683=CARTESIAN_POINT('',(0.00525,-0.05,-0.0377365538967193));
#3684=CARTESIAN_POINT('',(0.007125,-0.0325,-0.0502977615130165));
#3685=CARTESIAN_POINT('',(0.006,-0.015,-0.0718589691293136));
#3686=CARTESIAN_POINT('',(0.003375,-0.05,-0.0429865538967193));
#3687=CARTESIAN_POINT('',(0.007,-0.015,-0.0688589691293137));
#3688=CARTESIAN_POINT('',(0.004,-0.05,-0.0412365538967193));
#3689=CARTESIAN_POINT('',(0.008,-0.015,-0.0658589691293135));
#3690=CARTESIAN_POINT('',(0.004625,-0.05,-0.0394865538967193));
#3691=CARTESIAN_POINT('',(0.009,-0.015,-0.0628589691293136));
#3692=CARTESIAN_POINT('',(0.00525,-0.05,-0.0377365538967193));
#3693=CARTESIAN_POINT('',(0.0043125,-0.05,-0.0403615538967193));
#3694=CARTESIAN_POINT('',(0.003375,-0.05,-0.0429865538967193));
#3695=CARTESIAN_POINT('',(0.006,-0.015,-0.0718589691293136));
#3696=CARTESIAN_POINT('',(0.,-0.0413482651935927,-0.0501235961770874));
#3697=CARTESIAN_POINT('',(-0.0016875,-0.05,-0.0429865538967193));
#3698=CARTESIAN_POINT('',(-0.003375,-0.05,-0.0429865538967193));
#3699=CARTESIAN_POINT('',(-0.0046875,-0.0325,-0.0574227615130164));
#3700=CARTESIAN_POINT('',(-0.009,-0.015,-0.0628589691293136));
#3701=CARTESIAN_POINT('',(-0.00525,-0.05,-0.0377365538967193));
#3702=CARTESIAN_POINT('',(-0.008,-0.015,-0.0658589691293135));
#3703=CARTESIAN_POINT('',(-0.004625,-0.05,-0.0394865538967192));
#3704=CARTESIAN_POINT('',(-0.007,-0.015,-0.0688589691293136));
#3705=CARTESIAN_POINT('',(-0.004,-0.05,-0.0412365538967193));
#3706=CARTESIAN_POINT('',(-0.006,-0.015,-0.0718589691293136));
#3707=CARTESIAN_POINT('',(-0.003375,-0.05,-0.0429865538967193));
#3708=CARTESIAN_POINT('',(-0.0043125,-0.05,-0.0403615538967193));
#3709=CARTESIAN_POINT('',(-0.00525,-0.05,-0.0377365538967193));
#3710=CARTESIAN_POINT('',(-0.007125,-0.0325,-0.0502977615130165));
#3711=CARTESIAN_POINT('',(-0.0157401702687353,-0.015,-0.0615182659046175));
#3712=CARTESIAN_POINT('',(-0.00959078642514252,-0.05,-0.0368731177926047));
#3713=CARTESIAN_POINT('',(-0.014630003463975,-0.015,-0.0618023151097872));
#3714=CARTESIAN_POINT('',(-0.00887649960742486,-0.05,-0.0370589055080227));
#3715=CARTESIAN_POINT('',(-0.0135121461029836,-0.015,-0.0620563055765039));
#3716=CARTESIAN_POINT('',(-0.00815681305801668,-0.05,-0.0372239321320936));
#3717=CARTESIAN_POINT('',(-0.0112643247930647,-0.015,-0.0625034250347064));
#3718=CARTESIAN_POINT('',(-0.00670906947961238,-0.05,-0.0375119062346327));
#3719=CARTESIAN_POINT('',(-0.0101343613133865,-0.015,-0.0626965539328525));
#3720=CARTESIAN_POINT('',(-0.00598101285185942,-0.05,-0.0376348536332886));
#3721=CARTESIAN_POINT('',(-0.009,-0.015,-0.0628589691293136));
#3722=CARTESIAN_POINT('',(-0.00525,-0.05,-0.0377365538967193));
#3723=CARTESIAN_POINT('',(-4.9439619065339E-16,-0.05,-1.84574577843933E-15));
#3724=CARTESIAN_POINT('',(-0.0095907864251425,-0.05,-0.0368731177926047));
#3725=CARTESIAN_POINT('',(-0.0126654783469389,-0.0325,-0.0491956918486111));
#3726=CARTESIAN_POINT('',(-0.0219559597575551,-0.015,-0.0686851314001238));
#3727=CARTESIAN_POINT('',(-0.0133321485685179,-0.05,-0.0410059539026045));
#3728=CARTESIAN_POINT('',(-0.0198840299279486,-0.015,-0.0662961762349551));
#3729=CARTESIAN_POINT('',(-0.0120850278540594,-0.05,-0.0396283418659379));
#3730=CARTESIAN_POINT('',(-0.0178121000983419,-0.015,-0.0639072210697862));
#3731=CARTESIAN_POINT('',(-0.010837907139601,-0.05,-0.0382507298292713));
#3732=CARTESIAN_POINT('',(-0.0157401702687353,-0.015,-0.0615182659046175));
#3733=CARTESIAN_POINT('',(-0.0095907864251425,-0.05,-0.0368731177926047));
#3734=CARTESIAN_POINT('',(-0.0114614674968302,-0.05,-0.0389395358476046));
#3735=CARTESIAN_POINT('',(-0.0133321485685179,-0.05,-0.0410059539026044));
#3736=CARTESIAN_POINT('',(-0.0219559597575551,-0.015,-0.0686851314001238));
#3737=CARTESIAN_POINT('',(-0.0191814698275295,-0.0413482651935927,-0.046308164603872));
#3738=CARTESIAN_POINT('',(-0.0180092887018563,-0.05,-0.0390686190262561));
#3739=CARTESIAN_POINT('',(-0.019568335412969,-0.05,-0.0384228407341401));
#3740=CARTESIAN_POINT('',(-0.0263054247803297,-0.0325,-0.0512578854729414));
#3741=CARTESIAN_POINT('',(-0.0323700018539385,-0.015,-0.0546299641220459));
#3742=CARTESIAN_POINT('',(-0.019291521516511,-0.05,-0.0328549417527713));
#3743=CARTESIAN_POINT('',(-0.0325941726185225,-0.015,-0.0577842861519447));
#3744=CARTESIAN_POINT('',(-0.0193837928153304,-0.05,-0.0347109080798942));
#3745=CARTESIAN_POINT('',(-0.0328183433831065,-0.015,-0.0609386081818438));
#3746=CARTESIAN_POINT('',(-0.0194760641141497,-0.05,-0.0365668744070171));
#3747=CARTESIAN_POINT('',(-0.0330425141476905,-0.015,-0.0640929302117427));
#3748=CARTESIAN_POINT('',(-0.019568335412969,-0.05,-0.0384228407341401));
#3749=CARTESIAN_POINT('',(-0.01942992846474,-0.05,-0.0356388912434557));
#3750=CARTESIAN_POINT('',(-0.019291521516511,-0.05,-0.0328549417527713));
#3751=CARTESIAN_POINT('',(-0.0258307616852248,-0.0325,-0.0437424529374085));
#3752=CARTESIAN_POINT('',(-0.0380840422990546,-0.015,-0.0508119643604124));
#3753=CARTESIAN_POINT('',(-0.0229714625577525,-0.05,-0.0303960837602112));
#3754=CARTESIAN_POINT('',(-0.037167082835258,-0.015,-0.0514992340506383));
#3755=CARTESIAN_POINT('',(-0.0223826454671479,-0.05,-0.0308410749589752));
#3756=CARTESIAN_POINT('',(-0.0362315152427621,-0.015,-0.0521616761360897));
#3757=CARTESIAN_POINT('',(-0.0217808947492571,-0.05,-0.0312689517982283));
#3758=CARTESIAN_POINT('',(-0.0343259043507275,-0.015,-0.0534349646263336));
#3759=CARTESIAN_POINT('',(-0.0205535570068366,-0.05,-0.0320890326592257));
#3760=CARTESIAN_POINT('',(-0.0333558614489989,-0.015,-0.0540458107653178));
#3761=CARTESIAN_POINT('',(-0.0199279703224645,-0.05,-0.0324812364536841));
#3762=CARTESIAN_POINT('',(-0.0323700018539385,-0.015,-0.0546299641220459));
#3763=CARTESIAN_POINT('',(-0.019291521516511,-0.05,-0.0328549417527713));
#3764=CARTESIAN_POINT('',(-1.64972202565394E-15,-0.05,-2.45289899503121E-15));
#3765=CARTESIAN_POINT('',(-0.0229714625577525,-0.05,-0.0303960837602112));
#3766=CARTESIAN_POINT('',(-0.0305277524284036,-0.0325,-0.0406040240603118));
#3767=CARTESIAN_POINT('',(-0.0465693236732931,-0.015,-0.0550546050475317));
#3768=CARTESIAN_POINT('',(-0.0280095983737066,-0.05,-0.0327825691467158));
#3769=CARTESIAN_POINT('',(-0.043740896548547,-0.015,-0.0536403914851586));
#3770=CARTESIAN_POINT('',(-0.0263302197683885,-0.05,-0.0319870740178809));
#3771=CARTESIAN_POINT('',(-0.0409124694238008,-0.015,-0.0522261779227855));
#3772=CARTESIAN_POINT('',(-0.0246508411630705,-0.05,-0.0311915788890461));
#3773=CARTESIAN_POINT('',(-0.0380840422990546,-0.015,-0.0508119643604124));
#3774=CARTESIAN_POINT('',(-0.0229714625577525,-0.05,-0.0303960837602112));
#3775=CARTESIAN_POINT('',(-0.0254905304657295,-0.05,-0.0315893264534635));
#3776=CARTESIAN_POINT('',(-0.0280095983737066,-0.05,-0.0327825691467158));
#3777=CARTESIAN_POINT('',(-0.0465693236732931,-0.015,-0.0550546050475317));
#3778=CARTESIAN_POINT('',(-0.0354427347542746,-0.0413482651935927,-0.0354427347542746));
#3779=CARTESIAN_POINT('',(-0.0315893264534635,-0.05,-0.0292028410669589));
#3780=CARTESIAN_POINT('',(-0.0327825691467159,-0.05,-0.0280095983737066));
#3781=CARTESIAN_POINT('',(-0.0439185870971237,-0.0325,-0.0372894610234999));
#3782=CARTESIAN_POINT('',(-0.0508119643604124,-0.015,-0.0380840422990546));
#3783=CARTESIAN_POINT('',(-0.0303960837602112,-0.05,-0.0229714625577524));
#3784=CARTESIAN_POINT('',(-0.0522261779227855,-0.015,-0.0409124694238007));
#3785=CARTESIAN_POINT('',(-0.0311915788890461,-0.05,-0.0246508411630705));
#3786=CARTESIAN_POINT('',(-0.0536403914851587,-0.015,-0.043740896548547));
#3787=CARTESIAN_POINT('',(-0.0319870740178809,-0.05,-0.0263302197683886));
#3788=CARTESIAN_POINT('',(-0.0550546050475317,-0.015,-0.0465693236732931));
#3789=CARTESIAN_POINT('',(-0.0327825691467159,-0.05,-0.0280095983737066));
#3790=CARTESIAN_POINT('',(-0.0315893264534636,-0.05,-0.0254905304657295));
#3791=CARTESIAN_POINT('',(-0.0303960837602112,-0.05,-0.0229714625577524));
#3792=CARTESIAN_POINT('',(-0.0406040240603119,-0.0325,-0.0305277524284035));
#3793=CARTESIAN_POINT('',(-0.0546299641220459,-0.015,-0.0323700018539385));
#3794=CARTESIAN_POINT('',(-0.0328549417527713,-0.05,-0.019291521516511));
#3795=CARTESIAN_POINT('',(-0.0540458107653178,-0.015,-0.0333558614489989));
#3796=CARTESIAN_POINT('',(-0.0324812364536841,-0.05,-0.0199279703224645));
#3797=CARTESIAN_POINT('',(-0.0534349646263336,-0.015,-0.0343259043507274));
#3798=CARTESIAN_POINT('',(-0.0320890326592257,-0.05,-0.0205535570068366));
#3799=CARTESIAN_POINT('',(-0.0521616761360897,-0.015,-0.036231515242762));
#3800=CARTESIAN_POINT('',(-0.0312689517982283,-0.05,-0.0217808947492571));
#3801=CARTESIAN_POINT('',(-0.0514992340506383,-0.015,-0.0371670828352579));
#3802=CARTESIAN_POINT('',(-0.0308410749589752,-0.05,-0.0223826454671479));
#3803=CARTESIAN_POINT('',(-0.0508119643604124,-0.015,-0.0380840422990546));
#3804=CARTESIAN_POINT('',(-0.0303960837602112,-0.05,-0.0229714625577524));
#3805=CARTESIAN_POINT('',(-1.97758476261356E-15,-0.05,-1.35481903473789E-15));
#3806=CARTESIAN_POINT('',(-0.0328549417527713,-0.05,-0.019291521516511));
#3807=CARTESIAN_POINT('',(-0.0437424529374085,-0.0325,-0.0258307616852247));
#3808=CARTESIAN_POINT('',(-0.0640929302117427,-0.015,-0.0330425141476905));
#3809=CARTESIAN_POINT('',(-0.0384228407341401,-0.05,-0.019568335412969));
#3810=CARTESIAN_POINT('',(-0.0609386081818438,-0.015,-0.0328183433831065));
#3811=CARTESIAN_POINT('',(-0.0365668744070172,-0.05,-0.0194760641141497));
#3812=CARTESIAN_POINT('',(-0.0577842861519448,-0.015,-0.0325941726185225));
#3813=CARTESIAN_POINT('',(-0.0347109080798942,-0.05,-0.0193837928153304));
#3814=CARTESIAN_POINT('',(-0.0546299641220459,-0.015,-0.0323700018539385));
#3815=CARTESIAN_POINT('',(-0.0328549417527713,-0.05,-0.019291521516511));
#3816=CARTESIAN_POINT('',(-0.0356388912434557,-0.05,-0.01942992846474));
#3817=CARTESIAN_POINT('',(-0.0384228407341401,-0.05,-0.019568335412969));
#3818=CARTESIAN_POINT('',(-0.0640929302117427,-0.015,-0.0330425141476905));
#3819=CARTESIAN_POINT('',(-0.046308164603872,-0.0413482651935926,-0.0191814698275295));
#3820=CARTESIAN_POINT('',(-0.0403601756104884,-0.05,-0.0148911952796307));
#3821=CARTESIAN_POINT('',(-0.0410059539026045,-0.05,-0.0133321485685179));
#3822=CARTESIAN_POINT('',(-0.0548455426513641,-0.0325,-0.0176440541630364));
#3823=CARTESIAN_POINT('',(-0.0615182659046175,-0.015,-0.0157401702687353));
#3824=CARTESIAN_POINT('',(-0.0368731177926047,-0.05,-0.00959078642514249));
#3825=CARTESIAN_POINT('',(-0.0639072210697862,-0.015,-0.0178121000983419));
#3826=CARTESIAN_POINT('',(-0.0382507298292713,-0.05,-0.010837907139601));
#3827=CARTESIAN_POINT('',(-0.066296176234955,-0.015,-0.0198840299279485));
#3828=CARTESIAN_POINT('',(-0.0396283418659379,-0.05,-0.0120850278540594));
#3829=CARTESIAN_POINT('',(-0.0686851314001238,-0.015,-0.0219559597575551));
#3830=CARTESIAN_POINT('',(-0.0410059539026045,-0.05,-0.0133321485685179));
#3831=CARTESIAN_POINT('',(-0.0389395358476046,-0.05,-0.0114614674968302));
#3832=CARTESIAN_POINT('',(-0.0368731177926047,-0.05,-0.00959078642514249));
#3833=CARTESIAN_POINT('',(-0.0491956918486111,-0.0325,-0.0126654783469389));
#3834=CARTESIAN_POINT('',(-0.0628589691293136,-0.015,-0.009));
#3835=CARTESIAN_POINT('',(-0.0377365538967193,-0.05,-0.00525));
#3836=CARTESIAN_POINT('',(-0.0626965539328525,-0.015,-0.0101343613133865));
#3837=CARTESIAN_POINT('',(-0.0376348536332886,-0.05,-0.00598101285185939));
#3838=CARTESIAN_POINT('',(-0.0625034250347064,-0.015,-0.0112643247930647));
#3839=CARTESIAN_POINT('',(-0.0375119062346327,-0.05,-0.00670906947961235));
#3840=CARTESIAN_POINT('',(-0.062056305576504,-0.015,-0.0135121461029835));
#3841=CARTESIAN_POINT('',(-0.0372239321320936,-0.05,-0.00815681305801665));
#3842=CARTESIAN_POINT('',(-0.0618023151097872,-0.015,-0.014630003463975));
#3843=CARTESIAN_POINT('',(-0.0370589055080227,-0.05,-0.00887649960742483));
#3844=CARTESIAN_POINT('',(-0.0615182659046175,-0.015,-0.0157401702687353));
#3845=CARTESIAN_POINT('',(-0.0368731177926047,-0.05,-0.0095907864251425));
#3846=CARTESIAN_POINT('',(-1.83880688453541E-15,-0.05,-4.81819445452558E-16));
#3847=CARTESIAN_POINT('',(-0.0377365538967193,-0.05,-0.00525));
#3848=CARTESIAN_POINT('',(-0.0502977615130165,-0.0325,-0.007125));
#3849=CARTESIAN_POINT('',(-0.0718589691293136,-0.015,-0.006));
#3850=CARTESIAN_POINT('',(-0.0429865538967193,-0.05,-0.003375));
#3851=CARTESIAN_POINT('',(-0.0688589691293136,-0.015,-0.007));
#3852=CARTESIAN_POINT('',(-0.0412365538967193,-0.05,-0.004));
#3853=CARTESIAN_POINT('',(-0.0658589691293136,-0.015,-0.008));
#3854=CARTESIAN_POINT('',(-0.0394865538967192,-0.05,-0.004625));
#3855=CARTESIAN_POINT('',(-0.0628589691293136,-0.015,-0.009));
#3856=CARTESIAN_POINT('',(-0.0377365538967193,-0.05,-0.00525));
#3857=CARTESIAN_POINT('',(-0.0403615538967193,-0.05,-0.0043125));
#3858=CARTESIAN_POINT('',(-0.0429865538967193,-0.05,-0.003375));
#3859=CARTESIAN_POINT('',(-0.0718589691293136,-0.015,-0.006));
#3860=CARTESIAN_POINT('',(-0.0501235961770874,-0.0413482651935927,0.));
#3861=CARTESIAN_POINT('',(-0.0429865538967193,-0.05,0.0016875));
#3862=CARTESIAN_POINT('',(-0.0429865538967193,-0.05,0.003375));
#3863=CARTESIAN_POINT('',(-0.0574227615130164,-0.0325,0.0046875));
#3864=CARTESIAN_POINT('',(-0.0628589691293136,-0.015,0.009));
#3865=CARTESIAN_POINT('',(-0.0377365538967193,-0.05,0.00525));
#3866=CARTESIAN_POINT('',(-0.0658589691293135,-0.015,0.008));
#3867=CARTESIAN_POINT('',(-0.0394865538967193,-0.05,0.004625));
#3868=CARTESIAN_POINT('',(-0.0688589691293137,-0.015,0.007));
#3869=CARTESIAN_POINT('',(-0.0412365538967193,-0.05,0.004));
#3870=CARTESIAN_POINT('',(-0.0718589691293136,-0.015,0.006));
#3871=CARTESIAN_POINT('',(-0.0429865538967193,-0.05,0.003375));
#3872=CARTESIAN_POINT('',(-0.0403615538967193,-0.05,0.0043125));
#3873=CARTESIAN_POINT('',(-0.0377365538967193,-0.05,0.00525));
#3874=CARTESIAN_POINT('',(-0.0502977615130164,-0.0325,0.007125));
#3875=CARTESIAN_POINT('',(-0.0615182659046175,-0.015,0.0157401702687353));
#3876=CARTESIAN_POINT('',(-0.0368731177926047,-0.05,0.0095907864251425));
#3877=CARTESIAN_POINT('',(-0.0618023151097872,-0.015,0.014630003463975));
#3878=CARTESIAN_POINT('',(-0.0370589055080227,-0.05,0.00887649960742487));
#3879=CARTESIAN_POINT('',(-0.0620563055765039,-0.015,0.0135121461029835));
#3880=CARTESIAN_POINT('',(-0.0372239321320936,-0.05,0.00815681305801662));
#3881=CARTESIAN_POINT('',(-0.0625034250347063,-0.015,0.0112643247930647));
#3882=CARTESIAN_POINT('',(-0.0375119062346327,-0.05,0.00670906947961239));
#3883=CARTESIAN_POINT('',(-0.0626965539328525,-0.015,0.0101343613133864));
#3884=CARTESIAN_POINT('',(-0.0376348536332886,-0.05,0.00598101285185931));
#3885=CARTESIAN_POINT('',(-0.0628589691293136,-0.015,0.009));
#3886=CARTESIAN_POINT('',(-0.0377365538967193,-0.05,0.00525));
#3887=CARTESIAN_POINT('',(-1.85268467234323E-15,-0.05,4.76615275024628E-16));
#3888=CARTESIAN_POINT('',(-0.0368731177926047,-0.05,0.00959078642514249));
#3889=CARTESIAN_POINT('',(-0.0491956918486111,-0.0325,0.0126654783469389));
#3890=CARTESIAN_POINT('',(-0.0686851314001238,-0.015,0.0219559597575551));
#3891=CARTESIAN_POINT('',(-0.0410059539026045,-0.05,0.0133321485685179));
#3892=CARTESIAN_POINT('',(-0.0662961762349551,-0.015,0.0198840299279486));
#3893=CARTESIAN_POINT('',(-0.0396283418659379,-0.05,0.0120850278540594));
#3894=CARTESIAN_POINT('',(-0.0639072210697862,-0.015,0.0178121000983419));
#3895=CARTESIAN_POINT('',(-0.0382507298292713,-0.05,0.0108379071396009));
#3896=CARTESIAN_POINT('',(-0.0615182659046175,-0.015,0.0157401702687353));
#3897=CARTESIAN_POINT('',(-0.0368731177926047,-0.05,0.00959078642514249));
#3898=CARTESIAN_POINT('',(-0.0389395358476046,-0.05,0.0114614674968302));
#3899=CARTESIAN_POINT('',(-0.0410059539026044,-0.05,0.0133321485685179));
#3900=CARTESIAN_POINT('',(-0.0686851314001238,-0.015,0.0219559597575551));
#3901=CARTESIAN_POINT('',(-0.046308164603872,-0.0413482651935927,0.0191814698275295));
#3902=CARTESIAN_POINT('',(-0.0390686190262561,-0.05,0.0180092887018563));
#3903=CARTESIAN_POINT('',(-0.0384228407341401,-0.05,0.019568335412969));
#3904=CARTESIAN_POINT('',(-0.0512578854729414,-0.0325,0.0263054247803297));
#3905=CARTESIAN_POINT('',(-0.0546299641220459,-0.015,0.0323700018539385));
#3906=CARTESIAN_POINT('',(-0.0328549417527713,-0.05,0.019291521516511));
#3907=CARTESIAN_POINT('',(-0.0577842861519448,-0.015,0.0325941726185226));
#3908=CARTESIAN_POINT('',(-0.0347109080798942,-0.05,0.0193837928153304));
#3909=CARTESIAN_POINT('',(-0.0609386081818438,-0.015,0.0328183433831065));
#3910=CARTESIAN_POINT('',(-0.0365668744070171,-0.05,0.0194760641141497));
#3911=CARTESIAN_POINT('',(-0.0640929302117427,-0.015,0.0330425141476905));
#3912=CARTESIAN_POINT('',(-0.0384228407341401,-0.05,0.019568335412969));
#3913=CARTESIAN_POINT('',(-0.0356388912434557,-0.05,0.01942992846474));
#3914=CARTESIAN_POINT('',(-0.0328549417527713,-0.05,0.019291521516511));
#3915=CARTESIAN_POINT('',(-0.0437424529374086,-0.0325,0.0258307616852247));
#3916=CARTESIAN_POINT('',(-0.0508119643604124,-0.015,0.0380840422990546));
#3917=CARTESIAN_POINT('',(-0.0303960837602112,-0.05,0.0229714625577525));
#3918=CARTESIAN_POINT('',(-0.0514992340506383,-0.015,0.037167082835258));
#3919=CARTESIAN_POINT('',(-0.0308410749589752,-0.05,0.022382645467148));
#3920=CARTESIAN_POINT('',(-0.0521616761360897,-0.015,0.0362315152427621));
#3921=CARTESIAN_POINT('',(-0.0312689517982283,-0.05,0.0217808947492571));
#3922=CARTESIAN_POINT('',(-0.0534349646263336,-0.015,0.0343259043507274));
#3923=CARTESIAN_POINT('',(-0.0320890326592257,-0.05,0.0205535570068366));
#3924=CARTESIAN_POINT('',(-0.0540458107653178,-0.015,0.0333558614489989));
#3925=CARTESIAN_POINT('',(-0.0324812364536841,-0.05,0.0199279703224645));
#3926=CARTESIAN_POINT('',(-0.0546299641220459,-0.015,0.0323700018539385));
#3927=CARTESIAN_POINT('',(-0.0328549417527713,-0.05,0.019291521516511));
#3928=CARTESIAN_POINT('',(-3.05658276467114E-15,-0.05,2.09901540593194E-15));
#3929=CARTESIAN_POINT('',(-0.0303960837602112,-0.05,0.0229714625577524));
#3930=CARTESIAN_POINT('',(-0.0406040240603118,-0.0325,0.0305277524284035));
#3931=CARTESIAN_POINT('',(-0.0550546050475317,-0.015,0.0465693236732931));
#3932=CARTESIAN_POINT('',(-0.0327825691467158,-0.05,0.0280095983737066));
#3933=CARTESIAN_POINT('',(-0.0536403914851586,-0.015,0.043740896548547));
#3934=CARTESIAN_POINT('',(-0.0319870740178809,-0.05,0.0263302197683886));
#3935=CARTESIAN_POINT('',(-0.0522261779227855,-0.015,0.0409124694238007));
#3936=CARTESIAN_POINT('',(-0.031191578889046,-0.05,0.0246508411630705));
#3937=CARTESIAN_POINT('',(-0.0508119643604124,-0.015,0.0380840422990546));
#3938=CARTESIAN_POINT('',(-0.0303960837602112,-0.05,0.0229714625577524));
#3939=CARTESIAN_POINT('',(-0.0315893264534635,-0.05,0.0254905304657295));
#3940=CARTESIAN_POINT('',(-0.0327825691467158,-0.05,0.0280095983737066));
#3941=CARTESIAN_POINT('',(-0.0550546050475317,-0.015,0.0465693236732931));
#3942=CARTESIAN_POINT('',(-0.0354427347542746,-0.0413482651935927,0.0354427347542746));
#3943=CARTESIAN_POINT('',(-0.0292028410669589,-0.05,0.0315893264534635));
#3944=CARTESIAN_POINT('',(-0.0280095983737066,-0.05,0.0327825691467158));
#3945=CARTESIAN_POINT('',(-0.0372894610234999,-0.0325,0.0439185870971237));
#3946=CARTESIAN_POINT('',(-0.0380840422990546,-0.015,0.0508119643604124));
#3947=CARTESIAN_POINT('',(-0.0229714625577525,-0.05,0.0303960837602112));
#3948=CARTESIAN_POINT('',(-0.0409124694238008,-0.015,0.0522261779227855));
#3949=CARTESIAN_POINT('',(-0.0246508411630705,-0.05,0.0311915788890461));
#3950=CARTESIAN_POINT('',(-0.043740896548547,-0.015,0.0536403914851586));
#3951=CARTESIAN_POINT('',(-0.0263302197683886,-0.05,0.0319870740178809));
#3952=CARTESIAN_POINT('',(-0.0465693236732931,-0.015,0.0550546050475317));
#3953=CARTESIAN_POINT('',(-0.0280095983737066,-0.05,0.0327825691467159));
#3954=CARTESIAN_POINT('',(-0.0254905304657295,-0.05,0.0315893264534636));
#3955=CARTESIAN_POINT('',(-0.0229714625577525,-0.05,0.0303960837602112));
#3956=CARTESIAN_POINT('',(-0.0305277524284036,-0.0325,0.0406040240603119));
#3957=CARTESIAN_POINT('',(-0.0323700018539385,-0.015,0.0546299641220458));
#3958=CARTESIAN_POINT('',(-0.019291521516511,-0.05,0.0328549417527713));
#3959=CARTESIAN_POINT('',(-0.0333558614489989,-0.015,0.0540458107653178));
#3960=CARTESIAN_POINT('',(-0.0199279703224645,-0.05,0.0324812364536841));
#3961=CARTESIAN_POINT('',(-0.0343259043507275,-0.015,0.0534349646263336));
#3962=CARTESIAN_POINT('',(-0.0205535570068366,-0.05,0.0320890326592257));
#3963=CARTESIAN_POINT('',(-0.0362315152427621,-0.015,0.0521616761360897));
#3964=CARTESIAN_POINT('',(-0.0217808947492571,-0.05,0.0312689517982283));
#3965=CARTESIAN_POINT('',(-0.037167082835258,-0.015,0.0514992340506383));
#3966=CARTESIAN_POINT('',(-0.022382645467148,-0.05,0.0308410749589752));
#3967=CARTESIAN_POINT('',(-0.0380840422990546,-0.015,0.0508119643604124));
#3968=CARTESIAN_POINT('',(-0.0229714625577525,-0.05,0.0303960837602112));
#3969=CARTESIAN_POINT('',(-1.33573707650214E-15,-0.05,1.91166527052644E-15));
#3970=CARTESIAN_POINT('',(-0.019291521516511,-0.05,0.0328549417527713));
#3971=CARTESIAN_POINT('',(-0.0258307616852247,-0.0325,0.0437424529374085));
#3972=CARTESIAN_POINT('',(-0.0330425141476905,-0.015,0.0640929302117427));
#3973=CARTESIAN_POINT('',(-0.019568335412969,-0.05,0.0384228407341401));
#3974=CARTESIAN_POINT('',(-0.0328183433831065,-0.015,0.0609386081818438));
#3975=CARTESIAN_POINT('',(-0.0194760641141497,-0.05,0.0365668744070171));
#3976=CARTESIAN_POINT('',(-0.0325941726185225,-0.015,0.0577842861519448));
#3977=CARTESIAN_POINT('',(-0.0193837928153304,-0.05,0.0347109080798942));
#3978=CARTESIAN_POINT('',(-0.0323700018539385,-0.015,0.0546299641220458));
#3979=CARTESIAN_POINT('',(-0.019291521516511,-0.05,0.0328549417527713));
#3980=CARTESIAN_POINT('',(-0.01942992846474,-0.05,0.0356388912434557));
#3981=CARTESIAN_POINT('',(-0.019568335412969,-0.05,0.0384228407341401));
#3982=CARTESIAN_POINT('',(-0.0330425141476905,-0.015,0.0640929302117427));
#3983=CARTESIAN_POINT('',(-0.0191814698275295,-0.0413482651935927,0.046308164603872));
#3984=CARTESIAN_POINT('',(-0.0148911952796307,-0.05,0.0403601756104884));
#3985=CARTESIAN_POINT('',(-0.0133321485685179,-0.05,0.0410059539026045));
#3986=CARTESIAN_POINT('',(-0.0176440541630364,-0.0325,0.0548455426513641));
#3987=CARTESIAN_POINT('',(-0.0157401702687353,-0.015,0.0615182659046175));
#3988=CARTESIAN_POINT('',(-0.00959078642514249,-0.05,0.0368731177926047));
#3989=CARTESIAN_POINT('',(-0.017812100098342,-0.015,0.0639072210697863));
#3990=CARTESIAN_POINT('',(-0.0108379071396009,-0.05,0.0382507298292713));
#3991=CARTESIAN_POINT('',(-0.0198840299279485,-0.015,0.0662961762349549));
#3992=CARTESIAN_POINT('',(-0.0120850278540594,-0.05,0.0396283418659379));
#3993=CARTESIAN_POINT('',(-0.021955959757555,-0.015,0.0686851314001238));
#3994=CARTESIAN_POINT('',(-0.0133321485685179,-0.05,0.0410059539026045));
#3995=CARTESIAN_POINT('',(-0.0114614674968302,-0.05,0.0389395358476046));
#3996=CARTESIAN_POINT('',(-0.0095907864251425,-0.05,0.0368731177926047));
#3997=CARTESIAN_POINT('',(-0.0126654783469389,-0.0325,0.0491956918486111));
#3998=CARTESIAN_POINT('',(-0.009,-0.015,0.0628589691293136));
#3999=CARTESIAN_POINT('',(-0.00525,-0.05,0.0377365538967193));
#4000=CARTESIAN_POINT('',(-0.0101343613133864,-0.015,0.0626965539328525));
#4001=CARTESIAN_POINT('',(-0.00598101285185937,-0.05,0.0376348536332886));
#4002=CARTESIAN_POINT('',(-0.0112643247930647,-0.015,0.0625034250347064));
#4003=CARTESIAN_POINT('',(-0.00670906947961233,-0.05,0.0375119062346327));
#4004=CARTESIAN_POINT('',(-0.0135121461029836,-0.015,0.0620563055765039));
#4005=CARTESIAN_POINT('',(-0.00815681305801663,-0.05,0.0372239321320936));
#4006=CARTESIAN_POINT('',(-0.014630003463975,-0.015,0.0618023151097872));
#4007=CARTESIAN_POINT('',(-0.00887649960742482,-0.05,0.0370589055080227));
#4008=CARTESIAN_POINT('',(-0.0157401702687354,-0.015,0.0615182659046175));
#4009=CARTESIAN_POINT('',(-0.00959078642514249,-0.05,0.0368731177926047));
#4010=CARTESIAN_POINT('',(-4.95263552391378E-16,-0.05,1.85268467234323E-15));
#4011=CARTESIAN_POINT('',(-0.00525,-0.05,0.0377365538967193));
#4012=CARTESIAN_POINT('',(-0.007125,-0.0325,0.0502977615130165));
#4013=CARTESIAN_POINT('',(-0.006,-0.015,0.0718589691293136));
#4014=CARTESIAN_POINT('',(-0.003375,-0.05,0.0429865538967193));
#4015=CARTESIAN_POINT('',(-0.007,-0.015,0.0688589691293136));
#4016=CARTESIAN_POINT('',(-0.004,-0.05,0.0412365538967193));
#4017=CARTESIAN_POINT('',(-0.008,-0.015,0.0658589691293135));
#4018=CARTESIAN_POINT('',(-0.004625,-0.05,0.0394865538967193));
#4019=CARTESIAN_POINT('',(-0.009,-0.015,0.0628589691293136));
#4020=CARTESIAN_POINT('',(-0.00525,-0.05,0.0377365538967193));
#4021=CARTESIAN_POINT('',(-0.0043125,-0.05,0.0403615538967193));
#4022=CARTESIAN_POINT('',(-0.003375,-0.05,0.0429865538967193));
#4023=CARTESIAN_POINT('',(-0.006,-0.015,0.0718589691293136));
#4024=CARTESIAN_POINT('',(0.,-0.0413482651935927,0.0501235961770874));
#4025=CARTESIAN_POINT('',(0.0016875,-0.05,0.0429865538967193));
#4026=CARTESIAN_POINT('',(0.,-0.05,0.));
#4027=CARTESIAN_POINT('',(0.,-0.05,9.33180860950283E-19));
#4028=CARTESIAN_POINT('',(0.,-0.05,-0.01524));
#4029=CARTESIAN_POINT('',(0.,0.071,9.33180860950283E-19));
#4030=MECHANICAL_DESIGN_GEOMETRIC_PRESENTATION_REPRESENTATION('',(#2297),
#4031);
#4031=(
GEOMETRIC_REPRESENTATION_CONTEXT(3)
GLOBAL_UNCERTAINTY_ASSIGNED_CONTEXT((#4032))
GLOBAL_UNIT_ASSIGNED_CONTEXT((#4035,#4034,#4033))
REPRESENTATION_CONTEXT('Part 1','TOP_LEVEL_ASSEMBLY_PART')
);
#4032=UNCERTAINTY_MEASURE_WITH_UNIT(LENGTH_MEASURE(1.E-8),#4035,
'DISTANCE_ACCURACY_VALUE','Maximum Tolerance applied to model');
#4033=(
NAMED_UNIT(*)
SI_UNIT($,.STERADIAN.)
SOLID_ANGLE_UNIT()
);
#4034=(
NAMED_UNIT(*)
PLANE_ANGLE_UNIT()
SI_UNIT($,.RADIAN.)
);
#4035=(
LENGTH_UNIT()
NAMED_UNIT(*)
SI_UNIT($,.METRE.)
);
#4036=PRODUCT_DEFINITION_SHAPE('','',#4037);
#4037=PRODUCT_DEFINITION('','',#4039,#4038);
#4038=PRODUCT_DEFINITION_CONTEXT('',#4045,'design');
#4039=PRODUCT_DEFINITION_FORMATION_WITH_SPECIFIED_SOURCE('','',#4041,
 .NOT_KNOWN.);
#4040=PRODUCT_RELATED_PRODUCT_CATEGORY('','',(#4041));
#4041=PRODUCT('Part 1','Part 1','Part 1',(#4043));
#4042=PRODUCT_CATEGORY('','');
#4043=PRODUCT_CONTEXT('',#4045,'mechanical');
#4044=APPLICATION_PROTOCOL_DEFINITION('international standard',
'ap242_managed_model_based_3d_engineering',2020,#4045);
#4045=APPLICATION_CONTEXT('managed model based 3d engineering');
ENDSEC;
END-ISO-10303-21;
