ISO-10303-21;
HEADER;
/* Generated by software containing ST-Developer
 * from STEP Tools, Inc. (www.steptools.com) 
 */
/* OPTION: using custom renumber hook */

FILE_DESCRIPTION(
/* description */ ('STEP AP242 Edition 2',
'CAx-IF Rec.Pracs.---Representation and Presentation of Product Manufa
cturing Information (PMI)---4.0---2014-10-13',
'CAx-IF Rec.Pracs.---3D Tessellated Geometry---0.4---2014-09-14','2;1',
'CAx-IF Rec.Pracs.---User Defined Attributes---1.5---2016-08-15'),
/* implementation_level */ '2;1');

FILE_NAME(
/* name */ 'Part Studio 1',
/* time_stamp */ '2026-08-29T16:27:40Z',
/* author */ (''),
/* organization */ (''),
/* preprocessor_version */ 'ST-DEVELOPER v20',
/* originating_system */ 'ONSHAPE BY PTC INC, 1.220',
/* authorisation */ '  ');

FILE_SCHEMA (('AP242_MANAGED_MODEL_BASED_3D_ENGINEERING_MIM_LF { 1 0 10303 442 3 1 4 }'));
ENDSEC;

DATA;
#10=LINE('',#2175,#190);
#11=LINE('',#2180,#191);
#12=LINE('',#2182,#192);
#13=LINE('',#2184,#193);
#14=LINE('',#2187,#194);
#15=LINE('',#2189,#195);
#16=LINE('',#2191,#196);
#17=LINE('',#2193,#197);
#18=LINE('',#2195,#198);
#19=LINE('',#2197,#199);
#20=LINE('',#2199,#200);
#21=LINE('',#2201,#201);
#22=LINE('',#2203,#202);
#23=LINE('',#2205,#203);
#24=LINE('',#2207,#204);
#25=LINE('',#2209,#205);
#26=LINE('',#2211,#206);
#27=LINE('',#2213,#207);
#28=LINE('',#2215,#208);
#29=LINE('',#2217,#209);
#30=LINE('',#2221,#210);
#31=LINE('',#2222,#211);
#32=LINE('',#2226,#212);
#33=LINE('',#2227,#213);
#34=LINE('',#2229,#214);
#35=LINE('',#2234,#215);
#36=LINE('',#2238,#216);
#37=LINE('',#2240,#217);
#38=LINE('',#2244,#218);
#39=LINE('',#2248,#219);
#40=LINE('',#2259,#220);
#41=LINE('',#2261,#221);
#42=LINE('',#2263,#222);
#43=LINE('',#2267,#223);
#44=LINE('',#2269,#224);
#45=LINE('',#2271,#225);
#46=LINE('',#2275,#226);
#47=LINE('',#2277,#227);
#48=LINE('',#2279,#228);
#49=LINE('',#2283,#229);
#50=LINE('',#2285,#230);
#51=LINE('',#2287,#231);
#52=LINE('',#2289,#232);
#53=LINE('',#2292,#233);
#54=LINE('',#2294,#234);
#55=LINE('',#2296,#235);
#56=LINE('',#2300,#236);
#57=LINE('',#2304,#237);
#58=LINE('',#2306,#238);
#59=LINE('',#2308,#239);
#60=LINE('',#2310,#240);
#61=LINE('',#2312,#241);
#62=LINE('',#2314,#242);
#63=LINE('',#2316,#243);
#64=LINE('',#2318,#244);
#65=LINE('',#2320,#245);
#66=LINE('',#2324,#246);
#67=LINE('',#2328,#247);
#68=LINE('',#2330,#248);
#69=LINE('',#2332,#249);
#70=LINE('',#2334,#250);
#71=LINE('',#2336,#251);
#72=LINE('',#2338,#252);
#73=LINE('',#2340,#253);
#74=LINE('',#2342,#254);
#75=LINE('',#2344,#255);
#76=LINE('',#2348,#256);
#77=LINE('',#2352,#257);
#78=LINE('',#2354,#258);
#79=LINE('',#2356,#259);
#80=LINE('',#2358,#260);
#81=LINE('',#2360,#261);
#82=LINE('',#2362,#262);
#83=LINE('',#2364,#263);
#84=LINE('',#2366,#264);
#85=LINE('',#2368,#265);
#86=LINE('',#2372,#266);
#87=LINE('',#2376,#267);
#88=LINE('',#2378,#268);
#89=LINE('',#2380,#269);
#90=LINE('',#2382,#270);
#91=LINE('',#2384,#271);
#92=LINE('',#2386,#272);
#93=LINE('',#2388,#273);
#94=LINE('',#2390,#274);
#95=LINE('',#2392,#275);
#96=LINE('',#2396,#276);
#97=LINE('',#2400,#277);
#98=LINE('',#2402,#278);
#99=LINE('',#2404,#279);
#100=LINE('',#2406,#280);
#101=LINE('',#2408,#281);
#102=LINE('',#2410,#282);
#103=LINE('',#2412,#283);
#104=LINE('',#2414,#284);
#105=LINE('',#2416,#285);
#106=LINE('',#2420,#286);
#107=LINE('',#2424,#287);
#108=LINE('',#2426,#288);
#109=LINE('',#2428,#289);
#110=LINE('',#2430,#290);
#111=LINE('',#2432,#291);
#112=LINE('',#2434,#292);
#113=LINE('',#2436,#293);
#114=LINE('',#2438,#294);
#115=LINE('',#2440,#295);
#116=LINE('',#2444,#296);
#117=LINE('',#2448,#297);
#118=LINE('',#2450,#298);
#119=LINE('',#2452,#299);
#120=LINE('',#2454,#300);
#121=LINE('',#2456,#301);
#122=LINE('',#2458,#302);
#123=LINE('',#2460,#303);
#124=LINE('',#2462,#304);
#125=LINE('',#2464,#305);
#126=LINE('',#2468,#306);
#127=LINE('',#2472,#307);
#128=LINE('',#2474,#308);
#129=LINE('',#2476,#309);
#130=LINE('',#2478,#310);
#131=LINE('',#2480,#311);
#132=LINE('',#2482,#312);
#133=LINE('',#2484,#313);
#134=LINE('',#2486,#314);
#135=LINE('',#2487,#315);
#136=LINE('',#2489,#316);
#137=LINE('',#2493,#317);
#138=LINE('',#2495,#318);
#139=LINE('',#2497,#319);
#140=LINE('',#2499,#320);
#141=LINE('',#2501,#321);
#142=LINE('',#2503,#322);
#143=LINE('',#2505,#323);
#144=LINE('',#2509,#324);
#145=LINE('',#2511,#325);
#146=LINE('',#2513,#326);
#147=LINE('',#2515,#327);
#148=LINE('',#2517,#328);
#149=LINE('',#2519,#329);
#150=LINE('',#2521,#330);
#151=LINE('',#2525,#331);
#152=LINE('',#2527,#332);
#153=LINE('',#2529,#333);
#154=LINE('',#2531,#334);
#155=LINE('',#2533,#335);
#156=LINE('',#2535,#336);
#157=LINE('',#2537,#337);
#158=LINE('',#2541,#338);
#159=LINE('',#2543,#339);
#160=LINE('',#2545,#340);
#161=LINE('',#2547,#341);
#162=LINE('',#2549,#342);
#163=LINE('',#2551,#343);
#164=LINE('',#2553,#344);
#165=LINE('',#2557,#345);
#166=LINE('',#2559,#346);
#167=LINE('',#2561,#347);
#168=LINE('',#2563,#348);
#169=LINE('',#2565,#349);
#170=LINE('',#2567,#350);
#171=LINE('',#2569,#351);
#172=LINE('',#2571,#352);
#173=LINE('',#2573,#353);
#174=LINE('',#2577,#354);
#175=LINE('',#2581,#355);
#176=LINE('',#2583,#356);
#177=LINE('',#2585,#357);
#178=LINE('',#2587,#358);
#179=LINE('',#2589,#359);
#180=LINE('',#2591,#360);
#181=LINE('',#2593,#361);
#182=LINE('',#2595,#362);
#183=LINE('',#2597,#363);
#184=LINE('',#2601,#364);
#185=LINE('',#2605,#365);
#186=LINE('',#2607,#366);
#187=LINE('',#2609,#367);
#188=LINE('',#2611,#368);
#189=LINE('',#2612,#369);
#190=VECTOR('',#1749,1.);
#191=VECTOR('',#1752,1.);
#192=VECTOR('',#1753,1.);
#193=VECTOR('',#1756,1.);
#194=VECTOR('',#1757,1.);
#195=VECTOR('',#1758,1.);
#196=VECTOR('',#1759,1.);
#197=VECTOR('',#1760,1.);
#198=VECTOR('',#1761,1.);
#199=VECTOR('',#1762,1.);
#200=VECTOR('',#1763,1.);
#201=VECTOR('',#1764,1.);
#202=VECTOR('',#1767,1.);
#203=VECTOR('',#1768,1.);
#204=VECTOR('',#1769,1.);
#205=VECTOR('',#1770,1.);
#206=VECTOR('',#1771,1.);
#207=VECTOR('',#1772,1.);
#208=VECTOR('',#1773,1.);
#209=VECTOR('',#1774,1.);
#210=VECTOR('',#1779,1.);
#211=VECTOR('',#1780,1.);
#212=VECTOR('',#1785,1.);
#213=VECTOR('',#1786,1.);
#214=VECTOR('',#1787,1.);
#215=VECTOR('',#1794,1.);
#216=VECTOR('',#1799,1.);
#217=VECTOR('',#1802,1.);
#218=VECTOR('',#1807,1.);
#219=VECTOR('',#1812,1.);
#220=VECTOR('',#1827,1.);
#221=VECTOR('',#1828,1.);
#222=VECTOR('',#1829,1.);
#223=VECTOR('',#1832,1.);
#224=VECTOR('',#1833,1.);
#225=VECTOR('',#1834,1.);
#226=VECTOR('',#1837,1.);
#227=VECTOR('',#1838,1.);
#228=VECTOR('',#1839,1.);
#229=VECTOR('',#1842,1.);
#230=VECTOR('',#1843,1.);
#231=VECTOR('',#1844,1.);
#232=VECTOR('',#1847,1.);
#233=VECTOR('',#1848,1.);
#234=VECTOR('',#1849,1.);
#235=VECTOR('',#1850,1.);
#236=VECTOR('',#1855,1.);
#237=VECTOR('',#1860,1.);
#238=VECTOR('',#1861,1.);
#239=VECTOR('',#1862,1.);
#240=VECTOR('',#1865,1.);
#241=VECTOR('',#1866,1.);
#242=VECTOR('',#1867,1.);
#243=VECTOR('',#1870,1.);
#244=VECTOR('',#1871,1.);
#245=VECTOR('',#1872,1.);
#246=VECTOR('',#1877,1.);
#247=VECTOR('',#1882,1.);
#248=VECTOR('',#1883,1.);
#249=VECTOR('',#1884,1.);
#250=VECTOR('',#1887,1.);
#251=VECTOR('',#1888,1.);
#252=VECTOR('',#1889,1.);
#253=VECTOR('',#1892,1.);
#254=VECTOR('',#1893,1.);
#255=VECTOR('',#1894,1.);
#256=VECTOR('',#1899,1.);
#257=VECTOR('',#1904,1.);
#258=VECTOR('',#1905,1.);
#259=VECTOR('',#1906,1.);
#260=VECTOR('',#1909,1.);
#261=VECTOR('',#1910,1.);
#262=VECTOR('',#1911,1.);
#263=VECTOR('',#1914,1.);
#264=VECTOR('',#1915,1.);
#265=VECTOR('',#1916,1.);
#266=VECTOR('',#1921,1.);
#267=VECTOR('',#1926,1.);
#268=VECTOR('',#1927,1.);
#269=VECTOR('',#1928,1.);
#270=VECTOR('',#1931,1.);
#271=VECTOR('',#1932,1.);
#272=VECTOR('',#1933,1.);
#273=VECTOR('',#1936,1.);
#274=VECTOR('',#1937,1.);
#275=VECTOR('',#1938,1.);
#276=VECTOR('',#1943,1.);
#277=VECTOR('',#1948,1.);
#278=VECTOR('',#1949,1.);
#279=VECTOR('',#1950,1.);
#280=VECTOR('',#1953,1.);
#281=VECTOR('',#1954,1.);
#282=VECTOR('',#1955,1.);
#283=VECTOR('',#1958,1.);
#284=VECTOR('',#1959,1.);
#285=VECTOR('',#1960,1.);
#286=VECTOR('',#1965,1.);
#287=VECTOR('',#1970,1.);
#288=VECTOR('',#1971,1.);
#289=VECTOR('',#1972,1.);
#290=VECTOR('',#1975,1.);
#291=VECTOR('',#1976,1.);
#292=VECTOR('',#1977,1.);
#293=VECTOR('',#1980,1.);
#294=VECTOR('',#1981,1.);
#295=VECTOR('',#1982,1.);
#296=VECTOR('',#1987,1.);
#297=VECTOR('',#1992,1.);
#298=VECTOR('',#1993,1.);
#299=VECTOR('',#1994,1.);
#300=VECTOR('',#1997,1.);
#301=VECTOR('',#1998,1.);
#302=VECTOR('',#1999,1.);
#303=VECTOR('',#2002,1.);
#304=VECTOR('',#2003,1.);
#305=VECTOR('',#2004,1.);
#306=VECTOR('',#2009,1.);
#307=VECTOR('',#2014,1.);
#308=VECTOR('',#2015,1.);
#309=VECTOR('',#2016,1.);
#310=VECTOR('',#2019,1.);
#311=VECTOR('',#2020,1.);
#312=VECTOR('',#2021,1.);
#313=VECTOR('',#2024,1.);
#314=VECTOR('',#2025,1.);
#315=VECTOR('',#2026,1.);
#316=VECTOR('',#2029,1.);
#317=VECTOR('',#2034,1.);
#318=VECTOR('',#2035,1.);
#319=VECTOR('',#2038,1.);
#320=VECTOR('',#2039,1.);
#321=VECTOR('',#2042,1.);
#322=VECTOR('',#2043,1.);
#323=VECTOR('',#2046,1.);
#324=VECTOR('',#2051,1.);
#325=VECTOR('',#2052,1.);
#326=VECTOR('',#2055,1.);
#327=VECTOR('',#2056,1.);
#328=VECTOR('',#2059,1.);
#329=VECTOR('',#2060,1.);
#330=VECTOR('',#2063,1.);
#331=VECTOR('',#2068,1.);
#332=VECTOR('',#2069,1.);
#333=VECTOR('',#2072,1.);
#334=VECTOR('',#2073,1.);
#335=VECTOR('',#2076,1.);
#336=VECTOR('',#2077,1.);
#337=VECTOR('',#2080,1.);
#338=VECTOR('',#2085,1.);
#339=VECTOR('',#2086,1.);
#340=VECTOR('',#2089,1.);
#341=VECTOR('',#2090,1.);
#342=VECTOR('',#2093,1.);
#343=VECTOR('',#2094,1.);
#344=VECTOR('',#2097,1.);
#345=VECTOR('',#2102,1.);
#346=VECTOR('',#2103,1.);
#347=VECTOR('',#2104,1.);
#348=VECTOR('',#2107,1.);
#349=VECTOR('',#2108,1.);
#350=VECTOR('',#2109,1.);
#351=VECTOR('',#2112,1.);
#352=VECTOR('',#2113,1.);
#353=VECTOR('',#2114,1.);
#354=VECTOR('',#2119,1.);
#355=VECTOR('',#2124,1.);
#356=VECTOR('',#2125,1.);
#357=VECTOR('',#2126,1.);
#358=VECTOR('',#2129,1.);
#359=VECTOR('',#2130,1.);
#360=VECTOR('',#2131,1.);
#361=VECTOR('',#2134,1.);
#362=VECTOR('',#2135,1.);
#363=VECTOR('',#2136,1.);
#364=VECTOR('',#2141,1.);
#365=VECTOR('',#2146,1.);
#366=VECTOR('',#2147,1.);
#367=VECTOR('',#2148,1.);
#368=VECTOR('',#2151,1.);
#369=VECTOR('',#2152,1.);
#370=SHAPE_REPRESENTATION_RELATIONSHIP('','',#1605,#372);
#371=SHAPE_REPRESENTATION_RELATIONSHIP('','',#1606,#373);
#372=ADVANCED_BREP_SHAPE_REPRESENTATION('',(#1601),#2623);
#373=ADVANCED_BREP_SHAPE_REPRESENTATION('',(#1602),#2624);
#374=CYLINDRICAL_SURFACE('',#1610,0.0134);
#375=CYLINDRICAL_SURFACE('',#1622,0.0134);
#376=CYLINDRICAL_SURFACE('',#1633,0.0134);
#377=CYLINDRICAL_SURFACE('',#1634,0.0134);
#378=CYLINDRICAL_SURFACE('',#1643,0.0635000000000071);
#379=CYLINDRICAL_SURFACE('',#1649,0.0635000000000035);
#380=CYLINDRICAL_SURFACE('',#1655,0.0635000000000075);
#381=CYLINDRICAL_SURFACE('',#1661,0.063500000000007);
#382=CYLINDRICAL_SURFACE('',#1667,0.0635000000000031);
#383=CYLINDRICAL_SURFACE('',#1673,0.063500000000007);
#384=CYLINDRICAL_SURFACE('',#1679,0.063500000000002);
#385=CYLINDRICAL_SURFACE('',#1685,0.0635000000000031);
#386=CYLINDRICAL_SURFACE('',#1691,0.0634999999999991);
#387=CYLINDRICAL_SURFACE('',#1696,0.0635000000000009);
#388=CYLINDRICAL_SURFACE('',#1701,0.063500000000002);
#389=CYLINDRICAL_SURFACE('',#1706,0.0635);
#390=CYLINDRICAL_SURFACE('',#1711,0.0635);
#391=CYLINDRICAL_SURFACE('',#1716,0.0635000000000033);
#392=CYLINDRICAL_SURFACE('',#1722,0.0635000000000015);
#393=CYLINDRICAL_SURFACE('',#1730,0.01524);
#394=ORIENTED_EDGE('',*,*,#838,.T.);
#395=ORIENTED_EDGE('',*,*,#838,.F.);
#396=ORIENTED_EDGE('',*,*,#839,.F.);
#397=ORIENTED_EDGE('',*,*,#839,.T.);
#398=ORIENTED_EDGE('',*,*,#840,.F.);
#399=ORIENTED_EDGE('',*,*,#841,.F.);
#400=ORIENTED_EDGE('',*,*,#842,.T.);
#401=ORIENTED_EDGE('',*,*,#843,.F.);
#402=ORIENTED_EDGE('',*,*,#844,.T.);
#403=ORIENTED_EDGE('',*,*,#845,.F.);
#404=ORIENTED_EDGE('',*,*,#846,.F.);
#405=ORIENTED_EDGE('',*,*,#847,.F.);
#406=ORIENTED_EDGE('',*,*,#848,.T.);
#407=ORIENTED_EDGE('',*,*,#849,.F.);
#408=ORIENTED_EDGE('',*,*,#850,.F.);
#409=ORIENTED_EDGE('',*,*,#851,.T.);
#410=ORIENTED_EDGE('',*,*,#852,.T.);
#411=ORIENTED_EDGE('',*,*,#853,.F.);
#412=ORIENTED_EDGE('',*,*,#854,.F.);
#413=ORIENTED_EDGE('',*,*,#855,.F.);
#414=ORIENTED_EDGE('',*,*,#856,.T.);
#415=ORIENTED_EDGE('',*,*,#857,.T.);
#416=ORIENTED_EDGE('',*,*,#858,.F.);
#417=ORIENTED_EDGE('',*,*,#859,.T.);
#418=ORIENTED_EDGE('',*,*,#860,.T.);
#419=ORIENTED_EDGE('',*,*,#843,.T.);
#420=ORIENTED_EDGE('',*,*,#861,.F.);
#421=ORIENTED_EDGE('',*,*,#862,.F.);
#422=ORIENTED_EDGE('',*,*,#849,.T.);
#423=ORIENTED_EDGE('',*,*,#863,.T.);
#424=ORIENTED_EDGE('',*,*,#857,.F.);
#425=ORIENTED_EDGE('',*,*,#864,.T.);
#426=ORIENTED_EDGE('',*,*,#844,.F.);
#427=ORIENTED_EDGE('',*,*,#865,.T.);
#428=ORIENTED_EDGE('',*,*,#853,.T.);
#429=ORIENTED_EDGE('',*,*,#842,.F.);
#430=ORIENTED_EDGE('',*,*,#866,.F.);
#431=ORIENTED_EDGE('',*,*,#867,.F.);
#432=ORIENTED_EDGE('',*,*,#861,.T.);
#433=ORIENTED_EDGE('',*,*,#864,.F.);
#434=ORIENTED_EDGE('',*,*,#868,.F.);
#435=ORIENTED_EDGE('',*,*,#863,.F.);
#436=ORIENTED_EDGE('',*,*,#848,.F.);
#437=ORIENTED_EDGE('',*,*,#869,.T.);
#438=ORIENTED_EDGE('',*,*,#858,.T.);
#439=ORIENTED_EDGE('',*,*,#870,.F.);
#440=ORIENTED_EDGE('',*,*,#871,.T.);
#441=ORIENTED_EDGE('',*,*,#845,.T.);
#442=ORIENTED_EDGE('',*,*,#867,.T.);
#443=ORIENTED_EDGE('',*,*,#869,.F.);
#444=ORIENTED_EDGE('',*,*,#847,.T.);
#445=ORIENTED_EDGE('',*,*,#872,.T.);
#446=ORIENTED_EDGE('',*,*,#859,.F.);
#447=ORIENTED_EDGE('',*,*,#873,.T.);
#448=ORIENTED_EDGE('',*,*,#850,.T.);
#449=ORIENTED_EDGE('',*,*,#862,.T.);
#450=ORIENTED_EDGE('',*,*,#856,.F.);
#451=ORIENTED_EDGE('',*,*,#874,.F.);
#452=ORIENTED_EDGE('',*,*,#875,.F.);
#453=ORIENTED_EDGE('',*,*,#865,.F.);
#454=ORIENTED_EDGE('',*,*,#852,.F.);
#455=ORIENTED_EDGE('',*,*,#876,.T.);
#456=ORIENTED_EDGE('',*,*,#854,.T.);
#457=ORIENTED_EDGE('',*,*,#851,.F.);
#458=ORIENTED_EDGE('',*,*,#874,.T.);
#459=ORIENTED_EDGE('',*,*,#855,.T.);
#460=ORIENTED_EDGE('',*,*,#876,.F.);
#461=ORIENTED_EDGE('',*,*,#875,.T.);
#462=ORIENTED_EDGE('',*,*,#873,.F.);
#463=ORIENTED_EDGE('',*,*,#868,.T.);
#464=ORIENTED_EDGE('',*,*,#877,.F.);
#465=ORIENTED_EDGE('',*,*,#878,.F.);
#466=ORIENTED_EDGE('',*,*,#866,.T.);
#467=ORIENTED_EDGE('',*,*,#879,.F.);
#468=ORIENTED_EDGE('',*,*,#880,.T.);
#469=ORIENTED_EDGE('',*,*,#881,.F.);
#470=ORIENTED_EDGE('',*,*,#882,.F.);
#471=ORIENTED_EDGE('',*,*,#883,.F.);
#472=ORIENTED_EDGE('',*,*,#884,.T.);
#473=ORIENTED_EDGE('',*,*,#885,.F.);
#474=ORIENTED_EDGE('',*,*,#886,.F.);
#475=ORIENTED_EDGE('',*,*,#887,.F.);
#476=ORIENTED_EDGE('',*,*,#888,.T.);
#477=ORIENTED_EDGE('',*,*,#889,.F.);
#478=ORIENTED_EDGE('',*,*,#890,.F.);
#479=ORIENTED_EDGE('',*,*,#891,.F.);
#480=ORIENTED_EDGE('',*,*,#892,.T.);
#481=ORIENTED_EDGE('',*,*,#893,.F.);
#482=ORIENTED_EDGE('',*,*,#894,.F.);
#483=ORIENTED_EDGE('',*,*,#895,.F.);
#484=ORIENTED_EDGE('',*,*,#896,.F.);
#485=ORIENTED_EDGE('',*,*,#897,.T.);
#486=ORIENTED_EDGE('',*,*,#898,.T.);
#487=ORIENTED_EDGE('',*,*,#899,.T.);
#488=ORIENTED_EDGE('',*,*,#900,.F.);
#489=ORIENTED_EDGE('',*,*,#901,.F.);
#490=ORIENTED_EDGE('',*,*,#896,.T.);
#491=ORIENTED_EDGE('',*,*,#902,.T.);
#492=ORIENTED_EDGE('',*,*,#903,.F.);
#493=ORIENTED_EDGE('',*,*,#904,.F.);
#494=ORIENTED_EDGE('',*,*,#900,.T.);
#495=ORIENTED_EDGE('',*,*,#905,.T.);
#496=ORIENTED_EDGE('',*,*,#906,.F.);
#497=ORIENTED_EDGE('',*,*,#907,.F.);
#498=ORIENTED_EDGE('',*,*,#903,.T.);
#499=ORIENTED_EDGE('',*,*,#908,.F.);
#500=ORIENTED_EDGE('',*,*,#909,.F.);
#501=ORIENTED_EDGE('',*,*,#910,.T.);
#502=ORIENTED_EDGE('',*,*,#906,.T.);
#503=ORIENTED_EDGE('',*,*,#911,.T.);
#504=ORIENTED_EDGE('',*,*,#912,.F.);
#505=ORIENTED_EDGE('',*,*,#913,.F.);
#506=ORIENTED_EDGE('',*,*,#909,.T.);
#507=ORIENTED_EDGE('',*,*,#914,.T.);
#508=ORIENTED_EDGE('',*,*,#915,.F.);
#509=ORIENTED_EDGE('',*,*,#916,.F.);
#510=ORIENTED_EDGE('',*,*,#912,.T.);
#511=ORIENTED_EDGE('',*,*,#917,.T.);
#512=ORIENTED_EDGE('',*,*,#918,.F.);
#513=ORIENTED_EDGE('',*,*,#919,.F.);
#514=ORIENTED_EDGE('',*,*,#915,.T.);
#515=ORIENTED_EDGE('',*,*,#920,.F.);
#516=ORIENTED_EDGE('',*,*,#921,.F.);
#517=ORIENTED_EDGE('',*,*,#922,.T.);
#518=ORIENTED_EDGE('',*,*,#918,.T.);
#519=ORIENTED_EDGE('',*,*,#923,.T.);
#520=ORIENTED_EDGE('',*,*,#924,.F.);
#521=ORIENTED_EDGE('',*,*,#925,.F.);
#522=ORIENTED_EDGE('',*,*,#921,.T.);
#523=ORIENTED_EDGE('',*,*,#926,.T.);
#524=ORIENTED_EDGE('',*,*,#927,.F.);
#525=ORIENTED_EDGE('',*,*,#928,.F.);
#526=ORIENTED_EDGE('',*,*,#924,.T.);
#527=ORIENTED_EDGE('',*,*,#929,.T.);
#528=ORIENTED_EDGE('',*,*,#930,.F.);
#529=ORIENTED_EDGE('',*,*,#931,.F.);
#530=ORIENTED_EDGE('',*,*,#927,.T.);
#531=ORIENTED_EDGE('',*,*,#932,.F.);
#532=ORIENTED_EDGE('',*,*,#933,.F.);
#533=ORIENTED_EDGE('',*,*,#934,.T.);
#534=ORIENTED_EDGE('',*,*,#930,.T.);
#535=ORIENTED_EDGE('',*,*,#935,.T.);
#536=ORIENTED_EDGE('',*,*,#936,.F.);
#537=ORIENTED_EDGE('',*,*,#937,.F.);
#538=ORIENTED_EDGE('',*,*,#933,.T.);
#539=ORIENTED_EDGE('',*,*,#938,.T.);
#540=ORIENTED_EDGE('',*,*,#939,.F.);
#541=ORIENTED_EDGE('',*,*,#940,.F.);
#542=ORIENTED_EDGE('',*,*,#936,.T.);
#543=ORIENTED_EDGE('',*,*,#941,.T.);
#544=ORIENTED_EDGE('',*,*,#942,.F.);
#545=ORIENTED_EDGE('',*,*,#943,.F.);
#546=ORIENTED_EDGE('',*,*,#939,.T.);
#547=ORIENTED_EDGE('',*,*,#944,.F.);
#548=ORIENTED_EDGE('',*,*,#945,.F.);
#549=ORIENTED_EDGE('',*,*,#946,.T.);
#550=ORIENTED_EDGE('',*,*,#942,.T.);
#551=ORIENTED_EDGE('',*,*,#947,.T.);
#552=ORIENTED_EDGE('',*,*,#948,.F.);
#553=ORIENTED_EDGE('',*,*,#949,.F.);
#554=ORIENTED_EDGE('',*,*,#945,.T.);
#555=ORIENTED_EDGE('',*,*,#950,.T.);
#556=ORIENTED_EDGE('',*,*,#951,.F.);
#557=ORIENTED_EDGE('',*,*,#952,.F.);
#558=ORIENTED_EDGE('',*,*,#948,.T.);
#559=ORIENTED_EDGE('',*,*,#953,.T.);
#560=ORIENTED_EDGE('',*,*,#954,.F.);
#561=ORIENTED_EDGE('',*,*,#955,.F.);
#562=ORIENTED_EDGE('',*,*,#951,.T.);
#563=ORIENTED_EDGE('',*,*,#956,.F.);
#564=ORIENTED_EDGE('',*,*,#957,.F.);
#565=ORIENTED_EDGE('',*,*,#958,.T.);
#566=ORIENTED_EDGE('',*,*,#954,.T.);
#567=ORIENTED_EDGE('',*,*,#959,.T.);
#568=ORIENTED_EDGE('',*,*,#960,.F.);
#569=ORIENTED_EDGE('',*,*,#961,.F.);
#570=ORIENTED_EDGE('',*,*,#957,.T.);
#571=ORIENTED_EDGE('',*,*,#962,.T.);
#572=ORIENTED_EDGE('',*,*,#963,.F.);
#573=ORIENTED_EDGE('',*,*,#964,.F.);
#574=ORIENTED_EDGE('',*,*,#960,.T.);
#575=ORIENTED_EDGE('',*,*,#965,.T.);
#576=ORIENTED_EDGE('',*,*,#966,.F.);
#577=ORIENTED_EDGE('',*,*,#967,.F.);
#578=ORIENTED_EDGE('',*,*,#963,.T.);
#579=ORIENTED_EDGE('',*,*,#968,.F.);
#580=ORIENTED_EDGE('',*,*,#969,.F.);
#581=ORIENTED_EDGE('',*,*,#970,.T.);
#582=ORIENTED_EDGE('',*,*,#966,.T.);
#583=ORIENTED_EDGE('',*,*,#971,.T.);
#584=ORIENTED_EDGE('',*,*,#972,.F.);
#585=ORIENTED_EDGE('',*,*,#973,.F.);
#586=ORIENTED_EDGE('',*,*,#969,.T.);
#587=ORIENTED_EDGE('',*,*,#974,.T.);
#588=ORIENTED_EDGE('',*,*,#975,.F.);
#589=ORIENTED_EDGE('',*,*,#976,.F.);
#590=ORIENTED_EDGE('',*,*,#972,.T.);
#591=ORIENTED_EDGE('',*,*,#977,.T.);
#592=ORIENTED_EDGE('',*,*,#978,.F.);
#593=ORIENTED_EDGE('',*,*,#979,.F.);
#594=ORIENTED_EDGE('',*,*,#975,.T.);
#595=ORIENTED_EDGE('',*,*,#980,.F.);
#596=ORIENTED_EDGE('',*,*,#981,.F.);
#597=ORIENTED_EDGE('',*,*,#982,.T.);
#598=ORIENTED_EDGE('',*,*,#978,.T.);
#599=ORIENTED_EDGE('',*,*,#983,.T.);
#600=ORIENTED_EDGE('',*,*,#984,.F.);
#601=ORIENTED_EDGE('',*,*,#985,.F.);
#602=ORIENTED_EDGE('',*,*,#981,.T.);
#603=ORIENTED_EDGE('',*,*,#986,.T.);
#604=ORIENTED_EDGE('',*,*,#987,.F.);
#605=ORIENTED_EDGE('',*,*,#988,.F.);
#606=ORIENTED_EDGE('',*,*,#984,.T.);
#607=ORIENTED_EDGE('',*,*,#989,.T.);
#608=ORIENTED_EDGE('',*,*,#990,.F.);
#609=ORIENTED_EDGE('',*,*,#991,.F.);
#610=ORIENTED_EDGE('',*,*,#987,.T.);
#611=ORIENTED_EDGE('',*,*,#871,.F.);
#612=ORIENTED_EDGE('',*,*,#992,.F.);
#613=ORIENTED_EDGE('',*,*,#993,.T.);
#614=ORIENTED_EDGE('',*,*,#990,.T.);
#615=ORIENTED_EDGE('',*,*,#994,.F.);
#616=ORIENTED_EDGE('',*,*,#870,.T.);
#617=ORIENTED_EDGE('',*,*,#878,.T.);
#618=ORIENTED_EDGE('',*,*,#995,.F.);
#619=ORIENTED_EDGE('',*,*,#996,.F.);
#620=ORIENTED_EDGE('',*,*,#992,.T.);
#621=ORIENTED_EDGE('',*,*,#894,.T.);
#622=ORIENTED_EDGE('',*,*,#997,.F.);
#623=ORIENTED_EDGE('',*,*,#998,.F.);
#624=ORIENTED_EDGE('',*,*,#995,.T.);
#625=ORIENTED_EDGE('',*,*,#893,.T.);
#626=ORIENTED_EDGE('',*,*,#999,.F.);
#627=ORIENTED_EDGE('',*,*,#1000,.F.);
#628=ORIENTED_EDGE('',*,*,#997,.T.);
#629=ORIENTED_EDGE('',*,*,#892,.F.);
#630=ORIENTED_EDGE('',*,*,#1001,.F.);
#631=ORIENTED_EDGE('',*,*,#1002,.T.);
#632=ORIENTED_EDGE('',*,*,#999,.T.);
#633=ORIENTED_EDGE('',*,*,#891,.T.);
#634=ORIENTED_EDGE('',*,*,#1003,.F.);
#635=ORIENTED_EDGE('',*,*,#1004,.F.);
#636=ORIENTED_EDGE('',*,*,#1001,.T.);
#637=ORIENTED_EDGE('',*,*,#890,.T.);
#638=ORIENTED_EDGE('',*,*,#1005,.F.);
#639=ORIENTED_EDGE('',*,*,#1006,.F.);
#640=ORIENTED_EDGE('',*,*,#1003,.T.);
#641=ORIENTED_EDGE('',*,*,#889,.T.);
#642=ORIENTED_EDGE('',*,*,#1007,.F.);
#643=ORIENTED_EDGE('',*,*,#1008,.F.);
#644=ORIENTED_EDGE('',*,*,#1005,.T.);
#645=ORIENTED_EDGE('',*,*,#888,.F.);
#646=ORIENTED_EDGE('',*,*,#1009,.F.);
#647=ORIENTED_EDGE('',*,*,#1010,.T.);
#648=ORIENTED_EDGE('',*,*,#1007,.T.);
#649=ORIENTED_EDGE('',*,*,#887,.T.);
#650=ORIENTED_EDGE('',*,*,#1011,.F.);
#651=ORIENTED_EDGE('',*,*,#1012,.F.);
#652=ORIENTED_EDGE('',*,*,#1009,.T.);
#653=ORIENTED_EDGE('',*,*,#886,.T.);
#654=ORIENTED_EDGE('',*,*,#1013,.F.);
#655=ORIENTED_EDGE('',*,*,#1014,.F.);
#656=ORIENTED_EDGE('',*,*,#1011,.T.);
#657=ORIENTED_EDGE('',*,*,#885,.T.);
#658=ORIENTED_EDGE('',*,*,#1015,.F.);
#659=ORIENTED_EDGE('',*,*,#1016,.F.);
#660=ORIENTED_EDGE('',*,*,#1013,.T.);
#661=ORIENTED_EDGE('',*,*,#884,.F.);
#662=ORIENTED_EDGE('',*,*,#1017,.F.);
#663=ORIENTED_EDGE('',*,*,#1018,.T.);
#664=ORIENTED_EDGE('',*,*,#1015,.T.);
#665=ORIENTED_EDGE('',*,*,#883,.T.);
#666=ORIENTED_EDGE('',*,*,#1019,.F.);
#667=ORIENTED_EDGE('',*,*,#1020,.F.);
#668=ORIENTED_EDGE('',*,*,#1017,.T.);
#669=ORIENTED_EDGE('',*,*,#882,.T.);
#670=ORIENTED_EDGE('',*,*,#1021,.F.);
#671=ORIENTED_EDGE('',*,*,#1022,.F.);
#672=ORIENTED_EDGE('',*,*,#1019,.T.);
#673=ORIENTED_EDGE('',*,*,#881,.T.);
#674=ORIENTED_EDGE('',*,*,#1023,.F.);
#675=ORIENTED_EDGE('',*,*,#1024,.F.);
#676=ORIENTED_EDGE('',*,*,#1021,.T.);
#677=ORIENTED_EDGE('',*,*,#880,.F.);
#678=ORIENTED_EDGE('',*,*,#1025,.F.);
#679=ORIENTED_EDGE('',*,*,#1026,.T.);
#680=ORIENTED_EDGE('',*,*,#1023,.T.);
#681=ORIENTED_EDGE('',*,*,#879,.T.);
#682=ORIENTED_EDGE('',*,*,#841,.T.);
#683=ORIENTED_EDGE('',*,*,#1027,.F.);
#684=ORIENTED_EDGE('',*,*,#1028,.F.);
#685=ORIENTED_EDGE('',*,*,#1025,.T.);
#686=ORIENTED_EDGE('',*,*,#840,.T.);
#687=ORIENTED_EDGE('',*,*,#1029,.T.);
#688=ORIENTED_EDGE('',*,*,#1030,.F.);
#689=ORIENTED_EDGE('',*,*,#1031,.F.);
#690=ORIENTED_EDGE('',*,*,#1027,.T.);
#691=ORIENTED_EDGE('',*,*,#1032,.T.);
#692=ORIENTED_EDGE('',*,*,#1033,.F.);
#693=ORIENTED_EDGE('',*,*,#1034,.F.);
#694=ORIENTED_EDGE('',*,*,#1030,.T.);
#695=ORIENTED_EDGE('',*,*,#1035,.F.);
#696=ORIENTED_EDGE('',*,*,#1036,.F.);
#697=ORIENTED_EDGE('',*,*,#1037,.T.);
#698=ORIENTED_EDGE('',*,*,#1033,.T.);
#699=ORIENTED_EDGE('',*,*,#1038,.T.);
#700=ORIENTED_EDGE('',*,*,#1039,.F.);
#701=ORIENTED_EDGE('',*,*,#1040,.F.);
#702=ORIENTED_EDGE('',*,*,#1036,.T.);
#703=ORIENTED_EDGE('',*,*,#1041,.T.);
#704=ORIENTED_EDGE('',*,*,#1042,.F.);
#705=ORIENTED_EDGE('',*,*,#1043,.F.);
#706=ORIENTED_EDGE('',*,*,#1039,.T.);
#707=ORIENTED_EDGE('',*,*,#1044,.T.);
#708=ORIENTED_EDGE('',*,*,#1045,.F.);
#709=ORIENTED_EDGE('',*,*,#1046,.F.);
#710=ORIENTED_EDGE('',*,*,#1042,.T.);
#711=ORIENTED_EDGE('',*,*,#1047,.F.);
#712=ORIENTED_EDGE('',*,*,#1048,.F.);
#713=ORIENTED_EDGE('',*,*,#1049,.T.);
#714=ORIENTED_EDGE('',*,*,#1045,.T.);
#715=ORIENTED_EDGE('',*,*,#1050,.T.);
#716=ORIENTED_EDGE('',*,*,#1051,.F.);
#717=ORIENTED_EDGE('',*,*,#1052,.F.);
#718=ORIENTED_EDGE('',*,*,#1048,.T.);
#719=ORIENTED_EDGE('',*,*,#1053,.T.);
#720=ORIENTED_EDGE('',*,*,#1054,.F.);
#721=ORIENTED_EDGE('',*,*,#1055,.F.);
#722=ORIENTED_EDGE('',*,*,#1051,.T.);
#723=ORIENTED_EDGE('',*,*,#1056,.T.);
#724=ORIENTED_EDGE('',*,*,#898,.F.);
#725=ORIENTED_EDGE('',*,*,#1057,.F.);
#726=ORIENTED_EDGE('',*,*,#1054,.T.);
#727=ORIENTED_EDGE('',*,*,#1058,.F.);
#728=ORIENTED_EDGE('',*,*,#897,.F.);
#729=ORIENTED_EDGE('',*,*,#901,.T.);
#730=ORIENTED_EDGE('',*,*,#904,.T.);
#731=ORIENTED_EDGE('',*,*,#907,.T.);
#732=ORIENTED_EDGE('',*,*,#910,.F.);
#733=ORIENTED_EDGE('',*,*,#913,.T.);
#734=ORIENTED_EDGE('',*,*,#916,.T.);
#735=ORIENTED_EDGE('',*,*,#919,.T.);
#736=ORIENTED_EDGE('',*,*,#922,.F.);
#737=ORIENTED_EDGE('',*,*,#925,.T.);
#738=ORIENTED_EDGE('',*,*,#928,.T.);
#739=ORIENTED_EDGE('',*,*,#931,.T.);
#740=ORIENTED_EDGE('',*,*,#934,.F.);
#741=ORIENTED_EDGE('',*,*,#937,.T.);
#742=ORIENTED_EDGE('',*,*,#940,.T.);
#743=ORIENTED_EDGE('',*,*,#943,.T.);
#744=ORIENTED_EDGE('',*,*,#946,.F.);
#745=ORIENTED_EDGE('',*,*,#949,.T.);
#746=ORIENTED_EDGE('',*,*,#952,.T.);
#747=ORIENTED_EDGE('',*,*,#955,.T.);
#748=ORIENTED_EDGE('',*,*,#958,.F.);
#749=ORIENTED_EDGE('',*,*,#961,.T.);
#750=ORIENTED_EDGE('',*,*,#964,.T.);
#751=ORIENTED_EDGE('',*,*,#967,.T.);
#752=ORIENTED_EDGE('',*,*,#970,.F.);
#753=ORIENTED_EDGE('',*,*,#973,.T.);
#754=ORIENTED_EDGE('',*,*,#976,.T.);
#755=ORIENTED_EDGE('',*,*,#979,.T.);
#756=ORIENTED_EDGE('',*,*,#982,.F.);
#757=ORIENTED_EDGE('',*,*,#985,.T.);
#758=ORIENTED_EDGE('',*,*,#988,.T.);
#759=ORIENTED_EDGE('',*,*,#991,.T.);
#760=ORIENTED_EDGE('',*,*,#993,.F.);
#761=ORIENTED_EDGE('',*,*,#996,.T.);
#762=ORIENTED_EDGE('',*,*,#998,.T.);
#763=ORIENTED_EDGE('',*,*,#1000,.T.);
#764=ORIENTED_EDGE('',*,*,#1002,.F.);
#765=ORIENTED_EDGE('',*,*,#1004,.T.);
#766=ORIENTED_EDGE('',*,*,#1006,.T.);
#767=ORIENTED_EDGE('',*,*,#1008,.T.);
#768=ORIENTED_EDGE('',*,*,#1010,.F.);
#769=ORIENTED_EDGE('',*,*,#1012,.T.);
#770=ORIENTED_EDGE('',*,*,#1014,.T.);
#771=ORIENTED_EDGE('',*,*,#1016,.T.);
#772=ORIENTED_EDGE('',*,*,#1018,.F.);
#773=ORIENTED_EDGE('',*,*,#1020,.T.);
#774=ORIENTED_EDGE('',*,*,#1022,.T.);
#775=ORIENTED_EDGE('',*,*,#1024,.T.);
#776=ORIENTED_EDGE('',*,*,#1026,.F.);
#777=ORIENTED_EDGE('',*,*,#1028,.T.);
#778=ORIENTED_EDGE('',*,*,#1031,.T.);
#779=ORIENTED_EDGE('',*,*,#1034,.T.);
#780=ORIENTED_EDGE('',*,*,#1037,.F.);
#781=ORIENTED_EDGE('',*,*,#1040,.T.);
#782=ORIENTED_EDGE('',*,*,#1043,.T.);
#783=ORIENTED_EDGE('',*,*,#1046,.T.);
#784=ORIENTED_EDGE('',*,*,#1049,.F.);
#785=ORIENTED_EDGE('',*,*,#1052,.T.);
#786=ORIENTED_EDGE('',*,*,#1055,.T.);
#787=ORIENTED_EDGE('',*,*,#1057,.T.);
#788=ORIENTED_EDGE('',*,*,#860,.F.);
#789=ORIENTED_EDGE('',*,*,#872,.F.);
#790=ORIENTED_EDGE('',*,*,#846,.T.);
#791=ORIENTED_EDGE('',*,*,#994,.T.);
#792=ORIENTED_EDGE('',*,*,#989,.F.);
#793=ORIENTED_EDGE('',*,*,#986,.F.);
#794=ORIENTED_EDGE('',*,*,#983,.F.);
#795=ORIENTED_EDGE('',*,*,#980,.T.);
#796=ORIENTED_EDGE('',*,*,#977,.F.);
#797=ORIENTED_EDGE('',*,*,#974,.F.);
#798=ORIENTED_EDGE('',*,*,#971,.F.);
#799=ORIENTED_EDGE('',*,*,#968,.T.);
#800=ORIENTED_EDGE('',*,*,#965,.F.);
#801=ORIENTED_EDGE('',*,*,#962,.F.);
#802=ORIENTED_EDGE('',*,*,#959,.F.);
#803=ORIENTED_EDGE('',*,*,#956,.T.);
#804=ORIENTED_EDGE('',*,*,#953,.F.);
#805=ORIENTED_EDGE('',*,*,#950,.F.);
#806=ORIENTED_EDGE('',*,*,#947,.F.);
#807=ORIENTED_EDGE('',*,*,#944,.T.);
#808=ORIENTED_EDGE('',*,*,#941,.F.);
#809=ORIENTED_EDGE('',*,*,#938,.F.);
#810=ORIENTED_EDGE('',*,*,#935,.F.);
#811=ORIENTED_EDGE('',*,*,#932,.T.);
#812=ORIENTED_EDGE('',*,*,#929,.F.);
#813=ORIENTED_EDGE('',*,*,#926,.F.);
#814=ORIENTED_EDGE('',*,*,#923,.F.);
#815=ORIENTED_EDGE('',*,*,#920,.T.);
#816=ORIENTED_EDGE('',*,*,#917,.F.);
#817=ORIENTED_EDGE('',*,*,#914,.F.);
#818=ORIENTED_EDGE('',*,*,#911,.F.);
#819=ORIENTED_EDGE('',*,*,#908,.T.);
#820=ORIENTED_EDGE('',*,*,#905,.F.);
#821=ORIENTED_EDGE('',*,*,#902,.F.);
#822=ORIENTED_EDGE('',*,*,#899,.F.);
#823=ORIENTED_EDGE('',*,*,#895,.T.);
#824=ORIENTED_EDGE('',*,*,#1056,.F.);
#825=ORIENTED_EDGE('',*,*,#1053,.F.);
#826=ORIENTED_EDGE('',*,*,#1050,.F.);
#827=ORIENTED_EDGE('',*,*,#1047,.T.);
#828=ORIENTED_EDGE('',*,*,#1044,.F.);
#829=ORIENTED_EDGE('',*,*,#1041,.F.);
#830=ORIENTED_EDGE('',*,*,#1038,.F.);
#831=ORIENTED_EDGE('',*,*,#1035,.T.);
#832=ORIENTED_EDGE('',*,*,#1032,.F.);
#833=ORIENTED_EDGE('',*,*,#1029,.F.);
#834=ORIENTED_EDGE('',*,*,#1058,.T.);
#835=ORIENTED_EDGE('',*,*,#1059,.T.);
#836=ORIENTED_EDGE('',*,*,#877,.T.);
#837=ORIENTED_EDGE('',*,*,#1059,.F.);
#838=EDGE_CURVE('',#1060,#1060,#1210,.T.);
#839=EDGE_CURVE('',#1061,#1061,#1211,.T.);
#840=EDGE_CURVE('',#1062,#1063,#10,.T.);
#841=EDGE_CURVE('',#1064,#1062,#1212,.T.);
#842=EDGE_CURVE('',#1064,#1065,#11,.T.);
#843=EDGE_CURVE('',#1063,#1065,#12,.T.);
#844=EDGE_CURVE('',#1066,#1067,#13,.T.);
#845=EDGE_CURVE('',#1068,#1067,#14,.T.);
#846=EDGE_CURVE('',#1069,#1068,#15,.T.);
#847=EDGE_CURVE('',#1070,#1069,#16,.T.);
#848=EDGE_CURVE('',#1070,#1071,#17,.T.);
#849=EDGE_CURVE('',#1072,#1071,#18,.T.);
#850=EDGE_CURVE('',#1073,#1072,#19,.T.);
#851=EDGE_CURVE('',#1073,#1074,#20,.T.);
#852=EDGE_CURVE('',#1074,#1066,#21,.T.);
#853=EDGE_CURVE('',#1075,#1065,#22,.T.);
#854=EDGE_CURVE('',#1076,#1075,#23,.T.);
#855=EDGE_CURVE('',#1077,#1076,#24,.T.);
#856=EDGE_CURVE('',#1077,#1078,#25,.T.);
#857=EDGE_CURVE('',#1078,#1079,#26,.T.);
#858=EDGE_CURVE('',#1080,#1079,#27,.T.);
#859=EDGE_CURVE('',#1080,#1081,#28,.T.);
#860=EDGE_CURVE('',#1081,#1063,#29,.T.);
#861=EDGE_CURVE('',#1082,#1082,#1213,.T.);
#862=EDGE_CURVE('',#1072,#1078,#30,.T.);
#863=EDGE_CURVE('',#1071,#1079,#31,.T.);
#864=EDGE_CURVE('',#1083,#1083,#1214,.T.);
#865=EDGE_CURVE('',#1066,#1075,#32,.T.);
#866=EDGE_CURVE('',#1084,#1064,#33,.T.);
#867=EDGE_CURVE('',#1067,#1084,#34,.T.);
#868=EDGE_CURVE('',#1085,#1085,#1215,.T.);
#869=EDGE_CURVE('',#1070,#1080,#35,.T.);
#870=EDGE_CURVE('',#1086,#1084,#1216,.T.);
#871=EDGE_CURVE('',#1086,#1068,#36,.T.);
#872=EDGE_CURVE('',#1069,#1081,#37,.T.);
#873=EDGE_CURVE('',#1087,#1087,#1217,.T.);
#874=EDGE_CURVE('',#1073,#1077,#38,.T.);
#875=EDGE_CURVE('',#1088,#1088,#1218,.T.);
#876=EDGE_CURVE('',#1074,#1076,#39,.T.);
#877=EDGE_CURVE('',#1089,#1089,#1219,.T.);
#878=EDGE_CURVE('',#1084,#1090,#1220,.T.);
#879=EDGE_CURVE('',#1091,#1064,#1221,.T.);
#880=EDGE_CURVE('',#1091,#1092,#40,.T.);
#881=EDGE_CURVE('',#1093,#1092,#41,.T.);
#882=EDGE_CURVE('',#1094,#1093,#42,.T.);
#883=EDGE_CURVE('',#1095,#1094,#1222,.T.);
#884=EDGE_CURVE('',#1095,#1096,#43,.T.);
#885=EDGE_CURVE('',#1097,#1096,#44,.T.);
#886=EDGE_CURVE('',#1098,#1097,#45,.T.);
#887=EDGE_CURVE('',#1099,#1098,#1223,.T.);
#888=EDGE_CURVE('',#1099,#1100,#46,.T.);
#889=EDGE_CURVE('',#1101,#1100,#47,.T.);
#890=EDGE_CURVE('',#1102,#1101,#48,.T.);
#891=EDGE_CURVE('',#1103,#1102,#1224,.T.);
#892=EDGE_CURVE('',#1103,#1104,#49,.T.);
#893=EDGE_CURVE('',#1105,#1104,#50,.T.);
#894=EDGE_CURVE('',#1090,#1105,#51,.T.);
#895=EDGE_CURVE('',#1106,#1107,#52,.T.);
#896=EDGE_CURVE('',#1108,#1106,#53,.T.);
#897=EDGE_CURVE('',#1108,#1109,#54,.T.);
#898=EDGE_CURVE('',#1109,#1107,#55,.T.);
#899=EDGE_CURVE('',#1106,#1110,#1225,.T.);
#900=EDGE_CURVE('',#1111,#1110,#56,.T.);
#901=EDGE_CURVE('',#1108,#1111,#1226,.T.);
#902=EDGE_CURVE('',#1110,#1112,#57,.T.);
#903=EDGE_CURVE('',#1113,#1112,#58,.T.);
#904=EDGE_CURVE('',#1111,#1113,#59,.T.);
#905=EDGE_CURVE('',#1112,#1114,#60,.T.);
#906=EDGE_CURVE('',#1115,#1114,#61,.T.);
#907=EDGE_CURVE('',#1113,#1115,#62,.T.);
#908=EDGE_CURVE('',#1116,#1114,#63,.T.);
#909=EDGE_CURVE('',#1117,#1116,#64,.T.);
#910=EDGE_CURVE('',#1117,#1115,#65,.T.);
#911=EDGE_CURVE('',#1116,#1118,#1227,.T.);
#912=EDGE_CURVE('',#1119,#1118,#66,.T.);
#913=EDGE_CURVE('',#1117,#1119,#1228,.T.);
#914=EDGE_CURVE('',#1118,#1120,#67,.T.);
#915=EDGE_CURVE('',#1121,#1120,#68,.T.);
#916=EDGE_CURVE('',#1119,#1121,#69,.T.);
#917=EDGE_CURVE('',#1120,#1122,#70,.T.);
#918=EDGE_CURVE('',#1123,#1122,#71,.T.);
#919=EDGE_CURVE('',#1121,#1123,#72,.T.);
#920=EDGE_CURVE('',#1124,#1122,#73,.T.);
#921=EDGE_CURVE('',#1125,#1124,#74,.T.);
#922=EDGE_CURVE('',#1125,#1123,#75,.T.);
#923=EDGE_CURVE('',#1124,#1126,#1229,.T.);
#924=EDGE_CURVE('',#1127,#1126,#76,.T.);
#925=EDGE_CURVE('',#1125,#1127,#1230,.T.);
#926=EDGE_CURVE('',#1126,#1128,#77,.T.);
#927=EDGE_CURVE('',#1129,#1128,#78,.T.);
#928=EDGE_CURVE('',#1127,#1129,#79,.T.);
#929=EDGE_CURVE('',#1128,#1130,#80,.T.);
#930=EDGE_CURVE('',#1131,#1130,#81,.T.);
#931=EDGE_CURVE('',#1129,#1131,#82,.T.);
#932=EDGE_CURVE('',#1132,#1130,#83,.T.);
#933=EDGE_CURVE('',#1133,#1132,#84,.T.);
#934=EDGE_CURVE('',#1133,#1131,#85,.T.);
#935=EDGE_CURVE('',#1132,#1134,#1231,.T.);
#936=EDGE_CURVE('',#1135,#1134,#86,.T.);
#937=EDGE_CURVE('',#1133,#1135,#1232,.T.);
#938=EDGE_CURVE('',#1134,#1136,#87,.T.);
#939=EDGE_CURVE('',#1137,#1136,#88,.T.);
#940=EDGE_CURVE('',#1135,#1137,#89,.T.);
#941=EDGE_CURVE('',#1136,#1138,#90,.T.);
#942=EDGE_CURVE('',#1139,#1138,#91,.T.);
#943=EDGE_CURVE('',#1137,#1139,#92,.T.);
#944=EDGE_CURVE('',#1140,#1138,#93,.T.);
#945=EDGE_CURVE('',#1141,#1140,#94,.T.);
#946=EDGE_CURVE('',#1141,#1139,#95,.T.);
#947=EDGE_CURVE('',#1140,#1142,#1233,.T.);
#948=EDGE_CURVE('',#1143,#1142,#96,.T.);
#949=EDGE_CURVE('',#1141,#1143,#1234,.T.);
#950=EDGE_CURVE('',#1142,#1144,#97,.T.);
#951=EDGE_CURVE('',#1145,#1144,#98,.T.);
#952=EDGE_CURVE('',#1143,#1145,#99,.T.);
#953=EDGE_CURVE('',#1144,#1146,#100,.T.);
#954=EDGE_CURVE('',#1147,#1146,#101,.T.);
#955=EDGE_CURVE('',#1145,#1147,#102,.T.);
#956=EDGE_CURVE('',#1148,#1146,#103,.T.);
#957=EDGE_CURVE('',#1149,#1148,#104,.T.);
#958=EDGE_CURVE('',#1149,#1147,#105,.T.);
#959=EDGE_CURVE('',#1148,#1150,#1235,.T.);
#960=EDGE_CURVE('',#1151,#1150,#106,.T.);
#961=EDGE_CURVE('',#1149,#1151,#1236,.T.);
#962=EDGE_CURVE('',#1150,#1152,#107,.T.);
#963=EDGE_CURVE('',#1153,#1152,#108,.T.);
#964=EDGE_CURVE('',#1151,#1153,#109,.T.);
#965=EDGE_CURVE('',#1152,#1154,#110,.T.);
#966=EDGE_CURVE('',#1155,#1154,#111,.T.);
#967=EDGE_CURVE('',#1153,#1155,#112,.T.);
#968=EDGE_CURVE('',#1156,#1154,#113,.T.);
#969=EDGE_CURVE('',#1157,#1156,#114,.T.);
#970=EDGE_CURVE('',#1157,#1155,#115,.T.);
#971=EDGE_CURVE('',#1156,#1158,#1237,.T.);
#972=EDGE_CURVE('',#1159,#1158,#116,.T.);
#973=EDGE_CURVE('',#1157,#1159,#1238,.T.);
#974=EDGE_CURVE('',#1158,#1160,#117,.T.);
#975=EDGE_CURVE('',#1161,#1160,#118,.T.);
#976=EDGE_CURVE('',#1159,#1161,#119,.T.);
#977=EDGE_CURVE('',#1160,#1162,#120,.T.);
#978=EDGE_CURVE('',#1163,#1162,#121,.T.);
#979=EDGE_CURVE('',#1161,#1163,#122,.T.);
#980=EDGE_CURVE('',#1164,#1162,#123,.T.);
#981=EDGE_CURVE('',#1165,#1164,#124,.T.);
#982=EDGE_CURVE('',#1165,#1163,#125,.T.);
#983=EDGE_CURVE('',#1164,#1166,#1239,.T.);
#984=EDGE_CURVE('',#1167,#1166,#126,.T.);
#985=EDGE_CURVE('',#1165,#1167,#1240,.T.);
#986=EDGE_CURVE('',#1166,#1168,#127,.T.);
#987=EDGE_CURVE('',#1169,#1168,#128,.T.);
#988=EDGE_CURVE('',#1167,#1169,#129,.T.);
#989=EDGE_CURVE('',#1168,#1170,#130,.T.);
#990=EDGE_CURVE('',#1171,#1170,#131,.T.);
#991=EDGE_CURVE('',#1169,#1171,#132,.T.);
#992=EDGE_CURVE('',#1172,#1086,#133,.T.);
#993=EDGE_CURVE('',#1172,#1171,#134,.T.);
#994=EDGE_CURVE('',#1068,#1170,#135,.T.);
#995=EDGE_CURVE('',#1173,#1090,#136,.T.);
#996=EDGE_CURVE('',#1172,#1173,#1241,.T.);
#997=EDGE_CURVE('',#1174,#1105,#137,.T.);
#998=EDGE_CURVE('',#1173,#1174,#138,.T.);
#999=EDGE_CURVE('',#1175,#1104,#139,.T.);
#1000=EDGE_CURVE('',#1174,#1175,#140,.T.);
#1001=EDGE_CURVE('',#1176,#1103,#141,.T.);
#1002=EDGE_CURVE('',#1176,#1175,#142,.T.);
#1003=EDGE_CURVE('',#1177,#1102,#143,.T.);
#1004=EDGE_CURVE('',#1176,#1177,#1242,.T.);
#1005=EDGE_CURVE('',#1178,#1101,#144,.T.);
#1006=EDGE_CURVE('',#1177,#1178,#145,.T.);
#1007=EDGE_CURVE('',#1179,#1100,#146,.T.);
#1008=EDGE_CURVE('',#1178,#1179,#147,.T.);
#1009=EDGE_CURVE('',#1180,#1099,#148,.T.);
#1010=EDGE_CURVE('',#1180,#1179,#149,.T.);
#1011=EDGE_CURVE('',#1181,#1098,#150,.T.);
#1012=EDGE_CURVE('',#1180,#1181,#1243,.T.);
#1013=EDGE_CURVE('',#1182,#1097,#151,.T.);
#1014=EDGE_CURVE('',#1181,#1182,#152,.T.);
#1015=EDGE_CURVE('',#1183,#1096,#153,.T.);
#1016=EDGE_CURVE('',#1182,#1183,#154,.T.);
#1017=EDGE_CURVE('',#1184,#1095,#155,.T.);
#1018=EDGE_CURVE('',#1184,#1183,#156,.T.);
#1019=EDGE_CURVE('',#1185,#1094,#157,.T.);
#1020=EDGE_CURVE('',#1184,#1185,#1244,.T.);
#1021=EDGE_CURVE('',#1186,#1093,#158,.T.);
#1022=EDGE_CURVE('',#1185,#1186,#159,.T.);
#1023=EDGE_CURVE('',#1187,#1092,#160,.T.);
#1024=EDGE_CURVE('',#1186,#1187,#161,.T.);
#1025=EDGE_CURVE('',#1188,#1091,#162,.T.);
#1026=EDGE_CURVE('',#1188,#1187,#163,.T.);
#1027=EDGE_CURVE('',#1189,#1062,#164,.T.);
#1028=EDGE_CURVE('',#1188,#1189,#1245,.T.);
#1029=EDGE_CURVE('',#1063,#1190,#165,.T.);
#1030=EDGE_CURVE('',#1191,#1190,#166,.T.);
#1031=EDGE_CURVE('',#1189,#1191,#167,.T.);
#1032=EDGE_CURVE('',#1190,#1192,#168,.T.);
#1033=EDGE_CURVE('',#1193,#1192,#169,.T.);
#1034=EDGE_CURVE('',#1191,#1193,#170,.T.);
#1035=EDGE_CURVE('',#1194,#1192,#171,.T.);
#1036=EDGE_CURVE('',#1195,#1194,#172,.T.);
#1037=EDGE_CURVE('',#1195,#1193,#173,.T.);
#1038=EDGE_CURVE('',#1194,#1196,#1246,.T.);
#1039=EDGE_CURVE('',#1197,#1196,#174,.T.);
#1040=EDGE_CURVE('',#1195,#1197,#1247,.T.);
#1041=EDGE_CURVE('',#1196,#1198,#175,.T.);
#1042=EDGE_CURVE('',#1199,#1198,#176,.T.);
#1043=EDGE_CURVE('',#1197,#1199,#177,.T.);
#1044=EDGE_CURVE('',#1198,#1200,#178,.T.);
#1045=EDGE_CURVE('',#1201,#1200,#179,.T.);
#1046=EDGE_CURVE('',#1199,#1201,#180,.T.);
#1047=EDGE_CURVE('',#1202,#1200,#181,.T.);
#1048=EDGE_CURVE('',#1203,#1202,#182,.T.);
#1049=EDGE_CURVE('',#1203,#1201,#183,.T.);
#1050=EDGE_CURVE('',#1202,#1204,#1248,.T.);
#1051=EDGE_CURVE('',#1205,#1204,#184,.T.);
#1052=EDGE_CURVE('',#1203,#1205,#1249,.T.);
#1053=EDGE_CURVE('',#1204,#1206,#185,.T.);
#1054=EDGE_CURVE('',#1207,#1206,#186,.T.);
#1055=EDGE_CURVE('',#1205,#1207,#187,.T.);
#1056=EDGE_CURVE('',#1206,#1107,#188,.T.);
#1057=EDGE_CURVE('',#1207,#1109,#189,.T.);
#1058=EDGE_CURVE('',#1208,#1208,#1250,.T.);
#1059=EDGE_CURVE('',#1209,#1209,#1251,.T.);
#1060=VERTEX_POINT('',#2168);
#1061=VERTEX_POINT('',#2171);
#1062=VERTEX_POINT('',#2176);
#1063=VERTEX_POINT('',#2177);
#1064=VERTEX_POINT('',#2179);
#1065=VERTEX_POINT('',#2181);
#1066=VERTEX_POINT('',#2185);
#1067=VERTEX_POINT('',#2186);
#1068=VERTEX_POINT('',#2188);
#1069=VERTEX_POINT('',#2190);
#1070=VERTEX_POINT('',#2192);
#1071=VERTEX_POINT('',#2194);
#1072=VERTEX_POINT('',#2196);
#1073=VERTEX_POINT('',#2198);
#1074=VERTEX_POINT('',#2200);
#1075=VERTEX_POINT('',#2204);
#1076=VERTEX_POINT('',#2206);
#1077=VERTEX_POINT('',#2208);
#1078=VERTEX_POINT('',#2210);
#1079=VERTEX_POINT('',#2212);
#1080=VERTEX_POINT('',#2214);
#1081=VERTEX_POINT('',#2216);
#1082=VERTEX_POINT('',#2220);
#1083=VERTEX_POINT('',#2225);
#1084=VERTEX_POINT('',#2228);
#1085=VERTEX_POINT('',#2233);
#1086=VERTEX_POINT('',#2237);
#1087=VERTEX_POINT('',#2243);
#1088=VERTEX_POINT('',#2247);
#1089=VERTEX_POINT('',#2253);
#1090=VERTEX_POINT('',#2256);
#1091=VERTEX_POINT('',#2258);
#1092=VERTEX_POINT('',#2260);
#1093=VERTEX_POINT('',#2262);
#1094=VERTEX_POINT('',#2264);
#1095=VERTEX_POINT('',#2266);
#1096=VERTEX_POINT('',#2268);
#1097=VERTEX_POINT('',#2270);
#1098=VERTEX_POINT('',#2272);
#1099=VERTEX_POINT('',#2274);
#1100=VERTEX_POINT('',#2276);
#1101=VERTEX_POINT('',#2278);
#1102=VERTEX_POINT('',#2280);
#1103=VERTEX_POINT('',#2282);
#1104=VERTEX_POINT('',#2284);
#1105=VERTEX_POINT('',#2286);
#1106=VERTEX_POINT('',#2290);
#1107=VERTEX_POINT('',#2291);
#1108=VERTEX_POINT('',#2293);
#1109=VERTEX_POINT('',#2295);
#1110=VERTEX_POINT('',#2299);
#1111=VERTEX_POINT('',#2301);
#1112=VERTEX_POINT('',#2305);
#1113=VERTEX_POINT('',#2307);
#1114=VERTEX_POINT('',#2311);
#1115=VERTEX_POINT('',#2313);
#1116=VERTEX_POINT('',#2317);
#1117=VERTEX_POINT('',#2319);
#1118=VERTEX_POINT('',#2323);
#1119=VERTEX_POINT('',#2325);
#1120=VERTEX_POINT('',#2329);
#1121=VERTEX_POINT('',#2331);
#1122=VERTEX_POINT('',#2335);
#1123=VERTEX_POINT('',#2337);
#1124=VERTEX_POINT('',#2341);
#1125=VERTEX_POINT('',#2343);
#1126=VERTEX_POINT('',#2347);
#1127=VERTEX_POINT('',#2349);
#1128=VERTEX_POINT('',#2353);
#1129=VERTEX_POINT('',#2355);
#1130=VERTEX_POINT('',#2359);
#1131=VERTEX_POINT('',#2361);
#1132=VERTEX_POINT('',#2365);
#1133=VERTEX_POINT('',#2367);
#1134=VERTEX_POINT('',#2371);
#1135=VERTEX_POINT('',#2373);
#1136=VERTEX_POINT('',#2377);
#1137=VERTEX_POINT('',#2379);
#1138=VERTEX_POINT('',#2383);
#1139=VERTEX_POINT('',#2385);
#1140=VERTEX_POINT('',#2389);
#1141=VERTEX_POINT('',#2391);
#1142=VERTEX_POINT('',#2395);
#1143=VERTEX_POINT('',#2397);
#1144=VERTEX_POINT('',#2401);
#1145=VERTEX_POINT('',#2403);
#1146=VERTEX_POINT('',#2407);
#1147=VERTEX_POINT('',#2409);
#1148=VERTEX_POINT('',#2413);
#1149=VERTEX_POINT('',#2415);
#1150=VERTEX_POINT('',#2419);
#1151=VERTEX_POINT('',#2421);
#1152=VERTEX_POINT('',#2425);
#1153=VERTEX_POINT('',#2427);
#1154=VERTEX_POINT('',#2431);
#1155=VERTEX_POINT('',#2433);
#1156=VERTEX_POINT('',#2437);
#1157=VERTEX_POINT('',#2439);
#1158=VERTEX_POINT('',#2443);
#1159=VERTEX_POINT('',#2445);
#1160=VERTEX_POINT('',#2449);
#1161=VERTEX_POINT('',#2451);
#1162=VERTEX_POINT('',#2455);
#1163=VERTEX_POINT('',#2457);
#1164=VERTEX_POINT('',#2461);
#1165=VERTEX_POINT('',#2463);
#1166=VERTEX_POINT('',#2467);
#1167=VERTEX_POINT('',#2469);
#1168=VERTEX_POINT('',#2473);
#1169=VERTEX_POINT('',#2475);
#1170=VERTEX_POINT('',#2479);
#1171=VERTEX_POINT('',#2481);
#1172=VERTEX_POINT('',#2485);
#1173=VERTEX_POINT('',#2490);
#1174=VERTEX_POINT('',#2494);
#1175=VERTEX_POINT('',#2498);
#1176=VERTEX_POINT('',#2502);
#1177=VERTEX_POINT('',#2506);
#1178=VERTEX_POINT('',#2510);
#1179=VERTEX_POINT('',#2514);
#1180=VERTEX_POINT('',#2518);
#1181=VERTEX_POINT('',#2522);
#1182=VERTEX_POINT('',#2526);
#1183=VERTEX_POINT('',#2530);
#1184=VERTEX_POINT('',#2534);
#1185=VERTEX_POINT('',#2538);
#1186=VERTEX_POINT('',#2542);
#1187=VERTEX_POINT('',#2546);
#1188=VERTEX_POINT('',#2550);
#1189=VERTEX_POINT('',#2554);
#1190=VERTEX_POINT('',#2558);
#1191=VERTEX_POINT('',#2560);
#1192=VERTEX_POINT('',#2564);
#1193=VERTEX_POINT('',#2566);
#1194=VERTEX_POINT('',#2570);
#1195=VERTEX_POINT('',#2572);
#1196=VERTEX_POINT('',#2576);
#1197=VERTEX_POINT('',#2578);
#1198=VERTEX_POINT('',#2582);
#1199=VERTEX_POINT('',#2584);
#1200=VERTEX_POINT('',#2588);
#1201=VERTEX_POINT('',#2590);
#1202=VERTEX_POINT('',#2594);
#1203=VERTEX_POINT('',#2596);
#1204=VERTEX_POINT('',#2600);
#1205=VERTEX_POINT('',#2602);
#1206=VERTEX_POINT('',#2606);
#1207=VERTEX_POINT('',#2608);
#1208=VERTEX_POINT('',#2615);
#1209=VERTEX_POINT('',#2619);
#1210=CIRCLE('',#1609,0.0134);
#1211=CIRCLE('',#1611,0.0134);
#1212=CIRCLE('',#1615,0.0635);
#1213=CIRCLE('',#1619,0.0134);
#1214=CIRCLE('',#1621,0.0134);
#1215=CIRCLE('',#1624,0.0134);
#1216=CIRCLE('',#1626,0.0634999999999991);
#1217=CIRCLE('',#1629,0.0134);
#1218=CIRCLE('',#1631,0.0134);
#1219=CIRCLE('',#1635,0.0134);
#1220=CIRCLE('',#1637,0.0634999999999991);
#1221=CIRCLE('',#1638,0.0635);
#1222=CIRCLE('',#1639,0.0635);
#1223=CIRCLE('',#1640,0.063500000000002);
#1224=CIRCLE('',#1641,0.0635000000000009);
#1225=CIRCLE('',#1644,0.0635000000000071);
#1226=CIRCLE('',#1645,0.0635000000000071);
#1227=CIRCLE('',#1650,0.0635000000000035);
#1228=CIRCLE('',#1651,0.0635000000000035);
#1229=CIRCLE('',#1656,0.0635000000000075);
#1230=CIRCLE('',#1657,0.0635000000000075);
#1231=CIRCLE('',#1662,0.063500000000007);
#1232=CIRCLE('',#1663,0.063500000000007);
#1233=CIRCLE('',#1668,0.0635000000000031);
#1234=CIRCLE('',#1669,0.0635000000000031);
#1235=CIRCLE('',#1674,0.063500000000007);
#1236=CIRCLE('',#1675,0.063500000000007);
#1237=CIRCLE('',#1680,0.063500000000002);
#1238=CIRCLE('',#1681,0.063500000000002);
#1239=CIRCLE('',#1686,0.0635000000000031);
#1240=CIRCLE('',#1687,0.0635000000000031);
#1241=CIRCLE('',#1692,0.0634999999999991);
#1242=CIRCLE('',#1697,0.0635000000000009);
#1243=CIRCLE('',#1702,0.063500000000002);
#1244=CIRCLE('',#1707,0.0635);
#1245=CIRCLE('',#1712,0.0635);
#1246=CIRCLE('',#1717,0.0635000000000033);
#1247=CIRCLE('',#1718,0.0635000000000033);
#1248=CIRCLE('',#1723,0.0635000000000015);
#1249=CIRCLE('',#1724,0.0635000000000015);
#1250=CIRCLE('',#1728,0.01524);
#1251=CIRCLE('',#1731,0.01524);
#1252=EDGE_LOOP('',(#394));
#1253=EDGE_LOOP('',(#395));
#1254=EDGE_LOOP('',(#396));
#1255=EDGE_LOOP('',(#397));
#1256=EDGE_LOOP('',(#398,#399,#400,#401));
#1257=EDGE_LOOP('',(#402,#403,#404,#405,#406,#407,#408,#409,#410));
#1258=EDGE_LOOP('',(#411,#412,#413,#414,#415,#416,#417,#418,#419));
#1259=EDGE_LOOP('',(#420));
#1260=EDGE_LOOP('',(#421,#422,#423,#424));
#1261=EDGE_LOOP('',(#425));
#1262=EDGE_LOOP('',(#426,#427,#428,#429,#430,#431));
#1263=EDGE_LOOP('',(#432));
#1264=EDGE_LOOP('',(#433));
#1265=EDGE_LOOP('',(#434));
#1266=EDGE_LOOP('',(#435,#436,#437,#438));
#1267=EDGE_LOOP('',(#439,#440,#441,#442));
#1268=EDGE_LOOP('',(#443,#444,#445,#446));
#1269=EDGE_LOOP('',(#447));
#1270=EDGE_LOOP('',(#448,#449,#450,#451));
#1271=EDGE_LOOP('',(#452));
#1272=EDGE_LOOP('',(#453,#454,#455,#456));
#1273=EDGE_LOOP('',(#457,#458,#459,#460));
#1274=EDGE_LOOP('',(#461));
#1275=EDGE_LOOP('',(#462));
#1276=EDGE_LOOP('',(#463));
#1277=EDGE_LOOP('',(#464));
#1278=EDGE_LOOP('',(#465,#466,#467,#468,#469,#470,#471,#472,#473,#474,#475,
#476,#477,#478,#479,#480,#481,#482));
#1279=EDGE_LOOP('',(#483,#484,#485,#486));
#1280=EDGE_LOOP('',(#487,#488,#489,#490));
#1281=EDGE_LOOP('',(#491,#492,#493,#494));
#1282=EDGE_LOOP('',(#495,#496,#497,#498));
#1283=EDGE_LOOP('',(#499,#500,#501,#502));
#1284=EDGE_LOOP('',(#503,#504,#505,#506));
#1285=EDGE_LOOP('',(#507,#508,#509,#510));
#1286=EDGE_LOOP('',(#511,#512,#513,#514));
#1287=EDGE_LOOP('',(#515,#516,#517,#518));
#1288=EDGE_LOOP('',(#519,#520,#521,#522));
#1289=EDGE_LOOP('',(#523,#524,#525,#526));
#1290=EDGE_LOOP('',(#527,#528,#529,#530));
#1291=EDGE_LOOP('',(#531,#532,#533,#534));
#1292=EDGE_LOOP('',(#535,#536,#537,#538));
#1293=EDGE_LOOP('',(#539,#540,#541,#542));
#1294=EDGE_LOOP('',(#543,#544,#545,#546));
#1295=EDGE_LOOP('',(#547,#548,#549,#550));
#1296=EDGE_LOOP('',(#551,#552,#553,#554));
#1297=EDGE_LOOP('',(#555,#556,#557,#558));
#1298=EDGE_LOOP('',(#559,#560,#561,#562));
#1299=EDGE_LOOP('',(#563,#564,#565,#566));
#1300=EDGE_LOOP('',(#567,#568,#569,#570));
#1301=EDGE_LOOP('',(#571,#572,#573,#574));
#1302=EDGE_LOOP('',(#575,#576,#577,#578));
#1303=EDGE_LOOP('',(#579,#580,#581,#582));
#1304=EDGE_LOOP('',(#583,#584,#585,#586));
#1305=EDGE_LOOP('',(#587,#588,#589,#590));
#1306=EDGE_LOOP('',(#591,#592,#593,#594));
#1307=EDGE_LOOP('',(#595,#596,#597,#598));
#1308=EDGE_LOOP('',(#599,#600,#601,#602));
#1309=EDGE_LOOP('',(#603,#604,#605,#606));
#1310=EDGE_LOOP('',(#607,#608,#609,#610));
#1311=EDGE_LOOP('',(#611,#612,#613,#614,#615));
#1312=EDGE_LOOP('',(#616,#617,#618,#619,#620));
#1313=EDGE_LOOP('',(#621,#622,#623,#624));
#1314=EDGE_LOOP('',(#625,#626,#627,#628));
#1315=EDGE_LOOP('',(#629,#630,#631,#632));
#1316=EDGE_LOOP('',(#633,#634,#635,#636));
#1317=EDGE_LOOP('',(#637,#638,#639,#640));
#1318=EDGE_LOOP('',(#641,#642,#643,#644));
#1319=EDGE_LOOP('',(#645,#646,#647,#648));
#1320=EDGE_LOOP('',(#649,#650,#651,#652));
#1321=EDGE_LOOP('',(#653,#654,#655,#656));
#1322=EDGE_LOOP('',(#657,#658,#659,#660));
#1323=EDGE_LOOP('',(#661,#662,#663,#664));
#1324=EDGE_LOOP('',(#665,#666,#667,#668));
#1325=EDGE_LOOP('',(#669,#670,#671,#672));
#1326=EDGE_LOOP('',(#673,#674,#675,#676));
#1327=EDGE_LOOP('',(#677,#678,#679,#680));
#1328=EDGE_LOOP('',(#681,#682,#683,#684,#685));
#1329=EDGE_LOOP('',(#686,#687,#688,#689,#690));
#1330=EDGE_LOOP('',(#691,#692,#693,#694));
#1331=EDGE_LOOP('',(#695,#696,#697,#698));
#1332=EDGE_LOOP('',(#699,#700,#701,#702));
#1333=EDGE_LOOP('',(#703,#704,#705,#706));
#1334=EDGE_LOOP('',(#707,#708,#709,#710));
#1335=EDGE_LOOP('',(#711,#712,#713,#714));
#1336=EDGE_LOOP('',(#715,#716,#717,#718));
#1337=EDGE_LOOP('',(#719,#720,#721,#722));
#1338=EDGE_LOOP('',(#723,#724,#725,#726));
#1339=EDGE_LOOP('',(#727));
#1340=EDGE_LOOP('',(#728,#729,#730,#731,#732,#733,#734,#735,#736,#737,#738,
#739,#740,#741,#742,#743,#744,#745,#746,#747,#748,#749,#750,#751,#752,#753,
#754,#755,#756,#757,#758,#759,#760,#761,#762,#763,#764,#765,#766,#767,#768,
#769,#770,#771,#772,#773,#774,#775,#776,#777,#778,#779,#780,#781,#782,#783,
#784,#785,#786,#787));
#1341=EDGE_LOOP('',(#788,#789,#790,#791,#792,#793,#794,#795,#796,#797,#798,
#799,#800,#801,#802,#803,#804,#805,#806,#807,#808,#809,#810,#811,#812,#813,
#814,#815,#816,#817,#818,#819,#820,#821,#822,#823,#824,#825,#826,#827,#828,
#829,#830,#831,#832,#833));
#1342=EDGE_LOOP('',(#834));
#1343=EDGE_LOOP('',(#835));
#1344=EDGE_LOOP('',(#836));
#1345=EDGE_LOOP('',(#837));
#1346=FACE_BOUND('',#1252,.T.);
#1347=FACE_BOUND('',#1253,.T.);
#1348=FACE_BOUND('',#1254,.T.);
#1349=FACE_BOUND('',#1255,.T.);
#1350=FACE_BOUND('',#1256,.T.);
#1351=FACE_BOUND('',#1257,.T.);
#1352=FACE_BOUND('',#1258,.T.);
#1353=FACE_BOUND('',#1259,.T.);
#1354=FACE_BOUND('',#1260,.T.);
#1355=FACE_BOUND('',#1261,.T.);
#1356=FACE_BOUND('',#1262,.T.);
#1357=FACE_BOUND('',#1263,.T.);
#1358=FACE_BOUND('',#1264,.T.);
#1359=FACE_BOUND('',#1265,.T.);
#1360=FACE_BOUND('',#1266,.T.);
#1361=FACE_BOUND('',#1267,.T.);
#1362=FACE_BOUND('',#1268,.T.);
#1363=FACE_BOUND('',#1269,.T.);
#1364=FACE_BOUND('',#1270,.T.);
#1365=FACE_BOUND('',#1271,.T.);
#1366=FACE_BOUND('',#1272,.T.);
#1367=FACE_BOUND('',#1273,.T.);
#1368=FACE_BOUND('',#1274,.T.);
#1369=FACE_BOUND('',#1275,.T.);
#1370=FACE_BOUND('',#1276,.T.);
#1371=FACE_BOUND('',#1277,.T.);
#1372=FACE_BOUND('',#1278,.T.);
#1373=FACE_BOUND('',#1279,.T.);
#1374=FACE_BOUND('',#1280,.T.);
#1375=FACE_BOUND('',#1281,.T.);
#1376=FACE_BOUND('',#1282,.T.);
#1377=FACE_BOUND('',#1283,.T.);
#1378=FACE_BOUND('',#1284,.T.);
#1379=FACE_BOUND('',#1285,.T.);
#1380=FACE_BOUND('',#1286,.T.);
#1381=FACE_BOUND('',#1287,.T.);
#1382=FACE_BOUND('',#1288,.T.);
#1383=FACE_BOUND('',#1289,.T.);
#1384=FACE_BOUND('',#1290,.T.);
#1385=FACE_BOUND('',#1291,.T.);
#1386=FACE_BOUND('',#1292,.T.);
#1387=FACE_BOUND('',#1293,.T.);
#1388=FACE_BOUND('',#1294,.T.);
#1389=FACE_BOUND('',#1295,.T.);
#1390=FACE_BOUND('',#1296,.T.);
#1391=FACE_BOUND('',#1297,.T.);
#1392=FACE_BOUND('',#1298,.T.);
#1393=FACE_BOUND('',#1299,.T.);
#1394=FACE_BOUND('',#1300,.T.);
#1395=FACE_BOUND('',#1301,.T.);
#1396=FACE_BOUND('',#1302,.T.);
#1397=FACE_BOUND('',#1303,.T.);
#1398=FACE_BOUND('',#1304,.T.);
#1399=FACE_BOUND('',#1305,.T.);
#1400=FACE_BOUND('',#1306,.T.);
#1401=FACE_BOUND('',#1307,.T.);
#1402=FACE_BOUND('',#1308,.T.);
#1403=FACE_BOUND('',#1309,.T.);
#1404=FACE_BOUND('',#1310,.T.);
#1405=FACE_BOUND('',#1311,.T.);
#1406=FACE_BOUND('',#1312,.T.);
#1407=FACE_BOUND('',#1313,.T.);
#1408=FACE_BOUND('',#1314,.T.);
#1409=FACE_BOUND('',#1315,.T.);
#1410=FACE_BOUND('',#1316,.T.);
#1411=FACE_BOUND('',#1317,.T.);
#1412=FACE_BOUND('',#1318,.T.);
#1413=FACE_BOUND('',#1319,.T.);
#1414=FACE_BOUND('',#1320,.T.);
#1415=FACE_BOUND('',#1321,.T.);
#1416=FACE_BOUND('',#1322,.T.);
#1417=FACE_BOUND('',#1323,.T.);
#1418=FACE_BOUND('',#1324,.T.);
#1419=FACE_BOUND('',#1325,.T.);
#1420=FACE_BOUND('',#1326,.T.);
#1421=FACE_BOUND('',#1327,.T.);
#1422=FACE_BOUND('',#1328,.T.);
#1423=FACE_BOUND('',#1329,.T.);
#1424=FACE_BOUND('',#1330,.T.);
#1425=FACE_BOUND('',#1331,.T.);
#1426=FACE_BOUND('',#1332,.T.);
#1427=FACE_BOUND('',#1333,.T.);
#1428=FACE_BOUND('',#1334,.T.);
#1429=FACE_BOUND('',#1335,.T.);
#1430=FACE_BOUND('',#1336,.T.);
#1431=FACE_BOUND('',#1337,.T.);
#1432=FACE_BOUND('',#1338,.T.);
#1433=FACE_BOUND('',#1339,.T.);
#1434=FACE_BOUND('',#1340,.T.);
#1435=FACE_BOUND('',#1341,.T.);
#1436=FACE_BOUND('',#1342,.T.);
#1437=FACE_BOUND('',#1343,.T.);
#1438=FACE_BOUND('',#1344,.T.);
#1439=FACE_BOUND('',#1345,.T.);
#1440=PLANE('',#1608);
#1441=PLANE('',#1612);
#1442=PLANE('',#1614);
#1443=PLANE('',#1616);
#1444=PLANE('',#1617);
#1445=PLANE('',#1618);
#1446=PLANE('',#1620);
#1447=PLANE('',#1623);
#1448=PLANE('',#1625);
#1449=PLANE('',#1627);
#1450=PLANE('',#1628);
#1451=PLANE('',#1630);
#1452=PLANE('',#1632);
#1453=PLANE('',#1636);
#1454=PLANE('',#1642);
#1455=PLANE('',#1646);
#1456=PLANE('',#1647);
#1457=PLANE('',#1648);
#1458=PLANE('',#1652);
#1459=PLANE('',#1653);
#1460=PLANE('',#1654);
#1461=PLANE('',#1658);
#1462=PLANE('',#1659);
#1463=PLANE('',#1660);
#1464=PLANE('',#1664);
#1465=PLANE('',#1665);
#1466=PLANE('',#1666);
#1467=PLANE('',#1670);
#1468=PLANE('',#1671);
#1469=PLANE('',#1672);
#1470=PLANE('',#1676);
#1471=PLANE('',#1677);
#1472=PLANE('',#1678);
#1473=PLANE('',#1682);
#1474=PLANE('',#1683);
#1475=PLANE('',#1684);
#1476=PLANE('',#1688);
#1477=PLANE('',#1689);
#1478=PLANE('',#1690);
#1479=PLANE('',#1693);
#1480=PLANE('',#1694);
#1481=PLANE('',#1695);
#1482=PLANE('',#1698);
#1483=PLANE('',#1699);
#1484=PLANE('',#1700);
#1485=PLANE('',#1703);
#1486=PLANE('',#1704);
#1487=PLANE('',#1705);
#1488=PLANE('',#1708);
#1489=PLANE('',#1709);
#1490=PLANE('',#1710);
#1491=PLANE('',#1713);
#1492=PLANE('',#1714);
#1493=PLANE('',#1715);
#1494=PLANE('',#1719);
#1495=PLANE('',#1720);
#1496=PLANE('',#1721);
#1497=PLANE('',#1725);
#1498=PLANE('',#1726);
#1499=PLANE('',#1727);
#1500=PLANE('',#1729);
#1501=PLANE('',#1732);
#1502=ADVANCED_FACE('',(#1346),#1440,.T.);
#1503=ADVANCED_FACE('',(#1347,#1348),#374,.T.);
#1504=ADVANCED_FACE('',(#1349),#1441,.F.);
#1505=ADVANCED_FACE('',(#1350),#1442,.F.);
#1506=ADVANCED_FACE('',(#1351),#1443,.F.);
#1507=ADVANCED_FACE('',(#1352),#1444,.T.);
#1508=ADVANCED_FACE('',(#1353,#1354),#1445,.T.);
#1509=ADVANCED_FACE('',(#1355,#1356),#1446,.F.);
#1510=ADVANCED_FACE('',(#1357,#1358),#375,.F.);
#1511=ADVANCED_FACE('',(#1359,#1360),#1447,.T.);
#1512=ADVANCED_FACE('',(#1361),#1448,.F.);
#1513=ADVANCED_FACE('',(#1362),#1449,.T.);
#1514=ADVANCED_FACE('',(#1363,#1364),#1450,.F.);
#1515=ADVANCED_FACE('',(#1365,#1366),#1451,.T.);
#1516=ADVANCED_FACE('',(#1367),#1452,.T.);
#1517=ADVANCED_FACE('',(#1368,#1369),#376,.F.);
#1518=ADVANCED_FACE('',(#1370,#1371),#377,.F.);
#1519=ADVANCED_FACE('',(#1372),#1453,.F.);
#1520=ADVANCED_FACE('',(#1373),#1454,.T.);
#1521=ADVANCED_FACE('',(#1374),#378,.T.);
#1522=ADVANCED_FACE('',(#1375),#1455,.F.);
#1523=ADVANCED_FACE('',(#1376),#1456,.F.);
#1524=ADVANCED_FACE('',(#1377),#1457,.T.);
#1525=ADVANCED_FACE('',(#1378),#379,.T.);
#1526=ADVANCED_FACE('',(#1379),#1458,.F.);
#1527=ADVANCED_FACE('',(#1380),#1459,.F.);
#1528=ADVANCED_FACE('',(#1381),#1460,.T.);
#1529=ADVANCED_FACE('',(#1382),#380,.T.);
#1530=ADVANCED_FACE('',(#1383),#1461,.F.);
#1531=ADVANCED_FACE('',(#1384),#1462,.F.);
#1532=ADVANCED_FACE('',(#1385),#1463,.T.);
#1533=ADVANCED_FACE('',(#1386),#381,.T.);
#1534=ADVANCED_FACE('',(#1387),#1464,.F.);
#1535=ADVANCED_FACE('',(#1388),#1465,.F.);
#1536=ADVANCED_FACE('',(#1389),#1466,.T.);
#1537=ADVANCED_FACE('',(#1390),#382,.T.);
#1538=ADVANCED_FACE('',(#1391),#1467,.F.);
#1539=ADVANCED_FACE('',(#1392),#1468,.F.);
#1540=ADVANCED_FACE('',(#1393),#1469,.T.);
#1541=ADVANCED_FACE('',(#1394),#383,.T.);
#1542=ADVANCED_FACE('',(#1395),#1470,.F.);
#1543=ADVANCED_FACE('',(#1396),#1471,.F.);
#1544=ADVANCED_FACE('',(#1397),#1472,.T.);
#1545=ADVANCED_FACE('',(#1398),#384,.T.);
#1546=ADVANCED_FACE('',(#1399),#1473,.F.);
#1547=ADVANCED_FACE('',(#1400),#1474,.F.);
#1548=ADVANCED_FACE('',(#1401),#1475,.T.);
#1549=ADVANCED_FACE('',(#1402),#385,.T.);
#1550=ADVANCED_FACE('',(#1403),#1476,.F.);
#1551=ADVANCED_FACE('',(#1404),#1477,.F.);
#1552=ADVANCED_FACE('',(#1405),#1478,.T.);
#1553=ADVANCED_FACE('',(#1406),#386,.T.);
#1554=ADVANCED_FACE('',(#1407),#1479,.F.);
#1555=ADVANCED_FACE('',(#1408),#1480,.F.);
#1556=ADVANCED_FACE('',(#1409),#1481,.T.);
#1557=ADVANCED_FACE('',(#1410),#387,.T.);
#1558=ADVANCED_FACE('',(#1411),#1482,.F.);
#1559=ADVANCED_FACE('',(#1412),#1483,.F.);
#1560=ADVANCED_FACE('',(#1413),#1484,.T.);
#1561=ADVANCED_FACE('',(#1414),#388,.T.);
#1562=ADVANCED_FACE('',(#1415),#1485,.F.);
#1563=ADVANCED_FACE('',(#1416),#1486,.F.);
#1564=ADVANCED_FACE('',(#1417),#1487,.T.);
#1565=ADVANCED_FACE('',(#1418),#389,.T.);
#1566=ADVANCED_FACE('',(#1419),#1488,.F.);
#1567=ADVANCED_FACE('',(#1420),#1489,.F.);
#1568=ADVANCED_FACE('',(#1421),#1490,.T.);
#1569=ADVANCED_FACE('',(#1422),#390,.T.);
#1570=ADVANCED_FACE('',(#1423),#1491,.F.);
#1571=ADVANCED_FACE('',(#1424),#1492,.F.);
#1572=ADVANCED_FACE('',(#1425),#1493,.T.);
#1573=ADVANCED_FACE('',(#1426),#391,.T.);
#1574=ADVANCED_FACE('',(#1427),#1494,.F.);
#1575=ADVANCED_FACE('',(#1428),#1495,.F.);
#1576=ADVANCED_FACE('',(#1429),#1496,.T.);
#1577=ADVANCED_FACE('',(#1430),#392,.T.);
#1578=ADVANCED_FACE('',(#1431),#1497,.F.);
#1579=ADVANCED_FACE('',(#1432),#1498,.F.);
#1580=ADVANCED_FACE('',(#1433,#1434),#1499,.T.);
#1581=ADVANCED_FACE('',(#1435),#1500,.F.);
#1582=ADVANCED_FACE('',(#1436,#1437),#393,.F.);
#1583=ADVANCED_FACE('',(#1438,#1439),#1501,.F.);
#1584=CLOSED_SHELL('',(#1502,#1503,#1504));
#1585=CLOSED_SHELL('',(#1505,#1506,#1507,#1508,#1509,#1510,#1511,#1512,
#1513,#1514,#1515,#1516,#1517,#1518,#1519,#1520,#1521,#1522,#1523,#1524,
#1525,#1526,#1527,#1528,#1529,#1530,#1531,#1532,#1533,#1534,#1535,#1536,
#1537,#1538,#1539,#1540,#1541,#1542,#1543,#1544,#1545,#1546,#1547,#1548,
#1549,#1550,#1551,#1552,#1553,#1554,#1555,#1556,#1557,#1558,#1559,#1560,
#1561,#1562,#1563,#1564,#1565,#1566,#1567,#1568,#1569,#1570,#1571,#1572,
#1573,#1574,#1575,#1576,#1577,#1578,#1579,#1580,#1581,#1582,#1583));
#1586=STYLED_ITEM('',(#1588),#1601);
#1587=STYLED_ITEM('',(#1589),#1602);
#1588=PRESENTATION_STYLE_ASSIGNMENT((#1590));
#1589=PRESENTATION_STYLE_ASSIGNMENT((#1591));
#1590=SURFACE_STYLE_USAGE(.BOTH.,#1592);
#1591=SURFACE_STYLE_USAGE(.BOTH.,#1593);
#1592=SURFACE_SIDE_STYLE('',(#1594));
#1593=SURFACE_SIDE_STYLE('',(#1595));
#1594=SURFACE_STYLE_FILL_AREA(#1596);
#1595=SURFACE_STYLE_FILL_AREA(#1597);
#1596=FILL_AREA_STYLE('',(#1598));
#1597=FILL_AREA_STYLE('',(#1599));
#1598=FILL_AREA_STYLE_COLOUR('',#1600);
#1599=FILL_AREA_STYLE_COLOUR('',#1600);
#1600=COLOUR_RGB('',0.615686274509804,0.811764705882353,0.929411764705882);
#1601=MANIFOLD_SOLID_BREP('Part 2',#1584);
#1602=MANIFOLD_SOLID_BREP('Part 1',#1585);
#1603=SHAPE_DEFINITION_REPRESENTATION(#2633,#1605);
#1604=SHAPE_DEFINITION_REPRESENTATION(#2634,#1606);
#1605=SHAPE_REPRESENTATION('Part 2',(#1607),#2623);
#1606=SHAPE_REPRESENTATION('Part 1',(#1613),#2624);
#1607=AXIS2_PLACEMENT_3D('',#2165,#1733,#1734);
#1608=AXIS2_PLACEMENT_3D('',#2166,#1735,#1736);
#1609=AXIS2_PLACEMENT_3D('',#2167,#1737,#1738);
#1610=AXIS2_PLACEMENT_3D('',#2169,#1739,#1740);
#1611=AXIS2_PLACEMENT_3D('',#2170,#1741,#1742);
#1612=AXIS2_PLACEMENT_3D('',#2172,#1743,#1744);
#1613=AXIS2_PLACEMENT_3D('',#2173,#1745,#1746);
#1614=AXIS2_PLACEMENT_3D('',#2174,#1747,#1748);
#1615=AXIS2_PLACEMENT_3D('',#2178,#1750,#1751);
#1616=AXIS2_PLACEMENT_3D('',#2183,#1754,#1755);
#1617=AXIS2_PLACEMENT_3D('',#2202,#1765,#1766);
#1618=AXIS2_PLACEMENT_3D('',#2218,#1775,#1776);
#1619=AXIS2_PLACEMENT_3D('',#2219,#1777,#1778);
#1620=AXIS2_PLACEMENT_3D('',#2223,#1781,#1782);
#1621=AXIS2_PLACEMENT_3D('',#2224,#1783,#1784);
#1622=AXIS2_PLACEMENT_3D('',#2230,#1788,#1789);
#1623=AXIS2_PLACEMENT_3D('',#2231,#1790,#1791);
#1624=AXIS2_PLACEMENT_3D('',#2232,#1792,#1793);
#1625=AXIS2_PLACEMENT_3D('',#2235,#1795,#1796);
#1626=AXIS2_PLACEMENT_3D('',#2236,#1797,#1798);
#1627=AXIS2_PLACEMENT_3D('',#2239,#1800,#1801);
#1628=AXIS2_PLACEMENT_3D('',#2241,#1803,#1804);
#1629=AXIS2_PLACEMENT_3D('',#2242,#1805,#1806);
#1630=AXIS2_PLACEMENT_3D('',#2245,#1808,#1809);
#1631=AXIS2_PLACEMENT_3D('',#2246,#1810,#1811);
#1632=AXIS2_PLACEMENT_3D('',#2249,#1813,#1814);
#1633=AXIS2_PLACEMENT_3D('',#2250,#1815,#1816);
#1634=AXIS2_PLACEMENT_3D('',#2251,#1817,#1818);
#1635=AXIS2_PLACEMENT_3D('',#2252,#1819,#1820);
#1636=AXIS2_PLACEMENT_3D('',#2254,#1821,#1822);
#1637=AXIS2_PLACEMENT_3D('',#2255,#1823,#1824);
#1638=AXIS2_PLACEMENT_3D('',#2257,#1825,#1826);
#1639=AXIS2_PLACEMENT_3D('',#2265,#1830,#1831);
#1640=AXIS2_PLACEMENT_3D('',#2273,#1835,#1836);
#1641=AXIS2_PLACEMENT_3D('',#2281,#1840,#1841);
#1642=AXIS2_PLACEMENT_3D('',#2288,#1845,#1846);
#1643=AXIS2_PLACEMENT_3D('',#2297,#1851,#1852);
#1644=AXIS2_PLACEMENT_3D('',#2298,#1853,#1854);
#1645=AXIS2_PLACEMENT_3D('',#2302,#1856,#1857);
#1646=AXIS2_PLACEMENT_3D('',#2303,#1858,#1859);
#1647=AXIS2_PLACEMENT_3D('',#2309,#1863,#1864);
#1648=AXIS2_PLACEMENT_3D('',#2315,#1868,#1869);
#1649=AXIS2_PLACEMENT_3D('',#2321,#1873,#1874);
#1650=AXIS2_PLACEMENT_3D('',#2322,#1875,#1876);
#1651=AXIS2_PLACEMENT_3D('',#2326,#1878,#1879);
#1652=AXIS2_PLACEMENT_3D('',#2327,#1880,#1881);
#1653=AXIS2_PLACEMENT_3D('',#2333,#1885,#1886);
#1654=AXIS2_PLACEMENT_3D('',#2339,#1890,#1891);
#1655=AXIS2_PLACEMENT_3D('',#2345,#1895,#1896);
#1656=AXIS2_PLACEMENT_3D('',#2346,#1897,#1898);
#1657=AXIS2_PLACEMENT_3D('',#2350,#1900,#1901);
#1658=AXIS2_PLACEMENT_3D('',#2351,#1902,#1903);
#1659=AXIS2_PLACEMENT_3D('',#2357,#1907,#1908);
#1660=AXIS2_PLACEMENT_3D('',#2363,#1912,#1913);
#1661=AXIS2_PLACEMENT_3D('',#2369,#1917,#1918);
#1662=AXIS2_PLACEMENT_3D('',#2370,#1919,#1920);
#1663=AXIS2_PLACEMENT_3D('',#2374,#1922,#1923);
#1664=AXIS2_PLACEMENT_3D('',#2375,#1924,#1925);
#1665=AXIS2_PLACEMENT_3D('',#2381,#1929,#1930);
#1666=AXIS2_PLACEMENT_3D('',#2387,#1934,#1935);
#1667=AXIS2_PLACEMENT_3D('',#2393,#1939,#1940);
#1668=AXIS2_PLACEMENT_3D('',#2394,#1941,#1942);
#1669=AXIS2_PLACEMENT_3D('',#2398,#1944,#1945);
#1670=AXIS2_PLACEMENT_3D('',#2399,#1946,#1947);
#1671=AXIS2_PLACEMENT_3D('',#2405,#1951,#1952);
#1672=AXIS2_PLACEMENT_3D('',#2411,#1956,#1957);
#1673=AXIS2_PLACEMENT_3D('',#2417,#1961,#1962);
#1674=AXIS2_PLACEMENT_3D('',#2418,#1963,#1964);
#1675=AXIS2_PLACEMENT_3D('',#2422,#1966,#1967);
#1676=AXIS2_PLACEMENT_3D('',#2423,#1968,#1969);
#1677=AXIS2_PLACEMENT_3D('',#2429,#1973,#1974);
#1678=AXIS2_PLACEMENT_3D('',#2435,#1978,#1979);
#1679=AXIS2_PLACEMENT_3D('',#2441,#1983,#1984);
#1680=AXIS2_PLACEMENT_3D('',#2442,#1985,#1986);
#1681=AXIS2_PLACEMENT_3D('',#2446,#1988,#1989);
#1682=AXIS2_PLACEMENT_3D('',#2447,#1990,#1991);
#1683=AXIS2_PLACEMENT_3D('',#2453,#1995,#1996);
#1684=AXIS2_PLACEMENT_3D('',#2459,#2000,#2001);
#1685=AXIS2_PLACEMENT_3D('',#2465,#2005,#2006);
#1686=AXIS2_PLACEMENT_3D('',#2466,#2007,#2008);
#1687=AXIS2_PLACEMENT_3D('',#2470,#2010,#2011);
#1688=AXIS2_PLACEMENT_3D('',#2471,#2012,#2013);
#1689=AXIS2_PLACEMENT_3D('',#2477,#2017,#2018);
#1690=AXIS2_PLACEMENT_3D('',#2483,#2022,#2023);
#1691=AXIS2_PLACEMENT_3D('',#2488,#2027,#2028);
#1692=AXIS2_PLACEMENT_3D('',#2491,#2030,#2031);
#1693=AXIS2_PLACEMENT_3D('',#2492,#2032,#2033);
#1694=AXIS2_PLACEMENT_3D('',#2496,#2036,#2037);
#1695=AXIS2_PLACEMENT_3D('',#2500,#2040,#2041);
#1696=AXIS2_PLACEMENT_3D('',#2504,#2044,#2045);
#1697=AXIS2_PLACEMENT_3D('',#2507,#2047,#2048);
#1698=AXIS2_PLACEMENT_3D('',#2508,#2049,#2050);
#1699=AXIS2_PLACEMENT_3D('',#2512,#2053,#2054);
#1700=AXIS2_PLACEMENT_3D('',#2516,#2057,#2058);
#1701=AXIS2_PLACEMENT_3D('',#2520,#2061,#2062);
#1702=AXIS2_PLACEMENT_3D('',#2523,#2064,#2065);
#1703=AXIS2_PLACEMENT_3D('',#2524,#2066,#2067);
#1704=AXIS2_PLACEMENT_3D('',#2528,#2070,#2071);
#1705=AXIS2_PLACEMENT_3D('',#2532,#2074,#2075);
#1706=AXIS2_PLACEMENT_3D('',#2536,#2078,#2079);
#1707=AXIS2_PLACEMENT_3D('',#2539,#2081,#2082);
#1708=AXIS2_PLACEMENT_3D('',#2540,#2083,#2084);
#1709=AXIS2_PLACEMENT_3D('',#2544,#2087,#2088);
#1710=AXIS2_PLACEMENT_3D('',#2548,#2091,#2092);
#1711=AXIS2_PLACEMENT_3D('',#2552,#2095,#2096);
#1712=AXIS2_PLACEMENT_3D('',#2555,#2098,#2099);
#1713=AXIS2_PLACEMENT_3D('',#2556,#2100,#2101);
#1714=AXIS2_PLACEMENT_3D('',#2562,#2105,#2106);
#1715=AXIS2_PLACEMENT_3D('',#2568,#2110,#2111);
#1716=AXIS2_PLACEMENT_3D('',#2574,#2115,#2116);
#1717=AXIS2_PLACEMENT_3D('',#2575,#2117,#2118);
#1718=AXIS2_PLACEMENT_3D('',#2579,#2120,#2121);
#1719=AXIS2_PLACEMENT_3D('',#2580,#2122,#2123);
#1720=AXIS2_PLACEMENT_3D('',#2586,#2127,#2128);
#1721=AXIS2_PLACEMENT_3D('',#2592,#2132,#2133);
#1722=AXIS2_PLACEMENT_3D('',#2598,#2137,#2138);
#1723=AXIS2_PLACEMENT_3D('',#2599,#2139,#2140);
#1724=AXIS2_PLACEMENT_3D('',#2603,#2142,#2143);
#1725=AXIS2_PLACEMENT_3D('',#2604,#2144,#2145);
#1726=AXIS2_PLACEMENT_3D('',#2610,#2149,#2150);
#1727=AXIS2_PLACEMENT_3D('',#2613,#2153,#2154);
#1728=AXIS2_PLACEMENT_3D('',#2614,#2155,#2156);
#1729=AXIS2_PLACEMENT_3D('',#2616,#2157,#2158);
#1730=AXIS2_PLACEMENT_3D('',#2617,#2159,#2160);
#1731=AXIS2_PLACEMENT_3D('',#2618,#2161,#2162);
#1732=AXIS2_PLACEMENT_3D('',#2620,#2163,#2164);
#1733=DIRECTION('',(0.,0.,1.));
#1734=DIRECTION('',(1.,0.,0.));
#1735=DIRECTION('',(-1.,-3.41480999208033E-16,0.));
#1736=DIRECTION('',(3.41480999208033E-16,-1.,0.));
#1737=DIRECTION('',(-1.,-3.41480999208033E-16,0.));
#1738=DIRECTION('',(3.41480999208033E-16,-1.,0.));
#1739=DIRECTION('',(1.,3.41480999208033E-16,0.));
#1740=DIRECTION('',(-3.41480999208033E-16,1.,0.));
#1741=DIRECTION('',(1.,3.41480999208033E-16,0.));
#1742=DIRECTION('',(-3.41480999208033E-16,1.,0.));
#1743=DIRECTION('',(-1.,-3.41480999208033E-16,0.));
#1744=DIRECTION('',(3.41480999208033E-16,-1.,0.));
#1745=DIRECTION('',(0.,0.,1.));
#1746=DIRECTION('',(1.,0.,0.));
#1747=DIRECTION('',(1.,3.41480999208033E-16,0.));
#1748=DIRECTION('',(-3.41480999208033E-16,1.,0.));
#1749=DIRECTION('',(3.32321057632684E-16,-0.973175838197169,-0.230062573986377));
#1750=DIRECTION('',(-1.,-3.41480999208033E-16,0.));
#1751=DIRECTION('',(3.41480999208033E-16,-1.,0.));
#1752=DIRECTION('',(3.41480999208033E-16,-1.,0.));
#1753=DIRECTION('',(0.,0.,-1.));
#1754=DIRECTION('',(0.,-1.,0.));
#1755=DIRECTION('',(0.,0.,-1.));
#1756=DIRECTION('',(-1.,0.,0.));
#1757=DIRECTION('',(0.,0.,-1.));
#1758=DIRECTION('',(0.,0.,-1.));
#1759=DIRECTION('',(-1.,0.,0.));
#1760=DIRECTION('',(0.,0.,-1.));
#1761=DIRECTION('',(-1.,0.,0.));
#1762=DIRECTION('',(0.,0.,-1.));
#1763=DIRECTION('',(1.,0.,0.));
#1764=DIRECTION('',(0.,0.,-1.));
#1765=DIRECTION('',(0.,-1.,0.));
#1766=DIRECTION('',(0.,0.,-1.));
#1767=DIRECTION('',(-1.,0.,0.));
#1768=DIRECTION('',(0.,0.,-1.));
#1769=DIRECTION('',(1.,0.,0.));
#1770=DIRECTION('',(0.,0.,-1.));
#1771=DIRECTION('',(-1.,0.,0.));
#1772=DIRECTION('',(0.,0.,-1.));
#1773=DIRECTION('',(-1.,0.,0.));
#1774=DIRECTION('',(0.,0.,-1.));
#1775=DIRECTION('',(0.,0.,1.));
#1776=DIRECTION('',(1.,0.,0.));
#1777=DIRECTION('',(0.,0.,1.));
#1778=DIRECTION('',(1.,0.,0.));
#1779=DIRECTION('',(-6.82961998416066E-17,-1.,0.));
#1780=DIRECTION('',(-6.82961998416066E-17,-1.,0.));
#1781=DIRECTION('',(0.,0.,1.));
#1782=DIRECTION('',(1.,0.,0.));
#1783=DIRECTION('',(0.,0.,1.));
#1784=DIRECTION('',(1.,0.,0.));
#1785=DIRECTION('',(0.,-1.,0.));
#1786=DIRECTION('',(3.41480999208033E-16,-1.,0.));
#1787=DIRECTION('',(3.41480999208033E-16,-1.,0.));
#1788=DIRECTION('',(0.,0.,1.));
#1789=DIRECTION('',(1.,0.,0.));
#1790=DIRECTION('',(1.,3.41480999208033E-16,0.));
#1791=DIRECTION('',(-3.41480999208033E-16,1.,0.));
#1792=DIRECTION('',(1.,3.41480999208033E-16,0.));
#1793=DIRECTION('',(-3.41480999208033E-16,1.,0.));
#1794=DIRECTION('',(3.41480999208033E-16,-1.,0.));
#1795=DIRECTION('',(1.,3.41480999208033E-16,0.));
#1796=DIRECTION('',(-3.41480999208033E-16,1.,0.));
#1797=DIRECTION('',(-1.,-3.41480999208033E-16,0.));
#1798=DIRECTION('',(3.41480999208033E-16,-1.,0.));
#1799=DIRECTION('',(-3.32321057632684E-16,0.973175838197169,-0.230062573986377));
#1800=DIRECTION('',(0.,0.,1.));
#1801=DIRECTION('',(1.,0.,0.));
#1802=DIRECTION('',(3.41480999208033E-16,-1.,0.));
#1803=DIRECTION('',(1.,0.,0.));
#1804=DIRECTION('',(0.,0.,-1.));
#1805=DIRECTION('',(1.,0.,0.));
#1806=DIRECTION('',(0.,0.,-1.));
#1807=DIRECTION('',(0.,-1.,0.));
#1808=DIRECTION('',(1.,0.,0.));
#1809=DIRECTION('',(0.,0.,-1.));
#1810=DIRECTION('',(1.,0.,0.));
#1811=DIRECTION('',(0.,0.,-1.));
#1812=DIRECTION('',(0.,-1.,0.));
#1813=DIRECTION('',(0.,0.,1.));
#1814=DIRECTION('',(1.,0.,0.));
#1815=DIRECTION('',(1.,0.,0.));
#1816=DIRECTION('',(0.,0.,-1.));
#1817=DIRECTION('',(1.,0.,0.));
#1818=DIRECTION('',(0.,0.,-1.));
#1819=DIRECTION('',(1.,3.41480999208033E-16,0.));
#1820=DIRECTION('',(-3.41480999208033E-16,1.,0.));
#1821=DIRECTION('',(-1.,-3.41480999208033E-16,0.));
#1822=DIRECTION('',(3.41480999208033E-16,-1.,0.));
#1823=DIRECTION('',(-1.,-3.41480999208033E-16,0.));
#1824=DIRECTION('',(3.41480999208033E-16,-1.,0.));
#1825=DIRECTION('',(-1.,-3.41480999208033E-16,0.));
#1826=DIRECTION('',(3.41480999208033E-16,-1.,0.));
#1827=DIRECTION('',(1.12868636267888E-16,-0.330526841990196,-0.94379659181626));
#1828=DIRECTION('',(2.76263931615437E-16,-0.809016994374948,0.587785252292473));
#1829=DIRECTION('',(2.7163634948377E-16,-0.795465487431958,-0.605998892989614));
#1830=DIRECTION('',(-1.,-3.41480999208033E-16,0.));
#1831=DIRECTION('',(3.41480999208033E-16,-1.,0.));
#1832=DIRECTION('',(-2.79759546034856E-17,0.0819253623726294,-0.99663846754985));
#1833=DIRECTION('',(3.3401882007152E-16,-0.978147600733806,0.20791169081776));
#1834=DIRECTION('',(1.63983248770348E-16,-0.480211927312676,-0.877152498067836));
#1835=DIRECTION('',(-1.,-3.41480999208033E-16,0.));
#1836=DIRECTION('',(3.41480999208033E-16,-1.,0.));
#1837=DIRECTION('',(-1.63983248770348E-16,0.480211927312676,-0.877152498067836));
#1838=DIRECTION('',(3.3401882007152E-16,-0.978147600733806,-0.207911690817759));
#1839=DIRECTION('',(2.79759546034859E-17,-0.0819253623726301,-0.99663846754985));
#1840=DIRECTION('',(-1.,-3.41480999208033E-16,0.));
#1841=DIRECTION('',(3.41480999208033E-16,-1.,0.));
#1842=DIRECTION('',(-2.7163634948377E-16,0.795465487431958,-0.605998892989614));
#1843=DIRECTION('',(2.76263931615437E-16,-0.809016994374948,-0.587785252292473));
#1844=DIRECTION('',(-1.12868636267887E-16,0.330526841990195,-0.94379659181626));
#1845=DIRECTION('',(-7.75179651878855E-18,0.0227005207808534,0.999742309976065));
#1846=DIRECTION('',(0.,-0.999742309976065,0.0227005207808534));
#1847=DIRECTION('',(3.41393002961174E-16,-0.999742309976065,0.0227005207808534));
#1848=DIRECTION('',(1.,3.41480999208033E-16,0.));
#1849=DIRECTION('',(3.41393002961174E-16,-0.999742309976065,0.0227005207808534));
#1850=DIRECTION('',(1.,3.41480999208033E-16,0.));
#1851=DIRECTION('',(1.,3.41480999208033E-16,0.));
#1852=DIRECTION('',(-3.41480999208033E-16,1.,0.));
#1853=DIRECTION('',(-1.,-3.41480999208033E-16,0.));
#1854=DIRECTION('',(3.41480999208033E-16,-1.,0.));
#1855=DIRECTION('',(1.,3.41480999208033E-16,0.));
#1856=DIRECTION('',(-1.,-3.41480999208033E-16,0.));
#1857=DIRECTION('',(3.41480999208033E-16,-1.,0.));
#1858=DIRECTION('',(-2.91779114979238E-16,0.854451977286982,0.519530382663389));
#1859=DIRECTION('',(0.,-0.519530382663389,0.854451977286982));
#1860=DIRECTION('',(1.77409754190825E-16,-0.519530382663389,0.854451977286982));
#1861=DIRECTION('',(1.,3.41480999208033E-16,0.));
#1862=DIRECTION('',(1.77409754190825E-16,-0.519530382663389,0.854451977286982));
#1863=DIRECTION('',(-2.537698375603E-16,0.743144825477394,-0.669130606358858));
#1864=DIRECTION('',(0.,0.669130606358858,0.743144825477394));
#1865=DIRECTION('',(-2.284953880601E-16,0.669130606358858,0.743144825477394));
#1866=DIRECTION('',(1.,3.41480999208033E-16,0.));
#1867=DIRECTION('',(-2.284953880601E-16,0.669130606358858,0.743144825477394));
#1868=DIRECTION('',(-1.45938662492303E-16,0.427369788745981,0.904076912473278));
#1869=DIRECTION('',(0.,-0.904076912473278,0.427369788745981));
#1870=DIRECTION('',(3.08725087432289E-16,-0.904076912473278,0.427369788745981));
#1871=DIRECTION('',(1.,3.41480999208033E-16,0.));
#1872=DIRECTION('',(3.08725087432289E-16,-0.904076912473278,0.427369788745981));
#1873=DIRECTION('',(1.,3.41480999208033E-16,0.));
#1874=DIRECTION('',(-3.41480999208033E-16,1.,0.));
#1875=DIRECTION('',(-1.,-3.41480999208033E-16,0.));
#1876=DIRECTION('',(3.41480999208033E-16,-1.,0.));
#1877=DIRECTION('',(1.,3.41480999208033E-16,0.));
#1878=DIRECTION('',(-1.,-3.41480999208033E-16,0.));
#1879=DIRECTION('',(3.41480999208033E-16,-1.,0.));
#1880=DIRECTION('',(-3.3871253299274E-16,0.991892766444654,0.127077692278275));
#1881=DIRECTION('',(0.,-0.127077692278275,0.991892766444654));
#1882=DIRECTION('',(4.33946173362361E-17,-0.127077692278275,0.991892766444654));
#1883=DIRECTION('',(1.,3.41480999208033E-16,0.));
#1884=DIRECTION('',(4.33946173362361E-17,-0.127077692278275,0.991892766444654));
#1885=DIRECTION('',(-1.38892835292045E-16,0.406736643075799,-0.913545457642601));
#1886=DIRECTION('',(0.,0.913545457642601,0.406736643075799));
#1887=DIRECTION('',(-3.11958415697755E-16,0.913545457642601,0.406736643075799));
#1888=DIRECTION('',(1.,3.41480999208033E-16,0.));
#1889=DIRECTION('',(-3.11958415697755E-16,0.913545457642601,0.406736643075799));
#1890=DIRECTION('',(-2.58891407909772E-16,0.758142937704285,0.652088403522956));
#1891=DIRECTION('',(0.,-0.652088403522956,0.758142937704285));
#1892=DIRECTION('',(2.2267579960699E-16,-0.652088403522956,0.758142937704284));
#1893=DIRECTION('',(1.,3.41480999208033E-16,0.));
#1894=DIRECTION('',(2.2267579960699E-16,-0.652088403522956,0.758142937704284));
#1895=DIRECTION('',(1.,3.41480999208033E-16,0.));
#1896=DIRECTION('',(-3.41480999208033E-16,1.,0.));
#1897=DIRECTION('',(-1.,-3.41480999208033E-16,0.));
#1898=DIRECTION('',(3.41480999208033E-16,-1.,0.));
#1899=DIRECTION('',(1.,3.41480999208033E-16,0.));
#1900=DIRECTION('',(-1.,-3.41480999208033E-16,0.));
#1901=DIRECTION('',(3.41480999208033E-16,-1.,0.));
#1902=DIRECTION('',(-3.27079476945037E-16,0.957826285221151,-0.287347885566346));
#1903=DIRECTION('',(0.,0.287347885566346,0.957826285221151));
#1904=DIRECTION('',(-9.81238430835112E-17,0.287347885566346,0.957826285221151));
#1905=DIRECTION('',(1.,3.41480999208033E-16,0.));
#1906=DIRECTION('',(-9.81238430835112E-17,0.287347885566346,0.957826285221151));
#1907=DIRECTION('',(0.,0.,-1.));
#1908=DIRECTION('',(-1.,0.,0.));
#1909=DIRECTION('',(-3.41480999208033E-16,1.,0.));
#1910=DIRECTION('',(1.,3.41480999208033E-16,0.));
#1911=DIRECTION('',(-3.41480999208033E-16,1.,0.));
#1912=DIRECTION('',(-3.27079476945037E-16,0.957826285221151,0.287347885566346));
#1913=DIRECTION('',(0.,-0.287347885566346,0.957826285221151));
#1914=DIRECTION('',(9.81238430835112E-17,-0.287347885566346,0.957826285221151));
#1915=DIRECTION('',(1.,3.41480999208033E-16,0.));
#1916=DIRECTION('',(9.81238430835112E-17,-0.287347885566346,0.957826285221151));
#1917=DIRECTION('',(1.,3.41480999208033E-16,0.));
#1918=DIRECTION('',(-3.41480999208033E-16,1.,0.));
#1919=DIRECTION('',(-1.,-3.41480999208033E-16,0.));
#1920=DIRECTION('',(3.41480999208033E-16,-1.,0.));
#1921=DIRECTION('',(1.,3.41480999208033E-16,0.));
#1922=DIRECTION('',(-1.,-3.41480999208033E-16,0.));
#1923=DIRECTION('',(3.41480999208033E-16,-1.,0.));
#1924=DIRECTION('',(-2.58891407909772E-16,0.758142937704284,-0.652088403522957));
#1925=DIRECTION('',(0.,0.652088403522957,0.758142937704284));
#1926=DIRECTION('',(-2.2267579960699E-16,0.652088403522957,0.758142937704284));
#1927=DIRECTION('',(1.,3.41480999208033E-16,0.));
#1928=DIRECTION('',(-2.2267579960699E-16,0.652088403522957,0.758142937704284));
#1929=DIRECTION('',(1.38892835292046E-16,-0.406736643075801,-0.913545457642601));
#1930=DIRECTION('',(0.,0.913545457642601,-0.406736643075801));
#1931=DIRECTION('',(-3.11958415697755E-16,0.913545457642601,-0.406736643075801));
#1932=DIRECTION('',(1.,3.41480999208033E-16,0.));
#1933=DIRECTION('',(-3.11958415697755E-16,0.913545457642601,-0.406736643075801));
#1934=DIRECTION('',(-3.3871253299274E-16,0.991892766444654,-0.127077692278275));
#1935=DIRECTION('',(0.,0.127077692278275,0.991892766444654));
#1936=DIRECTION('',(-4.33946173362364E-17,0.127077692278275,0.991892766444654));
#1937=DIRECTION('',(1.,3.41480999208033E-16,0.));
#1938=DIRECTION('',(-4.33946173362364E-17,0.127077692278275,0.991892766444654));
#1939=DIRECTION('',(1.,3.41480999208033E-16,0.));
#1940=DIRECTION('',(-3.41480999208033E-16,1.,0.));
#1941=DIRECTION('',(-1.,-3.41480999208033E-16,0.));
#1942=DIRECTION('',(3.41480999208033E-16,-1.,0.));
#1943=DIRECTION('',(1.,3.41480999208033E-16,0.));
#1944=DIRECTION('',(-1.,-3.41480999208033E-16,0.));
#1945=DIRECTION('',(3.41480999208033E-16,-1.,0.));
#1946=DIRECTION('',(-1.45938662492304E-16,0.427369788745982,-0.904076912473278));
#1947=DIRECTION('',(0.,0.904076912473278,0.427369788745982));
#1948=DIRECTION('',(-3.08725087432288E-16,0.904076912473278,0.427369788745982));
#1949=DIRECTION('',(1.,3.41480999208033E-16,0.));
#1950=DIRECTION('',(-3.08725087432288E-16,0.904076912473278,0.427369788745982));
#1951=DIRECTION('',(2.537698375603E-16,-0.743144825477394,-0.669130606358858));
#1952=DIRECTION('',(0.,0.669130606358858,-0.743144825477394));
#1953=DIRECTION('',(-2.284953880601E-16,0.669130606358858,-0.743144825477394));
#1954=DIRECTION('',(1.,3.41480999208033E-16,0.));
#1955=DIRECTION('',(-2.284953880601E-16,0.669130606358858,-0.743144825477394));
#1956=DIRECTION('',(-2.91779114979238E-16,0.854451977286981,-0.519530382663389));
#1957=DIRECTION('',(0.,0.519530382663389,0.854451977286981));
#1958=DIRECTION('',(-1.77409754190826E-16,0.519530382663389,0.854451977286981));
#1959=DIRECTION('',(1.,3.41480999208033E-16,0.));
#1960=DIRECTION('',(-1.77409754190826E-16,0.519530382663389,0.854451977286981));
#1961=DIRECTION('',(1.,3.41480999208033E-16,0.));
#1962=DIRECTION('',(-3.41480999208033E-16,1.,0.));
#1963=DIRECTION('',(-1.,-3.41480999208033E-16,0.));
#1964=DIRECTION('',(3.41480999208033E-16,-1.,0.));
#1965=DIRECTION('',(1.,3.41480999208033E-16,0.));
#1966=DIRECTION('',(-1.,-3.41480999208033E-16,0.));
#1967=DIRECTION('',(3.41480999208033E-16,-1.,0.));
#1968=DIRECTION('',(-7.75179651878857E-18,0.0227005207808535,-0.999742309976065));
#1969=DIRECTION('',(0.,0.999742309976065,0.0227005207808535));
#1970=DIRECTION('',(-3.41393002961174E-16,0.999742309976065,0.0227005207808535));
#1971=DIRECTION('',(1.,3.41480999208033E-16,0.));
#1972=DIRECTION('',(-3.41393002961174E-16,0.999742309976065,0.0227005207808535));
#1973=DIRECTION('',(3.2476772948778E-16,-0.951056516295154,-0.309016994374947));
#1974=DIRECTION('',(0.,0.309016994374947,-0.951056516295154));
#1975=DIRECTION('',(-1.0552343201142E-16,0.309016994374947,-0.951056516295154));
#1976=DIRECTION('',(1.,3.41480999208033E-16,0.));
#1977=DIRECTION('',(-1.0552343201142E-16,0.309016994374947,-0.951056516295154));
#1978=DIRECTION('',(-1.94394437255781E-16,0.569268678803868,-0.822151550100648));
#1979=DIRECTION('',(0.,0.822151550100648,0.569268678803868));
#1980=DIRECTION('',(-2.80749132828803E-16,0.822151550100648,0.569268678803868));
#1981=DIRECTION('',(1.,3.41480999208033E-16,0.));
#1982=DIRECTION('',(-2.80749132828803E-16,0.822151550100648,0.569268678803868));
#1983=DIRECTION('',(1.,3.41480999208033E-16,0.));
#1984=DIRECTION('',(-3.41480999208033E-16,1.,0.));
#1985=DIRECTION('',(-1.,-3.41480999208033E-16,0.));
#1986=DIRECTION('',(3.41480999208033E-16,-1.,0.));
#1987=DIRECTION('',(1.,3.41480999208033E-16,0.));
#1988=DIRECTION('',(-1.,-3.41480999208033E-16,0.));
#1989=DIRECTION('',(3.41480999208033E-16,-1.,0.));
#1990=DIRECTION('',(1.31775425495685E-16,-0.385893873455041,-0.922543179710232));
#1991=DIRECTION('',(0.,0.922543179710232,-0.385893873455041));
#1992=DIRECTION('',(-3.15030966820006E-16,0.922543179710232,-0.385893873455041));
#1993=DIRECTION('',(1.,3.41480999208033E-16,0.));
#1994=DIRECTION('',(-3.15030966820006E-16,0.922543179710232,-0.385893873455041));
#1995=DIRECTION('',(3.39610330564624E-16,-0.994521895368273,0.104528463267655));
#1996=DIRECTION('',(0.,-0.104528463267655,-0.994521895368273));
#1997=DIRECTION('',(3.5694484082319E-17,-0.104528463267655,-0.994521895368273));
#1998=DIRECTION('',(1.,3.41480999208033E-16,0.));
#1999=DIRECTION('',(3.5694484082319E-17,-0.104528463267655,-0.994521895368273));
#2000=DIRECTION('',(-6.33971953127797E-17,0.185653654111975,-0.982615245513152));
#2001=DIRECTION('',(0.,0.982615245513152,0.185653654111975));
#2002=DIRECTION('',(-3.35544435874878E-16,0.982615245513152,0.185653654111975));
#2003=DIRECTION('',(1.,3.41480999208033E-16,0.));
#2004=DIRECTION('',(-3.35544435874878E-16,0.982615245513152,0.185653654111975));
#2005=DIRECTION('',(1.,3.41480999208033E-16,0.));
#2006=DIRECTION('',(-3.41480999208033E-16,1.,0.));
#2007=DIRECTION('',(-1.,-3.41480999208033E-16,0.));
#2008=DIRECTION('',(3.41480999208033E-16,-1.,0.));
#2009=DIRECTION('',(1.,3.41480999208033E-16,0.));
#2010=DIRECTION('',(-1.,-3.41480999208033E-16,0.));
#2011=DIRECTION('',(3.41480999208033E-16,-1.,0.));
#2012=DIRECTION('',(2.48517479299797E-16,-0.727763711234775,-0.685827952630823));
#2013=DIRECTION('',(0.,0.685827952630823,-0.727763711234775));
#2014=DIRECTION('',(-2.34197214549173E-16,0.685827952630823,-0.727763711234775));
#2015=DIRECTION('',(1.,3.41480999208033E-16,0.));
#2016=DIRECTION('',(-2.34197214549173E-16,0.685827952630823,-0.727763711234775));
#2017=DIRECTION('',(2.9573122022385E-16,-0.866025403784439,0.5));
#2018=DIRECTION('',(0.,-0.5,-0.866025403784439));
#2019=DIRECTION('',(1.70740499604017E-16,-0.5,-0.866025403784439));
#2020=DIRECTION('',(1.,3.41480999208033E-16,0.));
#2021=DIRECTION('',(1.70740499604017E-16,-0.5,-0.866025403784439));
#2022=DIRECTION('',(7.85619976452401E-17,-0.230062573986377,-0.973175838197169));
#2023=DIRECTION('',(0.,0.973175838197169,-0.230062573986377));
#2024=DIRECTION('',(1.,3.41480999208033E-16,0.));
#2025=DIRECTION('',(-3.32321057632684E-16,0.973175838197169,-0.230062573986377));
#2026=DIRECTION('',(-3.32321057632684E-16,0.973175838197169,-0.230062573986377));
#2027=DIRECTION('',(1.,3.41480999208033E-16,0.));
#2028=DIRECTION('',(-3.41480999208033E-16,1.,0.));
#2029=DIRECTION('',(1.,3.41480999208033E-16,0.));
#2030=DIRECTION('',(-1.,-3.41480999208033E-16,0.));
#2031=DIRECTION('',(3.41480999208033E-16,-1.,0.));
#2032=DIRECTION('',(3.22288603222553E-16,-0.94379659181626,-0.330526841990195));
#2033=DIRECTION('',(0.,0.330526841990195,-0.94379659181626));
#2034=DIRECTION('',(1.,3.41480999208033E-16,0.));
#2035=DIRECTION('',(-1.12868636267887E-16,0.330526841990195,-0.94379659181626));
#2036=DIRECTION('',(2.00717495272579E-16,-0.587785252292473,0.809016994374948));
#2037=DIRECTION('',(0.,-0.809016994374948,-0.587785252292473));
#2038=DIRECTION('',(1.,3.41480999208033E-16,0.));
#2039=DIRECTION('',(2.76263931615437E-16,-0.809016994374948,-0.587785252292473));
#2040=DIRECTION('',(2.06937107497055E-16,-0.605998892989614,-0.795465487431958));
#2041=DIRECTION('',(0.,0.795465487431958,-0.605998892989614));
#2042=DIRECTION('',(1.,3.41480999208033E-16,0.));
#2043=DIRECTION('',(-2.7163634948377E-16,0.795465487431958,-0.605998892989614));
#2044=DIRECTION('',(1.,3.41480999208033E-16,0.));
#2045=DIRECTION('',(-3.41480999208033E-16,1.,0.));
#2046=DIRECTION('',(1.,3.41480999208033E-16,0.));
#2047=DIRECTION('',(-1.,-3.41480999208033E-16,0.));
#2048=DIRECTION('',(3.41480999208033E-16,-1.,0.));
#2049=DIRECTION('',(3.40333099748086E-16,-0.99663846754985,0.0819253623726301));
#2050=DIRECTION('',(0.,-0.0819253623726301,-0.99663846754985));
#2051=DIRECTION('',(1.,3.41480999208033E-16,0.));
#2052=DIRECTION('',(2.79759546034859E-17,-0.0819253623726301,-0.99663846754985));
#2053=DIRECTION('',(7.09978919274799E-17,-0.207911690817759,0.978147600733806));
#2054=DIRECTION('',(0.,-0.978147600733806,-0.207911690817759));
#2055=DIRECTION('',(1.,3.41480999208033E-16,0.));
#2056=DIRECTION('',(3.3401882007152E-16,-0.978147600733806,-0.207911690817759));
#2057=DIRECTION('',(2.99530911498027E-16,-0.877152498067836,-0.480211927312676));
#2058=DIRECTION('',(0.,0.480211927312676,-0.877152498067836));
#2059=DIRECTION('',(1.,3.41480999208033E-16,0.));
#2060=DIRECTION('',(-1.63983248770348E-16,0.480211927312676,-0.877152498067836));
#2061=DIRECTION('',(1.,3.41480999208033E-16,0.));
#2062=DIRECTION('',(-3.41480999208033E-16,1.,0.));
#2063=DIRECTION('',(1.,3.41480999208033E-16,0.));
#2064=DIRECTION('',(-1.,-3.41480999208033E-16,0.));
#2065=DIRECTION('',(3.41480999208033E-16,-1.,0.));
#2066=DIRECTION('',(2.99530911498026E-16,-0.877152498067836,0.480211927312677));
#2067=DIRECTION('',(0.,-0.480211927312677,-0.877152498067836));
#2068=DIRECTION('',(1.,3.41480999208033E-16,0.));
#2069=DIRECTION('',(1.63983248770348E-16,-0.480211927312676,-0.877152498067836));
#2070=DIRECTION('',(-7.09978919274802E-17,0.20791169081776,0.978147600733805));
#2071=DIRECTION('',(0.,-0.978147600733806,0.20791169081776));
#2072=DIRECTION('',(1.,3.41480999208033E-16,0.));
#2073=DIRECTION('',(3.3401882007152E-16,-0.978147600733806,0.20791169081776));
#2074=DIRECTION('',(3.40333099748086E-16,-0.99663846754985,-0.0819253623726294));
#2075=DIRECTION('',(0.,0.0819253623726294,-0.99663846754985));
#2076=DIRECTION('',(1.,3.41480999208033E-16,0.));
#2077=DIRECTION('',(-2.79759546034856E-17,0.0819253623726294,-0.99663846754985));
#2078=DIRECTION('',(1.,3.41480999208033E-16,0.));
#2079=DIRECTION('',(-3.41480999208033E-16,1.,0.));
#2080=DIRECTION('',(1.,3.41480999208033E-16,0.));
#2081=DIRECTION('',(-1.,-3.41480999208033E-16,0.));
#2082=DIRECTION('',(3.41480999208033E-16,-1.,0.));
#2083=DIRECTION('',(2.06937107497055E-16,-0.605998892989614,0.795465487431958));
#2084=DIRECTION('',(0.,-0.795465487431958,-0.605998892989614));
#2085=DIRECTION('',(1.,3.41480999208033E-16,0.));
#2086=DIRECTION('',(2.7163634948377E-16,-0.795465487431958,-0.605998892989614));
#2087=DIRECTION('',(-2.00717495272579E-16,0.587785252292473,0.809016994374947));
#2088=DIRECTION('',(0.,-0.809016994374948,0.587785252292473));
#2089=DIRECTION('',(1.,3.41480999208033E-16,0.));
#2090=DIRECTION('',(2.76263931615437E-16,-0.809016994374948,0.587785252292473));
#2091=DIRECTION('',(3.22288603222553E-16,-0.94379659181626,0.330526841990196));
#2092=DIRECTION('',(0.,-0.330526841990196,-0.94379659181626));
#2093=DIRECTION('',(1.,3.41480999208033E-16,0.));
#2094=DIRECTION('',(1.12868636267888E-16,-0.330526841990196,-0.94379659181626));
#2095=DIRECTION('',(1.,3.41480999208033E-16,0.));
#2096=DIRECTION('',(-3.41480999208033E-16,1.,0.));
#2097=DIRECTION('',(1.,3.41480999208033E-16,0.));
#2098=DIRECTION('',(-1.,-3.41480999208033E-16,0.));
#2099=DIRECTION('',(3.41480999208033E-16,-1.,0.));
#2100=DIRECTION('',(7.85619976452399E-17,-0.230062573986377,0.973175838197169));
#2101=DIRECTION('',(0.,-0.973175838197169,-0.230062573986377));
#2102=DIRECTION('',(3.32321057632684E-16,-0.973175838197169,-0.230062573986377));
#2103=DIRECTION('',(1.,3.41480999208033E-16,0.));
#2104=DIRECTION('',(3.32321057632684E-16,-0.973175838197169,-0.230062573986377));
#2105=DIRECTION('',(-2.95731220223851E-16,0.866025403784439,0.5));
#2106=DIRECTION('',(0.,-0.5,0.866025403784439));
#2107=DIRECTION('',(1.70740499604017E-16,-0.5,0.866025403784439));
#2108=DIRECTION('',(1.,3.41480999208033E-16,0.));
#2109=DIRECTION('',(1.70740499604017E-16,-0.5,0.866025403784439));
#2110=DIRECTION('',(2.48517479299797E-16,-0.727763711234775,0.685827952630824));
#2111=DIRECTION('',(0.,-0.685827952630824,-0.727763711234775));
#2112=DIRECTION('',(2.34197214549173E-16,-0.685827952630824,-0.727763711234775));
#2113=DIRECTION('',(1.,3.41480999208033E-16,0.));
#2114=DIRECTION('',(2.34197214549173E-16,-0.685827952630824,-0.727763711234775));
#2115=DIRECTION('',(1.,3.41480999208033E-16,0.));
#2116=DIRECTION('',(-3.41480999208033E-16,1.,0.));
#2117=DIRECTION('',(-1.,-3.41480999208033E-16,0.));
#2118=DIRECTION('',(3.41480999208033E-16,-1.,0.));
#2119=DIRECTION('',(1.,3.41480999208033E-16,0.));
#2120=DIRECTION('',(-1.,-3.41480999208033E-16,0.));
#2121=DIRECTION('',(3.41480999208033E-16,-1.,0.));
#2122=DIRECTION('',(-6.33971953127801E-17,0.185653654111976,0.982615245513151));
#2123=DIRECTION('',(0.,-0.982615245513151,0.185653654111976));
#2124=DIRECTION('',(3.35544435874878E-16,-0.982615245513151,0.185653654111976));
#2125=DIRECTION('',(1.,3.41480999208033E-16,0.));
#2126=DIRECTION('',(3.35544435874878E-16,-0.982615245513151,0.185653654111976));
#2127=DIRECTION('',(-3.39610330564624E-16,0.994521895368273,0.104528463267653));
#2128=DIRECTION('',(0.,-0.104528463267653,0.994521895368273));
#2129=DIRECTION('',(3.56944840823183E-17,-0.104528463267653,0.994521895368273));
#2130=DIRECTION('',(1.,3.41480999208033E-16,0.));
#2131=DIRECTION('',(3.56944840823183E-17,-0.104528463267653,0.994521895368273));
#2132=DIRECTION('',(1.31775425495685E-16,-0.38589387345504,0.922543179710232));
#2133=DIRECTION('',(0.,-0.922543179710232,-0.38589387345504));
#2134=DIRECTION('',(3.15030966820006E-16,-0.922543179710232,-0.38589387345504));
#2135=DIRECTION('',(1.,3.41480999208033E-16,0.));
#2136=DIRECTION('',(3.15030966820006E-16,-0.922543179710232,-0.38589387345504));
#2137=DIRECTION('',(1.,3.41480999208033E-16,0.));
#2138=DIRECTION('',(-3.41480999208033E-16,1.,0.));
#2139=DIRECTION('',(-1.,-3.41480999208033E-16,0.));
#2140=DIRECTION('',(3.41480999208033E-16,-1.,0.));
#2141=DIRECTION('',(1.,3.41480999208033E-16,0.));
#2142=DIRECTION('',(-1.,-3.41480999208033E-16,0.));
#2143=DIRECTION('',(3.41480999208033E-16,-1.,0.));
#2144=DIRECTION('',(-1.94394437255782E-16,0.569268678803869,0.822151550100648));
#2145=DIRECTION('',(0.,-0.822151550100648,0.569268678803869));
#2146=DIRECTION('',(2.80749132828803E-16,-0.822151550100648,0.569268678803869));
#2147=DIRECTION('',(1.,3.41480999208033E-16,0.));
#2148=DIRECTION('',(2.80749132828803E-16,-0.822151550100648,0.569268678803869));
#2149=DIRECTION('',(-3.2476772948778E-16,0.951056516295153,-0.309016994374948));
#2150=DIRECTION('',(0.,0.309016994374948,0.951056516295154));
#2151=DIRECTION('',(-1.0552343201142E-16,0.309016994374948,0.951056516295153));
#2152=DIRECTION('',(-1.0552343201142E-16,0.309016994374948,0.951056516295153));
#2153=DIRECTION('',(-1.,-3.41480999208033E-16,0.));
#2154=DIRECTION('',(3.41480999208033E-16,-1.,0.));
#2155=DIRECTION('',(-1.,-3.41480999208033E-16,0.));
#2156=DIRECTION('',(3.41480999208033E-16,-1.,0.));
#2157=DIRECTION('',(-1.,-3.41480999208033E-16,0.));
#2158=DIRECTION('',(3.41480999208033E-16,-1.,0.));
#2159=DIRECTION('',(1.,3.41480999208033E-16,0.));
#2160=DIRECTION('',(-3.41480999208033E-16,1.,0.));
#2161=DIRECTION('',(1.,3.41480999208033E-16,0.));
#2162=DIRECTION('',(-3.41480999208033E-16,1.,0.));
#2163=DIRECTION('',(1.,3.41480999208033E-16,0.));
#2164=DIRECTION('',(-3.41480999208033E-16,1.,0.));
#2165=CARTESIAN_POINT('',(0.,0.,0.));
#2166=CARTESIAN_POINT('',(-0.0765644983005524,4.3243617655538E-17,0.0150941126048565));
#2167=CARTESIAN_POINT('',(-0.0765644983005524,-7.7243002020857E-18,0.04318));
#2168=CARTESIAN_POINT('',(-0.0765644983005524,-0.0134,0.04318));
#2169=CARTESIAN_POINT('',(-0.100864498300552,-1.60222884828409E-17,0.04318));
#2170=CARTESIAN_POINT('',(-0.0615644983005524,-2.60208521396521E-18,0.04318));
#2171=CARTESIAN_POINT('',(-0.0615644983005524,0.0134,0.04318));
#2172=CARTESIAN_POINT('',(-0.0615644983005524,4.83658326436584E-17,0.0150941126048565));
#2173=CARTESIAN_POINT('',(0.,0.,0.));
#2174=CARTESIAN_POINT('',(-0.0615644983005524,6.93889390390723E-18,0.08636));
#2175=CARTESIAN_POINT('',(-0.0615644983005524,-0.0543865492910623,0.00196495655028664));
#2176=CARTESIAN_POINT('',(-0.0615644983005524,-0.0493064222721401,0.00316591844460999));
#2177=CARTESIAN_POINT('',(-0.0615644983005524,-0.0508,0.00281283082875144));
#2178=CARTESIAN_POINT('',(-0.0615644983005524,2.87964097012152E-16,0.04318));
#2179=CARTESIAN_POINT('',(-0.0615644983005524,-0.0465589690607513,0.));
#2180=CARTESIAN_POINT('',(-0.0615644983005524,6.93889390390723E-18,0.));
#2181=CARTESIAN_POINT('',(-0.0615644983005524,-0.0508,0.));
#2182=CARTESIAN_POINT('',(-0.0615644983005524,-0.0508,0.08636));
#2183=CARTESIAN_POINT('',(6.93889390390723E-18,0.0508,0.00762));
#2184=CARTESIAN_POINT('',(6.93889390390723E-18,0.0508,0.));
#2185=CARTESIAN_POINT('',(0.0615644983005524,0.0508,0.));
#2186=CARTESIAN_POINT('',(-0.0615644983005524,0.0508,0.));
#2187=CARTESIAN_POINT('',(-0.0615644983005524,0.0508,0.08636));
#2188=CARTESIAN_POINT('',(-0.0615644983005524,0.0508,0.00281283082875152));
#2189=CARTESIAN_POINT('',(-0.0615644983005524,0.0508,0.08636));
#2190=CARTESIAN_POINT('',(-0.0615644983005524,0.0508,0.08636));
#2191=CARTESIAN_POINT('',(-0.0561822491502762,0.0508,0.08636));
#2192=CARTESIAN_POINT('',(-0.0508,0.0508,0.08636));
#2193=CARTESIAN_POINT('',(-0.0508,0.0508,0.08636));
#2194=CARTESIAN_POINT('',(-0.0508,0.0508,0.00762));
#2195=CARTESIAN_POINT('',(6.93889390390723E-18,0.0508,0.00762));
#2196=CARTESIAN_POINT('',(0.0508,0.0508,0.00762));
#2197=CARTESIAN_POINT('',(0.0508,0.0508,0.08636));
#2198=CARTESIAN_POINT('',(0.0508,0.0508,0.08636));
#2199=CARTESIAN_POINT('',(0.0561822491502762,0.0508,0.08636));
#2200=CARTESIAN_POINT('',(0.0615644983005524,0.0508,0.08636));
#2201=CARTESIAN_POINT('',(0.0615644983005524,0.0508,0.08636));
#2202=CARTESIAN_POINT('',(-6.93889390390723E-18,-0.0508,0.00762));
#2203=CARTESIAN_POINT('',(-6.93889390390723E-18,-0.0508,0.));
#2204=CARTESIAN_POINT('',(0.0615644983005524,-0.0508,0.));
#2205=CARTESIAN_POINT('',(0.0615644983005524,-0.0508,0.08636));
#2206=CARTESIAN_POINT('',(0.0615644983005524,-0.0508,0.08636));
#2207=CARTESIAN_POINT('',(0.0561822491502762,-0.0508,0.08636));
#2208=CARTESIAN_POINT('',(0.0508,-0.0508,0.08636));
#2209=CARTESIAN_POINT('',(0.0508,-0.0508,0.08636));
#2210=CARTESIAN_POINT('',(0.0508,-0.0508,0.00762));
#2211=CARTESIAN_POINT('',(-6.93889390390723E-18,-0.0508,0.00762));
#2212=CARTESIAN_POINT('',(-0.0508,-0.0508,0.00762));
#2213=CARTESIAN_POINT('',(-0.0508,-0.0508,0.08636));
#2214=CARTESIAN_POINT('',(-0.0508,-0.0508,0.08636));
#2215=CARTESIAN_POINT('',(-0.0561822491502762,-0.0508,0.08636));
#2216=CARTESIAN_POINT('',(-0.0615644983005524,-0.0508,0.08636));
#2217=CARTESIAN_POINT('',(-0.0615644983005524,-0.0508,0.08636));
#2218=CARTESIAN_POINT('',(0.,0.,0.00762));
#2219=CARTESIAN_POINT('',(0.,8.20513355428727E-19,0.00762));
#2220=CARTESIAN_POINT('',(0.0134,8.20513355428727E-19,0.00762));
#2221=CARTESIAN_POINT('',(0.0508,0.,0.00762));
#2222=CARTESIAN_POINT('',(-0.0508,0.,0.00762));
#2223=CARTESIAN_POINT('',(0.,0.,0.));
#2224=CARTESIAN_POINT('',(0.,8.20513355428727E-19,0.));
#2225=CARTESIAN_POINT('',(0.0134,8.20513355428727E-19,0.));
#2226=CARTESIAN_POINT('',(0.0615644983005524,2.08166817117217E-17,0.));
#2227=CARTESIAN_POINT('',(-0.0615644983005524,6.93889390390723E-18,0.));
#2228=CARTESIAN_POINT('',(-0.0615644983005524,0.0465589690607514,0.));
#2229=CARTESIAN_POINT('',(-0.0615644983005524,6.93889390390723E-18,0.));
#2230=CARTESIAN_POINT('',(0.,8.20513355428727E-19,-0.09738));
#2231=CARTESIAN_POINT('',(-0.0508,6.93889390390723E-18,0.08636));
#2232=CARTESIAN_POINT('',(-0.0508,-2.60208521396521E-18,0.04318));
#2233=CARTESIAN_POINT('',(-0.0508,0.0134,0.04318));
#2234=CARTESIAN_POINT('',(-0.0508,6.93889390390723E-18,0.08636));
#2235=CARTESIAN_POINT('',(-0.0615644983005524,6.93889390390723E-18,0.08636));
#2236=CARTESIAN_POINT('',(-0.0615644983005524,7.00828284294631E-16,0.0431799999999995));
#2237=CARTESIAN_POINT('',(-0.0615644983005524,0.0493064222721402,0.00316591844461005));
#2238=CARTESIAN_POINT('',(-0.0615644983005524,0.0543865492910624,0.00196495655028669));
#2239=CARTESIAN_POINT('',(0.,-0.000820958986878395,0.08636));
#2240=CARTESIAN_POINT('',(-0.0615644983005524,6.93889390390723E-18,0.08636));
#2241=CARTESIAN_POINT('',(0.0508,2.08166817117217E-17,0.08636));
#2242=CARTESIAN_POINT('',(0.0508,-2.60208521396521E-18,0.04318));
#2243=CARTESIAN_POINT('',(0.0508,-2.60208521396521E-18,0.02978));
#2244=CARTESIAN_POINT('',(0.0508,2.08166817117217E-17,0.08636));
#2245=CARTESIAN_POINT('',(0.0615644983005524,2.08166817117217E-17,0.08636));
#2246=CARTESIAN_POINT('',(0.0615644983005524,-2.60208521396521E-18,0.04318));
#2247=CARTESIAN_POINT('',(0.0615644983005524,-2.60208521396521E-18,0.02978));
#2248=CARTESIAN_POINT('',(0.0615644983005524,2.08166817117217E-17,0.08636));
#2249=CARTESIAN_POINT('',(0.,-0.000820958986878395,0.08636));
#2250=CARTESIAN_POINT('',(-0.165435501699448,-2.60208521396521E-18,0.04318));
#2251=CARTESIAN_POINT('',(-0.165435501699448,-2.60208521396521E-18,0.04318));
#2252=CARTESIAN_POINT('',(-0.0615644983005524,-2.60208521396521E-18,0.04318));
#2253=CARTESIAN_POINT('',(-0.0615644983005524,0.0134,0.04318));
#2254=CARTESIAN_POINT('',(-0.0615644983005524,4.83658326436584E-17,0.0150941126048565));
#2255=CARTESIAN_POINT('',(-0.0615644983005524,7.00828284294631E-16,0.0431799999999995));
#2256=CARTESIAN_POINT('',(-0.0615644983005524,0.04494880477922,-0.00167370607786573));
#2257=CARTESIAN_POINT('',(-0.0615644983005524,2.87964097012152E-16,0.04318));
#2258=CARTESIAN_POINT('',(-0.0615644983005524,-0.0449488047792199,-0.00167370607786578));
#2259=CARTESIAN_POINT('',(-0.0615644983005524,-0.0466742055491198,-0.00660046892817923));
#2260=CARTESIAN_POINT('',(-0.0615644983005524,-0.0483996063190198,-0.0115272317784927));
#2261=CARTESIAN_POINT('',(-0.0615644983005524,-0.0399049278780828,-0.0176989769275637));
#2262=CARTESIAN_POINT('',(-0.0615644983005524,-0.0370733683977705,-0.0197562253105873));
#2263=CARTESIAN_POINT('',(-0.0615644983005524,-0.0329209166447457,-0.0165928182171513));
#2264=CARTESIAN_POINT('',(-0.0615644983005524,-0.028768464891721,-0.0134294111237153));
#2265=CARTESIAN_POINT('',(-0.0615644983005524,2.04697370165264E-16,0.0431800000000005));
#2266=CARTESIAN_POINT('',(-0.0615644983005524,-0.0228191305929006,-0.01607822541204));
#2267=CARTESIAN_POINT('',(-0.0615644983005524,-0.0223914676458887,-0.0212808309519357));
#2268=CARTESIAN_POINT('',(-0.0615644983005524,-0.0219638046988768,-0.0264834364918314));
#2269=CARTESIAN_POINT('',(-0.0615644983005524,-0.0116932548911718,-0.0286665092454178));
#2270=CARTESIAN_POINT('',(-0.0615644983005524,-0.00826973828860349,-0.02939420016328));
#2271=CARTESIAN_POINT('',(-0.0615644983005524,-0.00576295843341398,-0.0248153296958376));
#2272=CARTESIAN_POINT('',(-0.0615644983005524,-0.00325617857822444,-0.0202364592283952));
#2273=CARTESIAN_POINT('',(-0.0615644983005524,4.98732999343346E-17,0.0431800000000021));
#2274=CARTESIAN_POINT('',(-0.0615644983005524,0.00325617857822464,-0.0202364592283952));
#2275=CARTESIAN_POINT('',(-0.0615644983005524,0.00576295843341411,-0.0248153296958376));
#2276=CARTESIAN_POINT('',(-0.0615644983005524,0.00826973828860361,-0.02939420016328));
#2277=CARTESIAN_POINT('',(-0.0615644983005524,0.0185402880963085,-0.0272111274096935));
#2278=CARTESIAN_POINT('',(-0.0615644983005524,0.0219638046988769,-0.0264834364918314));
#2279=CARTESIAN_POINT('',(-0.0615644983005524,0.0223914676458888,-0.0212808309519356));
#2280=CARTESIAN_POINT('',(-0.0615644983005524,0.0228191305929007,-0.01607822541204));
#2281=CARTESIAN_POINT('',(-0.0615644983005524,-3.34801630863522E-16,0.0431800000000008));
#2282=CARTESIAN_POINT('',(-0.0615644983005524,0.0287684648917211,-0.0134294111237152));
#2283=CARTESIAN_POINT('',(-0.0615644983005524,0.0329209166447459,-0.0165928182171512));
#2284=CARTESIAN_POINT('',(-0.0615644983005524,0.0370733683977707,-0.0197562253105873));
#2285=CARTESIAN_POINT('',(-0.0615644983005524,0.0455680468387076,-0.0135844801615163));
#2286=CARTESIAN_POINT('',(-0.0615644983005524,0.0483996063190199,-0.0115272317784926));
#2287=CARTESIAN_POINT('',(-0.0615644983005524,0.04667420554912,-0.00660046892817921));
#2288=CARTESIAN_POINT('',(-0.0765644983005523,-0.0617671620720008,0.0721867964436284));
#2289=CARTESIAN_POINT('',(-0.0615644983005524,-0.0617671620720008,0.0721867964436284));
#2290=CARTESIAN_POINT('',(-0.0615644983005524,-0.0565483539989626,0.0720682962461965));
#2291=CARTESIAN_POINT('',(-0.0615644983005524,-0.066985970145039,0.0723052966410605));
#2292=CARTESIAN_POINT('',(-0.0765644983005523,-0.0565483539989626,0.0720682962461965));
#2293=CARTESIAN_POINT('',(-0.0765644983005523,-0.0565483539989626,0.0720682962461965));
#2294=CARTESIAN_POINT('',(-0.0765644983005523,-0.0617671620720008,0.0721867964436284));
#2295=CARTESIAN_POINT('',(-0.0765644983005523,-0.066985970145039,0.0723052966410605));
#2296=CARTESIAN_POINT('',(-0.0765644983005523,-0.066985970145039,0.0723052966410605));
#2297=CARTESIAN_POINT('',(-0.0765644983005524,6.17743225339322E-15,0.0431799999999964));
#2298=CARTESIAN_POINT('',(-0.0615644983005524,6.18255446838134E-15,0.0431799999999964));
#2299=CARTESIAN_POINT('',(-0.0615644983005524,-0.0532921754207381,0.0777081629821987));
#2300=CARTESIAN_POINT('',(-0.0765644983005523,-0.0532921754207381,0.0777081629821987));
#2301=CARTESIAN_POINT('',(-0.0765644983005523,-0.0532921754207381,0.0777081629821987));
#2302=CARTESIAN_POINT('',(-0.0765644983005524,6.17743225339322E-15,0.0431799999999964));
#2303=CARTESIAN_POINT('',(-0.0765644983005523,-0.0560042036385868,0.0821685332522091));
#2304=CARTESIAN_POINT('',(-0.0615644983005524,-0.0560042036385868,0.0821685332522091));
#2305=CARTESIAN_POINT('',(-0.0615644983005524,-0.0587162318564355,0.0866289035222195));
#2306=CARTESIAN_POINT('',(-0.0765644983005523,-0.0587162318564355,0.0866289035222195));
#2307=CARTESIAN_POINT('',(-0.0765644983005523,-0.0587162318564355,0.0866289035222195));
#2308=CARTESIAN_POINT('',(-0.0765644983005523,-0.0560042036385868,0.0821685332522091));
#2309=CARTESIAN_POINT('',(-0.0765644983005523,-0.0563742747341794,0.0892299104113904));
#2310=CARTESIAN_POINT('',(-0.0615644983005524,-0.0563742747341794,0.0892299104113904));
#2311=CARTESIAN_POINT('',(-0.0615644983005524,-0.0493484033674114,0.097032931078903));
#2312=CARTESIAN_POINT('',(-0.0765644983005524,-0.0493484033674114,0.097032931078903));
#2313=CARTESIAN_POINT('',(-0.0765644983005524,-0.0493484033674114,0.097032931078903));
#2314=CARTESIAN_POINT('',(-0.0765644983005523,-0.0563742747341794,0.0892299104113904));
#2315=CARTESIAN_POINT('',(-0.0765644983005524,-0.0446289833304862,0.0948019952853248));
#2316=CARTESIAN_POINT('',(-0.0615644983005524,-0.0446289833304862,0.0948019952853248));
#2317=CARTESIAN_POINT('',(-0.0615644983005524,-0.0399095632935609,0.0925710594917466));
#2318=CARTESIAN_POINT('',(-0.0765644983005524,-0.0399095632935609,0.0925710594917466));
#2319=CARTESIAN_POINT('',(-0.0765644983005524,-0.0399095632935609,0.0925710594917466));
#2320=CARTESIAN_POINT('',(-0.0765644983005524,-0.0446289833304862,0.0948019952853248));
#2321=CARTESIAN_POINT('',(-0.0765644983005524,2.13205710741531E-15,0.0431799999999972));
#2322=CARTESIAN_POINT('',(-0.0615644983005524,2.13717932240343E-15,0.0431799999999972));
#2323=CARTESIAN_POINT('',(-0.0615644983005524,-0.0346409556805544,0.0963989269859687));
#2324=CARTESIAN_POINT('',(-0.0765644983005524,-0.0346409556805544,0.0963989269859687));
#2325=CARTESIAN_POINT('',(-0.0765644983005524,-0.0346409556805544,0.0963989269859687));
#2326=CARTESIAN_POINT('',(-0.0765644983005524,2.13205710741531E-15,0.0431799999999972));
#2327=CARTESIAN_POINT('',(-0.0765644983005524,-0.0353043207094695,0.101576759238795));
#2328=CARTESIAN_POINT('',(-0.0615644983005524,-0.0353043207094695,0.101576759238795));
#2329=CARTESIAN_POINT('',(-0.0615644983005524,-0.0359676857383846,0.106754591491622));
#2330=CARTESIAN_POINT('',(-0.0765644983005524,-0.0359676857383846,0.106754591491622));
#2331=CARTESIAN_POINT('',(-0.0765644983005524,-0.0359676857383846,0.106754591491622));
#2332=CARTESIAN_POINT('',(-0.0765644983005524,-0.0353043207094695,0.101576759238795));
#2333=CARTESIAN_POINT('',(-0.0765644983005524,-0.0327702766366355,0.108178169742387));
#2334=CARTESIAN_POINT('',(-0.0615644983005524,-0.0327702766366354,0.108178169742387));
#2335=CARTESIAN_POINT('',(-0.0615644983005524,-0.0231780493313881,0.112448904494683));
#2336=CARTESIAN_POINT('',(-0.0765644983005524,-0.0231780493313881,0.112448904494683));
#2337=CARTESIAN_POINT('',(-0.0765644983005524,-0.0231780493313881,0.112448904494683));
#2338=CARTESIAN_POINT('',(-0.0765644983005524,-0.0327702766366355,0.108178169742387));
#2339=CARTESIAN_POINT('',(-0.0765644983005524,-0.0197740479295452,0.108491282171084));
#2340=CARTESIAN_POINT('',(-0.0615644983005524,-0.0197740479295452,0.108491282171084));
#2341=CARTESIAN_POINT('',(-0.0615644983005524,-0.0163700465277023,0.104533659847485));
#2342=CARTESIAN_POINT('',(-0.0765644983005524,-0.0163700465277023,0.104533659847485));
#2343=CARTESIAN_POINT('',(-0.0765644983005524,-0.0163700465277023,0.104533659847485));
#2344=CARTESIAN_POINT('',(-0.0765644983005524,-0.0197740479295452,0.108491282171084));
#2345=CARTESIAN_POINT('',(-0.0765644983005524,1.71398874970489E-15,0.0431799999999927));
#2346=CARTESIAN_POINT('',(-0.0615644983005524,1.71911096469302E-15,0.0431799999999927));
#2347=CARTESIAN_POINT('',(-0.0615644983005524,-0.01,0.105887655035091));
#2348=CARTESIAN_POINT('',(-0.0765644983005524,-0.01,0.105887655035091));
#2349=CARTESIAN_POINT('',(-0.0765644983005524,-0.01,0.105887655035091));
#2350=CARTESIAN_POINT('',(-0.0765644983005524,1.71398874970489E-15,0.0431799999999927));
#2351=CARTESIAN_POINT('',(-0.0765644983005524,-0.0085,0.110887655035091));
#2352=CARTESIAN_POINT('',(-0.0615644983005524,-0.0085,0.110887655035091));
#2353=CARTESIAN_POINT('',(-0.0615644983005524,-0.007,0.115887655035091));
#2354=CARTESIAN_POINT('',(-0.0765644983005524,-0.007,0.115887655035091));
#2355=CARTESIAN_POINT('',(-0.0765644983005524,-0.007,0.115887655035091));
#2356=CARTESIAN_POINT('',(-0.0765644983005524,-0.0085,0.110887655035091));
#2357=CARTESIAN_POINT('',(-0.0765644983005524,-0.0035,0.115887655035091));
#2358=CARTESIAN_POINT('',(-0.0615644983005524,-0.0035,0.115887655035091));
#2359=CARTESIAN_POINT('',(-0.0615644983005524,0.007,0.115887655035091));
#2360=CARTESIAN_POINT('',(-0.0765644983005524,0.007,0.115887655035091));
#2361=CARTESIAN_POINT('',(-0.0765644983005524,0.007,0.115887655035091));
#2362=CARTESIAN_POINT('',(-0.0765644983005524,-0.0035,0.115887655035091));
#2363=CARTESIAN_POINT('',(-0.0765644983005524,0.0085,0.110887655035091));
#2364=CARTESIAN_POINT('',(-0.0615644983005524,0.0085,0.110887655035091));
#2365=CARTESIAN_POINT('',(-0.0615644983005524,0.01,0.105887655035091));
#2366=CARTESIAN_POINT('',(-0.0765644983005524,0.01,0.105887655035091));
#2367=CARTESIAN_POINT('',(-0.0765644983005524,0.01,0.105887655035091));
#2368=CARTESIAN_POINT('',(-0.0765644983005524,0.0085,0.110887655035091));
#2369=CARTESIAN_POINT('',(-0.0765644983005524,-1.29575648111486E-15,0.0431799999999932));
#2370=CARTESIAN_POINT('',(-0.0615644983005524,-1.29063426612674E-15,0.0431799999999932));
#2371=CARTESIAN_POINT('',(-0.0615644983005524,0.0163700465277023,0.104533659847485));
#2372=CARTESIAN_POINT('',(-0.0765644983005524,0.0163700465277023,0.104533659847485));
#2373=CARTESIAN_POINT('',(-0.0765644983005524,0.0163700465277023,0.104533659847485));
#2374=CARTESIAN_POINT('',(-0.0765644983005524,-1.29575648111486E-15,0.0431799999999932));
#2375=CARTESIAN_POINT('',(-0.0765644983005524,0.0197740479295452,0.108491282171084));
#2376=CARTESIAN_POINT('',(-0.0615644983005524,0.0197740479295452,0.108491282171084));
#2377=CARTESIAN_POINT('',(-0.0615644983005524,0.0231780493313881,0.112448904494683));
#2378=CARTESIAN_POINT('',(-0.0765644983005524,0.0231780493313881,0.112448904494683));
#2379=CARTESIAN_POINT('',(-0.0765644983005524,0.0231780493313881,0.112448904494683));
#2380=CARTESIAN_POINT('',(-0.0765644983005524,0.0197740479295452,0.108491282171084));
#2381=CARTESIAN_POINT('',(-0.0765644983005524,0.0263754584331372,0.111025326243918));
#2382=CARTESIAN_POINT('',(-0.0615644983005524,0.0263754584331372,0.111025326243918));
#2383=CARTESIAN_POINT('',(-0.0615644983005524,0.0359676857383846,0.106754591491622));
#2384=CARTESIAN_POINT('',(-0.0765644983005524,0.0359676857383846,0.106754591491622));
#2385=CARTESIAN_POINT('',(-0.0765644983005524,0.0359676857383846,0.106754591491622));
#2386=CARTESIAN_POINT('',(-0.0765644983005524,0.0263754584331372,0.111025326243918));
#2387=CARTESIAN_POINT('',(-0.0765644983005524,0.0353043207094695,0.101576759238795));
#2388=CARTESIAN_POINT('',(-0.0615644983005524,0.0353043207094695,0.101576759238795));
#2389=CARTESIAN_POINT('',(-0.0615644983005524,0.0346409556805544,0.0963989269859688));
#2390=CARTESIAN_POINT('',(-0.0765644983005524,0.0346409556805544,0.0963989269859688));
#2391=CARTESIAN_POINT('',(-0.0765644983005524,0.0346409556805544,0.0963989269859688));
#2392=CARTESIAN_POINT('',(-0.0765644983005524,0.0353043207094695,0.101576759238795));
#2393=CARTESIAN_POINT('',(-0.0765644983005524,-2.04168757578489E-15,0.0431799999999977));
#2394=CARTESIAN_POINT('',(-0.0615644983005524,-2.03656536079677E-15,0.0431799999999977));
#2395=CARTESIAN_POINT('',(-0.0615644983005524,0.0399095632935609,0.0925710594917467));
#2396=CARTESIAN_POINT('',(-0.0765644983005524,0.0399095632935609,0.0925710594917467));
#2397=CARTESIAN_POINT('',(-0.0765644983005524,0.0399095632935609,0.0925710594917467));
#2398=CARTESIAN_POINT('',(-0.0765644983005524,-2.04168757578489E-15,0.0431799999999977));
#2399=CARTESIAN_POINT('',(-0.0765644983005524,0.0446289833304862,0.0948019952853249));
#2400=CARTESIAN_POINT('',(-0.0615644983005524,0.0446289833304862,0.0948019952853249));
#2401=CARTESIAN_POINT('',(-0.0615644983005524,0.0493484033674115,0.0970329310789031));
#2402=CARTESIAN_POINT('',(-0.0765644983005524,0.0493484033674115,0.0970329310789031));
#2403=CARTESIAN_POINT('',(-0.0765644983005524,0.0493484033674115,0.0970329310789031));
#2404=CARTESIAN_POINT('',(-0.0765644983005524,0.0446289833304862,0.0948019952853249));
#2405=CARTESIAN_POINT('',(-0.0765644983005524,0.0516903604896675,0.0944319241897322));
#2406=CARTESIAN_POINT('',(-0.0615644983005524,0.0516903604896675,0.0944319241897322));
#2407=CARTESIAN_POINT('',(-0.0615644983005524,0.0587162318564355,0.0866289035222195));
#2408=CARTESIAN_POINT('',(-0.0765644983005524,0.0587162318564355,0.0866289035222195));
#2409=CARTESIAN_POINT('',(-0.0765644983005524,0.0587162318564355,0.0866289035222195));
#2410=CARTESIAN_POINT('',(-0.0765644983005524,0.0516903604896675,0.0944319241897322));
#2411=CARTESIAN_POINT('',(-0.0765644983005524,0.0560042036385868,0.0821685332522092));
#2412=CARTESIAN_POINT('',(-0.0615644983005524,0.0560042036385868,0.0821685332522092));
#2413=CARTESIAN_POINT('',(-0.0615644983005524,0.0532921754207381,0.0777081629821988));
#2414=CARTESIAN_POINT('',(-0.0765644983005524,0.0532921754207381,0.0777081629821988));
#2415=CARTESIAN_POINT('',(-0.0765644983005524,0.0532921754207381,0.0777081629821988));
#2416=CARTESIAN_POINT('',(-0.0765644983005524,0.0560042036385868,0.0821685332522092));
#2417=CARTESIAN_POINT('',(-0.0765644983005524,-6.07665438090694E-15,0.0431799999999965));
#2418=CARTESIAN_POINT('',(-0.0615644983005524,-6.07153216591882E-15,0.0431799999999965));
#2419=CARTESIAN_POINT('',(-0.0615644983005524,0.0565483539989626,0.0720682962461965));
#2420=CARTESIAN_POINT('',(-0.0765644983005524,0.0565483539989626,0.0720682962461965));
#2421=CARTESIAN_POINT('',(-0.0765644983005524,0.0565483539989626,0.0720682962461965));
#2422=CARTESIAN_POINT('',(-0.0765644983005524,-6.07665438090694E-15,0.0431799999999965));
#2423=CARTESIAN_POINT('',(-0.0765644983005524,0.0617671620720008,0.0721867964436285));
#2424=CARTESIAN_POINT('',(-0.0615644983005524,0.0617671620720008,0.0721867964436285));
#2425=CARTESIAN_POINT('',(-0.0615644983005524,0.066985970145039,0.0723052966410605));
#2426=CARTESIAN_POINT('',(-0.0765644983005524,0.066985970145039,0.0723052966410605));
#2427=CARTESIAN_POINT('',(-0.0765644983005524,0.066985970145039,0.0723052966410605));
#2428=CARTESIAN_POINT('',(-0.0765644983005524,0.0617671620720008,0.0721867964436285));
#2429=CARTESIAN_POINT('',(-0.0765644983005524,0.0680675296253513,0.0689765988340275));
#2430=CARTESIAN_POINT('',(-0.0615644983005524,0.0680675296253513,0.0689765988340275));
#2431=CARTESIAN_POINT('',(-0.0615644983005524,0.0713122080662883,0.0589905054129284));
#2432=CARTESIAN_POINT('',(-0.0765644983005524,0.0713122080662883,0.0589905054129284));
#2433=CARTESIAN_POINT('',(-0.0765644983005524,0.0713122080662883,0.0589905054129284));
#2434=CARTESIAN_POINT('',(-0.0765644983005524,0.0680675296253513,0.0689765988340275));
#2435=CARTESIAN_POINT('',(-0.0765644983005524,0.0670204509763749,0.0560188356666109));
#2436=CARTESIAN_POINT('',(-0.0615644983005524,0.0670204509763749,0.0560188356666109));
#2437=CARTESIAN_POINT('',(-0.0615644983005524,0.0627286938864616,0.0530471659202935));
#2438=CARTESIAN_POINT('',(-0.0765644983005524,0.0627286938864616,0.0530471659202935));
#2439=CARTESIAN_POINT('',(-0.0765644983005524,0.0627286938864616,0.0530471659202935));
#2440=CARTESIAN_POINT('',(-0.0765644983005524,0.0670204509763749,0.0560188356666109));
#2441=CARTESIAN_POINT('',(-0.0765644983005524,-1.97576808369777E-15,0.04318));
#2442=CARTESIAN_POINT('',(-0.0615644983005524,-1.97064586870965E-15,0.04318));
#2443=CARTESIAN_POINT('',(-0.0615644983005524,0.0634094205722753,0.0465704841377466));
#2444=CARTESIAN_POINT('',(-0.0765644983005524,0.0634094205722753,0.0465704841377466));
#2445=CARTESIAN_POINT('',(-0.0765644983005524,0.0634094205722753,0.0465704841377466));
#2446=CARTESIAN_POINT('',(-0.0765644983005524,-1.97576808369777E-15,0.04318));
#2447=CARTESIAN_POINT('',(-0.0765644983005524,0.0682252373542152,0.0445560589783559));
#2448=CARTESIAN_POINT('',(-0.0615644983005524,0.0682252373542152,0.0445560589783559));
#2449=CARTESIAN_POINT('',(-0.0615644983005524,0.0730410541361551,0.0425416338189652));
#2450=CARTESIAN_POINT('',(-0.0765644983005524,0.0730410541361551,0.0425416338189652));
#2451=CARTESIAN_POINT('',(-0.0765644983005524,0.0730410541361551,0.0425416338189652));
#2452=CARTESIAN_POINT('',(-0.0765644983005524,0.0682252373542152,0.0445560589783559));
#2453=CARTESIAN_POINT('',(-0.0765644983005524,0.0726752045147183,0.0390608071851762));
#2454=CARTESIAN_POINT('',(-0.0615644983005524,0.0726752045147183,0.0390608071851762));
#2455=CARTESIAN_POINT('',(-0.0615644983005524,0.0715776556504079,0.0286183272838093));
#2456=CARTESIAN_POINT('',(-0.0765644983005524,0.0715776556504079,0.0286183272838093));
#2457=CARTESIAN_POINT('',(-0.0765644983005524,0.0715776556504079,0.0286183272838093));
#2458=CARTESIAN_POINT('',(-0.0765644983005524,0.0726752045147183,0.0390608071851762));
#2459=CARTESIAN_POINT('',(-0.0765644983005524,0.0664482534786651,0.0276491867570952));
#2460=CARTESIAN_POINT('',(-0.0615644983005524,0.0664482534786651,0.0276491867570952));
#2461=CARTESIAN_POINT('',(-0.0615644983005524,0.0613188513069223,0.0266800462303811));
#2462=CARTESIAN_POINT('',(-0.0765644983005524,0.0613188513069223,0.0266800462303811));
#2463=CARTESIAN_POINT('',(-0.0765644983005524,0.0613188513069223,0.0266800462303811));
#2464=CARTESIAN_POINT('',(-0.0765644983005524,0.0664482534786651,0.0276491867570952));
#2465=CARTESIAN_POINT('',(-0.0765644983005524,-2.97149935890846E-15,0.043180000000001));
#2466=CARTESIAN_POINT('',(-0.0615644983005524,-2.96637714392034E-15,0.043180000000001));
#2467=CARTESIAN_POINT('',(-0.0615644983005524,0.0593064222721402,0.0204864265202989));
#2468=CARTESIAN_POINT('',(-0.0765644983005524,0.0593064222721402,0.0204864265202989));
#2469=CARTESIAN_POINT('',(-0.0765644983005524,0.0593064222721402,0.0204864265202989));
#2470=CARTESIAN_POINT('',(-0.0765644983005524,-2.97149935890846E-15,0.043180000000001));
#2471=CARTESIAN_POINT('',(-0.0765644983005524,0.0628865492910624,0.0166873884146222));
#2472=CARTESIAN_POINT('',(-0.0615644983005524,0.0628865492910624,0.0166873884146222));
#2473=CARTESIAN_POINT('',(-0.0615644983005524,0.0664666763099846,0.0128883503089455));
#2474=CARTESIAN_POINT('',(-0.0765644983005524,0.0664666763099846,0.0128883503089455));
#2475=CARTESIAN_POINT('',(-0.0765644983005524,0.0664666763099846,0.0128883503089455));
#2476=CARTESIAN_POINT('',(-0.0765644983005524,0.0628865492910624,0.0166873884146222));
#2477=CARTESIAN_POINT('',(-0.0765644983005524,0.0647166763099846,0.00985726139569995));
#2478=CARTESIAN_POINT('',(-0.0615644983005524,0.0647166763099846,0.00985726139569995));
#2479=CARTESIAN_POINT('',(-0.0615644983005524,0.0594666763099846,0.000763994655963359));
#2480=CARTESIAN_POINT('',(-0.0765644983005524,0.0594666763099846,0.000763994655963359));
#2481=CARTESIAN_POINT('',(-0.0765644983005524,0.0594666763099846,0.000763994655963359));
#2482=CARTESIAN_POINT('',(-0.0765644983005524,0.0647166763099846,0.00985726139569995));
#2483=CARTESIAN_POINT('',(-0.0765644983005524,0.0543865492910624,0.00196495655028669));
#2484=CARTESIAN_POINT('',(-0.0765644983005524,0.0493064222721402,0.00316591844461005));
#2485=CARTESIAN_POINT('',(-0.0765644983005524,0.0493064222721402,0.00316591844461005));
#2486=CARTESIAN_POINT('',(-0.0765644983005524,0.0543865492910624,0.00196495655028669));
#2487=CARTESIAN_POINT('',(-0.0615644983005524,0.0543865492910624,0.00196495655028669));
#2488=CARTESIAN_POINT('',(-0.0765644983005524,6.95706069306511E-16,0.0431799999999995));
#2489=CARTESIAN_POINT('',(-0.0765644983005524,0.04494880477922,-0.00167370607786573));
#2490=CARTESIAN_POINT('',(-0.0765644983005524,0.04494880477922,-0.00167370607786573));
#2491=CARTESIAN_POINT('',(-0.0765644983005524,6.95706069306511E-16,0.0431799999999995));
#2492=CARTESIAN_POINT('',(-0.0765644983005524,0.04667420554912,-0.00660046892817921));
#2493=CARTESIAN_POINT('',(-0.0765644983005524,0.0483996063190199,-0.0115272317784926));
#2494=CARTESIAN_POINT('',(-0.0765644983005524,0.0483996063190199,-0.0115272317784926));
#2495=CARTESIAN_POINT('',(-0.0765644983005524,0.04667420554912,-0.00660046892817921));
#2496=CARTESIAN_POINT('',(-0.0765644983005524,0.0455680468387076,-0.0135844801615163));
#2497=CARTESIAN_POINT('',(-0.0765644983005524,0.0370733683977707,-0.0197562253105873));
#2498=CARTESIAN_POINT('',(-0.0765644983005524,0.0370733683977707,-0.0197562253105873));
#2499=CARTESIAN_POINT('',(-0.0765644983005524,0.0455680468387076,-0.0135844801615163));
#2500=CARTESIAN_POINT('',(-0.0765644983005524,0.0329209166447459,-0.0165928182171512));
#2501=CARTESIAN_POINT('',(-0.0765644983005524,0.0287684648917211,-0.0134294111237152));
#2502=CARTESIAN_POINT('',(-0.0765644983005524,0.0287684648917211,-0.0134294111237152));
#2503=CARTESIAN_POINT('',(-0.0765644983005524,0.0329209166447459,-0.0165928182171512));
#2504=CARTESIAN_POINT('',(-0.0765644983005524,-3.39923845851643E-16,0.0431800000000008));
#2505=CARTESIAN_POINT('',(-0.0765644983005524,0.0228191305929007,-0.01607822541204));
#2506=CARTESIAN_POINT('',(-0.0765644983005524,0.0228191305929007,-0.01607822541204));
#2507=CARTESIAN_POINT('',(-0.0765644983005524,-3.39923845851643E-16,0.0431800000000008));
#2508=CARTESIAN_POINT('',(-0.0765644983005524,0.0223914676458888,-0.0212808309519356));
#2509=CARTESIAN_POINT('',(-0.0765644983005524,0.0219638046988769,-0.0264834364918314));
#2510=CARTESIAN_POINT('',(-0.0765644983005524,0.0219638046988769,-0.0264834364918314));
#2511=CARTESIAN_POINT('',(-0.0765644983005524,0.0223914676458888,-0.0212808309519356));
#2512=CARTESIAN_POINT('',(-0.0765644983005524,0.0185402880963085,-0.0272111274096935));
#2513=CARTESIAN_POINT('',(-0.0765644983005524,0.00826973828860361,-0.02939420016328));
#2514=CARTESIAN_POINT('',(-0.0765644983005524,0.00826973828860361,-0.02939420016328));
#2515=CARTESIAN_POINT('',(-0.0765644983005524,0.0185402880963085,-0.0272111274096935));
#2516=CARTESIAN_POINT('',(-0.0765644983005524,0.0057629584334141,-0.0248153296958376));
#2517=CARTESIAN_POINT('',(-0.0765644983005524,0.00325617857822464,-0.0202364592283952));
#2518=CARTESIAN_POINT('',(-0.0765644983005524,0.00325617857822464,-0.0202364592283952));
#2519=CARTESIAN_POINT('',(-0.0765644983005524,0.0057629584334141,-0.0248153296958376));
#2520=CARTESIAN_POINT('',(-0.0765644983005524,4.4751084946214E-17,0.0431800000000021));
#2521=CARTESIAN_POINT('',(-0.0765644983005524,-0.00325617857822445,-0.0202364592283952));
#2522=CARTESIAN_POINT('',(-0.0765644983005524,-0.00325617857822445,-0.0202364592283952));
#2523=CARTESIAN_POINT('',(-0.0765644983005524,4.4751084946214E-17,0.0431800000000021));
#2524=CARTESIAN_POINT('',(-0.0765644983005524,-0.00576295843341399,-0.0248153296958376));
#2525=CARTESIAN_POINT('',(-0.0765644983005524,-0.00826973828860349,-0.02939420016328));
#2526=CARTESIAN_POINT('',(-0.0765644983005524,-0.00826973828860349,-0.02939420016328));
#2527=CARTESIAN_POINT('',(-0.0765644983005524,-0.00576295843341399,-0.0248153296958376));
#2528=CARTESIAN_POINT('',(-0.0765644983005524,-0.0116932548911718,-0.0286665092454178));
#2529=CARTESIAN_POINT('',(-0.0765644983005524,-0.0219638046988768,-0.0264834364918314));
#2530=CARTESIAN_POINT('',(-0.0765644983005524,-0.0219638046988768,-0.0264834364918314));
#2531=CARTESIAN_POINT('',(-0.0765644983005524,-0.0116932548911718,-0.0286665092454178));
#2532=CARTESIAN_POINT('',(-0.0765644983005524,-0.0223914676458887,-0.0212808309519357));
#2533=CARTESIAN_POINT('',(-0.0765644983005524,-0.0228191305929006,-0.01607822541204));
#2534=CARTESIAN_POINT('',(-0.0765644983005524,-0.0228191305929006,-0.01607822541204));
#2535=CARTESIAN_POINT('',(-0.0765644983005524,-0.0223914676458887,-0.0212808309519357));
#2536=CARTESIAN_POINT('',(-0.0765644983005524,1.99575155177144E-16,0.0431800000000005));
#2537=CARTESIAN_POINT('',(-0.0765644983005524,-0.028768464891721,-0.0134294111237153));
#2538=CARTESIAN_POINT('',(-0.0765644983005524,-0.028768464891721,-0.0134294111237153));
#2539=CARTESIAN_POINT('',(-0.0765644983005524,1.99575155177144E-16,0.0431800000000005));
#2540=CARTESIAN_POINT('',(-0.0765644983005524,-0.0329209166447457,-0.0165928182171513));
#2541=CARTESIAN_POINT('',(-0.0765644983005524,-0.0370733683977705,-0.0197562253105873));
#2542=CARTESIAN_POINT('',(-0.0765644983005524,-0.0370733683977705,-0.0197562253105873));
#2543=CARTESIAN_POINT('',(-0.0765644983005524,-0.0329209166447457,-0.0165928182171513));
#2544=CARTESIAN_POINT('',(-0.0765644983005524,-0.0399049278780828,-0.0176989769275637));
#2545=CARTESIAN_POINT('',(-0.0765644983005524,-0.0483996063190198,-0.0115272317784927));
#2546=CARTESIAN_POINT('',(-0.0765644983005524,-0.0483996063190198,-0.0115272317784927));
#2547=CARTESIAN_POINT('',(-0.0765644983005524,-0.0399049278780828,-0.0176989769275637));
#2548=CARTESIAN_POINT('',(-0.0765644983005524,-0.0466742055491198,-0.00660046892817923));
#2549=CARTESIAN_POINT('',(-0.0765644983005524,-0.0449488047792199,-0.00167370607786578));
#2550=CARTESIAN_POINT('',(-0.0765644983005524,-0.0449488047792199,-0.00167370607786578));
#2551=CARTESIAN_POINT('',(-0.0765644983005524,-0.0466742055491198,-0.00660046892817923));
#2552=CARTESIAN_POINT('',(-0.0765644983005524,2.82841882024031E-16,0.04318));
#2553=CARTESIAN_POINT('',(-0.0765644983005524,-0.0493064222721401,0.00316591844460999));
#2554=CARTESIAN_POINT('',(-0.0765644983005524,-0.0493064222721401,0.00316591844460999));
#2555=CARTESIAN_POINT('',(-0.0765644983005524,2.82841882024031E-16,0.04318));
#2556=CARTESIAN_POINT('',(-0.0765644983005523,-0.0543865492910623,0.00196495655028664));
#2557=CARTESIAN_POINT('',(-0.0615644983005524,-0.0543865492910623,0.00196495655028664));
#2558=CARTESIAN_POINT('',(-0.0615644983005524,-0.0594666763099845,0.000763994655963314));
#2559=CARTESIAN_POINT('',(-0.0765644983005523,-0.0594666763099845,0.000763994655963314));
#2560=CARTESIAN_POINT('',(-0.0765644983005523,-0.0594666763099845,0.000763994655963314));
#2561=CARTESIAN_POINT('',(-0.0765644983005523,-0.0543865492910623,0.00196495655028664));
#2562=CARTESIAN_POINT('',(-0.0765644983005523,-0.0612166763099845,0.00379508356920885));
#2563=CARTESIAN_POINT('',(-0.0615644983005524,-0.0612166763099845,0.00379508356920885));
#2564=CARTESIAN_POINT('',(-0.0615644983005524,-0.0664666763099845,0.0128883503089455));
#2565=CARTESIAN_POINT('',(-0.0765644983005523,-0.0664666763099845,0.0128883503089455));
#2566=CARTESIAN_POINT('',(-0.0765644983005523,-0.0664666763099845,0.0128883503089455));
#2567=CARTESIAN_POINT('',(-0.0765644983005523,-0.0612166763099845,0.00379508356920885));
#2568=CARTESIAN_POINT('',(-0.0765644983005523,-0.0628865492910623,0.0166873884146221));
#2569=CARTESIAN_POINT('',(-0.0615644983005524,-0.0628865492910623,0.0166873884146221));
#2570=CARTESIAN_POINT('',(-0.0615644983005524,-0.0593064222721401,0.0204864265202988));
#2571=CARTESIAN_POINT('',(-0.0765644983005523,-0.0593064222721401,0.0204864265202988));
#2572=CARTESIAN_POINT('',(-0.0765644983005523,-0.0593064222721401,0.0204864265202988));
#2573=CARTESIAN_POINT('',(-0.0765644983005523,-0.0628865492910623,0.0166873884146221));
#2574=CARTESIAN_POINT('',(-0.0765644983005524,3.15207451128967E-15,0.0431800000000011));
#2575=CARTESIAN_POINT('',(-0.0615644983005524,3.15719672627779E-15,0.0431800000000011));
#2576=CARTESIAN_POINT('',(-0.0615644983005524,-0.0613188513069222,0.026680046230381));
#2577=CARTESIAN_POINT('',(-0.0765644983005523,-0.0613188513069222,0.026680046230381));
#2578=CARTESIAN_POINT('',(-0.0765644983005523,-0.0613188513069222,0.026680046230381));
#2579=CARTESIAN_POINT('',(-0.0765644983005524,3.15207451128967E-15,0.0431800000000011));
#2580=CARTESIAN_POINT('',(-0.0765644983005523,-0.066448253478665,0.0276491867570952));
#2581=CARTESIAN_POINT('',(-0.0615644983005524,-0.066448253478665,0.0276491867570952));
#2582=CARTESIAN_POINT('',(-0.0615644983005523,-0.0715776556504079,0.0286183272838093));
#2583=CARTESIAN_POINT('',(-0.0765644983005523,-0.0715776556504079,0.0286183272838093));
#2584=CARTESIAN_POINT('',(-0.0765644983005523,-0.0715776556504079,0.0286183272838093));
#2585=CARTESIAN_POINT('',(-0.0765644983005523,-0.066448253478665,0.0276491867570952));
#2586=CARTESIAN_POINT('',(-0.0765644983005523,-0.0719435052718447,0.0320991539175983));
#2587=CARTESIAN_POINT('',(-0.0615644983005523,-0.0719435052718447,0.0320991539175983));
#2588=CARTESIAN_POINT('',(-0.0615644983005523,-0.073041054136155,0.0425416338189651));
#2589=CARTESIAN_POINT('',(-0.0765644983005523,-0.073041054136155,0.0425416338189651));
#2590=CARTESIAN_POINT('',(-0.0765644983005523,-0.073041054136155,0.0425416338189651));
#2591=CARTESIAN_POINT('',(-0.0765644983005523,-0.0719435052718447,0.0320991539175983));
#2592=CARTESIAN_POINT('',(-0.0765644983005523,-0.0682252373542151,0.0445560589783558));
#2593=CARTESIAN_POINT('',(-0.0615644983005524,-0.0682252373542151,0.0445560589783558));
#2594=CARTESIAN_POINT('',(-0.0615644983005524,-0.0634094205722753,0.0465704841377465));
#2595=CARTESIAN_POINT('',(-0.0765644983005523,-0.0634094205722753,0.0465704841377465));
#2596=CARTESIAN_POINT('',(-0.0765644983005523,-0.0634094205722753,0.0465704841377465));
#2597=CARTESIAN_POINT('',(-0.0765644983005523,-0.0682252373542151,0.0445560589783558));
#2598=CARTESIAN_POINT('',(-0.0765644983005524,1.48673997435193E-15,0.04318));
#2599=CARTESIAN_POINT('',(-0.0615644983005524,1.49186218934006E-15,0.04318));
#2600=CARTESIAN_POINT('',(-0.0615644983005524,-0.0627286938864616,0.0530471659202933));
#2601=CARTESIAN_POINT('',(-0.0765644983005523,-0.0627286938864616,0.0530471659202933));
#2602=CARTESIAN_POINT('',(-0.0765644983005523,-0.0627286938864616,0.0530471659202933));
#2603=CARTESIAN_POINT('',(-0.0765644983005524,1.48673997435193E-15,0.04318));
#2604=CARTESIAN_POINT('',(-0.0765644983005523,-0.0670204509763749,0.0560188356666108));
#2605=CARTESIAN_POINT('',(-0.0615644983005524,-0.0670204509763749,0.0560188356666108));
#2606=CARTESIAN_POINT('',(-0.0615644983005523,-0.0713122080662882,0.0589905054129283));
#2607=CARTESIAN_POINT('',(-0.0765644983005523,-0.0713122080662882,0.0589905054129283));
#2608=CARTESIAN_POINT('',(-0.0765644983005523,-0.0713122080662882,0.0589905054129283));
#2609=CARTESIAN_POINT('',(-0.0765644983005523,-0.0670204509763749,0.0560188356666108));
#2610=CARTESIAN_POINT('',(-0.0765644983005523,-0.0702306485859759,0.0623192032199613));
#2611=CARTESIAN_POINT('',(-0.0615644983005524,-0.0702306485859759,0.0623192032199613));
#2612=CARTESIAN_POINT('',(-0.0765644983005523,-0.0702306485859759,0.0623192032199613));
#2613=CARTESIAN_POINT('',(-0.0765644983005524,4.3243617655538E-17,0.0150941126048565));
#2614=CARTESIAN_POINT('',(-0.0765644983005524,2.95722545314156E-17,0.04318));
#2615=CARTESIAN_POINT('',(-0.0765644983005524,-0.01524,0.04318));
#2616=CARTESIAN_POINT('',(-0.0615644983005524,4.83658326436584E-17,0.0150941126048565));
#2617=CARTESIAN_POINT('',(-0.100864498300552,2.12742662506604E-17,0.04318));
#2618=CARTESIAN_POINT('',(-0.0615644983005524,3.46944695195361E-17,0.04318));
#2619=CARTESIAN_POINT('',(-0.0615644983005524,0.01524,0.04318));
#2620=CARTESIAN_POINT('',(-0.0615644983005524,3.44880448358439E-17,0.04318));
#2621=MECHANICAL_DESIGN_GEOMETRIC_PRESENTATION_REPRESENTATION('',(#1586),
#2623);
#2622=MECHANICAL_DESIGN_GEOMETRIC_PRESENTATION_REPRESENTATION('',(#1587),
#2624);
#2623=(
GEOMETRIC_REPRESENTATION_CONTEXT(3)
GLOBAL_UNCERTAINTY_ASSIGNED_CONTEXT((#2625))
GLOBAL_UNIT_ASSIGNED_CONTEXT((#2631,#2629,#2627))
REPRESENTATION_CONTEXT('Part 2','TOP_LEVEL_ASSEMBLY_PART')
);
#2624=(
GEOMETRIC_REPRESENTATION_CONTEXT(3)
GLOBAL_UNCERTAINTY_ASSIGNED_CONTEXT((#2626))
GLOBAL_UNIT_ASSIGNED_CONTEXT((#2632,#2630,#2628))
REPRESENTATION_CONTEXT('Part 1','TOP_LEVEL_ASSEMBLY_PART')
);
#2625=UNCERTAINTY_MEASURE_WITH_UNIT(LENGTH_MEASURE(1.E-8),#2631,
'DISTANCE_ACCURACY_VALUE','Maximum Tolerance applied to model');
#2626=UNCERTAINTY_MEASURE_WITH_UNIT(LENGTH_MEASURE(1.E-8),#2632,
'DISTANCE_ACCURACY_VALUE','Maximum Tolerance applied to model');
#2627=(
NAMED_UNIT(*)
SI_UNIT($,.STERADIAN.)
SOLID_ANGLE_UNIT()
);
#2628=(
NAMED_UNIT(*)
SI_UNIT($,.STERADIAN.)
SOLID_ANGLE_UNIT()
);
#2629=(
NAMED_UNIT(*)
PLANE_ANGLE_UNIT()
SI_UNIT($,.RADIAN.)
);
#2630=(
NAMED_UNIT(*)
PLANE_ANGLE_UNIT()
SI_UNIT($,.RADIAN.)
);
#2631=(
LENGTH_UNIT()
NAMED_UNIT(*)
SI_UNIT($,.METRE.)
);
#2632=(
LENGTH_UNIT()
NAMED_UNIT(*)
SI_UNIT($,.METRE.)
);
#2633=PRODUCT_DEFINITION_SHAPE('','',#2635);
#2634=PRODUCT_DEFINITION_SHAPE('','',#2636);
#2635=PRODUCT_DEFINITION('','',#2639,#2637);
#2636=PRODUCT_DEFINITION('','',#2640,#2638);
#2637=PRODUCT_DEFINITION_CONTEXT('',#2651,'design');
#2638=PRODUCT_DEFINITION_CONTEXT('',#2652,'design');
#2639=PRODUCT_DEFINITION_FORMATION_WITH_SPECIFIED_SOURCE('','',#2643,
 .NOT_KNOWN.);
#2640=PRODUCT_DEFINITION_FORMATION_WITH_SPECIFIED_SOURCE('','',#2644,
 .NOT_KNOWN.);
#2641=PRODUCT_RELATED_PRODUCT_CATEGORY('','',(#2643));
#2642=PRODUCT_RELATED_PRODUCT_CATEGORY('','',(#2644));
#2643=PRODUCT('Part 2','Part 2','Part 2',(#2647));
#2644=PRODUCT('Part 1','Part 1','Part 1',(#2648));
#2645=PRODUCT_CATEGORY('','');
#2646=PRODUCT_CATEGORY('','');
#2647=PRODUCT_CONTEXT('',#2651,'mechanical');
#2648=PRODUCT_CONTEXT('',#2652,'mechanical');
#2649=APPLICATION_PROTOCOL_DEFINITION('international standard',
'ap242_managed_model_based_3d_engineering',2020,#2651);
#2650=APPLICATION_PROTOCOL_DEFINITION('international standard',
'ap242_managed_model_based_3d_engineering',2020,#2652);
#2651=APPLICATION_CONTEXT('managed model based 3d engineering');
#2652=APPLICATION_CONTEXT('managed model based 3d engineering');
ENDSEC;
END-ISO-10303-21;
